"location","species","bloom_date","year","bloom_doy","lat","long","alt"
"South Korea/강릉",개나리,1973-03-12,1973,71,37.7515,128.891,27.12
"South Korea/강릉",개나리,1974-04-02,1974,92,37.7515,128.891,27.12
"South Korea/강릉",개나리,1975-04-01,1975,91,37.7515,128.891,27.12
"South Korea/강릉",개나리,1976-03-25,1976,85,37.7515,128.891,27.12
"South Korea/강릉",개나리,1977-03-17,1977,76,37.7515,128.891,27.12
"South Korea/강릉",개나리,1978-03-28,1978,87,37.7515,128.891,27.12
"South Korea/강릉",개나리,1979-03-18,1979,77,37.7515,128.891,27.12
"South Korea/강릉",개나리,1980-03-24,1980,84,37.7515,128.891,27.12
"South Korea/강릉",개나리,1981-03-26,1981,85,37.7515,128.891,27.12
"South Korea/강릉",개나리,1982-03-23,1982,82,37.7515,128.891,27.12
"South Korea/강릉",개나리,1983-03-31,1983,90,37.7515,128.891,27.12
"South Korea/강릉",개나리,1984-04-03,1984,94,37.7515,128.891,27.12
"South Korea/강릉",개나리,1985-03-26,1985,85,37.7515,128.891,27.12
"South Korea/강릉",개나리,1986-03-31,1986,90,37.7515,128.891,27.12
"South Korea/강릉",개나리,1987-03-30,1987,89,37.7515,128.891,27.12
"South Korea/강릉",개나리,1988-03-31,1988,91,37.7515,128.891,27.12
"South Korea/강릉",개나리,1989-03-21,1989,80,37.7515,128.891,27.12
"South Korea/강릉",개나리,1990-03-26,1990,85,37.7515,128.891,27.12
"South Korea/강릉",개나리,1991-03-31,1991,90,37.7515,128.891,27.12
"South Korea/강릉",개나리,1992-03-24,1992,84,37.7515,128.891,27.12
"South Korea/강릉",개나리,1993-03-23,1993,82,37.7515,128.891,27.12
"South Korea/강릉",개나리,1994-04-01,1994,91,37.7515,128.891,27.12
"South Korea/강릉",개나리,1995-03-26,1995,85,37.7515,128.891,27.12
"South Korea/강릉",개나리,1996-04-07,1996,98,37.7515,128.891,27.12
"South Korea/강릉",개나리,1997-03-25,1997,84,37.7515,128.891,27.12
"South Korea/강릉",개나리,1998-03-16,1998,75,37.7515,128.891,27.12
"South Korea/강릉",개나리,1999-03-25,1999,84,37.7515,128.891,27.12
"South Korea/강릉",개나리,2000-03-28,2000,88,37.7515,128.891,27.12
"South Korea/강릉",개나리,2001-03-21,2001,80,37.7515,128.891,27.12
"South Korea/강릉",개나리,2002-03-14,2002,73,37.7515,128.891,27.12
"South Korea/강릉",개나리,2003-03-29,2003,88,37.7515,128.891,27.12
"South Korea/강릉",개나리,2004-03-17,2004,77,37.7515,128.891,27.12
"South Korea/강릉",개나리,2005-03-27,2005,86,37.7515,128.891,27.12
"South Korea/강릉",개나리,2006-03-12,2006,71,37.7515,128.891,27.12
"South Korea/강릉",개나리,2007-03-22,2007,81,37.7515,128.891,27.12
"South Korea/강릉",개나리,2008-03-22,2008,82,37.7515,128.891,27.12
"South Korea/대관령",개나리,1988-04-29,1988,120,37.6771,128.7183,772.43
"South Korea/대관령",개나리,1989-04-21,1989,111,37.6771,128.7183,772.43
"South Korea/대관령",개나리,1990-04-29,1990,119,37.6771,128.7183,772.43
"South Korea/대관령",개나리,1991-04-25,1991,115,37.6771,128.7183,772.43
"South Korea/대관령",개나리,1992-04-27,1992,118,37.6771,128.7183,772.43
"South Korea/대관령",개나리,1993-04-28,1993,118,37.6771,128.7183,772.43
"South Korea/대관령",개나리,1994-04-23,1994,113,37.6771,128.7183,772.43
"South Korea/대관령",개나리,1995-04-29,1995,119,37.6771,128.7183,772.43
"South Korea/대관령",개나리,1996-05-02,1996,123,37.6771,128.7183,772.43
"South Korea/대관령",개나리,1997-04-27,1997,117,37.6771,128.7183,772.43
"South Korea/대관령",개나리,1998-04-16,1998,106,37.6771,128.7183,772.43
"South Korea/대관령",개나리,1999-04-25,1999,115,37.6771,128.7183,772.43
"South Korea/대관령",개나리,2000-05-01,2000,122,37.6771,128.7183,772.43
"South Korea/대관령",개나리,2001-04-21,2001,111,37.6771,128.7183,772.43
"South Korea/대관령",개나리,2002-04-14,2002,104,37.6771,128.7183,772.43
"South Korea/대관령",개나리,2003-04-27,2003,117,37.6771,128.7183,772.43
"South Korea/대관령",개나리,2004-04-16,2004,107,37.6771,128.7183,772.43
"South Korea/대관령",개나리,2005-04-25,2005,115,37.6771,128.7183,772.43
"South Korea/대관령",개나리,2006-04-30,2006,120,37.6771,128.7183,772.43
"South Korea/대관령",개나리,2007-04-26,2007,116,37.6771,128.7183,772.43
"South Korea/대관령",개나리,2008-04-22,2008,113,37.6771,128.7183,772.43
"South Korea/대관령",개나리,2009-04-16,2009,106,37.6771,128.7183,772.43
"South Korea/대관령",개나리,2010-05-06,2010,126,37.6771,128.7183,772.43
"South Korea/대관령",개나리,2011-05-05,2011,125,37.6771,128.7183,772.43
"South Korea/대관령",개나리,2012-04-30,2012,121,37.6771,128.7183,772.43
"South Korea/대관령",개나리,2013-05-13,2013,133,37.6771,128.7183,772.43
"South Korea/대관령",개나리,2014-05-01,2014,121,37.6771,128.7183,772.43
"South Korea/대관령",개나리,2015-04-28,2015,118,37.6771,128.7183,772.43
"South Korea/동해",개나리,1993-03-26,1993,85,37.5071,129.1243,40.46
"South Korea/동해",개나리,1994-04-02,1994,92,37.5071,129.1243,40.46
"South Korea/동해",개나리,1995-03-29,1995,88,37.5071,129.1243,40.46
"South Korea/동해",개나리,1996-04-05,1996,96,37.5071,129.1243,40.46
"South Korea/동해",개나리,1997-03-26,1997,85,37.5071,129.1243,40.46
"South Korea/동해",개나리,1998-03-19,1998,78,37.5071,129.1243,40.46
"South Korea/동해",개나리,1999-03-28,1999,87,37.5071,129.1243,40.46
"South Korea/동해",개나리,2000-03-28,2000,88,37.5071,129.1243,40.46
"South Korea/동해",개나리,2001-03-22,2001,81,37.5071,129.1243,40.46
"South Korea/동해",개나리,2002-03-12,2002,71,37.5071,129.1243,40.46
"South Korea/동해",개나리,2003-03-29,2003,88,37.5071,129.1243,40.46
"South Korea/동해",개나리,2004-03-20,2004,80,37.5071,129.1243,40.46
"South Korea/동해",개나리,2005-04-02,2005,92,37.5071,129.1243,40.46
"South Korea/동해",개나리,2006-03-20,2006,79,37.5071,129.1243,40.46
"South Korea/동해",개나리,2007-03-23,2007,82,37.5071,129.1243,40.46
"South Korea/동해",개나리,2008-03-21,2008,81,37.5071,129.1243,40.46
"South Korea/동해",개나리,2009-03-19,2009,78,37.5071,129.1243,40.46
"South Korea/동해",개나리,2010-04-03,2010,93,37.5071,129.1243,40.46
"South Korea/동해",개나리,2011-04-01,2011,91,37.5071,129.1243,40.46
"South Korea/동해",개나리,2012-04-05,2012,96,37.5071,129.1243,40.46
"South Korea/동해",개나리,2013-03-18,2013,77,37.5071,129.1243,40.46
"South Korea/동해",개나리,2014-03-26,2014,85,37.5071,129.1243,40.46
"South Korea/동해",개나리,2015-03-27,2015,86,37.5071,129.1243,40.46
"South Korea/북강릉",개나리,2009-03-19,2009,78,37.8046,128.8554,75.24
"South Korea/북강릉",개나리,2010-04-10,2010,100,37.8046,128.8554,75.24
"South Korea/북강릉",개나리,2011-04-06,2011,96,37.8046,128.8554,75.24
"South Korea/북강릉",개나리,2012-04-04,2012,95,37.8046,128.8554,75.24
"South Korea/북강릉",개나리,2013-03-23,2013,82,37.8046,128.8554,75.24
"South Korea/북강릉",개나리,2014-03-28,2014,87,37.8046,128.8554,75.24
"South Korea/북강릉",개나리,2015-03-25,2015,84,37.8046,128.8554,75.24
"South Korea/북강릉",개나리,2016-03-29,2016,89,37.8046,128.8554,75.24
"South Korea/북강릉",개나리,2017-03-29,2017,88,37.8046,128.8554,75.24
"South Korea/북강릉",개나리,2018-03-22,2018,81,37.8046,128.8554,75.24
"South Korea/북강릉",개나리,2019-03-17,2019,76,37.8046,128.8554,75.24
"South Korea/북강릉",개나리,2020-03-18,2020,78,37.8046,128.8554,75.24
"South Korea/북강릉",개나리,2021-03-19,2021,78,37.8046,128.8554,75.24
"South Korea/북강릉",개나리,2022-03-30,2022,89,37.8046,128.8554,75.24
"South Korea/북강릉",개나리,2023-03-17,2023,76,37.8046,128.8554,75.24
"South Korea/북강릉",개나리,2024-03-22,2024,82,37.8046,128.8554,75.24
"South Korea/북강릉",개나리,2025-03-21,2025,80,37.8046,128.8554,75.24
"South Korea/북춘천",개나리,2017-04-04,2017,94,37.9474,127.7544,95.78
"South Korea/북춘천",개나리,2018-04-01,2018,91,37.9474,127.7544,95.78
"South Korea/북춘천",개나리,2019-04-03,2019,93,37.9474,127.7544,95.78
"South Korea/북춘천",개나리,2020-03-26,2020,86,37.9474,127.7544,95.78
"South Korea/북춘천",개나리,2021-03-26,2021,85,37.9474,127.7544,95.78
"South Korea/북춘천",개나리,2022-04-03,2022,93,37.9474,127.7544,95.78
"South Korea/북춘천",개나리,2023-03-27,2023,86,37.9474,127.7544,95.78
"South Korea/북춘천",개나리,2024-04-02,2024,93,37.9474,127.7544,95.78
"South Korea/북춘천",개나리,2025-03-24,2025,83,37.9474,127.7544,95.78
"South Korea/삼척",개나리,1973-03-30,1973,89,nan,nan,nan
"South Korea/삼척",개나리,1974-04-04,1974,94,nan,nan,nan
"South Korea/삼척",개나리,1975-04-04,1975,94,nan,nan,nan
"South Korea/삼척",개나리,1976-03-31,1976,91,nan,nan,nan
"South Korea/삼척",개나리,1977-04-05,1977,95,nan,nan,nan
"South Korea/삼척",개나리,1978-04-03,1978,93,nan,nan,nan
"South Korea/삼척",개나리,1979-03-22,1979,81,nan,nan,nan
"South Korea/삼척",개나리,1980-03-28,1980,88,nan,nan,nan
"South Korea/삼척",개나리,1981-03-29,1981,88,nan,nan,nan
"South Korea/삼척",개나리,1982-03-15,1982,74,nan,nan,nan
"South Korea/삼척",개나리,1983-03-22,1983,81,nan,nan,nan
"South Korea/삼척",개나리,1984-04-10,1984,101,nan,nan,nan
"South Korea/삼척",개나리,1985-04-02,1985,92,nan,nan,nan
"South Korea/삼척",개나리,1986-04-06,1986,96,nan,nan,nan
"South Korea/삼척",개나리,1987-03-28,1987,87,nan,nan,nan
"South Korea/삼척",개나리,1988-03-30,1988,90,nan,nan,nan
"South Korea/삼척",개나리,1989-03-23,1989,82,nan,nan,nan
"South Korea/삼척",개나리,1990-03-26,1990,85,nan,nan,nan
"South Korea/삼척",개나리,1991-04-04,1991,94,nan,nan,nan
"South Korea/삼척",개나리,1992-03-27,1992,87,nan,nan,nan
"South Korea/삼척",개나리,1993-03-25,1993,84,nan,nan,nan
"South Korea/삼척",개나리,1994-04-03,1994,93,nan,nan,nan
"South Korea/삼척",개나리,1995-04-03,1995,93,nan,nan,nan
"South Korea/속초",개나리,1973-04-01,1973,91,38.2509,128.5647,17.53
"South Korea/속초",개나리,1974-04-02,1974,92,38.2509,128.5647,17.53
"South Korea/속초",개나리,1975-03-31,1975,90,38.2509,128.5647,17.53
"South Korea/속초",개나리,1976-04-03,1976,94,38.2509,128.5647,17.53
"South Korea/속초",개나리,1977-03-23,1977,82,38.2509,128.5647,17.53
"South Korea/속초",개나리,1978-04-05,1978,95,38.2509,128.5647,17.53
"South Korea/속초",개나리,1979-03-22,1979,81,38.2509,128.5647,17.53
"South Korea/속초",개나리,1980-03-29,1980,89,38.2509,128.5647,17.53
"South Korea/속초",개나리,1981-04-02,1981,92,38.2509,128.5647,17.53
"South Korea/속초",개나리,1982-04-03,1982,93,38.2509,128.5647,17.53
"South Korea/속초",개나리,1983-04-06,1983,96,38.2509,128.5647,17.53
"South Korea/속초",개나리,1984-04-21,1984,112,38.2509,128.5647,17.53
"South Korea/속초",개나리,1985-04-04,1985,94,38.2509,128.5647,17.53
"South Korea/속초",개나리,1986-04-11,1986,101,38.2509,128.5647,17.53
"South Korea/속초",개나리,1987-04-04,1987,94,38.2509,128.5647,17.53
"South Korea/속초",개나리,1988-04-10,1988,101,38.2509,128.5647,17.53
"South Korea/속초",개나리,1989-03-24,1989,83,38.2509,128.5647,17.53
"South Korea/속초",개나리,1990-04-01,1990,91,38.2509,128.5647,17.53
"South Korea/속초",개나리,1991-04-13,1991,103,38.2509,128.5647,17.53
"South Korea/속초",개나리,1992-04-03,1992,94,38.2509,128.5647,17.53
"South Korea/속초",개나리,1993-03-31,1993,90,38.2509,128.5647,17.53
"South Korea/속초",개나리,1994-04-05,1994,95,38.2509,128.5647,17.53
"South Korea/속초",개나리,1995-04-03,1995,93,38.2509,128.5647,17.53
"South Korea/속초",개나리,1996-04-09,1996,100,38.2509,128.5647,17.53
"South Korea/속초",개나리,1997-03-27,1997,86,38.2509,128.5647,17.53
"South Korea/속초",개나리,1998-03-23,1998,82,38.2509,128.5647,17.53
"South Korea/속초",개나리,1999-04-01,1999,91,38.2509,128.5647,17.53
"South Korea/속초",개나리,2000-04-10,2000,101,38.2509,128.5647,17.53
"South Korea/속초",개나리,2001-03-28,2001,87,38.2509,128.5647,17.53
"South Korea/속초",개나리,2002-03-16,2002,75,38.2509,128.5647,17.53
"South Korea/속초",개나리,2003-04-03,2003,93,38.2509,128.5647,17.53
"South Korea/속초",개나리,2004-03-29,2004,89,38.2509,128.5647,17.53
"South Korea/속초",개나리,2005-04-04,2005,94,38.2509,128.5647,17.53
"South Korea/속초",개나리,2006-03-21,2006,80,38.2509,128.5647,17.53
"South Korea/속초",개나리,2007-03-25,2007,84,38.2509,128.5647,17.53
"South Korea/속초",개나리,2008-04-01,2008,92,38.2509,128.5647,17.53
"South Korea/속초",개나리,2009-03-19,2009,78,38.2509,128.5647,17.53
"South Korea/속초",개나리,2010-04-12,2010,102,38.2509,128.5647,17.53
"South Korea/속초",개나리,2011-04-03,2011,93,38.2509,128.5647,17.53
"South Korea/속초",개나리,2012-04-09,2012,100,38.2509,128.5647,17.53
"South Korea/속초",개나리,2013-03-29,2013,88,38.2509,128.5647,17.53
"South Korea/속초",개나리,2014-03-25,2014,84,38.2509,128.5647,17.53
"South Korea/속초",개나리,2015-03-31,2015,90,38.2509,128.5647,17.53
"South Korea/영월",개나리,1995-04-04,1995,94,37.1813,128.4574,240.54
"South Korea/영월",개나리,1996-04-12,1996,103,37.1813,128.4574,240.54
"South Korea/영월",개나리,1997-04-03,1997,93,37.1813,128.4574,240.54
"South Korea/영월",개나리,1998-03-30,1998,89,37.1813,128.4574,240.54
"South Korea/영월",개나리,1999-04-14,1999,104,37.1813,128.4574,240.54
"South Korea/영월",개나리,2000-04-04,2000,95,37.1813,128.4574,240.54
"South Korea/영월",개나리,2001-04-04,2001,94,37.1813,128.4574,240.54
"South Korea/영월",개나리,2002-03-27,2002,86,37.1813,128.4574,240.54
"South Korea/영월",개나리,2003-04-03,2003,93,37.1813,128.4574,240.54
"South Korea/영월",개나리,2004-03-30,2004,90,37.1813,128.4574,240.54
"South Korea/영월",개나리,2005-04-08,2005,98,37.1813,128.4574,240.54
"South Korea/영월",개나리,2006-04-03,2006,93,37.1813,128.4574,240.54
"South Korea/영월",개나리,2007-03-26,2007,85,37.1813,128.4574,240.54
"South Korea/영월",개나리,2008-04-01,2008,92,37.1813,128.4574,240.54
"South Korea/영월",개나리,2009-03-21,2009,80,37.1813,128.4574,240.54
"South Korea/영월",개나리,2010-04-02,2010,92,37.1813,128.4574,240.54
"South Korea/영월",개나리,2011-04-09,2011,99,37.1813,128.4574,240.54
"South Korea/영월",개나리,2012-04-09,2012,100,37.1813,128.4574,240.54
"South Korea/영월",개나리,2013-04-01,2013,91,37.1813,128.4574,240.54
"South Korea/영월",개나리,2014-03-24,2014,83,37.1813,128.4574,240.54
"South Korea/영월",개나리,2015-03-28,2015,87,37.1813,128.4574,240.54
"South Korea/원주",개나리,1973-03-30,1973,89,37.3375,127.9466,150.11
"South Korea/원주",개나리,1977-04-04,1977,94,37.3375,127.9466,150.11
"South Korea/원주",개나리,1978-04-07,1978,97,37.3375,127.9466,150.11
"South Korea/원주",개나리,1979-03-31,1979,90,37.3375,127.9466,150.11
"South Korea/원주",개나리,1980-04-02,1980,93,37.3375,127.9466,150.11
"South Korea/원주",개나리,1981-04-09,1981,99,37.3375,127.9466,150.11
"South Korea/원주",개나리,1982-03-25,1982,84,37.3375,127.9466,150.11
"South Korea/원주",개나리,1983-04-06,1983,96,37.3375,127.9466,150.11
"South Korea/원주",개나리,1984-04-14,1984,105,37.3375,127.9466,150.11
"South Korea/원주",개나리,1985-04-08,1985,98,37.3375,127.9466,150.11
"South Korea/원주",개나리,1986-03-28,1986,87,37.3375,127.9466,150.11
"South Korea/원주",개나리,1987-04-04,1987,94,37.3375,127.9466,150.11
"South Korea/원주",개나리,1988-04-05,1988,96,37.3375,127.9466,150.11
"South Korea/원주",개나리,1989-03-30,1989,89,37.3375,127.9466,150.11
"South Korea/원주",개나리,1990-03-27,1990,86,37.3375,127.9466,150.11
"South Korea/원주",개나리,1991-03-28,1991,87,37.3375,127.9466,150.11
"South Korea/원주",개나리,1992-03-29,1992,89,37.3375,127.9466,150.11
"South Korea/원주",개나리,1993-04-01,1993,91,37.3375,127.9466,150.11
"South Korea/원주",개나리,1994-04-01,1994,91,37.3375,127.9466,150.11
"South Korea/원주",개나리,1995-03-31,1995,90,37.3375,127.9466,150.11
"South Korea/원주",개나리,1996-04-08,1996,99,37.3375,127.9466,150.11
"South Korea/원주",개나리,1997-03-31,1997,90,37.3375,127.9466,150.11
"South Korea/원주",개나리,1998-03-26,1998,85,37.3375,127.9466,150.11
"South Korea/원주",개나리,1999-04-01,1999,91,37.3375,127.9466,150.11
"South Korea/원주",개나리,2000-04-03,2000,94,37.3375,127.9466,150.11
"South Korea/원주",개나리,2001-04-04,2001,94,37.3375,127.9466,150.11
"South Korea/원주",개나리,2002-03-26,2002,85,37.3375,127.9466,150.11
"South Korea/원주",개나리,2003-03-31,2003,90,37.3375,127.9466,150.11
"South Korea/원주",개나리,2004-03-29,2004,89,37.3375,127.9466,150.11
"South Korea/원주",개나리,2005-04-08,2005,98,37.3375,127.9466,150.11
"South Korea/원주",개나리,2006-04-05,2006,95,37.3375,127.9466,150.11
"South Korea/원주",개나리,2007-03-27,2007,86,37.3375,127.9466,150.11
"South Korea/원주",개나리,2008-03-28,2008,88,37.3375,127.9466,150.11
"South Korea/원주",개나리,2009-03-20,2009,79,37.3375,127.9466,150.11
"South Korea/원주",개나리,2010-03-31,2010,90,37.3375,127.9466,150.11
"South Korea/원주",개나리,2011-04-04,2011,94,37.3375,127.9466,150.11
"South Korea/원주",개나리,2012-04-03,2012,94,37.3375,127.9466,150.11
"South Korea/원주",개나리,2013-04-01,2013,91,37.3375,127.9466,150.11
"South Korea/원주",개나리,2014-03-26,2014,85,37.3375,127.9466,150.11
"South Korea/원주",개나리,2015-03-24,2015,83,37.3375,127.9466,150.11
"South Korea/인제",개나리,1973-04-03,1973,93,38.0599,128.1681,202.0
"South Korea/인제",개나리,1974-04-07,1974,97,38.0599,128.1681,202.0
"South Korea/인제",개나리,1975-04-12,1975,102,38.0599,128.1681,202.0
"South Korea/인제",개나리,1976-04-12,1976,103,38.0599,128.1681,202.0
"South Korea/인제",개나리,1977-04-07,1977,97,38.0599,128.1681,202.0
"South Korea/인제",개나리,1978-04-13,1978,103,38.0599,128.1681,202.0
"South Korea/인제",개나리,1979-04-06,1979,96,38.0599,128.1681,202.0
"South Korea/인제",개나리,1980-04-07,1980,98,38.0599,128.1681,202.0
"South Korea/인제",개나리,1981-04-08,1981,98,38.0599,128.1681,202.0
"South Korea/인제",개나리,1982-04-03,1982,93,38.0599,128.1681,202.0
"South Korea/인제",개나리,1983-04-09,1983,99,38.0599,128.1681,202.0
"South Korea/인제",개나리,1986-04-07,1986,97,38.0599,128.1681,202.0
"South Korea/인제",개나리,1987-04-10,1987,100,38.0599,128.1681,202.0
"South Korea/인제",개나리,1988-04-09,1988,100,38.0599,128.1681,202.0
"South Korea/인제",개나리,1989-04-03,1989,93,38.0599,128.1681,202.0
"South Korea/인제",개나리,1990-04-01,1990,91,38.0599,128.1681,202.0
"South Korea/인제",개나리,1991-04-12,1991,102,38.0599,128.1681,202.0
"South Korea/인제",개나리,1992-04-01,1992,92,38.0599,128.1681,202.0
"South Korea/인제",개나리,1993-04-08,1993,98,38.0599,128.1681,202.0
"South Korea/인제",개나리,1994-04-07,1994,97,38.0599,128.1681,202.0
"South Korea/인제",개나리,1995-04-14,1995,104,38.0599,128.1681,202.0
"South Korea/인제",개나리,1996-04-16,1996,107,38.0599,128.1681,202.0
"South Korea/인제",개나리,1997-04-10,1997,100,38.0599,128.1681,202.0
"South Korea/인제",개나리,1998-04-02,1998,92,38.0599,128.1681,202.0
"South Korea/인제",개나리,1999-04-09,1999,99,38.0599,128.1681,202.0
"South Korea/인제",개나리,2000-04-14,2000,105,38.0599,128.1681,202.0
"South Korea/인제",개나리,2001-04-10,2001,100,38.0599,128.1681,202.0
"South Korea/인제",개나리,2002-03-29,2002,88,38.0599,128.1681,202.0
"South Korea/인제",개나리,2003-04-07,2003,97,38.0599,128.1681,202.0
"South Korea/인제",개나리,2004-03-31,2004,91,38.0599,128.1681,202.0
"South Korea/인제",개나리,2005-04-11,2005,101,38.0599,128.1681,202.0
"South Korea/인제",개나리,2006-04-08,2006,98,38.0599,128.1681,202.0
"South Korea/인제",개나리,2007-04-09,2007,99,38.0599,128.1681,202.0
"South Korea/인제",개나리,2008-04-06,2008,97,38.0599,128.1681,202.0
"South Korea/철원",개나리,1988-04-08,1988,99,38.1479,127.3042,155.48
"South Korea/철원",개나리,1989-04-01,1989,91,38.1479,127.3042,155.48
"South Korea/철원",개나리,1990-04-05,1990,95,38.1479,127.3042,155.48
"South Korea/철원",개나리,1991-04-13,1991,103,38.1479,127.3042,155.48
"South Korea/철원",개나리,1992-04-02,1992,93,38.1479,127.3042,155.48
"South Korea/철원",개나리,1993-04-06,1993,96,38.1479,127.3042,155.48
"South Korea/철원",개나리,1994-04-08,1994,98,38.1479,127.3042,155.48
"South Korea/철원",개나리,1995-04-17,1995,107,38.1479,127.3042,155.48
"South Korea/철원",개나리,1996-04-23,1996,114,38.1479,127.3042,155.48
"South Korea/철원",개나리,1997-04-08,1997,98,38.1479,127.3042,155.48
"South Korea/철원",개나리,1998-04-05,1998,95,38.1479,127.3042,155.48
"South Korea/철원",개나리,1999-04-15,1999,105,38.1479,127.3042,155.48
"South Korea/철원",개나리,2000-04-14,2000,105,38.1479,127.3042,155.48
"South Korea/철원",개나리,2001-04-15,2001,105,38.1479,127.3042,155.48
"South Korea/철원",개나리,2002-04-04,2002,94,38.1479,127.3042,155.48
"South Korea/철원",개나리,2003-04-06,2003,96,38.1479,127.3042,155.48
"South Korea/철원",개나리,2004-04-05,2004,96,38.1479,127.3042,155.48
"South Korea/철원",개나리,2005-04-13,2005,103,38.1479,127.3042,155.48
"South Korea/철원",개나리,2006-04-10,2006,100,38.1479,127.3042,155.48
"South Korea/철원",개나리,2007-04-04,2007,94,38.1479,127.3042,155.48
"South Korea/철원",개나리,2008-04-03,2008,94,38.1479,127.3042,155.48
"South Korea/철원",개나리,2009-04-08,2009,98,38.1479,127.3042,155.48
"South Korea/철원",개나리,2010-04-15,2010,105,38.1479,127.3042,155.48
"South Korea/철원",개나리,2011-04-11,2011,101,38.1479,127.3042,155.48
"South Korea/철원",개나리,2012-04-13,2012,104,38.1479,127.3042,155.48
"South Korea/철원",개나리,2013-04-10,2013,100,38.1479,127.3042,155.48
"South Korea/철원",개나리,2014-03-29,2014,88,38.1479,127.3042,155.48
"South Korea/철원",개나리,2015-03-31,2015,90,38.1479,127.3042,155.48
"South Korea/춘천",개나리,1973-03-31,1973,90,37.9026,127.7357,75.82
"South Korea/춘천",개나리,1974-04-06,1974,96,37.9026,127.7357,75.82
"South Korea/춘천",개나리,1975-04-09,1975,99,37.9026,127.7357,75.82
"South Korea/춘천",개나리,1976-04-06,1976,97,37.9026,127.7357,75.82
"South Korea/춘천",개나리,1977-04-03,1977,93,37.9026,127.7357,75.82
"South Korea/춘천",개나리,1978-04-08,1978,98,37.9026,127.7357,75.82
"South Korea/춘천",개나리,1979-03-30,1979,89,37.9026,127.7357,75.82
"South Korea/춘천",개나리,1980-03-31,1980,91,37.9026,127.7357,75.82
"South Korea/춘천",개나리,1981-04-01,1981,91,37.9026,127.7357,75.82
"South Korea/춘천",개나리,1982-03-20,1982,79,37.9026,127.7357,75.82
"South Korea/춘천",개나리,1983-03-31,1983,90,37.9026,127.7357,75.82
"South Korea/춘천",개나리,1984-04-12,1984,103,37.9026,127.7357,75.82
"South Korea/춘천",개나리,1985-04-08,1985,98,37.9026,127.7357,75.82
"South Korea/춘천",개나리,1986-04-09,1986,99,37.9026,127.7357,75.82
"South Korea/춘천",개나리,1987-03-30,1987,89,37.9026,127.7357,75.82
"South Korea/춘천",개나리,1988-04-06,1988,97,37.9026,127.7357,75.82
"South Korea/춘천",개나리,1989-04-03,1989,93,37.9026,127.7357,75.82
"South Korea/춘천",개나리,1990-04-01,1990,91,37.9026,127.7357,75.82
"South Korea/춘천",개나리,1991-04-08,1991,98,37.9026,127.7357,75.82
"South Korea/춘천",개나리,1992-04-01,1992,92,37.9026,127.7357,75.82
"South Korea/춘천",개나리,1993-04-01,1993,91,37.9026,127.7357,75.82
"South Korea/춘천",개나리,1994-04-05,1994,95,37.9026,127.7357,75.82
"South Korea/춘천",개나리,1995-04-12,1995,102,37.9026,127.7357,75.82
"South Korea/춘천",개나리,1996-04-15,1996,106,37.9026,127.7357,75.82
"South Korea/춘천",개나리,1997-04-03,1997,93,37.9026,127.7357,75.82
"South Korea/춘천",개나리,1998-03-31,1998,90,37.9026,127.7357,75.82
"South Korea/춘천",개나리,1999-04-07,1999,97,37.9026,127.7357,75.82
"South Korea/춘천",개나리,2000-04-07,2000,98,37.9026,127.7357,75.82
"South Korea/춘천",개나리,2001-04-07,2001,97,37.9026,127.7357,75.82
"South Korea/춘천",개나리,2002-03-24,2002,83,37.9026,127.7357,75.82
"South Korea/춘천",개나리,2003-03-31,2003,90,37.9026,127.7357,75.82
"South Korea/춘천",개나리,2004-03-27,2004,87,37.9026,127.7357,75.82
"South Korea/춘천",개나리,2005-04-08,2005,98,37.9026,127.7357,75.82
"South Korea/춘천",개나리,2006-04-06,2006,96,37.9026,127.7357,75.82
"South Korea/춘천",개나리,2007-04-04,2007,94,37.9026,127.7357,75.82
"South Korea/춘천",개나리,2008-04-01,2008,92,37.9026,127.7357,75.82
"South Korea/춘천",개나리,2009-03-25,2009,84,37.9026,127.7357,75.82
"South Korea/춘천",개나리,2010-04-11,2010,101,37.9026,127.7357,75.82
"South Korea/춘천",개나리,2011-04-08,2011,98,37.9026,127.7357,75.82
"South Korea/춘천",개나리,2012-04-10,2012,101,37.9026,127.7357,75.82
"South Korea/춘천",개나리,2013-04-05,2013,95,37.9026,127.7357,75.82
"South Korea/춘천",개나리,2014-03-27,2014,86,37.9026,127.7357,75.82
"South Korea/춘천",개나리,2015-03-27,2015,86,37.9026,127.7357,75.82
"South Korea/춘천",개나리,2016-03-29,2016,89,37.9026,127.7357,75.82
"South Korea/태백",개나리,1986-04-11,1986,101,37.1704,128.9893,714.45
"South Korea/태백",개나리,1987-04-14,1987,104,37.1704,128.9893,714.45
"South Korea/태백",개나리,1988-04-15,1988,106,37.1704,128.9893,714.45
"South Korea/태백",개나리,1989-04-09,1989,99,37.1704,128.9893,714.45
"South Korea/태백",개나리,1990-04-05,1990,95,37.1704,128.9893,714.45
"South Korea/태백",개나리,1991-04-13,1991,103,37.1704,128.9893,714.45
"South Korea/태백",개나리,1992-04-13,1992,104,37.1704,128.9893,714.45
"South Korea/태백",개나리,1993-04-19,1993,109,37.1704,128.9893,714.45
"South Korea/태백",개나리,1994-04-13,1994,103,37.1704,128.9893,714.45
"South Korea/태백",개나리,1995-04-20,1995,110,37.1704,128.9893,714.45
"South Korea/태백",개나리,1996-04-25,1996,116,37.1704,128.9893,714.45
"South Korea/태백",개나리,1997-04-15,1997,105,37.1704,128.9893,714.45
"South Korea/태백",개나리,1998-04-10,1998,100,37.1704,128.9893,714.45
"South Korea/태백",개나리,1999-04-15,1999,105,37.1704,128.9893,714.45
"South Korea/태백",개나리,2000-04-13,2000,104,37.1704,128.9893,714.45
"South Korea/태백",개나리,2001-04-10,2001,100,37.1704,128.9893,714.45
"South Korea/태백",개나리,2002-04-01,2002,91,37.1704,128.9893,714.45
"South Korea/태백",개나리,2003-04-11,2003,101,37.1704,128.9893,714.45
"South Korea/태백",개나리,2004-04-08,2004,99,37.1704,128.9893,714.45
"South Korea/태백",개나리,2005-04-15,2005,105,37.1704,128.9893,714.45
"South Korea/태백",개나리,2006-04-13,2006,103,37.1704,128.9893,714.45
"South Korea/태백",개나리,2007-04-10,2007,100,37.1704,128.9893,714.45
"South Korea/태백",개나리,2008-04-15,2008,106,37.1704,128.9893,714.45
"South Korea/홍천",개나리,1973-04-16,1973,106,37.6836,127.8804,140.2
"South Korea/홍천",개나리,1974-04-07,1974,97,37.6836,127.8804,140.2
"South Korea/홍천",개나리,1975-04-08,1975,98,37.6836,127.8804,140.2
"South Korea/홍천",개나리,1976-03-31,1976,91,37.6836,127.8804,140.2
"South Korea/홍천",개나리,1977-03-23,1977,82,37.6836,127.8804,140.2
"South Korea/홍천",개나리,1978-04-09,1978,99,37.6836,127.8804,140.2
"South Korea/홍천",개나리,1979-04-02,1979,92,37.6836,127.8804,140.2
"South Korea/홍천",개나리,1980-04-07,1980,98,37.6836,127.8804,140.2
"South Korea/홍천",개나리,1981-04-03,1981,93,37.6836,127.8804,140.2
"South Korea/홍천",개나리,1982-03-29,1982,88,37.6836,127.8804,140.2
"South Korea/홍천",개나리,1983-04-08,1983,98,37.6836,127.8804,140.2
"South Korea/홍천",개나리,1984-04-15,1984,106,37.6836,127.8804,140.2
"South Korea/홍천",개나리,1985-04-09,1985,99,37.6836,127.8804,140.2
"South Korea/홍천",개나리,1986-04-11,1986,101,37.6836,127.8804,140.2
"South Korea/홍천",개나리,1987-04-08,1987,98,37.6836,127.8804,140.2
"South Korea/홍천",개나리,1988-04-08,1988,99,37.6836,127.8804,140.2
"South Korea/홍천",개나리,1989-04-02,1989,92,37.6836,127.8804,140.2
"South Korea/홍천",개나리,1990-03-28,1990,87,37.6836,127.8804,140.2
"South Korea/홍천",개나리,1991-04-09,1991,99,37.6836,127.8804,140.2
"South Korea/홍천",개나리,1992-03-30,1992,90,37.6836,127.8804,140.2
"South Korea/홍천",개나리,1993-04-07,1993,97,37.6836,127.8804,140.2
"South Korea/홍천",개나리,1994-04-06,1994,96,37.6836,127.8804,140.2
"South Korea/홍천",개나리,1995-04-14,1995,104,37.6836,127.8804,140.2
"South Korea/홍천",개나리,1996-04-18,1996,109,37.6836,127.8804,140.2
"South Korea/홍천",개나리,1997-04-04,1997,94,37.6836,127.8804,140.2
"South Korea/홍천",개나리,1998-03-31,1998,90,37.6836,127.8804,140.2
"South Korea/홍천",개나리,1999-04-10,1999,100,37.6836,127.8804,140.2
"South Korea/홍천",개나리,2000-04-09,2000,100,37.6836,127.8804,140.2
"South Korea/홍천",개나리,2001-04-08,2001,98,37.6836,127.8804,140.2
"South Korea/홍천",개나리,2002-03-27,2002,86,37.6836,127.8804,140.2
"South Korea/홍천",개나리,2003-04-07,2003,97,37.6836,127.8804,140.2
"South Korea/홍천",개나리,2004-04-02,2004,93,37.6836,127.8804,140.2
"South Korea/홍천",개나리,2005-04-11,2005,101,37.6836,127.8804,140.2
"South Korea/홍천",개나리,2006-04-08,2006,98,37.6836,127.8804,140.2
"South Korea/홍천",개나리,2007-04-02,2007,92,37.6836,127.8804,140.2
"South Korea/홍천",개나리,2008-04-04,2008,95,37.6836,127.8804,140.2
"South Korea/동두천",개나리,1998-03-30,1998,89,37.9019,127.0607,115.62
"South Korea/동두천",개나리,1999-04-01,1999,91,37.9019,127.0607,115.62
"South Korea/동두천",개나리,2000-04-06,2000,97,37.9019,127.0607,115.62
"South Korea/동두천",개나리,2001-04-05,2001,95,37.9019,127.0607,115.62
"South Korea/동두천",개나리,2002-03-24,2002,83,37.9019,127.0607,115.62
"South Korea/동두천",개나리,2003-03-31,2003,90,37.9019,127.0607,115.62
"South Korea/동두천",개나리,2004-03-30,2004,90,37.9019,127.0607,115.62
"South Korea/동두천",개나리,2005-04-10,2005,100,37.9019,127.0607,115.62
"South Korea/동두천",개나리,2006-04-08,2006,98,37.9019,127.0607,115.62
"South Korea/동두천",개나리,2007-03-27,2007,86,37.9019,127.0607,115.62
"South Korea/동두천",개나리,2008-04-01,2008,92,37.9019,127.0607,115.62
"South Korea/동두천",개나리,2009-03-31,2009,90,37.9019,127.0607,115.62
"South Korea/동두천",개나리,2010-04-04,2010,94,37.9019,127.0607,115.62
"South Korea/동두천",개나리,2011-04-05,2011,95,37.9019,127.0607,115.62
"South Korea/동두천",개나리,2012-04-09,2012,100,37.9019,127.0607,115.62
"South Korea/동두천",개나리,2013-04-04,2013,94,37.9019,127.0607,115.62
"South Korea/동두천",개나리,2014-03-27,2014,86,37.9019,127.0607,115.62
"South Korea/동두천",개나리,2015-03-30,2015,89,37.9019,127.0607,115.62
"South Korea/수원",개나리,1973-04-03,1973,93,37.2575,126.983,39.81
"South Korea/수원",개나리,1974-04-18,1974,108,37.2575,126.983,39.81
"South Korea/수원",개나리,1975-04-16,1975,106,37.2575,126.983,39.81
"South Korea/수원",개나리,1977-03-31,1977,90,37.2575,126.983,39.81
"South Korea/수원",개나리,1978-04-07,1978,97,37.2575,126.983,39.81
"South Korea/수원",개나리,1979-03-28,1979,87,37.2575,126.983,39.81
"South Korea/수원",개나리,1980-04-01,1980,92,37.2575,126.983,39.81
"South Korea/수원",개나리,1981-04-04,1981,94,37.2575,126.983,39.81
"South Korea/수원",개나리,1982-04-03,1982,93,37.2575,126.983,39.81
"South Korea/수원",개나리,1983-04-02,1983,92,37.2575,126.983,39.81
"South Korea/수원",개나리,1984-04-12,1984,103,37.2575,126.983,39.81
"South Korea/수원",개나리,1985-04-09,1985,99,37.2575,126.983,39.81
"South Korea/수원",개나리,1986-04-06,1986,96,37.2575,126.983,39.81
"South Korea/수원",개나리,1987-04-04,1987,94,37.2575,126.983,39.81
"South Korea/수원",개나리,1988-04-06,1988,97,37.2575,126.983,39.81
"South Korea/수원",개나리,1989-03-30,1989,89,37.2575,126.983,39.81
"South Korea/수원",개나리,1990-03-24,1990,83,37.2575,126.983,39.81
"South Korea/수원",개나리,1991-04-08,1991,98,37.2575,126.983,39.81
"South Korea/수원",개나리,1992-03-28,1992,88,37.2575,126.983,39.81
"South Korea/수원",개나리,1993-03-31,1993,90,37.2575,126.983,39.81
"South Korea/수원",개나리,1994-04-05,1994,95,37.2575,126.983,39.81
"South Korea/수원",개나리,1995-03-30,1995,89,37.2575,126.983,39.81
"South Korea/수원",개나리,1996-04-11,1996,102,37.2575,126.983,39.81
"South Korea/수원",개나리,1997-03-28,1997,87,37.2575,126.983,39.81
"South Korea/수원",개나리,1998-03-22,1998,81,37.2575,126.983,39.81
"South Korea/수원",개나리,1999-03-29,1999,88,37.2575,126.983,39.81
"South Korea/수원",개나리,2000-04-02,2000,93,37.2575,126.983,39.81
"South Korea/수원",개나리,2001-04-03,2001,93,37.2575,126.983,39.81
"South Korea/수원",개나리,2002-03-24,2002,83,37.2575,126.983,39.81
"South Korea/수원",개나리,2003-03-24,2003,83,37.2575,126.983,39.81
"South Korea/수원",개나리,2004-03-26,2004,86,37.2575,126.983,39.81
"South Korea/수원",개나리,2005-04-06,2005,96,37.2575,126.983,39.81
"South Korea/수원",개나리,2006-03-31,2006,90,37.2575,126.983,39.81
"South Korea/수원",개나리,2007-03-26,2007,85,37.2575,126.983,39.81
"South Korea/수원",개나리,2008-03-26,2008,86,37.2575,126.983,39.81
"South Korea/수원",개나리,2009-03-23,2009,82,37.2575,126.983,39.81
"South Korea/수원",개나리,2010-03-27,2010,86,37.2575,126.983,39.81
"South Korea/수원",개나리,2011-04-06,2011,96,37.2575,126.983,39.81
"South Korea/수원",개나리,2012-04-03,2012,94,37.2575,126.983,39.81
"South Korea/수원",개나리,2013-04-04,2013,94,37.2575,126.983,39.81
"South Korea/수원",개나리,2014-03-22,2014,81,37.2575,126.983,39.81
"South Korea/수원",개나리,2015-03-25,2015,84,37.2575,126.983,39.81
"South Korea/수원",개나리,2016-03-27,2016,87,37.2575,126.983,39.81
"South Korea/수원",개나리,2017-03-30,2017,89,37.2575,126.983,39.81
"South Korea/수원",개나리,2018-03-27,2018,86,37.2575,126.983,39.81
"South Korea/수원",개나리,2019-03-28,2019,87,37.2575,126.983,39.81
"South Korea/수원",개나리,2020-03-22,2020,82,37.2575,126.983,39.81
"South Korea/수원",개나리,2021-03-22,2021,81,37.2575,126.983,39.81
"South Korea/수원",개나리,2022-03-31,2022,90,37.2575,126.983,39.81
"South Korea/수원",개나리,2023-03-21,2023,80,37.2575,126.983,39.81
"South Korea/수원",개나리,2024-03-27,2024,87,37.2575,126.983,39.81
"South Korea/수원",개나리,2025-03-25,2025,84,37.2575,126.983,39.81
"South Korea/양평",개나리,1976-04-01,1976,92,37.4886,127.4945,47.26
"South Korea/양평",개나리,1977-04-01,1977,91,37.4886,127.4945,47.26
"South Korea/양평",개나리,1978-04-09,1978,99,37.4886,127.4945,47.26
"South Korea/양평",개나리,1979-04-01,1979,91,37.4886,127.4945,47.26
"South Korea/양평",개나리,1980-04-08,1980,99,37.4886,127.4945,47.26
"South Korea/양평",개나리,1981-04-01,1981,91,37.4886,127.4945,47.26
"South Korea/양평",개나리,1982-04-01,1982,91,37.4886,127.4945,47.26
"South Korea/양평",개나리,1983-04-02,1983,92,37.4886,127.4945,47.26
"South Korea/양평",개나리,1984-04-15,1984,106,37.4886,127.4945,47.26
"South Korea/양평",개나리,1985-04-07,1985,97,37.4886,127.4945,47.26
"South Korea/양평",개나리,1986-04-13,1986,103,37.4886,127.4945,47.26
"South Korea/양평",개나리,1987-04-08,1987,98,37.4886,127.4945,47.26
"South Korea/양평",개나리,1988-04-11,1988,102,37.4886,127.4945,47.26
"South Korea/양평",개나리,1989-04-01,1989,91,37.4886,127.4945,47.26
"South Korea/양평",개나리,1990-03-20,1990,79,37.4886,127.4945,47.26
"South Korea/양평",개나리,1991-04-08,1991,98,37.4886,127.4945,47.26
"South Korea/양평",개나리,1992-03-19,1992,79,37.4886,127.4945,47.26
"South Korea/양평",개나리,1993-03-29,1993,88,37.4886,127.4945,47.26
"South Korea/양평",개나리,1994-04-10,1994,100,37.4886,127.4945,47.26
"South Korea/양평",개나리,1995-03-30,1995,89,37.4886,127.4945,47.26
"South Korea/양평",개나리,1996-04-09,1996,100,37.4886,127.4945,47.26
"South Korea/양평",개나리,1997-03-30,1997,89,37.4886,127.4945,47.26
"South Korea/양평",개나리,1998-03-25,1998,84,37.4886,127.4945,47.26
"South Korea/양평",개나리,1999-04-03,1999,93,37.4886,127.4945,47.26
"South Korea/양평",개나리,2000-04-01,2000,92,37.4886,127.4945,47.26
"South Korea/양평",개나리,2001-04-05,2001,95,37.4886,127.4945,47.26
"South Korea/양평",개나리,2002-03-25,2002,84,37.4886,127.4945,47.26
"South Korea/양평",개나리,2003-04-01,2003,91,37.4886,127.4945,47.26
"South Korea/양평",개나리,2004-03-29,2004,89,37.4886,127.4945,47.26
"South Korea/양평",개나리,2005-04-08,2005,98,37.4886,127.4945,47.26
"South Korea/양평",개나리,2006-04-03,2006,93,37.4886,127.4945,47.26
"South Korea/양평",개나리,2007-03-29,2007,88,37.4886,127.4945,47.26
"South Korea/양평",개나리,2008-03-30,2008,90,37.4886,127.4945,47.26
"South Korea/이천",개나리,1973-03-29,1973,88,37.264,127.4842,80.09
"South Korea/이천",개나리,1974-04-07,1974,97,37.264,127.4842,80.09
"South Korea/이천",개나리,1975-04-08,1975,98,37.264,127.4842,80.09
"South Korea/이천",개나리,1976-03-31,1976,91,37.264,127.4842,80.09
"South Korea/이천",개나리,1977-04-04,1977,94,37.264,127.4842,80.09
"South Korea/이천",개나리,1978-04-09,1978,99,37.264,127.4842,80.09
"South Korea/이천",개나리,1979-03-29,1979,88,37.264,127.4842,80.09
"South Korea/이천",개나리,1980-04-04,1980,95,37.264,127.4842,80.09
"South Korea/이천",개나리,1981-04-04,1981,94,37.264,127.4842,80.09
"South Korea/이천",개나리,1982-04-01,1982,91,37.264,127.4842,80.09
"South Korea/이천",개나리,1983-04-02,1983,92,37.264,127.4842,80.09
"South Korea/이천",개나리,1984-04-10,1984,101,37.264,127.4842,80.09
"South Korea/이천",개나리,1985-04-04,1985,94,37.264,127.4842,80.09
"South Korea/이천",개나리,1986-04-06,1986,96,37.264,127.4842,80.09
"South Korea/이천",개나리,1987-04-09,1987,99,37.264,127.4842,80.09
"South Korea/이천",개나리,1988-04-04,1988,95,37.264,127.4842,80.09
"South Korea/이천",개나리,1989-03-27,1989,86,37.264,127.4842,80.09
"South Korea/이천",개나리,1990-03-22,1990,81,37.264,127.4842,80.09
"South Korea/이천",개나리,1991-04-04,1991,94,37.264,127.4842,80.09
"South Korea/이천",개나리,1992-03-27,1992,87,37.264,127.4842,80.09
"South Korea/이천",개나리,1993-04-03,1993,93,37.264,127.4842,80.09
"South Korea/이천",개나리,1994-04-05,1994,95,37.264,127.4842,80.09
"South Korea/이천",개나리,1995-04-07,1995,97,37.264,127.4842,80.09
"South Korea/이천",개나리,1996-04-15,1996,106,37.264,127.4842,80.09
"South Korea/이천",개나리,1997-04-02,1997,92,37.264,127.4842,80.09
"South Korea/이천",개나리,1998-03-28,1998,87,37.264,127.4842,80.09
"South Korea/이천",개나리,1999-04-05,1999,95,37.264,127.4842,80.09
"South Korea/이천",개나리,2000-04-06,2000,97,37.264,127.4842,80.09
"South Korea/이천",개나리,2001-04-04,2001,94,37.264,127.4842,80.09
"South Korea/이천",개나리,2002-03-20,2002,79,37.264,127.4842,80.09
"South Korea/이천",개나리,2003-04-01,2003,91,37.264,127.4842,80.09
"South Korea/이천",개나리,2004-03-29,2004,89,37.264,127.4842,80.09
"South Korea/이천",개나리,2005-04-09,2005,99,37.264,127.4842,80.09
"South Korea/이천",개나리,2006-03-29,2006,88,37.264,127.4842,80.09
"South Korea/이천",개나리,2007-03-30,2007,89,37.264,127.4842,80.09
"South Korea/이천",개나리,2008-03-31,2008,91,37.264,127.4842,80.09
"South Korea/이천",개나리,2009-03-23,2009,82,37.264,127.4842,80.09
"South Korea/이천",개나리,2010-04-08,2010,98,37.264,127.4842,80.09
"South Korea/이천",개나리,2011-04-07,2011,97,37.264,127.4842,80.09
"South Korea/이천",개나리,2012-04-10,2012,101,37.264,127.4842,80.09
"South Korea/이천",개나리,2013-04-05,2013,95,37.264,127.4842,80.09
"South Korea/이천",개나리,2014-03-26,2014,85,37.264,127.4842,80.09
"South Korea/이천",개나리,2015-03-27,2015,86,37.264,127.4842,80.09
"South Korea/파주",개나리,2002-04-03,2002,93,37.8859,126.7665,30.59
"South Korea/파주",개나리,2003-04-03,2003,93,37.8859,126.7665,30.59
"South Korea/파주",개나리,2004-03-30,2004,90,37.8859,126.7665,30.59
"South Korea/파주",개나리,2005-04-09,2005,99,37.8859,126.7665,30.59
"South Korea/파주",개나리,2006-03-25,2006,84,37.8859,126.7665,30.59
"South Korea/파주",개나리,2007-04-04,2007,94,37.8859,126.7665,30.59
"South Korea/파주",개나리,2008-04-04,2008,95,37.8859,126.7665,30.59
"South Korea/파주",개나리,2009-04-04,2009,94,37.8859,126.7665,30.59
"South Korea/파주",개나리,2010-04-13,2010,103,37.8859,126.7665,30.59
"South Korea/파주",개나리,2011-04-12,2011,102,37.8859,126.7665,30.59
"South Korea/파주",개나리,2012-04-11,2012,102,37.8859,126.7665,30.59
"South Korea/파주",개나리,2013-04-13,2013,103,37.8859,126.7665,30.59
"South Korea/파주",개나리,2014-03-30,2014,89,37.8859,126.7665,30.59
"South Korea/파주",개나리,2015-04-02,2015,92,37.8859,126.7665,30.59
"South Korea/거제",개나리,1973-03-18,1973,77,34.8882,128.6046,44.83
"South Korea/거제",개나리,1974-03-26,1974,85,34.8882,128.6046,44.83
"South Korea/거제",개나리,1975-03-26,1975,85,34.8882,128.6046,44.83
"South Korea/거제",개나리,1976-03-15,1976,75,34.8882,128.6046,44.83
"South Korea/거제",개나리,1977-03-20,1977,79,34.8882,128.6046,44.83
"South Korea/거제",개나리,1978-03-26,1978,85,34.8882,128.6046,44.83
"South Korea/거제",개나리,1979-03-15,1979,74,34.8882,128.6046,44.83
"South Korea/거제",개나리,1980-03-20,1980,80,34.8882,128.6046,44.83
"South Korea/거제",개나리,1981-03-20,1981,79,34.8882,128.6046,44.83
"South Korea/거제",개나리,1982-03-20,1982,79,34.8882,128.6046,44.83
"South Korea/거제",개나리,1984-03-29,1984,89,34.8882,128.6046,44.83
"South Korea/거제",개나리,1985-03-14,1985,73,34.8882,128.6046,44.83
"South Korea/거제",개나리,1986-03-28,1986,87,34.8882,128.6046,44.83
"South Korea/거제",개나리,1987-03-19,1987,78,34.8882,128.6046,44.83
"South Korea/거제",개나리,1988-03-24,1988,84,34.8882,128.6046,44.83
"South Korea/거제",개나리,1989-03-16,1989,75,34.8882,128.6046,44.83
"South Korea/거제",개나리,1990-03-15,1990,74,34.8882,128.6046,44.83
"South Korea/거제",개나리,1991-03-27,1991,86,34.8882,128.6046,44.83
"South Korea/거제",개나리,1992-03-22,1992,82,34.8882,128.6046,44.83
"South Korea/거제",개나리,1993-03-25,1993,84,34.8882,128.6046,44.83
"South Korea/거제",개나리,1994-03-31,1994,90,34.8882,128.6046,44.83
"South Korea/거제",개나리,1995-03-24,1995,83,34.8882,128.6046,44.83
"South Korea/거제",개나리,1996-03-28,1996,88,34.8882,128.6046,44.83
"South Korea/거제",개나리,1997-03-21,1997,80,34.8882,128.6046,44.83
"South Korea/거제",개나리,1998-03-22,1998,81,34.8882,128.6046,44.83
"South Korea/거제",개나리,1999-03-25,1999,84,34.8882,128.6046,44.83
"South Korea/거제",개나리,2000-03-27,2000,87,34.8882,128.6046,44.83
"South Korea/거제",개나리,2001-03-22,2001,81,34.8882,128.6046,44.83
"South Korea/거제",개나리,2002-03-15,2002,74,34.8882,128.6046,44.83
"South Korea/거제",개나리,2003-03-21,2003,80,34.8882,128.6046,44.83
"South Korea/거제",개나리,2004-03-16,2004,76,34.8882,128.6046,44.83
"South Korea/거제",개나리,2005-03-22,2005,81,34.8882,128.6046,44.83
"South Korea/거제",개나리,2006-03-14,2006,73,34.8882,128.6046,44.83
"South Korea/거제",개나리,2007-03-11,2007,70,34.8882,128.6046,44.83
"South Korea/거제",개나리,2008-03-20,2008,80,34.8882,128.6046,44.83
"South Korea/거창",개나리,1973-03-29,1973,88,35.6674,127.9099,228.45
"South Korea/거창",개나리,1974-04-04,1974,94,35.6674,127.9099,228.45
"South Korea/거창",개나리,1975-04-05,1975,95,35.6674,127.9099,228.45
"South Korea/거창",개나리,1976-04-03,1976,94,35.6674,127.9099,228.45
"South Korea/거창",개나리,1977-03-30,1977,89,35.6674,127.9099,228.45
"South Korea/거창",개나리,1978-04-02,1978,92,35.6674,127.9099,228.45
"South Korea/거창",개나리,1979-03-26,1979,85,35.6674,127.9099,228.45
"South Korea/거창",개나리,1980-03-31,1980,91,35.6674,127.9099,228.45
"South Korea/거창",개나리,1981-04-05,1981,95,35.6674,127.9099,228.45
"South Korea/거창",개나리,1982-04-01,1982,91,35.6674,127.9099,228.45
"South Korea/거창",개나리,1983-04-07,1983,97,35.6674,127.9099,228.45
"South Korea/거창",개나리,1984-04-16,1984,107,35.6674,127.9099,228.45
"South Korea/거창",개나리,1985-04-10,1985,100,35.6674,127.9099,228.45
"South Korea/거창",개나리,1986-04-09,1986,99,35.6674,127.9099,228.45
"South Korea/거창",개나리,1987-04-08,1987,98,35.6674,127.9099,228.45
"South Korea/거창",개나리,1988-04-09,1988,100,35.6674,127.9099,228.45
"South Korea/거창",개나리,1989-04-03,1989,93,35.6674,127.9099,228.45
"South Korea/거창",개나리,1990-03-26,1990,85,35.6674,127.9099,228.45
"South Korea/거창",개나리,1991-04-02,1991,92,35.6674,127.9099,228.45
"South Korea/거창",개나리,1992-03-27,1992,87,35.6674,127.9099,228.45
"South Korea/거창",개나리,1993-03-27,1993,86,35.6674,127.9099,228.45
"South Korea/거창",개나리,1994-04-03,1994,93,35.6674,127.9099,228.45
"South Korea/거창",개나리,1995-03-30,1995,89,35.6674,127.9099,228.45
"South Korea/거창",개나리,1996-04-10,1996,101,35.6674,127.9099,228.45
"South Korea/거창",개나리,1997-03-27,1997,86,35.6674,127.9099,228.45
"South Korea/거창",개나리,1998-03-28,1998,87,35.6674,127.9099,228.45
"South Korea/거창",개나리,1999-04-05,1999,95,35.6674,127.9099,228.45
"South Korea/거창",개나리,2000-04-05,2000,96,35.6674,127.9099,228.45
"South Korea/거창",개나리,2001-03-31,2001,90,35.6674,127.9099,228.45
"South Korea/거창",개나리,2002-03-16,2002,75,35.6674,127.9099,228.45
"South Korea/거창",개나리,2003-03-26,2003,85,35.6674,127.9099,228.45
"South Korea/거창",개나리,2004-03-24,2004,84,35.6674,127.9099,228.45
"South Korea/거창",개나리,2005-04-06,2005,96,35.6674,127.9099,228.45
"South Korea/거창",개나리,2006-03-25,2006,84,35.6674,127.9099,228.45
"South Korea/거창",개나리,2007-03-19,2007,78,35.6674,127.9099,228.45
"South Korea/거창",개나리,2008-03-26,2008,86,35.6674,127.9099,228.45
"South Korea/거창",개나리,2009-03-20,2009,79,35.6674,127.9099,228.45
"South Korea/거창",개나리,2010-03-23,2010,82,35.6674,127.9099,228.45
"South Korea/거창",개나리,2011-04-02,2011,92,35.6674,127.9099,228.45
"South Korea/거창",개나리,2012-03-30,2012,90,35.6674,127.9099,228.45
"South Korea/거창",개나리,2013-03-19,2013,78,35.6674,127.9099,228.45
"South Korea/거창",개나리,2014-03-21,2014,80,35.6674,127.9099,228.45
"South Korea/거창",개나리,2015-03-27,2015,86,35.6674,127.9099,228.45
"South Korea/남해",개나리,1973-03-26,1973,85,34.8166,127.9264,45.71
"South Korea/남해",개나리,1974-04-02,1974,92,34.8166,127.9264,45.71
"South Korea/남해",개나리,1975-03-26,1975,85,34.8166,127.9264,45.71
"South Korea/남해",개나리,1976-03-02,1976,62,34.8166,127.9264,45.71
"South Korea/남해",개나리,1977-03-23,1977,82,34.8166,127.9264,45.71
"South Korea/남해",개나리,1978-03-27,1978,86,34.8166,127.9264,45.71
"South Korea/남해",개나리,1979-03-10,1979,69,34.8166,127.9264,45.71
"South Korea/남해",개나리,1980-03-23,1980,83,34.8166,127.9264,45.71
"South Korea/남해",개나리,1981-03-23,1981,82,34.8166,127.9264,45.71
"South Korea/남해",개나리,1982-03-21,1982,80,34.8166,127.9264,45.71
"South Korea/남해",개나리,1983-03-19,1983,78,34.8166,127.9264,45.71
"South Korea/남해",개나리,1984-04-05,1984,96,34.8166,127.9264,45.71
"South Korea/남해",개나리,1985-03-26,1985,85,34.8166,127.9264,45.71
"South Korea/남해",개나리,1986-03-29,1986,88,34.8166,127.9264,45.71
"South Korea/남해",개나리,1987-03-23,1987,82,34.8166,127.9264,45.71
"South Korea/남해",개나리,1988-03-29,1988,89,34.8166,127.9264,45.71
"South Korea/남해",개나리,1989-03-20,1989,79,34.8166,127.9264,45.71
"South Korea/남해",개나리,1990-03-11,1990,70,34.8166,127.9264,45.71
"South Korea/남해",개나리,1991-03-28,1991,87,34.8166,127.9264,45.71
"South Korea/남해",개나리,1992-03-19,1992,79,34.8166,127.9264,45.71
"South Korea/남해",개나리,1993-03-23,1993,82,34.8166,127.9264,45.71
"South Korea/남해",개나리,1994-03-29,1994,88,34.8166,127.9264,45.71
"South Korea/남해",개나리,1995-03-24,1995,83,34.8166,127.9264,45.71
"South Korea/남해",개나리,1996-03-29,1996,89,34.8166,127.9264,45.71
"South Korea/남해",개나리,1997-03-21,1997,80,34.8166,127.9264,45.71
"South Korea/남해",개나리,1998-03-16,1998,75,34.8166,127.9264,45.71
"South Korea/남해",개나리,1999-03-25,1999,84,34.8166,127.9264,45.71
"South Korea/남해",개나리,2000-03-26,2000,86,34.8166,127.9264,45.71
"South Korea/남해",개나리,2001-03-23,2001,82,34.8166,127.9264,45.71
"South Korea/남해",개나리,2002-03-12,2002,71,34.8166,127.9264,45.71
"South Korea/남해",개나리,2003-03-23,2003,82,34.8166,127.9264,45.71
"South Korea/남해",개나리,2004-03-18,2004,78,34.8166,127.9264,45.71
"South Korea/남해",개나리,2005-04-01,2005,91,34.8166,127.9264,45.71
"South Korea/남해",개나리,2006-03-20,2006,79,34.8166,127.9264,45.71
"South Korea/남해",개나리,2007-03-19,2007,78,34.8166,127.9264,45.71
"South Korea/남해",개나리,2008-03-26,2008,86,34.8166,127.9264,45.71
"South Korea/밀양",개나리,1973-03-10,1973,69,35.4915,128.7441,8.31
"South Korea/밀양",개나리,1974-04-03,1974,93,35.4915,128.7441,8.31
"South Korea/밀양",개나리,1975-03-26,1975,85,35.4915,128.7441,8.31
"South Korea/밀양",개나리,1976-03-25,1976,85,35.4915,128.7441,8.31
"South Korea/밀양",개나리,1977-03-25,1977,84,35.4915,128.7441,8.31
"South Korea/밀양",개나리,1978-03-23,1978,82,35.4915,128.7441,8.31
"South Korea/밀양",개나리,1979-03-17,1979,76,35.4915,128.7441,8.31
"South Korea/밀양",개나리,1980-03-24,1980,84,35.4915,128.7441,8.31
"South Korea/밀양",개나리,1981-03-18,1981,77,35.4915,128.7441,8.31
"South Korea/밀양",개나리,1982-03-22,1982,81,35.4915,128.7441,8.31
"South Korea/밀양",개나리,1983-03-27,1983,86,35.4915,128.7441,8.31
"South Korea/밀양",개나리,1984-03-30,1984,90,35.4915,128.7441,8.31
"South Korea/밀양",개나리,1985-03-26,1985,85,35.4915,128.7441,8.31
"South Korea/밀양",개나리,1986-03-19,1986,78,35.4915,128.7441,8.31
"South Korea/밀양",개나리,1987-03-20,1987,79,35.4915,128.7441,8.31
"South Korea/밀양",개나리,1988-03-25,1988,85,35.4915,128.7441,8.31
"South Korea/밀양",개나리,1989-03-19,1989,78,35.4915,128.7441,8.31
"South Korea/밀양",개나리,1990-03-20,1990,79,35.4915,128.7441,8.31
"South Korea/밀양",개나리,1991-03-21,1991,80,35.4915,128.7441,8.31
"South Korea/밀양",개나리,1992-03-15,1992,75,35.4915,128.7441,8.31
"South Korea/밀양",개나리,1993-03-18,1993,77,35.4915,128.7441,8.31
"South Korea/밀양",개나리,1994-03-28,1994,87,35.4915,128.7441,8.31
"South Korea/밀양",개나리,1995-03-27,1995,86,35.4915,128.7441,8.31
"South Korea/밀양",개나리,1996-03-31,1996,91,35.4915,128.7441,8.31
"South Korea/밀양",개나리,1997-03-25,1997,84,35.4915,128.7441,8.31
"South Korea/밀양",개나리,1998-03-20,1998,79,35.4915,128.7441,8.31
"South Korea/밀양",개나리,1999-03-27,1999,86,35.4915,128.7441,8.31
"South Korea/밀양",개나리,2000-03-28,2000,88,35.4915,128.7441,8.31
"South Korea/밀양",개나리,2001-03-25,2001,84,35.4915,128.7441,8.31
"South Korea/밀양",개나리,2002-03-17,2002,76,35.4915,128.7441,8.31
"South Korea/밀양",개나리,2003-03-26,2003,85,35.4915,128.7441,8.31
"South Korea/밀양",개나리,2004-03-21,2004,81,35.4915,128.7441,8.31
"South Korea/밀양",개나리,2005-04-05,2005,95,35.4915,128.7441,8.31
"South Korea/밀양",개나리,2006-03-23,2006,82,35.4915,128.7441,8.31
"South Korea/밀양",개나리,2007-03-22,2007,81,35.4915,128.7441,8.31
"South Korea/밀양",개나리,2008-03-20,2008,80,35.4915,128.7441,8.31
"South Korea/북창원",개나리,1991-03-28,1991,87,35.2266,128.6726,50.95
"South Korea/산청",개나리,1974-03-26,1974,85,35.413,127.8791,138.22
"South Korea/산청",개나리,1975-03-17,1975,76,35.413,127.8791,138.22
"South Korea/산청",개나리,1976-03-22,1976,82,35.413,127.8791,138.22
"South Korea/산청",개나리,1977-03-26,1977,85,35.413,127.8791,138.22
"South Korea/산청",개나리,1978-03-29,1978,88,35.413,127.8791,138.22
"South Korea/산청",개나리,1979-03-22,1979,81,35.413,127.8791,138.22
"South Korea/산청",개나리,1980-03-21,1980,81,35.413,127.8791,138.22
"South Korea/산청",개나리,1981-03-25,1981,84,35.413,127.8791,138.22
"South Korea/산청",개나리,1982-03-24,1982,83,35.413,127.8791,138.22
"South Korea/산청",개나리,1983-03-29,1983,88,35.413,127.8791,138.22
"South Korea/산청",개나리,1984-04-06,1984,97,35.413,127.8791,138.22
"South Korea/산청",개나리,1985-03-31,1985,90,35.413,127.8791,138.22
"South Korea/산청",개나리,1986-03-29,1986,88,35.413,127.8791,138.22
"South Korea/산청",개나리,1987-03-27,1987,86,35.413,127.8791,138.22
"South Korea/산청",개나리,1988-04-04,1988,95,35.413,127.8791,138.22
"South Korea/산청",개나리,1989-03-26,1989,85,35.413,127.8791,138.22
"South Korea/산청",개나리,1990-03-22,1990,81,35.413,127.8791,138.22
"South Korea/산청",개나리,1991-03-29,1991,88,35.413,127.8791,138.22
"South Korea/산청",개나리,1992-03-24,1992,84,35.413,127.8791,138.22
"South Korea/산청",개나리,1993-03-27,1993,86,35.413,127.8791,138.22
"South Korea/산청",개나리,1994-04-03,1994,93,35.413,127.8791,138.22
"South Korea/산청",개나리,1995-03-28,1995,87,35.413,127.8791,138.22
"South Korea/산청",개나리,1996-04-08,1996,99,35.413,127.8791,138.22
"South Korea/산청",개나리,1997-03-27,1997,86,35.413,127.8791,138.22
"South Korea/산청",개나리,1998-03-19,1998,78,35.413,127.8791,138.22
"South Korea/산청",개나리,1999-03-27,1999,86,35.413,127.8791,138.22
"South Korea/산청",개나리,2000-03-31,2000,91,35.413,127.8791,138.22
"South Korea/산청",개나리,2001-03-28,2001,87,35.413,127.8791,138.22
"South Korea/산청",개나리,2002-03-18,2002,77,35.413,127.8791,138.22
"South Korea/산청",개나리,2003-03-28,2003,87,35.413,127.8791,138.22
"South Korea/산청",개나리,2004-03-23,2004,83,35.413,127.8791,138.22
"South Korea/산청",개나리,2005-04-02,2005,92,35.413,127.8791,138.22
"South Korea/산청",개나리,2006-03-24,2006,83,35.413,127.8791,138.22
"South Korea/산청",개나리,2007-03-23,2007,82,35.413,127.8791,138.22
"South Korea/산청",개나리,2008-03-27,2008,87,35.413,127.8791,138.22
"South Korea/진주",개나리,1973-03-14,1973,73,35.1638,128.04,29.35
"South Korea/진주",개나리,1974-03-27,1974,86,35.1638,128.04,29.35
"South Korea/진주",개나리,1975-03-22,1975,81,35.1638,128.04,29.35
"South Korea/진주",개나리,1976-03-07,1976,67,35.1638,128.04,29.35
"South Korea/진주",개나리,1977-03-23,1977,82,35.1638,128.04,29.35
"South Korea/진주",개나리,1978-03-23,1978,82,35.1638,128.04,29.35
"South Korea/진주",개나리,1979-03-19,1979,78,35.1638,128.04,29.35
"South Korea/진주",개나리,1980-03-26,1980,86,35.1638,128.04,29.35
"South Korea/진주",개나리,1981-03-22,1981,81,35.1638,128.04,29.35
"South Korea/진주",개나리,1982-03-25,1982,84,35.1638,128.04,29.35
"South Korea/진주",개나리,1983-03-29,1983,88,35.1638,128.04,29.35
"South Korea/진주",개나리,1984-04-05,1984,96,35.1638,128.04,29.35
"South Korea/진주",개나리,1985-03-28,1985,87,35.1638,128.04,29.35
"South Korea/진주",개나리,1986-03-31,1986,90,35.1638,128.04,29.35
"South Korea/진주",개나리,1987-03-27,1987,86,35.1638,128.04,29.35
"South Korea/진주",개나리,1988-03-30,1988,90,35.1638,128.04,29.35
"South Korea/진주",개나리,1989-03-20,1989,79,35.1638,128.04,29.35
"South Korea/진주",개나리,1990-03-17,1990,76,35.1638,128.04,29.35
"South Korea/진주",개나리,1991-03-28,1991,87,35.1638,128.04,29.35
"South Korea/진주",개나리,1992-03-20,1992,80,35.1638,128.04,29.35
"South Korea/진주",개나리,1993-03-27,1993,86,35.1638,128.04,29.35
"South Korea/진주",개나리,1994-04-01,1994,91,35.1638,128.04,29.35
"South Korea/진주",개나리,1995-03-22,1995,81,35.1638,128.04,29.35
"South Korea/진주",개나리,1996-04-06,1996,97,35.1638,128.04,29.35
"South Korea/진주",개나리,1997-03-26,1997,85,35.1638,128.04,29.35
"South Korea/진주",개나리,1998-03-20,1998,79,35.1638,128.04,29.35
"South Korea/진주",개나리,1999-03-29,1999,88,35.1638,128.04,29.35
"South Korea/진주",개나리,2000-03-30,2000,90,35.1638,128.04,29.35
"South Korea/진주",개나리,2001-03-26,2001,85,35.1638,128.04,29.35
"South Korea/진주",개나리,2002-03-18,2002,77,35.1638,128.04,29.35
"South Korea/진주",개나리,2003-03-26,2003,85,35.1638,128.04,29.35
"South Korea/진주",개나리,2004-03-23,2004,83,35.1638,128.04,29.35
"South Korea/진주",개나리,2005-04-02,2005,92,35.1638,128.04,29.35
"South Korea/진주",개나리,2006-03-23,2006,82,35.1638,128.04,29.35
"South Korea/진주",개나리,2007-03-22,2007,81,35.1638,128.04,29.35
"South Korea/진주",개나리,2008-03-26,2008,86,35.1638,128.04,29.35
"South Korea/진주",개나리,2009-03-17,2009,76,35.1638,128.04,29.35
"South Korea/진주",개나리,2010-03-25,2010,84,35.1638,128.04,29.35
"South Korea/진주",개나리,2011-04-01,2011,91,35.1638,128.04,29.35
"South Korea/진주",개나리,2012-04-01,2012,92,35.1638,128.04,29.35
"South Korea/진주",개나리,2013-03-20,2013,79,35.1638,128.04,29.35
"South Korea/진주",개나리,2014-03-23,2014,82,35.1638,128.04,29.35
"South Korea/진주",개나리,2015-03-25,2015,84,35.1638,128.04,29.35
"South Korea/창원",개나리,1986-03-23,1986,82,35.1702,128.5728,34.97
"South Korea/창원",개나리,1987-03-16,1987,75,35.1702,128.5728,34.97
"South Korea/창원",개나리,1988-03-28,1988,88,35.1702,128.5728,34.97
"South Korea/창원",개나리,1989-03-15,1989,74,35.1702,128.5728,34.97
"South Korea/창원",개나리,1990-03-14,1990,73,35.1702,128.5728,34.97
"South Korea/창원",개나리,1991-03-25,1991,84,35.1702,128.5728,34.97
"South Korea/창원",개나리,1992-03-27,1992,87,35.1702,128.5728,34.97
"South Korea/창원",개나리,1993-03-21,1993,80,35.1702,128.5728,34.97
"South Korea/창원",개나리,1994-03-25,1994,84,35.1702,128.5728,34.97
"South Korea/창원",개나리,1995-03-21,1995,80,35.1702,128.5728,34.97
"South Korea/창원",개나리,1996-03-31,1996,91,35.1702,128.5728,34.97
"South Korea/창원",개나리,1997-03-16,1997,75,35.1702,128.5728,34.97
"South Korea/창원",개나리,1998-03-13,1998,72,35.1702,128.5728,34.97
"South Korea/창원",개나리,1999-03-26,1999,85,35.1702,128.5728,34.97
"South Korea/창원",개나리,2000-03-24,2000,84,35.1702,128.5728,34.97
"South Korea/창원",개나리,2001-03-21,2001,80,35.1702,128.5728,34.97
"South Korea/창원",개나리,2002-03-10,2002,69,35.1702,128.5728,34.97
"South Korea/창원",개나리,2003-03-17,2003,76,35.1702,128.5728,34.97
"South Korea/창원",개나리,2004-03-16,2004,76,35.1702,128.5728,34.97
"South Korea/창원",개나리,2005-03-27,2005,86,35.1702,128.5728,34.97
"South Korea/창원",개나리,2006-03-10,2006,69,35.1702,128.5728,34.97
"South Korea/창원",개나리,2007-03-11,2007,70,35.1702,128.5728,34.97
"South Korea/창원",개나리,2008-03-19,2008,79,35.1702,128.5728,34.97
"South Korea/창원",개나리,2009-03-11,2009,70,35.1702,128.5728,34.97
"South Korea/창원",개나리,2010-03-19,2010,78,35.1702,128.5728,34.97
"South Korea/창원",개나리,2011-03-19,2011,78,35.1702,128.5728,34.97
"South Korea/창원",개나리,2012-03-27,2012,87,35.1702,128.5728,34.97
"South Korea/창원",개나리,2013-03-12,2013,71,35.1702,128.5728,34.97
"South Korea/창원",개나리,2014-03-16,2014,75,35.1702,128.5728,34.97
"South Korea/창원",개나리,2015-03-21,2015,80,35.1702,128.5728,34.97
"South Korea/창원",개나리,2016-03-17,2016,77,35.1702,128.5728,34.97
"South Korea/창원",개나리,2017-03-19,2017,78,35.1702,128.5728,34.97
"South Korea/창원",개나리,2018-03-19,2018,78,35.1702,128.5728,34.97
"South Korea/창원",개나리,2019-03-12,2019,71,35.1702,128.5728,34.97
"South Korea/창원",개나리,2020-03-10,2020,70,35.1702,128.5728,34.97
"South Korea/창원",개나리,2021-03-07,2021,66,35.1702,128.5728,34.97
"South Korea/창원",개나리,2022-03-17,2022,76,35.1702,128.5728,34.97
"South Korea/창원",개나리,2023-03-11,2023,70,35.1702,128.5728,34.97
"South Korea/창원",개나리,2024-03-18,2024,78,35.1702,128.5728,34.97
"South Korea/창원",개나리,2025-03-23,2025,82,35.1702,128.5728,34.97
"South Korea/통영",개나리,1973-03-19,1973,78,34.8454,128.4356,31.24
"South Korea/통영",개나리,1974-03-23,1974,82,34.8454,128.4356,31.24
"South Korea/통영",개나리,1975-03-21,1975,80,34.8454,128.4356,31.24
"South Korea/통영",개나리,1976-03-13,1976,73,34.8454,128.4356,31.24
"South Korea/통영",개나리,1977-03-18,1977,77,34.8454,128.4356,31.24
"South Korea/통영",개나리,1978-03-21,1978,80,34.8454,128.4356,31.24
"South Korea/통영",개나리,1979-03-19,1979,78,34.8454,128.4356,31.24
"South Korea/통영",개나리,1980-03-16,1980,76,34.8454,128.4356,31.24
"South Korea/통영",개나리,1981-03-23,1981,82,34.8454,128.4356,31.24
"South Korea/통영",개나리,1982-03-17,1982,76,34.8454,128.4356,31.24
"South Korea/통영",개나리,1984-04-01,1984,92,34.8454,128.4356,31.24
"South Korea/통영",개나리,1985-03-26,1985,85,34.8454,128.4356,31.24
"South Korea/통영",개나리,1986-03-25,1986,84,34.8454,128.4356,31.24
"South Korea/통영",개나리,1987-03-20,1987,79,34.8454,128.4356,31.24
"South Korea/통영",개나리,1988-03-25,1988,85,34.8454,128.4356,31.24
"South Korea/통영",개나리,1989-03-19,1989,78,34.8454,128.4356,31.24
"South Korea/통영",개나리,1990-03-15,1990,74,34.8454,128.4356,31.24
"South Korea/통영",개나리,1991-03-24,1991,83,34.8454,128.4356,31.24
"South Korea/통영",개나리,1992-03-21,1992,81,34.8454,128.4356,31.24
"South Korea/통영",개나리,1993-03-22,1993,81,34.8454,128.4356,31.24
"South Korea/통영",개나리,1994-03-24,1994,83,34.8454,128.4356,31.24
"South Korea/통영",개나리,1995-03-18,1995,77,34.8454,128.4356,31.24
"South Korea/통영",개나리,1996-03-26,1996,86,34.8454,128.4356,31.24
"South Korea/통영",개나리,1997-03-19,1997,78,34.8454,128.4356,31.24
"South Korea/통영",개나리,1998-03-14,1998,73,34.8454,128.4356,31.24
"South Korea/통영",개나리,1999-03-17,1999,76,34.8454,128.4356,31.24
"South Korea/통영",개나리,2000-03-20,2000,80,34.8454,128.4356,31.24
"South Korea/통영",개나리,2001-03-20,2001,79,34.8454,128.4356,31.24
"South Korea/통영",개나리,2002-03-11,2002,70,34.8454,128.4356,31.24
"South Korea/통영",개나리,2003-03-20,2003,79,34.8454,128.4356,31.24
"South Korea/통영",개나리,2004-03-17,2004,77,34.8454,128.4356,31.24
"South Korea/통영",개나리,2005-03-22,2005,81,34.8454,128.4356,31.24
"South Korea/통영",개나리,2006-03-18,2006,77,34.8454,128.4356,31.24
"South Korea/통영",개나리,2007-03-13,2007,72,34.8454,128.4356,31.24
"South Korea/통영",개나리,2008-03-22,2008,82,34.8454,128.4356,31.24
"South Korea/통영",개나리,2009-03-16,2009,75,34.8454,128.4356,31.24
"South Korea/통영",개나리,2010-03-19,2010,78,34.8454,128.4356,31.24
"South Korea/통영",개나리,2011-03-24,2011,83,34.8454,128.4356,31.24
"South Korea/통영",개나리,2012-03-19,2012,79,34.8454,128.4356,31.24
"South Korea/통영",개나리,2013-03-14,2013,73,34.8454,128.4356,31.24
"South Korea/통영",개나리,2014-03-17,2014,76,34.8454,128.4356,31.24
"South Korea/통영",개나리,2015-03-27,2015,86,34.8454,128.4356,31.24
"South Korea/합천",개나리,1973-03-29,1973,88,35.5651,128.1699,26.72
"South Korea/합천",개나리,1974-04-02,1974,92,35.5651,128.1699,26.72
"South Korea/합천",개나리,1975-03-20,1975,79,35.5651,128.1699,26.72
"South Korea/합천",개나리,1976-03-15,1976,75,35.5651,128.1699,26.72
"South Korea/합천",개나리,1977-03-25,1977,84,35.5651,128.1699,26.72
"South Korea/합천",개나리,1978-03-27,1978,86,35.5651,128.1699,26.72
"South Korea/합천",개나리,1979-03-23,1979,82,35.5651,128.1699,26.72
"South Korea/합천",개나리,1980-03-27,1980,87,35.5651,128.1699,26.72
"South Korea/합천",개나리,1981-03-28,1981,87,35.5651,128.1699,26.72
"South Korea/합천",개나리,1982-03-25,1982,84,35.5651,128.1699,26.72
"South Korea/합천",개나리,1983-03-29,1983,88,35.5651,128.1699,26.72
"South Korea/합천",개나리,1985-04-02,1985,92,35.5651,128.1699,26.72
"South Korea/합천",개나리,1986-03-30,1986,89,35.5651,128.1699,26.72
"South Korea/합천",개나리,1987-03-28,1987,87,35.5651,128.1699,26.72
"South Korea/합천",개나리,1988-04-05,1988,96,35.5651,128.1699,26.72
"South Korea/합천",개나리,1989-03-28,1989,87,35.5651,128.1699,26.72
"South Korea/합천",개나리,1990-03-21,1990,80,35.5651,128.1699,26.72
"South Korea/합천",개나리,1991-03-30,1991,89,35.5651,128.1699,26.72
"South Korea/합천",개나리,1992-03-26,1992,86,35.5651,128.1699,26.72
"South Korea/합천",개나리,1993-03-27,1993,86,35.5651,128.1699,26.72
"South Korea/합천",개나리,1994-03-27,1994,86,35.5651,128.1699,26.72
"South Korea/합천",개나리,1995-03-27,1995,86,35.5651,128.1699,26.72
"South Korea/합천",개나리,1996-04-07,1996,98,35.5651,128.1699,26.72
"South Korea/합천",개나리,1997-03-21,1997,80,35.5651,128.1699,26.72
"South Korea/합천",개나리,1998-03-25,1998,84,35.5651,128.1699,26.72
"South Korea/합천",개나리,1999-03-31,1999,90,35.5651,128.1699,26.72
"South Korea/합천",개나리,2000-03-31,2000,91,35.5651,128.1699,26.72
"South Korea/합천",개나리,2001-03-26,2001,85,35.5651,128.1699,26.72
"South Korea/합천",개나리,2002-03-20,2002,79,35.5651,128.1699,26.72
"South Korea/합천",개나리,2003-03-31,2003,90,35.5651,128.1699,26.72
"South Korea/합천",개나리,2004-03-24,2004,84,35.5651,128.1699,26.72
"South Korea/합천",개나리,2005-04-04,2005,94,35.5651,128.1699,26.72
"South Korea/합천",개나리,2006-03-24,2006,83,35.5651,128.1699,26.72
"South Korea/합천",개나리,2007-03-23,2007,82,35.5651,128.1699,26.72
"South Korea/합천",개나리,2008-03-26,2008,86,35.5651,128.1699,26.72
"South Korea/구미",개나리,1973-03-19,1973,78,36.1306,128.3206,49.17
"South Korea/구미",개나리,1974-04-01,1974,91,36.1306,128.3206,49.17
"South Korea/구미",개나리,1975-04-02,1975,92,36.1306,128.3206,49.17
"South Korea/구미",개나리,1976-03-28,1976,88,36.1306,128.3206,49.17
"South Korea/구미",개나리,1977-03-27,1977,86,36.1306,128.3206,49.17
"South Korea/구미",개나리,1978-04-01,1978,91,36.1306,128.3206,49.17
"South Korea/구미",개나리,1979-03-27,1979,86,36.1306,128.3206,49.17
"South Korea/구미",개나리,1980-03-30,1980,90,36.1306,128.3206,49.17
"South Korea/구미",개나리,1981-03-30,1981,89,36.1306,128.3206,49.17
"South Korea/구미",개나리,1982-03-21,1982,80,36.1306,128.3206,49.17
"South Korea/구미",개나리,1983-03-22,1983,81,36.1306,128.3206,49.17
"South Korea/구미",개나리,1984-04-07,1984,98,36.1306,128.3206,49.17
"South Korea/구미",개나리,1985-03-27,1985,86,36.1306,128.3206,49.17
"South Korea/구미",개나리,1986-03-29,1986,88,36.1306,128.3206,49.17
"South Korea/구미",개나리,1987-03-29,1987,88,36.1306,128.3206,49.17
"South Korea/구미",개나리,1988-04-02,1988,93,36.1306,128.3206,49.17
"South Korea/구미",개나리,1989-03-24,1989,83,36.1306,128.3206,49.17
"South Korea/구미",개나리,1990-03-22,1990,81,36.1306,128.3206,49.17
"South Korea/구미",개나리,1991-04-02,1991,92,36.1306,128.3206,49.17
"South Korea/구미",개나리,1992-03-21,1992,81,36.1306,128.3206,49.17
"South Korea/구미",개나리,1993-03-27,1993,86,36.1306,128.3206,49.17
"South Korea/구미",개나리,1994-03-28,1994,87,36.1306,128.3206,49.17
"South Korea/구미",개나리,1995-03-26,1995,85,36.1306,128.3206,49.17
"South Korea/구미",개나리,1996-04-01,1996,92,36.1306,128.3206,49.17
"South Korea/구미",개나리,1997-03-21,1997,80,36.1306,128.3206,49.17
"South Korea/구미",개나리,1998-03-19,1998,78,36.1306,128.3206,49.17
"South Korea/구미",개나리,1999-03-24,1999,83,36.1306,128.3206,49.17
"South Korea/구미",개나리,2000-03-26,2000,86,36.1306,128.3206,49.17
"South Korea/구미",개나리,2001-03-22,2001,81,36.1306,128.3206,49.17
"South Korea/구미",개나리,2002-03-15,2002,74,36.1306,128.3206,49.17
"South Korea/구미",개나리,2003-03-27,2003,86,36.1306,128.3206,49.17
"South Korea/구미",개나리,2004-03-20,2004,80,36.1306,128.3206,49.17
"South Korea/구미",개나리,2005-03-30,2005,89,36.1306,128.3206,49.17
"South Korea/구미",개나리,2006-03-22,2006,81,36.1306,128.3206,49.17
"South Korea/구미",개나리,2007-03-18,2007,77,36.1306,128.3206,49.17
"South Korea/구미",개나리,2008-03-22,2008,82,36.1306,128.3206,49.17
"South Korea/구미",개나리,2009-03-18,2009,77,36.1306,128.3206,49.17
"South Korea/구미",개나리,2010-03-23,2010,82,36.1306,128.3206,49.17
"South Korea/구미",개나리,2011-03-31,2011,90,36.1306,128.3206,49.17
"South Korea/구미",개나리,2012-03-22,2012,82,36.1306,128.3206,49.17
"South Korea/구미",개나리,2013-03-20,2013,79,36.1306,128.3206,49.17
"South Korea/구미",개나리,2014-03-21,2014,80,36.1306,128.3206,49.17
"South Korea/구미",개나리,2015-03-22,2015,81,36.1306,128.3206,49.17
"South Korea/문경",개나리,1973-03-18,1973,77,36.6273,128.1488,173.01
"South Korea/문경",개나리,1975-03-31,1975,90,36.6273,128.1488,173.01
"South Korea/문경",개나리,1977-03-27,1977,86,36.6273,128.1488,173.01
"South Korea/문경",개나리,1978-03-26,1978,85,36.6273,128.1488,173.01
"South Korea/문경",개나리,1979-04-01,1979,91,36.6273,128.1488,173.01
"South Korea/문경",개나리,1980-04-08,1980,99,36.6273,128.1488,173.01
"South Korea/문경",개나리,1981-04-06,1981,96,36.6273,128.1488,173.01
"South Korea/문경",개나리,1982-03-28,1982,87,36.6273,128.1488,173.01
"South Korea/문경",개나리,1983-04-02,1983,92,36.6273,128.1488,173.01
"South Korea/문경",개나리,1984-04-11,1984,102,36.6273,128.1488,173.01
"South Korea/문경",개나리,1985-04-07,1985,97,36.6273,128.1488,173.01
"South Korea/문경",개나리,1986-04-06,1986,96,36.6273,128.1488,173.01
"South Korea/문경",개나리,1987-04-02,1987,92,36.6273,128.1488,173.01
"South Korea/문경",개나리,1988-04-06,1988,97,36.6273,128.1488,173.01
"South Korea/문경",개나리,1989-03-28,1989,87,36.6273,128.1488,173.01
"South Korea/문경",개나리,1990-03-24,1990,83,36.6273,128.1488,173.01
"South Korea/문경",개나리,1991-04-02,1991,92,36.6273,128.1488,173.01
"South Korea/문경",개나리,1992-03-25,1992,85,36.6273,128.1488,173.01
"South Korea/문경",개나리,1993-03-30,1993,89,36.6273,128.1488,173.01
"South Korea/문경",개나리,1994-04-05,1994,95,36.6273,128.1488,173.01
"South Korea/문경",개나리,1995-03-30,1995,89,36.6273,128.1488,173.01
"South Korea/문경",개나리,1996-04-09,1996,100,36.6273,128.1488,173.01
"South Korea/문경",개나리,1997-03-29,1997,88,36.6273,128.1488,173.01
"South Korea/문경",개나리,1998-03-25,1998,84,36.6273,128.1488,173.01
"South Korea/문경",개나리,1999-03-31,1999,90,36.6273,128.1488,173.01
"South Korea/문경",개나리,2000-04-02,2000,93,36.6273,128.1488,173.01
"South Korea/문경",개나리,2001-04-01,2001,91,36.6273,128.1488,173.01
"South Korea/문경",개나리,2002-03-18,2002,77,36.6273,128.1488,173.01
"South Korea/문경",개나리,2003-03-30,2003,89,36.6273,128.1488,173.01
"South Korea/문경",개나리,2004-03-27,2004,87,36.6273,128.1488,173.01
"South Korea/문경",개나리,2005-04-02,2005,92,36.6273,128.1488,173.01
"South Korea/문경",개나리,2006-04-01,2006,91,36.6273,128.1488,173.01
"South Korea/문경",개나리,2007-03-24,2007,83,36.6273,128.1488,173.01
"South Korea/문경",개나리,2008-03-26,2008,86,36.6273,128.1488,173.01
"South Korea/봉화",개나리,1988-04-15,1988,106,36.9436,128.9145,324.67
"South Korea/봉화",개나리,1989-04-03,1989,93,36.9436,128.9145,324.67
"South Korea/봉화",개나리,1990-03-29,1990,88,36.9436,128.9145,324.67
"South Korea/봉화",개나리,1991-04-12,1991,102,36.9436,128.9145,324.67
"South Korea/봉화",개나리,1992-04-03,1992,94,36.9436,128.9145,324.67
"South Korea/봉화",개나리,1993-04-14,1993,104,36.9436,128.9145,324.67
"South Korea/봉화",개나리,1994-04-10,1994,100,36.9436,128.9145,324.67
"South Korea/봉화",개나리,1995-04-14,1995,104,36.9436,128.9145,324.67
"South Korea/봉화",개나리,1996-04-22,1996,113,36.9436,128.9145,324.67
"South Korea/봉화",개나리,1997-04-09,1997,99,36.9436,128.9145,324.67
"South Korea/봉화",개나리,1998-04-03,1998,93,36.9436,128.9145,324.67
"South Korea/봉화",개나리,1999-04-10,1999,100,36.9436,128.9145,324.67
"South Korea/봉화",개나리,2000-04-14,2000,105,36.9436,128.9145,324.67
"South Korea/봉화",개나리,2001-04-10,2001,100,36.9436,128.9145,324.67
"South Korea/봉화",개나리,2002-03-29,2002,88,36.9436,128.9145,324.67
"South Korea/봉화",개나리,2003-04-10,2003,100,36.9436,128.9145,324.67
"South Korea/봉화",개나리,2004-04-08,2004,99,36.9436,128.9145,324.67
"South Korea/봉화",개나리,2005-04-11,2005,101,36.9436,128.9145,324.67
"South Korea/봉화",개나리,2006-04-03,2006,93,36.9436,128.9145,324.67
"South Korea/봉화",개나리,2007-03-29,2007,88,36.9436,128.9145,324.67
"South Korea/봉화",개나리,2008-04-07,2008,98,36.9436,128.9145,324.67
"South Korea/상주",개나리,2002-03-17,2002,76,36.4084,128.1574,96.58
"South Korea/상주",개나리,2003-03-26,2003,85,36.4084,128.1574,96.58
"South Korea/상주",개나리,2004-03-23,2004,83,36.4084,128.1574,96.58
"South Korea/상주",개나리,2005-04-01,2005,91,36.4084,128.1574,96.58
"South Korea/상주",개나리,2006-03-25,2006,84,36.4084,128.1574,96.58
"South Korea/상주",개나리,2007-03-22,2007,81,36.4084,128.1574,96.58
"South Korea/상주",개나리,2008-03-25,2008,85,36.4084,128.1574,96.58
"South Korea/상주",개나리,2009-03-17,2009,76,36.4084,128.1574,96.58
"South Korea/상주",개나리,2010-03-30,2010,89,36.4084,128.1574,96.58
"South Korea/상주",개나리,2011-04-01,2011,91,36.4084,128.1574,96.58
"South Korea/상주",개나리,2012-04-06,2012,97,36.4084,128.1574,96.58
"South Korea/상주",개나리,2013-03-26,2013,85,36.4084,128.1574,96.58
"South Korea/상주",개나리,2014-03-24,2014,83,36.4084,128.1574,96.58
"South Korea/상주",개나리,2015-03-24,2015,83,36.4084,128.1574,96.58
"South Korea/안동",개나리,1973-03-29,1973,88,36.5729,128.7073,141.26
"South Korea/안동",개나리,1974-04-05,1974,95,36.5729,128.7073,141.26
"South Korea/안동",개나리,1975-04-03,1975,93,36.5729,128.7073,141.26
"South Korea/안동",개나리,1976-04-01,1976,92,36.5729,128.7073,141.26
"South Korea/안동",개나리,1977-04-01,1977,91,36.5729,128.7073,141.26
"South Korea/안동",개나리,1978-04-04,1978,94,36.5729,128.7073,141.26
"South Korea/안동",개나리,1981-04-02,1981,92,36.5729,128.7073,141.26
"South Korea/안동",개나리,1983-03-30,1983,89,36.5729,128.7073,141.26
"South Korea/안동",개나리,1984-04-06,1984,97,36.5729,128.7073,141.26
"South Korea/안동",개나리,1985-04-05,1985,95,36.5729,128.7073,141.26
"South Korea/안동",개나리,1986-03-30,1986,89,36.5729,128.7073,141.26
"South Korea/안동",개나리,1987-03-31,1987,90,36.5729,128.7073,141.26
"South Korea/안동",개나리,1988-04-02,1988,93,36.5729,128.7073,141.26
"South Korea/안동",개나리,1989-03-25,1989,84,36.5729,128.7073,141.26
"South Korea/안동",개나리,1990-03-23,1990,82,36.5729,128.7073,141.26
"South Korea/안동",개나리,1991-04-02,1991,92,36.5729,128.7073,141.26
"South Korea/안동",개나리,1992-03-27,1992,87,36.5729,128.7073,141.26
"South Korea/안동",개나리,1993-03-25,1993,84,36.5729,128.7073,141.26
"South Korea/안동",개나리,1994-04-01,1994,91,36.5729,128.7073,141.26
"South Korea/안동",개나리,1995-03-22,1995,81,36.5729,128.7073,141.26
"South Korea/안동",개나리,1996-04-01,1996,92,36.5729,128.7073,141.26
"South Korea/안동",개나리,1997-03-26,1997,85,36.5729,128.7073,141.26
"South Korea/안동",개나리,1998-03-23,1998,82,36.5729,128.7073,141.26
"South Korea/안동",개나리,1999-03-22,1999,81,36.5729,128.7073,141.26
"South Korea/안동",개나리,2000-03-30,2000,90,36.5729,128.7073,141.26
"South Korea/안동",개나리,2001-03-26,2001,85,36.5729,128.7073,141.26
"South Korea/안동",개나리,2002-03-13,2002,72,36.5729,128.7073,141.26
"South Korea/안동",개나리,2003-03-24,2003,83,36.5729,128.7073,141.26
"South Korea/안동",개나리,2004-03-26,2004,86,36.5729,128.7073,141.26
"South Korea/안동",개나리,2005-03-28,2005,87,36.5729,128.7073,141.26
"South Korea/안동",개나리,2006-03-25,2006,84,36.5729,128.7073,141.26
"South Korea/안동",개나리,2007-03-12,2007,71,36.5729,128.7073,141.26
"South Korea/안동",개나리,2008-03-27,2008,87,36.5729,128.7073,141.26
"South Korea/안동",개나리,2009-03-19,2009,78,36.5729,128.7073,141.26
"South Korea/안동",개나리,2010-03-29,2010,88,36.5729,128.7073,141.26
"South Korea/안동",개나리,2011-04-05,2011,95,36.5729,128.7073,141.26
"South Korea/안동",개나리,2012-04-02,2012,93,36.5729,128.7073,141.26
"South Korea/안동",개나리,2013-03-27,2013,86,36.5729,128.7073,141.26
"South Korea/안동",개나리,2014-03-27,2014,86,36.5729,128.7073,141.26
"South Korea/안동",개나리,2015-03-26,2015,85,36.5729,128.7073,141.26
"South Korea/안동",개나리,2016-03-26,2016,86,36.5729,128.7073,141.26
"South Korea/안동",개나리,2017-03-28,2017,87,36.5729,128.7073,141.26
"South Korea/안동",개나리,2018-03-27,2018,86,36.5729,128.7073,141.26
"South Korea/안동",개나리,2019-03-14,2019,73,36.5729,128.7073,141.26
"South Korea/안동",개나리,2020-03-21,2020,81,36.5729,128.7073,141.26
"South Korea/안동",개나리,2021-03-22,2021,81,36.5729,128.7073,141.26
"South Korea/안동",개나리,2022-03-26,2022,85,36.5729,128.7073,141.26
"South Korea/안동",개나리,2023-03-13,2023,72,36.5729,128.7073,141.26
"South Korea/안동",개나리,2024-03-23,2024,83,36.5729,128.7073,141.26
"South Korea/안동",개나리,2025-03-25,2025,84,36.5729,128.7073,141.26
"South Korea/영덕",개나리,1973-03-14,1973,73,36.5334,129.4093,40.71
"South Korea/영덕",개나리,1974-04-06,1974,96,36.5334,129.4093,40.71
"South Korea/영덕",개나리,1976-04-06,1976,97,36.5334,129.4093,40.71
"South Korea/영덕",개나리,1977-03-20,1977,79,36.5334,129.4093,40.71
"South Korea/영덕",개나리,1978-03-28,1978,87,36.5334,129.4093,40.71
"South Korea/영덕",개나리,1979-04-03,1979,93,36.5334,129.4093,40.71
"South Korea/영덕",개나리,1980-04-08,1980,99,36.5334,129.4093,40.71
"South Korea/영덕",개나리,1981-04-13,1981,103,36.5334,129.4093,40.71
"South Korea/영덕",개나리,1982-03-19,1982,78,36.5334,129.4093,40.71
"South Korea/영덕",개나리,1983-03-22,1983,81,36.5334,129.4093,40.71
"South Korea/영덕",개나리,1984-04-08,1984,99,36.5334,129.4093,40.71
"South Korea/영덕",개나리,1985-03-29,1985,88,36.5334,129.4093,40.71
"South Korea/영덕",개나리,1986-03-26,1986,85,36.5334,129.4093,40.71
"South Korea/영덕",개나리,1987-03-29,1987,88,36.5334,129.4093,40.71
"South Korea/영덕",개나리,1988-04-04,1988,95,36.5334,129.4093,40.71
"South Korea/영덕",개나리,1989-03-27,1989,86,36.5334,129.4093,40.71
"South Korea/영덕",개나리,1990-03-21,1990,80,36.5334,129.4093,40.71
"South Korea/영덕",개나리,1991-04-03,1991,93,36.5334,129.4093,40.71
"South Korea/영덕",개나리,1992-03-24,1992,84,36.5334,129.4093,40.71
"South Korea/영덕",개나리,1993-03-26,1993,85,36.5334,129.4093,40.71
"South Korea/영덕",개나리,1994-04-01,1994,91,36.5334,129.4093,40.71
"South Korea/영덕",개나리,1995-03-29,1995,88,36.5334,129.4093,40.71
"South Korea/영덕",개나리,1996-03-26,1996,86,36.5334,129.4093,40.71
"South Korea/영덕",개나리,1997-03-19,1997,78,36.5334,129.4093,40.71
"South Korea/영덕",개나리,1998-03-22,1998,81,36.5334,129.4093,40.71
"South Korea/영덕",개나리,1999-03-31,1999,90,36.5334,129.4093,40.71
"South Korea/영덕",개나리,2000-03-27,2000,87,36.5334,129.4093,40.71
"South Korea/영덕",개나리,2001-03-27,2001,86,36.5334,129.4093,40.71
"South Korea/영덕",개나리,2002-03-15,2002,74,36.5334,129.4093,40.71
"South Korea/영덕",개나리,2003-03-23,2003,82,36.5334,129.4093,40.71
"South Korea/영덕",개나리,2004-03-20,2004,80,36.5334,129.4093,40.71
"South Korea/영덕",개나리,2005-04-02,2005,92,36.5334,129.4093,40.71
"South Korea/영덕",개나리,2006-03-16,2006,75,36.5334,129.4093,40.71
"South Korea/영덕",개나리,2007-03-23,2007,82,36.5334,129.4093,40.71
"South Korea/영덕",개나리,2008-03-24,2008,84,36.5334,129.4093,40.71
"South Korea/영주",개나리,1973-04-07,1973,97,36.8718,128.5169,211.32
"South Korea/영주",개나리,1974-03-25,1974,84,36.8718,128.5169,211.32
"South Korea/영주",개나리,1975-04-08,1975,98,36.8718,128.5169,211.32
"South Korea/영주",개나리,1976-04-06,1976,97,36.8718,128.5169,211.32
"South Korea/영주",개나리,1977-03-31,1977,90,36.8718,128.5169,211.32
"South Korea/영주",개나리,1978-04-01,1978,91,36.8718,128.5169,211.32
"South Korea/영주",개나리,1979-03-30,1979,89,36.8718,128.5169,211.32
"South Korea/영주",개나리,1980-04-03,1980,94,36.8718,128.5169,211.32
"South Korea/영주",개나리,1981-04-04,1981,94,36.8718,128.5169,211.32
"South Korea/영주",개나리,1982-03-30,1982,89,36.8718,128.5169,211.32
"South Korea/영주",개나리,1983-03-30,1983,89,36.8718,128.5169,211.32
"South Korea/영주",개나리,1984-04-13,1984,104,36.8718,128.5169,211.32
"South Korea/영주",개나리,1985-04-06,1985,96,36.8718,128.5169,211.32
"South Korea/영주",개나리,1986-04-06,1986,96,36.8718,128.5169,211.32
"South Korea/영주",개나리,1987-04-06,1987,96,36.8718,128.5169,211.32
"South Korea/영주",개나리,1988-04-10,1988,101,36.8718,128.5169,211.32
"South Korea/영주",개나리,1989-03-31,1989,90,36.8718,128.5169,211.32
"South Korea/영주",개나리,1990-03-28,1990,87,36.8718,128.5169,211.32
"South Korea/영주",개나리,1991-04-08,1991,98,36.8718,128.5169,211.32
"South Korea/영주",개나리,1992-03-31,1992,91,36.8718,128.5169,211.32
"South Korea/영주",개나리,1993-04-03,1993,93,36.8718,128.5169,211.32
"South Korea/영주",개나리,1994-04-03,1994,93,36.8718,128.5169,211.32
"South Korea/영주",개나리,1995-03-30,1995,89,36.8718,128.5169,211.32
"South Korea/영주",개나리,1996-04-11,1996,102,36.8718,128.5169,211.32
"South Korea/영주",개나리,1997-03-31,1997,90,36.8718,128.5169,211.32
"South Korea/영주",개나리,1998-03-25,1998,84,36.8718,128.5169,211.32
"South Korea/영주",개나리,1999-04-02,1999,92,36.8718,128.5169,211.32
"South Korea/영주",개나리,2000-04-01,2000,92,36.8718,128.5169,211.32
"South Korea/영주",개나리,2001-04-05,2001,95,36.8718,128.5169,211.32
"South Korea/영주",개나리,2002-03-20,2002,79,36.8718,128.5169,211.32
"South Korea/영주",개나리,2003-04-02,2003,92,36.8718,128.5169,211.32
"South Korea/영주",개나리,2004-03-31,2004,91,36.8718,128.5169,211.32
"South Korea/영주",개나리,2005-04-05,2005,95,36.8718,128.5169,211.32
"South Korea/영주",개나리,2006-04-01,2006,91,36.8718,128.5169,211.32
"South Korea/영주",개나리,2007-03-27,2007,86,36.8718,128.5169,211.32
"South Korea/영주",개나리,2008-04-03,2008,94,36.8718,128.5169,211.32
"South Korea/영천",개나리,1973-03-23,1973,82,35.9774,128.9514,96.12
"South Korea/영천",개나리,1974-04-05,1974,95,35.9774,128.9514,96.12
"South Korea/영천",개나리,1975-04-01,1975,91,35.9774,128.9514,96.12
"South Korea/영천",개나리,1976-03-27,1976,87,35.9774,128.9514,96.12
"South Korea/영천",개나리,1977-03-29,1977,88,35.9774,128.9514,96.12
"South Korea/영천",개나리,1978-03-26,1978,85,35.9774,128.9514,96.12
"South Korea/영천",개나리,1979-03-22,1979,81,35.9774,128.9514,96.12
"South Korea/영천",개나리,1980-03-23,1980,83,35.9774,128.9514,96.12
"South Korea/영천",개나리,1981-03-28,1981,87,35.9774,128.9514,96.12
"South Korea/영천",개나리,1982-03-23,1982,82,35.9774,128.9514,96.12
"South Korea/영천",개나리,1983-04-02,1983,92,35.9774,128.9514,96.12
"South Korea/영천",개나리,1984-04-07,1984,98,35.9774,128.9514,96.12
"South Korea/영천",개나리,1985-04-02,1985,92,35.9774,128.9514,96.12
"South Korea/영천",개나리,1986-03-31,1986,90,35.9774,128.9514,96.12
"South Korea/영천",개나리,1987-03-26,1987,85,35.9774,128.9514,96.12
"South Korea/영천",개나리,1988-04-03,1988,94,35.9774,128.9514,96.12
"South Korea/영천",개나리,1989-03-22,1989,81,35.9774,128.9514,96.12
"South Korea/영천",개나리,1990-03-20,1990,79,35.9774,128.9514,96.12
"South Korea/영천",개나리,1991-03-21,1991,80,35.9774,128.9514,96.12
"South Korea/영천",개나리,1992-03-27,1992,87,35.9774,128.9514,96.12
"South Korea/영천",개나리,1993-03-23,1993,82,35.9774,128.9514,96.12
"South Korea/영천",개나리,1994-04-03,1994,93,35.9774,128.9514,96.12
"South Korea/영천",개나리,1995-03-24,1995,83,35.9774,128.9514,96.12
"South Korea/영천",개나리,1996-03-25,1996,85,35.9774,128.9514,96.12
"South Korea/영천",개나리,1997-03-17,1997,76,35.9774,128.9514,96.12
"South Korea/영천",개나리,1998-03-19,1998,78,35.9774,128.9514,96.12
"South Korea/영천",개나리,1999-03-26,1999,85,35.9774,128.9514,96.12
"South Korea/영천",개나리,2000-03-28,2000,88,35.9774,128.9514,96.12
"South Korea/영천",개나리,2001-03-26,2001,85,35.9774,128.9514,96.12
"South Korea/영천",개나리,2002-03-13,2002,72,35.9774,128.9514,96.12
"South Korea/영천",개나리,2003-03-29,2003,88,35.9774,128.9514,96.12
"South Korea/영천",개나리,2004-03-26,2004,86,35.9774,128.9514,96.12
"South Korea/영천",개나리,2005-04-01,2005,91,35.9774,128.9514,96.12
"South Korea/영천",개나리,2006-03-22,2006,81,35.9774,128.9514,96.12
"South Korea/영천",개나리,2007-03-20,2007,79,35.9774,128.9514,96.12
"South Korea/영천",개나리,2008-03-25,2008,85,35.9774,128.9514,96.12
"South Korea/울릉도",개나리,1973-04-03,1973,93,37.4813,130.8986,221.14
"South Korea/울릉도",개나리,1974-04-10,1974,100,37.4813,130.8986,221.14
"South Korea/울릉도",개나리,1975-04-08,1975,98,37.4813,130.8986,221.14
"South Korea/울릉도",개나리,1976-03-31,1976,91,37.4813,130.8986,221.14
"South Korea/울릉도",개나리,1977-03-29,1977,88,37.4813,130.8986,221.14
"South Korea/울릉도",개나리,1978-03-31,1978,90,37.4813,130.8986,221.14
"South Korea/울릉도",개나리,1979-04-01,1979,91,37.4813,130.8986,221.14
"South Korea/울릉도",개나리,1980-04-07,1980,98,37.4813,130.8986,221.14
"South Korea/울릉도",개나리,1981-04-06,1981,96,37.4813,130.8986,221.14
"South Korea/울릉도",개나리,1982-03-29,1982,88,37.4813,130.8986,221.14
"South Korea/울릉도",개나리,1983-04-05,1983,95,37.4813,130.8986,221.14
"South Korea/울릉도",개나리,1984-04-11,1984,102,37.4813,130.8986,221.14
"South Korea/울릉도",개나리,1985-04-06,1985,96,37.4813,130.8986,221.14
"South Korea/울릉도",개나리,1986-04-06,1986,96,37.4813,130.8986,221.14
"South Korea/울릉도",개나리,1987-04-02,1987,92,37.4813,130.8986,221.14
"South Korea/울릉도",개나리,1988-04-10,1988,101,37.4813,130.8986,221.14
"South Korea/울릉도",개나리,1989-03-29,1989,88,37.4813,130.8986,221.14
"South Korea/울릉도",개나리,1990-03-23,1990,82,37.4813,130.8986,221.14
"South Korea/울릉도",개나리,1991-04-04,1991,94,37.4813,130.8986,221.14
"South Korea/울릉도",개나리,1992-03-31,1992,91,37.4813,130.8986,221.14
"South Korea/울릉도",개나리,1993-04-01,1993,91,37.4813,130.8986,221.14
"South Korea/울릉도",개나리,1994-04-03,1994,93,37.4813,130.8986,221.14
"South Korea/울릉도",개나리,1995-03-30,1995,89,37.4813,130.8986,221.14
"South Korea/울릉도",개나리,1996-04-07,1996,98,37.4813,130.8986,221.14
"South Korea/울릉도",개나리,1997-03-27,1997,86,37.4813,130.8986,221.14
"South Korea/울릉도",개나리,1998-03-27,1998,86,37.4813,130.8986,221.14
"South Korea/울릉도",개나리,1999-04-05,1999,95,37.4813,130.8986,221.14
"South Korea/울릉도",개나리,2000-04-04,2000,95,37.4813,130.8986,221.14
"South Korea/울릉도",개나리,2001-03-16,2001,75,37.4813,130.8986,221.14
"South Korea/울릉도",개나리,2002-03-19,2002,78,37.4813,130.8986,221.14
"South Korea/울릉도",개나리,2003-03-29,2003,88,37.4813,130.8986,221.14
"South Korea/울릉도",개나리,2004-03-29,2004,89,37.4813,130.8986,221.14
"South Korea/울릉도",개나리,2005-04-08,2005,98,37.4813,130.8986,221.14
"South Korea/울릉도",개나리,2006-03-29,2006,88,37.4813,130.8986,221.14
"South Korea/울릉도",개나리,2007-03-28,2007,87,37.4813,130.8986,221.14
"South Korea/울릉도",개나리,2008-03-24,2008,84,37.4813,130.8986,221.14
"South Korea/울릉도",개나리,2009-03-22,2009,81,37.4813,130.8986,221.14
"South Korea/울릉도",개나리,2010-04-03,2010,93,37.4813,130.8986,221.14
"South Korea/울릉도",개나리,2011-04-06,2011,96,37.4813,130.8986,221.14
"South Korea/울릉도",개나리,2012-04-10,2012,101,37.4813,130.8986,221.14
"South Korea/울릉도",개나리,2013-03-17,2013,76,37.4813,130.8986,221.14
"South Korea/울릉도",개나리,2014-03-15,2014,74,37.4813,130.8986,221.14
"South Korea/울릉도",개나리,2015-03-28,2015,87,37.4813,130.8986,221.14
"South Korea/울릉도",개나리,2016-03-29,2016,89,37.4813,130.8986,221.14
"South Korea/울릉도",개나리,2017-03-30,2017,89,37.4813,130.8986,221.14
"South Korea/울릉도",개나리,2018-03-27,2018,86,37.4813,130.8986,221.14
"South Korea/울릉도",개나리,2019-03-14,2019,73,37.4813,130.8986,221.14
"South Korea/울릉도",개나리,2020-03-23,2020,83,37.4813,130.8986,221.14
"South Korea/울릉도",개나리,2021-03-22,2021,81,37.4813,130.8986,221.14
"South Korea/울릉도",개나리,2022-03-28,2022,87,37.4813,130.8986,221.14
"South Korea/울릉도",개나리,2023-03-16,2023,75,37.4813,130.8986,221.14
"South Korea/울릉도",개나리,2024-03-28,2024,88,37.4813,130.8986,221.14
"South Korea/울릉도",개나리,2025-03-27,2025,86,37.4813,130.8986,221.14
"South Korea/울진",개나리,1974-03-25,1974,84,36.9918,129.4128,48.98
"South Korea/울진",개나리,1975-03-30,1975,89,36.9918,129.4128,48.98
"South Korea/울진",개나리,1976-03-22,1976,82,36.9918,129.4128,48.98
"South Korea/울진",개나리,1977-03-20,1977,79,36.9918,129.4128,48.98
"South Korea/울진",개나리,1978-03-25,1978,84,36.9918,129.4128,48.98
"South Korea/울진",개나리,1979-03-18,1979,77,36.9918,129.4128,48.98
"South Korea/울진",개나리,1980-03-31,1980,91,36.9918,129.4128,48.98
"South Korea/울진",개나리,1981-04-02,1981,92,36.9918,129.4128,48.98
"South Korea/울진",개나리,1982-03-28,1982,87,36.9918,129.4128,48.98
"South Korea/울진",개나리,1983-04-01,1983,91,36.9918,129.4128,48.98
"South Korea/울진",개나리,1984-04-13,1984,104,36.9918,129.4128,48.98
"South Korea/울진",개나리,1985-04-01,1985,91,36.9918,129.4128,48.98
"South Korea/울진",개나리,1986-03-28,1986,87,36.9918,129.4128,48.98
"South Korea/울진",개나리,1987-04-01,1987,91,36.9918,129.4128,48.98
"South Korea/울진",개나리,1988-03-31,1988,91,36.9918,129.4128,48.98
"South Korea/울진",개나리,1989-03-28,1989,87,36.9918,129.4128,48.98
"South Korea/울진",개나리,1990-03-21,1990,80,36.9918,129.4128,48.98
"South Korea/울진",개나리,1991-03-30,1991,89,36.9918,129.4128,48.98
"South Korea/울진",개나리,1992-03-27,1992,87,36.9918,129.4128,48.98
"South Korea/울진",개나리,1993-03-21,1993,80,36.9918,129.4128,48.98
"South Korea/울진",개나리,1994-03-30,1994,89,36.9918,129.4128,48.98
"South Korea/울진",개나리,1995-03-25,1995,84,36.9918,129.4128,48.98
"South Korea/울진",개나리,1996-03-30,1996,90,36.9918,129.4128,48.98
"South Korea/울진",개나리,1997-03-25,1997,84,36.9918,129.4128,48.98
"South Korea/울진",개나리,1998-03-19,1998,78,36.9918,129.4128,48.98
"South Korea/울진",개나리,1999-03-24,1999,83,36.9918,129.4128,48.98
"South Korea/울진",개나리,2000-03-31,2000,91,36.9918,129.4128,48.98
"South Korea/울진",개나리,2001-03-24,2001,83,36.9918,129.4128,48.98
"South Korea/울진",개나리,2002-03-14,2002,73,36.9918,129.4128,48.98
"South Korea/울진",개나리,2003-03-29,2003,88,36.9918,129.4128,48.98
"South Korea/울진",개나리,2004-03-24,2004,84,36.9918,129.4128,48.98
"South Korea/울진",개나리,2005-03-27,2005,86,36.9918,129.4128,48.98
"South Korea/울진",개나리,2006-03-14,2006,73,36.9918,129.4128,48.98
"South Korea/울진",개나리,2007-03-22,2007,81,36.9918,129.4128,48.98
"South Korea/울진",개나리,2008-03-25,2008,85,36.9918,129.4128,48.98
"South Korea/울진",개나리,2009-03-18,2009,77,36.9918,129.4128,48.98
"South Korea/울진",개나리,2010-04-02,2010,92,36.9918,129.4128,48.98
"South Korea/울진",개나리,2011-04-02,2011,92,36.9918,129.4128,48.98
"South Korea/울진",개나리,2012-04-05,2012,96,36.9918,129.4128,48.98
"South Korea/울진",개나리,2013-03-20,2013,79,36.9918,129.4128,48.98
"South Korea/울진",개나리,2014-03-23,2014,82,36.9918,129.4128,48.98
"South Korea/울진",개나리,2015-03-26,2015,85,36.9918,129.4128,48.98
"South Korea/의성",개나리,1973-03-28,1973,87,36.3561,128.6886,81.44
"South Korea/의성",개나리,1974-04-04,1974,94,36.3561,128.6886,81.44
"South Korea/의성",개나리,1975-04-06,1975,96,36.3561,128.6886,81.44
"South Korea/의성",개나리,1976-04-01,1976,92,36.3561,128.6886,81.44
"South Korea/의성",개나리,1977-04-07,1977,97,36.3561,128.6886,81.44
"South Korea/의성",개나리,1978-04-02,1978,92,36.3561,128.6886,81.44
"South Korea/의성",개나리,1979-03-28,1979,87,36.3561,128.6886,81.44
"South Korea/의성",개나리,1980-04-01,1980,92,36.3561,128.6886,81.44
"South Korea/의성",개나리,1981-03-31,1981,90,36.3561,128.6886,81.44
"South Korea/의성",개나리,1982-03-31,1982,90,36.3561,128.6886,81.44
"South Korea/의성",개나리,1983-04-02,1983,92,36.3561,128.6886,81.44
"South Korea/의성",개나리,1984-04-16,1984,107,36.3561,128.6886,81.44
"South Korea/의성",개나리,1985-04-01,1985,91,36.3561,128.6886,81.44
"South Korea/의성",개나리,1986-04-05,1986,95,36.3561,128.6886,81.44
"South Korea/의성",개나리,1987-04-05,1987,95,36.3561,128.6886,81.44
"South Korea/의성",개나리,1988-04-02,1988,93,36.3561,128.6886,81.44
"South Korea/의성",개나리,1989-03-28,1989,87,36.3561,128.6886,81.44
"South Korea/의성",개나리,1990-03-25,1990,84,36.3561,128.6886,81.44
"South Korea/의성",개나리,1991-04-05,1991,95,36.3561,128.6886,81.44
"South Korea/의성",개나리,1992-04-02,1992,93,36.3561,128.6886,81.44
"South Korea/의성",개나리,1993-04-05,1993,95,36.3561,128.6886,81.44
"South Korea/의성",개나리,1994-04-02,1994,92,36.3561,128.6886,81.44
"South Korea/의성",개나리,1995-04-10,1995,100,36.3561,128.6886,81.44
"South Korea/의성",개나리,1996-04-11,1996,102,36.3561,128.6886,81.44
"South Korea/의성",개나리,1997-04-07,1997,97,36.3561,128.6886,81.44
"South Korea/의성",개나리,1998-03-30,1998,89,36.3561,128.6886,81.44
"South Korea/의성",개나리,1999-03-28,1999,87,36.3561,128.6886,81.44
"South Korea/의성",개나리,2000-03-31,2000,91,36.3561,128.6886,81.44
"South Korea/의성",개나리,2001-03-24,2001,83,36.3561,128.6886,81.44
"South Korea/의성",개나리,2002-03-20,2002,79,36.3561,128.6886,81.44
"South Korea/의성",개나리,2003-04-01,2003,91,36.3561,128.6886,81.44
"South Korea/의성",개나리,2004-03-30,2004,90,36.3561,128.6886,81.44
"South Korea/의성",개나리,2005-04-06,2005,96,36.3561,128.6886,81.44
"South Korea/의성",개나리,2006-04-03,2006,93,36.3561,128.6886,81.44
"South Korea/의성",개나리,2007-03-28,2007,87,36.3561,128.6886,81.44
"South Korea/의성",개나리,2008-04-03,2008,94,36.3561,128.6886,81.44
"South Korea/포항",개나리,1975-03-27,1975,86,36.032,129.38,3.94
"South Korea/포항",개나리,1976-03-17,1976,77,36.032,129.38,3.94
"South Korea/포항",개나리,1977-03-15,1977,74,36.032,129.38,3.94
"South Korea/포항",개나리,1978-03-13,1978,72,36.032,129.38,3.94
"South Korea/포항",개나리,1979-03-12,1979,71,36.032,129.38,3.94
"South Korea/포항",개나리,1980-03-25,1980,85,36.032,129.38,3.94
"South Korea/포항",개나리,1981-03-29,1981,88,36.032,129.38,3.94
"South Korea/포항",개나리,1982-03-22,1982,81,36.032,129.38,3.94
"South Korea/포항",개나리,1983-03-27,1983,86,36.032,129.38,3.94
"South Korea/포항",개나리,1984-03-31,1984,91,36.032,129.38,3.94
"South Korea/포항",개나리,1986-03-29,1986,88,36.032,129.38,3.94
"South Korea/포항",개나리,1987-03-22,1987,81,36.032,129.38,3.94
"South Korea/포항",개나리,1988-03-26,1988,86,36.032,129.38,3.94
"South Korea/포항",개나리,1989-03-13,1989,72,36.032,129.38,3.94
"South Korea/포항",개나리,1990-03-19,1990,78,36.032,129.38,3.94
"South Korea/포항",개나리,1991-03-28,1991,87,36.032,129.38,3.94
"South Korea/포항",개나리,1992-03-20,1992,80,36.032,129.38,3.94
"South Korea/포항",개나리,1993-03-19,1993,78,36.032,129.38,3.94
"South Korea/포항",개나리,1994-03-16,1994,75,36.032,129.38,3.94
"South Korea/포항",개나리,1995-03-26,1995,85,36.032,129.38,3.94
"South Korea/포항",개나리,1996-03-26,1996,86,36.032,129.38,3.94
"South Korea/포항",개나리,1997-03-21,1997,80,36.032,129.38,3.94
"South Korea/포항",개나리,1998-03-14,1998,73,36.032,129.38,3.94
"South Korea/포항",개나리,1999-03-27,1999,86,36.032,129.38,3.94
"South Korea/포항",개나리,2000-03-24,2000,84,36.032,129.38,3.94
"South Korea/포항",개나리,2001-03-20,2001,79,36.032,129.38,3.94
"South Korea/포항",개나리,2002-03-12,2002,71,36.032,129.38,3.94
"South Korea/포항",개나리,2003-03-22,2003,81,36.032,129.38,3.94
"South Korea/포항",개나리,2004-03-09,2004,69,36.032,129.38,3.94
"South Korea/포항",개나리,2005-03-23,2005,82,36.032,129.38,3.94
"South Korea/포항",개나리,2006-03-12,2006,71,36.032,129.38,3.94
"South Korea/포항",개나리,2007-03-15,2007,74,36.032,129.38,3.94
"South Korea/포항",개나리,2008-03-20,2008,80,36.032,129.38,3.94
"South Korea/포항",개나리,2009-03-12,2009,71,36.032,129.38,3.94
"South Korea/포항",개나리,2010-03-19,2010,78,36.032,129.38,3.94
"South Korea/포항",개나리,2011-03-22,2011,81,36.032,129.38,3.94
"South Korea/포항",개나리,2012-03-27,2012,87,36.032,129.38,3.94
"South Korea/포항",개나리,2013-03-11,2013,70,36.032,129.38,3.94
"South Korea/포항",개나리,2014-03-17,2014,76,36.032,129.38,3.94
"South Korea/포항",개나리,2015-03-20,2015,79,36.032,129.38,3.94
"South Korea/포항",개나리,2016-03-19,2016,79,36.032,129.38,3.94
"South Korea/포항",개나리,2017-03-17,2017,76,36.032,129.38,3.94
"South Korea/포항",개나리,2018-03-14,2018,73,36.032,129.38,3.94
"South Korea/포항",개나리,2019-03-13,2019,72,36.032,129.38,3.94
"South Korea/포항",개나리,2020-03-14,2020,74,36.032,129.38,3.94
"South Korea/포항",개나리,2021-03-09,2021,68,36.032,129.38,3.94
"South Korea/포항",개나리,2022-03-12,2022,71,36.032,129.38,3.94
"South Korea/포항",개나리,2023-03-06,2023,65,36.032,129.38,3.94
"South Korea/포항",개나리,2024-03-16,2024,76,36.032,129.38,3.94
"South Korea/포항",개나리,2025-03-14,2025,73,36.032,129.38,3.94
"South Korea/광주",개나리,1973-03-26,1973,85,35.1729,126.8916,70.28
"South Korea/광주",개나리,1974-04-01,1974,91,35.1729,126.8916,70.28
"South Korea/광주",개나리,1975-03-27,1975,86,35.1729,126.8916,70.28
"South Korea/광주",개나리,1976-03-13,1976,73,35.1729,126.8916,70.28
"South Korea/광주",개나리,1977-03-29,1977,88,35.1729,126.8916,70.28
"South Korea/광주",개나리,1978-03-31,1978,90,35.1729,126.8916,70.28
"South Korea/광주",개나리,1979-03-20,1979,79,35.1729,126.8916,70.28
"South Korea/광주",개나리,1980-03-29,1980,89,35.1729,126.8916,70.28
"South Korea/광주",개나리,1981-03-23,1981,82,35.1729,126.8916,70.28
"South Korea/광주",개나리,1982-03-22,1982,81,35.1729,126.8916,70.28
"South Korea/광주",개나리,1983-03-26,1983,85,35.1729,126.8916,70.28
"South Korea/광주",개나리,1984-04-07,1984,98,35.1729,126.8916,70.28
"South Korea/광주",개나리,1985-04-02,1985,92,35.1729,126.8916,70.28
"South Korea/광주",개나리,1986-04-01,1986,91,35.1729,126.8916,70.28
"South Korea/광주",개나리,1987-03-27,1987,86,35.1729,126.8916,70.28
"South Korea/광주",개나리,1988-04-02,1988,93,35.1729,126.8916,70.28
"South Korea/광주",개나리,1989-03-20,1989,79,35.1729,126.8916,70.28
"South Korea/광주",개나리,1990-03-21,1990,80,35.1729,126.8916,70.28
"South Korea/광주",개나리,1991-03-29,1991,88,35.1729,126.8916,70.28
"South Korea/광주",개나리,1992-03-17,1992,77,35.1729,126.8916,70.28
"South Korea/광주",개나리,1993-03-23,1993,82,35.1729,126.8916,70.28
"South Korea/광주",개나리,1994-03-29,1994,88,35.1729,126.8916,70.28
"South Korea/광주",개나리,1995-03-23,1995,82,35.1729,126.8916,70.28
"South Korea/광주",개나리,1996-03-31,1996,91,35.1729,126.8916,70.28
"South Korea/광주",개나리,1997-03-14,1997,73,35.1729,126.8916,70.28
"South Korea/광주",개나리,1998-03-12,1998,71,35.1729,126.8916,70.28
"South Korea/광주",개나리,1999-03-19,1999,78,35.1729,126.8916,70.28
"South Korea/광주",개나리,2000-03-29,2000,89,35.1729,126.8916,70.28
"South Korea/광주",개나리,2001-03-24,2001,83,35.1729,126.8916,70.28
"South Korea/광주",개나리,2002-03-15,2002,74,35.1729,126.8916,70.28
"South Korea/광주",개나리,2003-03-20,2003,79,35.1729,126.8916,70.28
"South Korea/광주",개나리,2004-03-17,2004,77,35.1729,126.8916,70.28
"South Korea/광주",개나리,2005-03-28,2005,87,35.1729,126.8916,70.28
"South Korea/광주",개나리,2006-03-14,2006,73,35.1729,126.8916,70.28
"South Korea/광주",개나리,2007-03-14,2007,73,35.1729,126.8916,70.28
"South Korea/광주",개나리,2008-03-20,2008,80,35.1729,126.8916,70.28
"South Korea/광주",개나리,2009-03-13,2009,72,35.1729,126.8916,70.28
"South Korea/광주",개나리,2010-03-14,2010,73,35.1729,126.8916,70.28
"South Korea/광주",개나리,2011-03-28,2011,87,35.1729,126.8916,70.28
"South Korea/광주",개나리,2012-03-29,2012,89,35.1729,126.8916,70.28
"South Korea/광주",개나리,2013-03-18,2013,77,35.1729,126.8916,70.28
"South Korea/광주",개나리,2014-03-16,2014,75,35.1729,126.8916,70.28
"South Korea/광주",개나리,2015-03-20,2015,79,35.1729,126.8916,70.28
"South Korea/광주",개나리,2016-03-18,2016,78,35.1729,126.8916,70.28
"South Korea/광주",개나리,2017-03-21,2017,80,35.1729,126.8916,70.28
"South Korea/광주",개나리,2018-03-17,2018,76,35.1729,126.8916,70.28
"South Korea/광주",개나리,2019-03-16,2019,75,35.1729,126.8916,70.28
"South Korea/광주",개나리,2020-03-15,2020,75,35.1729,126.8916,70.28
"South Korea/광주",개나리,2021-03-12,2021,71,35.1729,126.8916,70.28
"South Korea/광주",개나리,2022-03-14,2022,73,35.1729,126.8916,70.28
"South Korea/광주",개나리,2023-03-13,2023,72,35.1729,126.8916,70.28
"South Korea/광주",개나리,2024-03-17,2024,77,35.1729,126.8916,70.28
"South Korea/광주",개나리,2025-03-22,2025,81,35.1729,126.8916,70.28
"South Korea/대구",개나리,1973-03-22,1973,81,35.878,128.653,54.27
"South Korea/대구",개나리,1974-03-29,1974,88,35.878,128.653,54.27
"South Korea/대구",개나리,1975-03-24,1975,83,35.878,128.653,54.27
"South Korea/대구",개나리,1976-03-15,1976,75,35.878,128.653,54.27
"South Korea/대구",개나리,1977-03-20,1977,79,35.878,128.653,54.27
"South Korea/대구",개나리,1978-03-27,1978,86,35.878,128.653,54.27
"South Korea/대구",개나리,1979-03-19,1979,78,35.878,128.653,54.27
"South Korea/대구",개나리,1980-03-26,1980,86,35.878,128.653,54.27
"South Korea/대구",개나리,1981-03-21,1981,80,35.878,128.653,54.27
"South Korea/대구",개나리,1982-03-21,1982,80,35.878,128.653,54.27
"South Korea/대구",개나리,1983-03-21,1983,80,35.878,128.653,54.27
"South Korea/대구",개나리,1984-03-29,1984,89,35.878,128.653,54.27
"South Korea/대구",개나리,1985-03-22,1985,81,35.878,128.653,54.27
"South Korea/대구",개나리,1986-03-22,1986,81,35.878,128.653,54.27
"South Korea/대구",개나리,1987-03-17,1987,76,35.878,128.653,54.27
"South Korea/대구",개나리,1988-03-27,1988,87,35.878,128.653,54.27
"South Korea/대구",개나리,1989-03-16,1989,75,35.878,128.653,54.27
"South Korea/대구",개나리,1990-03-09,1990,68,35.878,128.653,54.27
"South Korea/대구",개나리,1991-03-23,1991,82,35.878,128.653,54.27
"South Korea/대구",개나리,1992-03-17,1992,77,35.878,128.653,54.27
"South Korea/대구",개나리,1993-03-22,1993,81,35.878,128.653,54.27
"South Korea/대구",개나리,1994-03-22,1994,81,35.878,128.653,54.27
"South Korea/대구",개나리,1995-03-19,1995,78,35.878,128.653,54.27
"South Korea/대구",개나리,1996-03-20,1996,80,35.878,128.653,54.27
"South Korea/대구",개나리,1997-03-17,1997,76,35.878,128.653,54.27
"South Korea/대구",개나리,1998-03-15,1998,74,35.878,128.653,54.27
"South Korea/대구",개나리,1999-03-20,1999,79,35.878,128.653,54.27
"South Korea/대구",개나리,2000-03-25,2000,85,35.878,128.653,54.27
"South Korea/대구",개나리,2001-03-21,2001,80,35.878,128.653,54.27
"South Korea/대구",개나리,2002-03-09,2002,68,35.878,128.653,54.27
"South Korea/대구",개나리,2003-03-19,2003,78,35.878,128.653,54.27
"South Korea/대구",개나리,2004-03-16,2004,76,35.878,128.653,54.27
"South Korea/대구",개나리,2005-03-21,2005,80,35.878,128.653,54.27
"South Korea/대구",개나리,2006-03-10,2006,69,35.878,128.653,54.27
"South Korea/대구",개나리,2007-03-08,2007,67,35.878,128.653,54.27
"South Korea/대구",개나리,2008-03-19,2008,79,35.878,128.653,54.27
"South Korea/대구",개나리,2009-03-16,2009,75,35.878,128.653,54.27
"South Korea/대구",개나리,2010-03-19,2010,78,35.878,128.653,54.27
"South Korea/대구",개나리,2011-03-15,2011,74,35.878,128.653,54.27
"South Korea/대구",개나리,2012-03-19,2012,79,35.878,128.653,54.27
"South Korea/대구",개나리,2013-03-14,2013,73,35.878,128.653,54.27
"South Korea/대구",개나리,2014-03-16,2014,75,35.878,128.653,54.27
"South Korea/대구",개나리,2015-03-19,2015,78,35.878,128.653,54.27
"South Korea/대구",개나리,2016-03-19,2016,79,35.878,128.653,54.27
"South Korea/대구",개나리,2017-03-17,2017,76,35.878,128.653,54.27
"South Korea/대구",개나리,2018-03-20,2018,79,35.878,128.653,54.27
"South Korea/대구",개나리,2019-03-13,2019,72,35.878,128.653,54.27
"South Korea/대구",개나리,2020-03-12,2020,72,35.878,128.653,54.27
"South Korea/대구",개나리,2021-03-13,2021,72,35.878,128.653,54.27
"South Korea/대구",개나리,2022-03-19,2022,78,35.878,128.653,54.27
"South Korea/대구",개나리,2023-03-12,2023,71,35.878,128.653,54.27
"South Korea/대구",개나리,2024-03-16,2024,76,35.878,128.653,54.27
"South Korea/대구",개나리,2025-03-23,2025,82,35.878,128.653,54.27
"South Korea/대구(기)",개나리,2014-03-16,2014,75,nan,nan,nan
"South Korea/대구(기)",개나리,2015-03-19,2015,78,nan,nan,nan
"South Korea/대전",개나리,1973-03-25,1973,84,36.372,127.3721,67.79
"South Korea/대전",개나리,1974-04-03,1974,93,36.372,127.3721,67.79
"South Korea/대전",개나리,1975-03-31,1975,90,36.372,127.3721,67.79
"South Korea/대전",개나리,1976-03-24,1976,84,36.372,127.3721,67.79
"South Korea/대전",개나리,1977-03-21,1977,80,36.372,127.3721,67.79
"South Korea/대전",개나리,1978-03-28,1978,87,36.372,127.3721,67.79
"South Korea/대전",개나리,1979-03-18,1979,77,36.372,127.3721,67.79
"South Korea/대전",개나리,1980-04-01,1980,92,36.372,127.3721,67.79
"South Korea/대전",개나리,1981-03-20,1981,79,36.372,127.3721,67.79
"South Korea/대전",개나리,1982-03-20,1982,79,36.372,127.3721,67.79
"South Korea/대전",개나리,1983-03-23,1983,82,36.372,127.3721,67.79
"South Korea/대전",개나리,1984-04-04,1984,95,36.372,127.3721,67.79
"South Korea/대전",개나리,1985-03-28,1985,87,36.372,127.3721,67.79
"South Korea/대전",개나리,1986-04-01,1986,91,36.372,127.3721,67.79
"South Korea/대전",개나리,1987-03-24,1987,83,36.372,127.3721,67.79
"South Korea/대전",개나리,1988-04-02,1988,93,36.372,127.3721,67.79
"South Korea/대전",개나리,1989-03-26,1989,85,36.372,127.3721,67.79
"South Korea/대전",개나리,1990-03-22,1990,81,36.372,127.3721,67.79
"South Korea/대전",개나리,1991-03-30,1991,89,36.372,127.3721,67.79
"South Korea/대전",개나리,1992-03-20,1992,80,36.372,127.3721,67.79
"South Korea/대전",개나리,1993-03-29,1993,88,36.372,127.3721,67.79
"South Korea/대전",개나리,1994-03-28,1994,87,36.372,127.3721,67.79
"South Korea/대전",개나리,1995-03-30,1995,89,36.372,127.3721,67.79
"South Korea/대전",개나리,1996-03-31,1996,91,36.372,127.3721,67.79
"South Korea/대전",개나리,1997-03-22,1997,81,36.372,127.3721,67.79
"South Korea/대전",개나리,1998-03-20,1998,79,36.372,127.3721,67.79
"South Korea/대전",개나리,1999-03-20,1999,79,36.372,127.3721,67.79
"South Korea/대전",개나리,2000-03-28,2000,88,36.372,127.3721,67.79
"South Korea/대전",개나리,2001-03-25,2001,84,36.372,127.3721,67.79
"South Korea/대전",개나리,2002-03-21,2002,80,36.372,127.3721,67.79
"South Korea/대전",개나리,2003-03-27,2003,86,36.372,127.3721,67.79
"South Korea/대전",개나리,2004-03-26,2004,86,36.372,127.3721,67.79
"South Korea/대전",개나리,2005-04-04,2005,94,36.372,127.3721,67.79
"South Korea/대전",개나리,2006-03-24,2006,83,36.372,127.3721,67.79
"South Korea/대전",개나리,2007-03-21,2007,80,36.372,127.3721,67.79
"South Korea/대전",개나리,2008-03-22,2008,82,36.372,127.3721,67.79
"South Korea/대전",개나리,2009-03-20,2009,79,36.372,127.3721,67.79
"South Korea/대전",개나리,2010-03-31,2010,90,36.372,127.3721,67.79
"South Korea/대전",개나리,2011-04-04,2011,94,36.372,127.3721,67.79
"South Korea/대전",개나리,2012-03-30,2012,90,36.372,127.3721,67.79
"South Korea/대전",개나리,2013-03-26,2013,85,36.372,127.3721,67.79
"South Korea/대전",개나리,2014-03-21,2014,80,36.372,127.3721,67.79
"South Korea/대전",개나리,2015-03-24,2015,83,36.372,127.3721,67.79
"South Korea/대전",개나리,2016-03-28,2016,88,36.372,127.3721,67.79
"South Korea/대전",개나리,2017-03-29,2017,88,36.372,127.3721,67.79
"South Korea/대전",개나리,2018-03-27,2018,86,36.372,127.3721,67.79
"South Korea/대전",개나리,2019-03-26,2019,85,36.372,127.3721,67.79
"South Korea/대전",개나리,2020-03-19,2020,79,36.372,127.3721,67.79
"South Korea/대전",개나리,2021-03-18,2021,77,36.372,127.3721,67.79
"South Korea/대전",개나리,2022-03-27,2022,86,36.372,127.3721,67.79
"South Korea/대전",개나리,2023-03-17,2023,76,36.372,127.3721,67.79
"South Korea/대전",개나리,2024-03-20,2024,80,36.372,127.3721,67.79
"South Korea/대전",개나리,2025-03-24,2025,83,36.372,127.3721,67.79
"South Korea/부산",개나리,1973-03-18,1973,77,35.1047,129.032,69.56
"South Korea/부산",개나리,1974-03-09,1974,68,35.1047,129.032,69.56
"South Korea/부산",개나리,1975-03-20,1975,79,35.1047,129.032,69.56
"South Korea/부산",개나리,1976-03-12,1976,72,35.1047,129.032,69.56
"South Korea/부산",개나리,1977-03-19,1977,78,35.1047,129.032,69.56
"South Korea/부산",개나리,1978-03-28,1978,87,35.1047,129.032,69.56
"South Korea/부산",개나리,1979-03-13,1979,72,35.1047,129.032,69.56
"South Korea/부산",개나리,1980-03-19,1980,79,35.1047,129.032,69.56
"South Korea/부산",개나리,1981-03-23,1981,82,35.1047,129.032,69.56
"South Korea/부산",개나리,1982-03-15,1982,74,35.1047,129.032,69.56
"South Korea/부산",개나리,1983-03-24,1983,83,35.1047,129.032,69.56
"South Korea/부산",개나리,1984-03-28,1984,88,35.1047,129.032,69.56
"South Korea/부산",개나리,1985-03-24,1985,83,35.1047,129.032,69.56
"South Korea/부산",개나리,1986-03-23,1986,82,35.1047,129.032,69.56
"South Korea/부산",개나리,1987-03-20,1987,79,35.1047,129.032,69.56
"South Korea/부산",개나리,1988-03-27,1988,87,35.1047,129.032,69.56
"South Korea/부산",개나리,1989-03-11,1989,70,35.1047,129.032,69.56
"South Korea/부산",개나리,1990-03-12,1990,71,35.1047,129.032,69.56
"South Korea/부산",개나리,1991-03-13,1991,72,35.1047,129.032,69.56
"South Korea/부산",개나리,1992-03-18,1992,78,35.1047,129.032,69.56
"South Korea/부산",개나리,1993-03-15,1993,74,35.1047,129.032,69.56
"South Korea/부산",개나리,1994-03-21,1994,80,35.1047,129.032,69.56
"South Korea/부산",개나리,1995-03-14,1995,73,35.1047,129.032,69.56
"South Korea/부산",개나리,1996-03-17,1996,77,35.1047,129.032,69.56
"South Korea/부산",개나리,1997-03-11,1997,70,35.1047,129.032,69.56
"South Korea/부산",개나리,1998-03-08,1998,67,35.1047,129.032,69.56
"South Korea/부산",개나리,1999-03-18,1999,77,35.1047,129.032,69.56
"South Korea/부산",개나리,2000-03-24,2000,84,35.1047,129.032,69.56
"South Korea/부산",개나리,2001-03-19,2001,78,35.1047,129.032,69.56
"South Korea/부산",개나리,2002-03-11,2002,70,35.1047,129.032,69.56
"South Korea/부산",개나리,2003-03-17,2003,76,35.1047,129.032,69.56
"South Korea/부산",개나리,2004-03-18,2004,78,35.1047,129.032,69.56
"South Korea/부산",개나리,2005-03-21,2005,80,35.1047,129.032,69.56
"South Korea/부산",개나리,2006-03-11,2006,70,35.1047,129.032,69.56
"South Korea/부산",개나리,2007-03-12,2007,71,35.1047,129.032,69.56
"South Korea/부산",개나리,2008-03-18,2008,78,35.1047,129.032,69.56
"South Korea/부산",개나리,2009-03-09,2009,68,35.1047,129.032,69.56
"South Korea/부산",개나리,2010-03-14,2010,73,35.1047,129.032,69.56
"South Korea/부산",개나리,2011-03-19,2011,78,35.1047,129.032,69.56
"South Korea/부산",개나리,2012-03-24,2012,84,35.1047,129.032,69.56
"South Korea/부산",개나리,2013-03-12,2013,71,35.1047,129.032,69.56
"South Korea/부산",개나리,2014-03-06,2014,65,35.1047,129.032,69.56
"South Korea/부산",개나리,2015-03-20,2015,79,35.1047,129.032,69.56
"South Korea/부산",개나리,2016-03-17,2016,77,35.1047,129.032,69.56
"South Korea/부산",개나리,2017-03-23,2017,82,35.1047,129.032,69.56
"South Korea/부산",개나리,2018-03-15,2018,74,35.1047,129.032,69.56
"South Korea/부산",개나리,2019-03-16,2019,75,35.1047,129.032,69.56
"South Korea/부산",개나리,2020-03-18,2020,78,35.1047,129.032,69.56
"South Korea/부산",개나리,2021-03-13,2021,72,35.1047,129.032,69.56
"South Korea/부산",개나리,2022-03-23,2022,82,35.1047,129.032,69.56
"South Korea/부산",개나리,2023-03-14,2023,73,35.1047,129.032,69.56
"South Korea/부산",개나리,2024-03-21,2024,81,35.1047,129.032,69.56
"South Korea/부산",개나리,2025-03-24,2025,83,35.1047,129.032,69.56
"South Korea/서울",개나리,1973-03-28,1973,87,37.5714,126.9658,85.67
"South Korea/서울",개나리,1974-04-07,1974,97,37.5714,126.9658,85.67
"South Korea/서울",개나리,1975-04-08,1975,98,37.5714,126.9658,85.67
"South Korea/서울",개나리,1976-03-28,1976,88,37.5714,126.9658,85.67
"South Korea/서울",개나리,1977-03-23,1977,82,37.5714,126.9658,85.67
"South Korea/서울",개나리,1978-03-26,1978,85,37.5714,126.9658,85.67
"South Korea/서울",개나리,1979-03-20,1979,79,37.5714,126.9658,85.67
"South Korea/서울",개나리,1980-03-30,1980,90,37.5714,126.9658,85.67
"South Korea/서울",개나리,1981-03-31,1981,90,37.5714,126.9658,85.67
"South Korea/서울",개나리,1982-03-24,1982,83,37.5714,126.9658,85.67
"South Korea/서울",개나리,1983-03-30,1983,89,37.5714,126.9658,85.67
"South Korea/서울",개나리,1984-04-06,1984,97,37.5714,126.9658,85.67
"South Korea/서울",개나리,1985-04-01,1985,91,37.5714,126.9658,85.67
"South Korea/서울",개나리,1986-03-30,1986,89,37.5714,126.9658,85.67
"South Korea/서울",개나리,1987-04-05,1987,95,37.5714,126.9658,85.67
"South Korea/서울",개나리,1988-04-04,1988,95,37.5714,126.9658,85.67
"South Korea/서울",개나리,1989-03-21,1989,80,37.5714,126.9658,85.67
"South Korea/서울",개나리,1990-03-19,1990,78,37.5714,126.9658,85.67
"South Korea/서울",개나리,1991-04-04,1991,94,37.5714,126.9658,85.67
"South Korea/서울",개나리,1992-03-20,1992,80,37.5714,126.9658,85.67
"South Korea/서울",개나리,1993-03-29,1993,88,37.5714,126.9658,85.67
"South Korea/서울",개나리,1994-04-03,1994,93,37.5714,126.9658,85.67
"South Korea/서울",개나리,1995-03-24,1995,83,37.5714,126.9658,85.67
"South Korea/서울",개나리,1996-04-05,1996,96,37.5714,126.9658,85.67
"South Korea/서울",개나리,1997-03-28,1997,87,37.5714,126.9658,85.67
"South Korea/서울",개나리,1998-03-21,1998,80,37.5714,126.9658,85.67
"South Korea/서울",개나리,1999-03-31,1999,90,37.5714,126.9658,85.67
"South Korea/서울",개나리,2000-03-31,2000,91,37.5714,126.9658,85.67
"South Korea/서울",개나리,2001-04-03,2001,93,37.5714,126.9658,85.67
"South Korea/서울",개나리,2002-03-21,2002,80,37.5714,126.9658,85.67
"South Korea/서울",개나리,2003-03-28,2003,87,37.5714,126.9658,85.67
"South Korea/서울",개나리,2004-03-25,2004,85,37.5714,126.9658,85.67
"South Korea/서울",개나리,2005-04-06,2005,96,37.5714,126.9658,85.67
"South Korea/서울",개나리,2006-03-28,2006,87,37.5714,126.9658,85.67
"South Korea/서울",개나리,2007-03-23,2007,82,37.5714,126.9658,85.67
"South Korea/서울",개나리,2008-03-23,2008,83,37.5714,126.9658,85.67
"South Korea/서울",개나리,2009-03-20,2009,79,37.5714,126.9658,85.67
"South Korea/서울",개나리,2010-03-27,2010,86,37.5714,126.9658,85.67
"South Korea/서울",개나리,2011-04-05,2011,95,37.5714,126.9658,85.67
"South Korea/서울",개나리,2012-04-04,2012,95,37.5714,126.9658,85.67
"South Korea/서울",개나리,2013-04-03,2013,93,37.5714,126.9658,85.67
"South Korea/서울",개나리,2014-03-25,2014,84,37.5714,126.9658,85.67
"South Korea/서울",개나리,2015-03-25,2015,84,37.5714,126.9658,85.67
"South Korea/서울",개나리,2016-03-26,2016,86,37.5714,126.9658,85.67
"South Korea/서울",개나리,2017-03-30,2017,89,37.5714,126.9658,85.67
"South Korea/서울",개나리,2018-03-27,2018,86,37.5714,126.9658,85.67
"South Korea/서울",개나리,2019-03-21,2019,80,37.5714,126.9658,85.67
"South Korea/서울",개나리,2020-03-22,2020,82,37.5714,126.9658,85.67
"South Korea/서울",개나리,2021-03-19,2021,78,37.5714,126.9658,85.67
"South Korea/서울",개나리,2022-03-30,2022,89,37.5714,126.9658,85.67
"South Korea/서울",개나리,2023-03-22,2023,81,37.5714,126.9658,85.67
"South Korea/서울",개나리,2024-03-24,2024,84,37.5714,126.9658,85.67
"South Korea/서울",개나리,2025-03-25,2025,84,37.5714,126.9658,85.67
"South Korea/울산",개나리,1973-03-25,1973,84,35.5824,129.3347,81.14
"South Korea/울산",개나리,1974-03-25,1974,84,35.5824,129.3347,81.14
"South Korea/울산",개나리,1975-03-25,1975,84,35.5824,129.3347,81.14
"South Korea/울산",개나리,1976-03-17,1976,77,35.5824,129.3347,81.14
"South Korea/울산",개나리,1977-03-20,1977,79,35.5824,129.3347,81.14
"South Korea/울산",개나리,1978-03-23,1978,82,35.5824,129.3347,81.14
"South Korea/울산",개나리,1979-03-19,1979,78,35.5824,129.3347,81.14
"South Korea/울산",개나리,1980-03-25,1980,85,35.5824,129.3347,81.14
"South Korea/울산",개나리,1981-03-21,1981,80,35.5824,129.3347,81.14
"South Korea/울산",개나리,1982-03-20,1982,79,35.5824,129.3347,81.14
"South Korea/울산",개나리,1983-03-23,1983,82,35.5824,129.3347,81.14
"South Korea/울산",개나리,1984-03-29,1984,89,35.5824,129.3347,81.14
"South Korea/울산",개나리,1985-03-28,1985,87,35.5824,129.3347,81.14
"South Korea/울산",개나리,1986-03-29,1986,88,35.5824,129.3347,81.14
"South Korea/울산",개나리,1987-03-21,1987,80,35.5824,129.3347,81.14
"South Korea/울산",개나리,1988-03-29,1988,89,35.5824,129.3347,81.14
"South Korea/울산",개나리,1989-03-20,1989,79,35.5824,129.3347,81.14
"South Korea/울산",개나리,1990-03-16,1990,75,35.5824,129.3347,81.14
"South Korea/울산",개나리,1991-03-31,1991,90,35.5824,129.3347,81.14
"South Korea/울산",개나리,1992-03-21,1992,81,35.5824,129.3347,81.14
"South Korea/울산",개나리,1993-03-23,1993,82,35.5824,129.3347,81.14
"South Korea/울산",개나리,1994-03-18,1994,77,35.5824,129.3347,81.14
"South Korea/울산",개나리,1995-03-21,1995,80,35.5824,129.3347,81.14
"South Korea/울산",개나리,1996-03-22,1996,82,35.5824,129.3347,81.14
"South Korea/울산",개나리,1997-03-19,1997,78,35.5824,129.3347,81.14
"South Korea/울산",개나리,1998-03-17,1998,76,35.5824,129.3347,81.14
"South Korea/울산",개나리,1999-03-20,1999,79,35.5824,129.3347,81.14
"South Korea/울산",개나리,2000-03-25,2000,85,35.5824,129.3347,81.14
"South Korea/울산",개나리,2001-03-19,2001,78,35.5824,129.3347,81.14
"South Korea/울산",개나리,2002-03-11,2002,70,35.5824,129.3347,81.14
"South Korea/울산",개나리,2003-03-22,2003,81,35.5824,129.3347,81.14
"South Korea/울산",개나리,2004-03-16,2004,76,35.5824,129.3347,81.14
"South Korea/울산",개나리,2005-03-25,2005,84,35.5824,129.3347,81.14
"South Korea/울산",개나리,2006-03-11,2006,70,35.5824,129.3347,81.14
"South Korea/울산",개나리,2007-03-13,2007,72,35.5824,129.3347,81.14
"South Korea/울산",개나리,2008-03-19,2008,79,35.5824,129.3347,81.14
"South Korea/울산",개나리,2009-03-11,2009,70,35.5824,129.3347,81.14
"South Korea/울산",개나리,2010-03-20,2010,79,35.5824,129.3347,81.14
"South Korea/울산",개나리,2011-03-19,2011,78,35.5824,129.3347,81.14
"South Korea/울산",개나리,2012-03-26,2012,86,35.5824,129.3347,81.14
"South Korea/울산",개나리,2013-03-11,2013,70,35.5824,129.3347,81.14
"South Korea/울산",개나리,2014-03-17,2014,76,35.5824,129.3347,81.14
"South Korea/울산",개나리,2015-03-20,2015,79,35.5824,129.3347,81.14
"South Korea/울산",개나리,2016-03-17,2016,77,35.5824,129.3347,81.14
"South Korea/울산",개나리,2017-03-17,2017,76,35.5824,129.3347,81.14
"South Korea/울산",개나리,2018-03-18,2018,77,35.5824,129.3347,81.14
"South Korea/울산",개나리,2019-03-18,2019,77,35.5824,129.3347,81.14
"South Korea/울산",개나리,2020-03-16,2020,76,35.5824,129.3347,81.14
"South Korea/울산",개나리,2021-03-19,2021,78,35.5824,129.3347,81.14
"South Korea/울산",개나리,2022-03-26,2022,85,35.5824,129.3347,81.14
"South Korea/울산",개나리,2023-03-16,2023,75,35.5824,129.3347,81.14
"South Korea/울산",개나리,2024-03-24,2024,84,35.5824,129.3347,81.14
"South Korea/울산",개나리,2025-03-23,2025,82,35.5824,129.3347,81.14
"South Korea/강화",개나리,1976-04-07,1976,98,37.7074,126.4463,47.84
"South Korea/강화",개나리,1977-04-05,1977,95,37.7074,126.4463,47.84
"South Korea/강화",개나리,1978-04-08,1978,98,37.7074,126.4463,47.84
"South Korea/강화",개나리,1979-03-30,1979,89,37.7074,126.4463,47.84
"South Korea/강화",개나리,1980-03-31,1980,91,37.7074,126.4463,47.84
"South Korea/강화",개나리,1981-04-02,1981,92,37.7074,126.4463,47.84
"South Korea/강화",개나리,1982-03-30,1982,89,37.7074,126.4463,47.84
"South Korea/강화",개나리,1983-03-28,1983,87,37.7074,126.4463,47.84
"South Korea/강화",개나리,1984-04-09,1984,100,37.7074,126.4463,47.84
"South Korea/강화",개나리,1985-04-10,1985,100,37.7074,126.4463,47.84
"South Korea/강화",개나리,1986-04-09,1986,99,37.7074,126.4463,47.84
"South Korea/강화",개나리,1987-04-10,1987,100,37.7074,126.4463,47.84
"South Korea/강화",개나리,1988-04-09,1988,100,37.7074,126.4463,47.84
"South Korea/강화",개나리,1989-04-06,1989,96,37.7074,126.4463,47.84
"South Korea/강화",개나리,1990-04-03,1990,93,37.7074,126.4463,47.84
"South Korea/강화",개나리,1991-04-09,1991,99,37.7074,126.4463,47.84
"South Korea/강화",개나리,1992-04-02,1992,93,37.7074,126.4463,47.84
"South Korea/강화",개나리,1993-04-06,1993,96,37.7074,126.4463,47.84
"South Korea/강화",개나리,1994-04-04,1994,94,37.7074,126.4463,47.84
"South Korea/강화",개나리,1995-04-08,1995,98,37.7074,126.4463,47.84
"South Korea/강화",개나리,1996-04-15,1996,106,37.7074,126.4463,47.84
"South Korea/강화",개나리,1997-04-03,1997,93,37.7074,126.4463,47.84
"South Korea/강화",개나리,1998-03-28,1998,87,37.7074,126.4463,47.84
"South Korea/강화",개나리,1999-04-09,1999,99,37.7074,126.4463,47.84
"South Korea/강화",개나리,2000-04-09,2000,100,37.7074,126.4463,47.84
"South Korea/강화",개나리,2001-04-07,2001,97,37.7074,126.4463,47.84
"South Korea/강화",개나리,2002-03-24,2002,83,37.7074,126.4463,47.84
"South Korea/강화",개나리,2003-03-31,2003,90,37.7074,126.4463,47.84
"South Korea/강화",개나리,2004-03-30,2004,90,37.7074,126.4463,47.84
"South Korea/강화",개나리,2005-04-10,2005,100,37.7074,126.4463,47.84
"South Korea/강화",개나리,2006-04-02,2006,92,37.7074,126.4463,47.84
"South Korea/강화",개나리,2007-03-31,2007,90,37.7074,126.4463,47.84
"South Korea/강화",개나리,2008-04-03,2008,94,37.7074,126.4463,47.84
"South Korea/백령도",개나리,2001-04-05,2001,95,37.974,124.7124,36.0
"South Korea/백령도",개나리,2002-03-26,2002,85,37.974,124.7124,36.0
"South Korea/백령도",개나리,2003-04-04,2003,94,37.974,124.7124,36.0
"South Korea/백령도",개나리,2004-04-02,2004,93,37.974,124.7124,36.0
"South Korea/백령도",개나리,2005-04-12,2005,102,37.974,124.7124,36.0
"South Korea/백령도",개나리,2006-04-10,2006,100,37.974,124.7124,36.0
"South Korea/백령도",개나리,2007-04-02,2007,92,37.974,124.7124,36.0
"South Korea/백령도",개나리,2008-04-03,2008,94,37.974,124.7124,36.0
"South Korea/백령도",개나리,2009-04-08,2009,98,37.974,124.7124,36.0
"South Korea/백령도",개나리,2010-04-20,2010,110,37.974,124.7124,36.0
"South Korea/백령도",개나리,2011-04-12,2011,102,37.974,124.7124,36.0
"South Korea/백령도",개나리,2012-04-19,2012,110,37.974,124.7124,36.0
"South Korea/백령도",개나리,2013-04-12,2013,102,37.974,124.7124,36.0
"South Korea/백령도",개나리,2014-04-01,2014,91,37.974,124.7124,36.0
"South Korea/백령도",개나리,2015-04-05,2015,95,37.974,124.7124,36.0
"South Korea/백령도",개나리,2016-04-04,2016,95,37.974,124.7124,36.0
"South Korea/백령도",개나리,2017-04-03,2017,93,37.974,124.7124,36.0
"South Korea/백령도",개나리,2018-04-11,2018,101,37.974,124.7124,36.0
"South Korea/백령도",개나리,2019-04-12,2019,102,37.974,124.7124,36.0
"South Korea/백령도",개나리,2020-03-23,2020,83,37.974,124.7124,36.0
"South Korea/백령도",개나리,2021-03-26,2021,85,37.974,124.7124,36.0
"South Korea/백령도",개나리,2022-04-08,2022,98,37.974,124.7124,36.0
"South Korea/백령도",개나리,2023-03-31,2023,90,37.974,124.7124,36.0
"South Korea/백령도",개나리,2024-03-30,2024,90,37.974,124.7124,36.0
"South Korea/백령도",개나리,2025-04-07,2025,97,37.974,124.7124,36.0
"South Korea/인천",개나리,1973-03-28,1973,87,37.4777,126.6249,68.99
"South Korea/인천",개나리,1974-04-10,1974,100,37.4777,126.6249,68.99
"South Korea/인천",개나리,1975-04-07,1975,97,37.4777,126.6249,68.99
"South Korea/인천",개나리,1976-04-04,1976,95,37.4777,126.6249,68.99
"South Korea/인천",개나리,1977-04-08,1977,98,37.4777,126.6249,68.99
"South Korea/인천",개나리,1978-04-03,1978,93,37.4777,126.6249,68.99
"South Korea/인천",개나리,1979-03-30,1979,89,37.4777,126.6249,68.99
"South Korea/인천",개나리,1980-04-03,1980,94,37.4777,126.6249,68.99
"South Korea/인천",개나리,1981-03-31,1981,90,37.4777,126.6249,68.99
"South Korea/인천",개나리,1982-03-24,1982,83,37.4777,126.6249,68.99
"South Korea/인천",개나리,1983-03-29,1983,88,37.4777,126.6249,68.99
"South Korea/인천",개나리,1984-04-11,1984,102,37.4777,126.6249,68.99
"South Korea/인천",개나리,1985-04-06,1985,96,37.4777,126.6249,68.99
"South Korea/인천",개나리,1986-04-03,1986,93,37.4777,126.6249,68.99
"South Korea/인천",개나리,1987-04-06,1987,96,37.4777,126.6249,68.99
"South Korea/인천",개나리,1988-04-09,1988,100,37.4777,126.6249,68.99
"South Korea/인천",개나리,1989-04-02,1989,92,37.4777,126.6249,68.99
"South Korea/인천",개나리,1990-03-28,1990,87,37.4777,126.6249,68.99
"South Korea/인천",개나리,1991-04-08,1991,98,37.4777,126.6249,68.99
"South Korea/인천",개나리,1992-03-26,1992,86,37.4777,126.6249,68.99
"South Korea/인천",개나리,1993-04-03,1993,93,37.4777,126.6249,68.99
"South Korea/인천",개나리,1994-04-05,1994,95,37.4777,126.6249,68.99
"South Korea/인천",개나리,1995-03-30,1995,89,37.4777,126.6249,68.99
"South Korea/인천",개나리,1996-04-17,1996,108,37.4777,126.6249,68.99
"South Korea/인천",개나리,1997-04-03,1997,93,37.4777,126.6249,68.99
"South Korea/인천",개나리,1998-03-28,1998,87,37.4777,126.6249,68.99
"South Korea/인천",개나리,1999-04-03,1999,93,37.4777,126.6249,68.99
"South Korea/인천",개나리,2000-04-05,2000,96,37.4777,126.6249,68.99
"South Korea/인천",개나리,2001-04-08,2001,98,37.4777,126.6249,68.99
"South Korea/인천",개나리,2002-03-28,2002,87,37.4777,126.6249,68.99
"South Korea/인천",개나리,2003-04-02,2003,92,37.4777,126.6249,68.99
"South Korea/인천",개나리,2004-03-28,2004,88,37.4777,126.6249,68.99
"South Korea/인천",개나리,2005-04-10,2005,100,37.4777,126.6249,68.99
"South Korea/인천",개나리,2006-04-01,2006,91,37.4777,126.6249,68.99
"South Korea/인천",개나리,2007-03-30,2007,89,37.4777,126.6249,68.99
"South Korea/인천",개나리,2008-03-31,2008,91,37.4777,126.6249,68.99
"South Korea/인천",개나리,2009-03-24,2009,83,37.4777,126.6249,68.99
"South Korea/인천",개나리,2010-03-30,2010,89,37.4777,126.6249,68.99
"South Korea/인천",개나리,2011-04-12,2011,102,37.4777,126.6249,68.99
"South Korea/인천",개나리,2012-04-05,2012,96,37.4777,126.6249,68.99
"South Korea/인천",개나리,2013-04-08,2013,98,37.4777,126.6249,68.99
"South Korea/인천",개나리,2014-03-27,2014,86,37.4777,126.6249,68.99
"South Korea/인천",개나리,2015-04-05,2015,95,37.4777,126.6249,68.99
"South Korea/인천",개나리,2016-03-27,2016,87,37.4777,126.6249,68.99
"South Korea/인천",개나리,2017-03-31,2017,90,37.4777,126.6249,68.99
"South Korea/인천",개나리,2018-03-30,2018,89,37.4777,126.6249,68.99
"South Korea/인천",개나리,2019-03-25,2019,84,37.4777,126.6249,68.99
"South Korea/인천",개나리,2020-03-22,2020,82,37.4777,126.6249,68.99
"South Korea/인천",개나리,2021-03-23,2021,82,37.4777,126.6249,68.99
"South Korea/인천",개나리,2022-03-31,2022,90,37.4777,126.6249,68.99
"South Korea/인천",개나리,2023-03-24,2023,83,37.4777,126.6249,68.99
"South Korea/인천",개나리,2024-03-31,2024,91,37.4777,126.6249,68.99
"South Korea/인천",개나리,2025-03-28,2025,87,37.4777,126.6249,68.99
"South Korea/고흥",개나리,1975-03-12,1975,71,34.6183,127.2757,51.91
"South Korea/고흥",개나리,1976-03-09,1976,69,34.6183,127.2757,51.91
"South Korea/고흥",개나리,1977-03-16,1977,75,34.6183,127.2757,51.91
"South Korea/고흥",개나리,1978-03-13,1978,72,34.6183,127.2757,51.91
"South Korea/고흥",개나리,1979-03-10,1979,69,34.6183,127.2757,51.91
"South Korea/고흥",개나리,1980-03-18,1980,78,34.6183,127.2757,51.91
"South Korea/고흥",개나리,1981-03-26,1981,85,34.6183,127.2757,51.91
"South Korea/고흥",개나리,1982-03-25,1982,84,34.6183,127.2757,51.91
"South Korea/고흥",개나리,1983-03-30,1983,89,34.6183,127.2757,51.91
"South Korea/고흥",개나리,1984-04-06,1984,97,34.6183,127.2757,51.91
"South Korea/고흥",개나리,1985-04-02,1985,92,34.6183,127.2757,51.91
"South Korea/고흥",개나리,1986-03-25,1986,84,34.6183,127.2757,51.91
"South Korea/고흥",개나리,1987-03-26,1987,85,34.6183,127.2757,51.91
"South Korea/고흥",개나리,1988-03-28,1988,88,34.6183,127.2757,51.91
"South Korea/고흥",개나리,1989-03-21,1989,80,34.6183,127.2757,51.91
"South Korea/고흥",개나리,1990-03-18,1990,77,34.6183,127.2757,51.91
"South Korea/고흥",개나리,1991-03-20,1991,79,34.6183,127.2757,51.91
"South Korea/고흥",개나리,1992-03-09,1992,69,34.6183,127.2757,51.91
"South Korea/고흥",개나리,1993-03-12,1993,71,34.6183,127.2757,51.91
"South Korea/고흥",개나리,1994-03-20,1994,79,34.6183,127.2757,51.91
"South Korea/고흥",개나리,1995-03-23,1995,82,34.6183,127.2757,51.91
"South Korea/고흥",개나리,1996-03-29,1996,89,34.6183,127.2757,51.91
"South Korea/고흥",개나리,1997-03-19,1997,78,34.6183,127.2757,51.91
"South Korea/고흥",개나리,1998-03-15,1998,74,34.6183,127.2757,51.91
"South Korea/고흥",개나리,1999-03-27,1999,86,34.6183,127.2757,51.91
"South Korea/고흥",개나리,2000-03-29,2000,89,34.6183,127.2757,51.91
"South Korea/고흥",개나리,2001-03-25,2001,84,34.6183,127.2757,51.91
"South Korea/고흥",개나리,2002-03-16,2002,75,34.6183,127.2757,51.91
"South Korea/고흥",개나리,2003-03-24,2003,83,34.6183,127.2757,51.91
"South Korea/고흥",개나리,2004-03-20,2004,80,34.6183,127.2757,51.91
"South Korea/고흥",개나리,2005-03-30,2005,89,34.6183,127.2757,51.91
"South Korea/고흥",개나리,2006-03-15,2006,74,34.6183,127.2757,51.91
"South Korea/고흥",개나리,2007-03-10,2007,69,34.6183,127.2757,51.91
"South Korea/고흥",개나리,2008-03-15,2008,75,34.6183,127.2757,51.91
"South Korea/목포",개나리,1973-03-26,1973,85,34.8173,126.3815,44.7
"South Korea/목포",개나리,1974-03-28,1974,87,34.8173,126.3815,44.7
"South Korea/목포",개나리,1975-03-28,1975,87,34.8173,126.3815,44.7
"South Korea/목포",개나리,1976-03-22,1976,82,34.8173,126.3815,44.7
"South Korea/목포",개나리,1977-03-22,1977,81,34.8173,126.3815,44.7
"South Korea/목포",개나리,1978-03-24,1978,83,34.8173,126.3815,44.7
"South Korea/목포",개나리,1979-03-13,1979,72,34.8173,126.3815,44.7
"South Korea/목포",개나리,1980-03-09,1980,69,34.8173,126.3815,44.7
"South Korea/목포",개나리,1981-03-14,1981,73,34.8173,126.3815,44.7
"South Korea/목포",개나리,1982-03-23,1982,82,34.8173,126.3815,44.7
"South Korea/목포",개나리,1983-03-26,1983,85,34.8173,126.3815,44.7
"South Korea/목포",개나리,1984-04-04,1984,95,34.8173,126.3815,44.7
"South Korea/목포",개나리,1985-03-29,1985,88,34.8173,126.3815,44.7
"South Korea/목포",개나리,1986-03-27,1986,86,34.8173,126.3815,44.7
"South Korea/목포",개나리,1987-03-26,1987,85,34.8173,126.3815,44.7
"South Korea/목포",개나리,1988-04-02,1988,93,34.8173,126.3815,44.7
"South Korea/목포",개나리,1989-03-20,1989,79,34.8173,126.3815,44.7
"South Korea/목포",개나리,1990-03-17,1990,76,34.8173,126.3815,44.7
"South Korea/목포",개나리,1991-03-28,1991,87,34.8173,126.3815,44.7
"South Korea/목포",개나리,1992-03-19,1992,79,34.8173,126.3815,44.7
"South Korea/목포",개나리,1993-03-25,1993,84,34.8173,126.3815,44.7
"South Korea/목포",개나리,1994-03-26,1994,85,34.8173,126.3815,44.7
"South Korea/목포",개나리,1995-03-20,1995,79,34.8173,126.3815,44.7
"South Korea/목포",개나리,1996-04-02,1996,93,34.8173,126.3815,44.7
"South Korea/목포",개나리,1997-03-20,1997,79,34.8173,126.3815,44.7
"South Korea/목포",개나리,1998-03-12,1998,71,34.8173,126.3815,44.7
"South Korea/목포",개나리,1999-03-22,1999,81,34.8173,126.3815,44.7
"South Korea/목포",개나리,2000-04-01,2000,92,34.8173,126.3815,44.7
"South Korea/목포",개나리,2001-03-26,2001,85,34.8173,126.3815,44.7
"South Korea/목포",개나리,2002-03-16,2002,75,34.8173,126.3815,44.7
"South Korea/목포",개나리,2003-03-25,2003,84,34.8173,126.3815,44.7
"South Korea/목포",개나리,2004-03-19,2004,79,34.8173,126.3815,44.7
"South Korea/목포",개나리,2005-04-04,2005,94,34.8173,126.3815,44.7
"South Korea/목포",개나리,2006-03-24,2006,83,34.8173,126.3815,44.7
"South Korea/목포",개나리,2007-03-18,2007,77,34.8173,126.3815,44.7
"South Korea/목포",개나리,2008-03-23,2008,83,34.8173,126.3815,44.7
"South Korea/목포",개나리,2009-03-20,2009,79,34.8173,126.3815,44.7
"South Korea/목포",개나리,2010-03-23,2010,82,34.8173,126.3815,44.7
"South Korea/목포",개나리,2011-03-27,2011,86,34.8173,126.3815,44.7
"South Korea/목포",개나리,2012-04-04,2012,95,34.8173,126.3815,44.7
"South Korea/목포",개나리,2013-03-18,2013,77,34.8173,126.3815,44.7
"South Korea/목포",개나리,2014-03-18,2014,77,34.8173,126.3815,44.7
"South Korea/목포",개나리,2015-03-22,2015,81,34.8173,126.3815,44.7
"South Korea/목포",개나리,2016-03-19,2016,79,34.8173,126.3815,44.7
"South Korea/목포",개나리,2017-03-30,2017,89,34.8173,126.3815,44.7
"South Korea/목포",개나리,2018-03-19,2018,78,34.8173,126.3815,44.7
"South Korea/목포",개나리,2019-03-19,2019,78,34.8173,126.3815,44.7
"South Korea/목포",개나리,2020-03-20,2020,80,34.8173,126.3815,44.7
"South Korea/목포",개나리,2021-03-12,2021,71,34.8173,126.3815,44.7
"South Korea/목포",개나리,2022-03-30,2022,89,34.8173,126.3815,44.7
"South Korea/목포",개나리,2023-03-17,2023,76,34.8173,126.3815,44.7
"South Korea/목포",개나리,2024-03-20,2024,80,34.8173,126.3815,44.7
"South Korea/목포",개나리,2025-03-23,2025,82,34.8173,126.3815,44.7
"South Korea/무안",개나리,1993-03-22,1993,81,nan,nan,nan
"South Korea/무안",개나리,1994-03-24,1994,83,nan,nan,nan
"South Korea/무안",개나리,1995-03-22,1995,81,nan,nan,nan
"South Korea/무안",개나리,1996-04-01,1996,92,nan,nan,nan
"South Korea/무안",개나리,1997-03-24,1997,83,nan,nan,nan
"South Korea/무안",개나리,1998-03-22,1998,81,nan,nan,nan
"South Korea/무안",개나리,1999-03-21,1999,80,nan,nan,nan
"South Korea/무안",개나리,2000-03-26,2000,86,nan,nan,nan
"South Korea/순천",개나리,2012-04-02,2012,93,35.0204,127.3694,165.0
"South Korea/순천",개나리,2013-03-21,2013,80,35.0204,127.3694,165.0
"South Korea/순천",개나리,2014-03-26,2014,85,35.0204,127.3694,165.0
"South Korea/순천",개나리,2015-03-25,2015,84,35.0204,127.3694,165.0
"South Korea/여수",개나리,1973-03-14,1973,73,34.7393,127.7406,65.93
"South Korea/여수",개나리,1974-04-05,1974,95,34.7393,127.7406,65.93
"South Korea/여수",개나리,1975-03-24,1975,83,34.7393,127.7406,65.93
"South Korea/여수",개나리,1976-03-16,1976,76,34.7393,127.7406,65.93
"South Korea/여수",개나리,1977-03-22,1977,81,34.7393,127.7406,65.93
"South Korea/여수",개나리,1978-03-28,1978,87,34.7393,127.7406,65.93
"South Korea/여수",개나리,1979-03-17,1979,76,34.7393,127.7406,65.93
"South Korea/여수",개나리,1980-03-12,1980,72,34.7393,127.7406,65.93
"South Korea/여수",개나리,1981-03-16,1981,75,34.7393,127.7406,65.93
"South Korea/여수",개나리,1982-03-24,1982,83,34.7393,127.7406,65.93
"South Korea/여수",개나리,1983-03-30,1983,89,34.7393,127.7406,65.93
"South Korea/여수",개나리,1984-04-04,1984,95,34.7393,127.7406,65.93
"South Korea/여수",개나리,1985-03-30,1985,89,34.7393,127.7406,65.93
"South Korea/여수",개나리,1986-04-03,1986,93,34.7393,127.7406,65.93
"South Korea/여수",개나리,1987-03-26,1987,85,34.7393,127.7406,65.93
"South Korea/여수",개나리,1988-03-26,1988,86,34.7393,127.7406,65.93
"South Korea/여수",개나리,1989-03-20,1989,79,34.7393,127.7406,65.93
"South Korea/여수",개나리,1990-03-21,1990,80,34.7393,127.7406,65.93
"South Korea/여수",개나리,1991-03-29,1991,88,34.7393,127.7406,65.93
"South Korea/여수",개나리,1992-03-23,1992,83,34.7393,127.7406,65.93
"South Korea/여수",개나리,1993-03-14,1993,73,34.7393,127.7406,65.93
"South Korea/여수",개나리,1994-03-31,1994,90,34.7393,127.7406,65.93
"South Korea/여수",개나리,1995-03-25,1995,84,34.7393,127.7406,65.93
"South Korea/여수",개나리,1996-03-29,1996,89,34.7393,127.7406,65.93
"South Korea/여수",개나리,1997-03-19,1997,78,34.7393,127.7406,65.93
"South Korea/여수",개나리,1998-03-09,1998,68,34.7393,127.7406,65.93
"South Korea/여수",개나리,1999-03-26,1999,85,34.7393,127.7406,65.93
"South Korea/여수",개나리,2000-03-27,2000,87,34.7393,127.7406,65.93
"South Korea/여수",개나리,2001-03-23,2001,82,34.7393,127.7406,65.93
"South Korea/여수",개나리,2002-03-15,2002,74,34.7393,127.7406,65.93
"South Korea/여수",개나리,2003-03-16,2003,75,34.7393,127.7406,65.93
"South Korea/여수",개나리,2004-03-19,2004,79,34.7393,127.7406,65.93
"South Korea/여수",개나리,2005-03-23,2005,82,34.7393,127.7406,65.93
"South Korea/여수",개나리,2006-03-19,2006,78,34.7393,127.7406,65.93
"South Korea/여수",개나리,2007-03-17,2007,76,34.7393,127.7406,65.93
"South Korea/여수",개나리,2008-03-23,2008,83,34.7393,127.7406,65.93
"South Korea/여수",개나리,2009-03-14,2009,73,34.7393,127.7406,65.93
"South Korea/여수",개나리,2010-03-19,2010,78,34.7393,127.7406,65.93
"South Korea/여수",개나리,2011-03-25,2011,84,34.7393,127.7406,65.93
"South Korea/여수",개나리,2012-03-28,2012,88,34.7393,127.7406,65.93
"South Korea/여수",개나리,2013-03-16,2013,75,34.7393,127.7406,65.93
"South Korea/여수",개나리,2014-03-18,2014,77,34.7393,127.7406,65.93
"South Korea/여수",개나리,2015-03-25,2015,84,34.7393,127.7406,65.93
"South Korea/여수",개나리,2016-03-19,2016,79,34.7393,127.7406,65.93
"South Korea/여수",개나리,2017-03-21,2017,80,34.7393,127.7406,65.93
"South Korea/여수",개나리,2018-03-20,2018,79,34.7393,127.7406,65.93
"South Korea/여수",개나리,2019-03-11,2019,70,34.7393,127.7406,65.93
"South Korea/여수",개나리,2020-03-16,2020,76,34.7393,127.7406,65.93
"South Korea/여수",개나리,2021-03-10,2021,69,34.7393,127.7406,65.93
"South Korea/여수",개나리,2022-03-21,2022,80,34.7393,127.7406,65.93
"South Korea/여수",개나리,2023-03-10,2023,69,34.7393,127.7406,65.93
"South Korea/여수",개나리,2024-03-19,2024,79,34.7393,127.7406,65.93
"South Korea/여수",개나리,2025-03-23,2025,82,34.7393,127.7406,65.93
"South Korea/완도",개나리,1976-03-22,1976,82,34.3959,126.7018,35.37
"South Korea/완도",개나리,1977-03-26,1977,85,34.3959,126.7018,35.37
"South Korea/완도",개나리,1978-03-27,1978,86,34.3959,126.7018,35.37
"South Korea/완도",개나리,1979-03-21,1979,80,34.3959,126.7018,35.37
"South Korea/완도",개나리,1980-03-28,1980,88,34.3959,126.7018,35.37
"South Korea/완도",개나리,1981-03-25,1981,84,34.3959,126.7018,35.37
"South Korea/완도",개나리,1982-03-21,1982,80,34.3959,126.7018,35.37
"South Korea/완도",개나리,1983-03-21,1983,80,34.3959,126.7018,35.37
"South Korea/완도",개나리,1984-03-28,1984,88,34.3959,126.7018,35.37
"South Korea/완도",개나리,1985-03-23,1985,82,34.3959,126.7018,35.37
"South Korea/완도",개나리,1986-03-26,1986,85,34.3959,126.7018,35.37
"South Korea/완도",개나리,1987-03-26,1987,85,34.3959,126.7018,35.37
"South Korea/완도",개나리,1988-03-31,1988,91,34.3959,126.7018,35.37
"South Korea/완도",개나리,1989-03-20,1989,79,34.3959,126.7018,35.37
"South Korea/완도",개나리,1990-03-13,1990,72,34.3959,126.7018,35.37
"South Korea/완도",개나리,1991-03-20,1991,79,34.3959,126.7018,35.37
"South Korea/완도",개나리,1992-03-14,1992,74,34.3959,126.7018,35.37
"South Korea/완도",개나리,1993-03-23,1993,82,34.3959,126.7018,35.37
"South Korea/완도",개나리,1994-03-27,1994,86,34.3959,126.7018,35.37
"South Korea/완도",개나리,1995-03-25,1995,84,34.3959,126.7018,35.37
"South Korea/완도",개나리,1996-03-27,1996,87,34.3959,126.7018,35.37
"South Korea/완도",개나리,1997-03-18,1997,77,34.3959,126.7018,35.37
"South Korea/완도",개나리,1998-03-13,1998,72,34.3959,126.7018,35.37
"South Korea/완도",개나리,1999-03-21,1999,80,34.3959,126.7018,35.37
"South Korea/완도",개나리,2000-03-24,2000,84,34.3959,126.7018,35.37
"South Korea/완도",개나리,2001-03-24,2001,83,34.3959,126.7018,35.37
"South Korea/완도",개나리,2002-03-13,2002,72,34.3959,126.7018,35.37
"South Korea/완도",개나리,2003-03-18,2003,77,34.3959,126.7018,35.37
"South Korea/완도",개나리,2004-03-18,2004,78,34.3959,126.7018,35.37
"South Korea/완도",개나리,2005-03-26,2005,85,34.3959,126.7018,35.37
"South Korea/완도",개나리,2006-03-15,2006,74,34.3959,126.7018,35.37
"South Korea/완도",개나리,2007-03-19,2007,78,34.3959,126.7018,35.37
"South Korea/완도",개나리,2008-03-21,2008,81,34.3959,126.7018,35.37
"South Korea/완도",개나리,2009-03-19,2009,78,34.3959,126.7018,35.37
"South Korea/완도",개나리,2010-03-12,2010,71,34.3959,126.7018,35.37
"South Korea/완도",개나리,2011-03-26,2011,85,34.3959,126.7018,35.37
"South Korea/완도",개나리,2012-03-29,2012,89,34.3959,126.7018,35.37
"South Korea/완도",개나리,2013-03-18,2013,77,34.3959,126.7018,35.37
"South Korea/완도",개나리,2014-03-17,2014,76,34.3959,126.7018,35.37
"South Korea/완도",개나리,2015-03-20,2015,79,34.3959,126.7018,35.37
"South Korea/장흥",개나리,1973-03-02,1973,61,34.6889,126.9195,43.99
"South Korea/장흥",개나리,1974-03-22,1974,81,34.6889,126.9195,43.99
"South Korea/장흥",개나리,1975-04-09,1975,99,34.6889,126.9195,43.99
"South Korea/장흥",개나리,1976-03-20,1976,80,34.6889,126.9195,43.99
"South Korea/장흥",개나리,1977-03-28,1977,87,34.6889,126.9195,43.99
"South Korea/장흥",개나리,1978-03-26,1978,85,34.6889,126.9195,43.99
"South Korea/장흥",개나리,1979-03-22,1979,81,34.6889,126.9195,43.99
"South Korea/장흥",개나리,1980-03-29,1980,89,34.6889,126.9195,43.99
"South Korea/장흥",개나리,1981-03-30,1981,89,34.6889,126.9195,43.99
"South Korea/장흥",개나리,1982-03-31,1982,90,34.6889,126.9195,43.99
"South Korea/장흥",개나리,1983-04-01,1983,91,34.6889,126.9195,43.99
"South Korea/장흥",개나리,1984-04-05,1984,96,34.6889,126.9195,43.99
"South Korea/장흥",개나리,1985-04-07,1985,97,34.6889,126.9195,43.99
"South Korea/장흥",개나리,1986-04-01,1986,91,34.6889,126.9195,43.99
"South Korea/장흥",개나리,1987-03-29,1987,88,34.6889,126.9195,43.99
"South Korea/장흥",개나리,1988-03-30,1988,90,34.6889,126.9195,43.99
"South Korea/장흥",개나리,1989-03-25,1989,84,34.6889,126.9195,43.99
"South Korea/장흥",개나리,1990-03-21,1990,80,34.6889,126.9195,43.99
"South Korea/장흥",개나리,1991-03-24,1991,83,34.6889,126.9195,43.99
"South Korea/장흥",개나리,1992-03-20,1992,80,34.6889,126.9195,43.99
"South Korea/장흥",개나리,1993-03-22,1993,81,34.6889,126.9195,43.99
"South Korea/장흥",개나리,1994-03-25,1994,84,34.6889,126.9195,43.99
"South Korea/장흥",개나리,1995-03-21,1995,80,34.6889,126.9195,43.99
"South Korea/장흥",개나리,1996-03-24,1996,84,34.6889,126.9195,43.99
"South Korea/장흥",개나리,1997-03-22,1997,81,34.6889,126.9195,43.99
"South Korea/장흥",개나리,1998-03-15,1998,74,34.6889,126.9195,43.99
"South Korea/장흥",개나리,1999-03-23,1999,82,34.6889,126.9195,43.99
"South Korea/장흥",개나리,2000-03-31,2000,91,34.6889,126.9195,43.99
"South Korea/장흥",개나리,2001-03-26,2001,85,34.6889,126.9195,43.99
"South Korea/장흥",개나리,2002-03-16,2002,75,34.6889,126.9195,43.99
"South Korea/장흥",개나리,2003-03-25,2003,84,34.6889,126.9195,43.99
"South Korea/장흥",개나리,2004-03-23,2004,83,34.6889,126.9195,43.99
"South Korea/장흥",개나리,2005-04-03,2005,93,34.6889,126.9195,43.99
"South Korea/장흥",개나리,2006-03-24,2006,83,34.6889,126.9195,43.99
"South Korea/장흥",개나리,2007-03-22,2007,81,34.6889,126.9195,43.99
"South Korea/장흥",개나리,2008-03-20,2008,80,34.6889,126.9195,43.99
"South Korea/주암",개나리,1973-03-26,1973,85,nan,nan,nan
"South Korea/주암",개나리,1974-03-23,1974,82,nan,nan,nan
"South Korea/주암",개나리,1975-03-16,1975,75,nan,nan,nan
"South Korea/주암",개나리,1976-03-23,1976,83,nan,nan,nan
"South Korea/주암",개나리,1977-03-30,1977,89,nan,nan,nan
"South Korea/주암",개나리,1978-04-02,1978,92,nan,nan,nan
"South Korea/주암",개나리,1979-03-23,1979,82,nan,nan,nan
"South Korea/주암",개나리,1980-03-31,1980,91,nan,nan,nan
"South Korea/주암",개나리,1981-03-28,1981,87,nan,nan,nan
"South Korea/주암",개나리,1982-03-29,1982,88,nan,nan,nan
"South Korea/주암",개나리,1983-04-01,1983,91,nan,nan,nan
"South Korea/주암",개나리,1984-04-09,1984,100,nan,nan,nan
"South Korea/주암",개나리,1985-04-02,1985,92,nan,nan,nan
"South Korea/주암",개나리,1986-04-05,1986,95,nan,nan,nan
"South Korea/주암",개나리,1987-04-04,1987,94,nan,nan,nan
"South Korea/주암",개나리,1988-04-02,1988,93,nan,nan,nan
"South Korea/주암",개나리,1989-03-28,1989,87,nan,nan,nan
"South Korea/주암",개나리,1990-03-22,1990,81,nan,nan,nan
"South Korea/주암",개나리,1991-03-29,1991,88,nan,nan,nan
"South Korea/주암",개나리,1992-03-26,1992,86,nan,nan,nan
"South Korea/주암",개나리,1993-03-28,1993,87,nan,nan,nan
"South Korea/주암",개나리,1994-04-03,1994,93,nan,nan,nan
"South Korea/주암",개나리,1995-03-28,1995,87,nan,nan,nan
"South Korea/주암",개나리,1996-04-06,1996,97,nan,nan,nan
"South Korea/주암",개나리,1997-03-24,1997,83,nan,nan,nan
"South Korea/주암",개나리,1998-03-18,1998,77,nan,nan,nan
"South Korea/주암",개나리,1999-03-28,1999,87,nan,nan,nan
"South Korea/주암",개나리,2000-03-30,2000,90,nan,nan,nan
"South Korea/주암",개나리,2001-03-25,2001,84,nan,nan,nan
"South Korea/주암",개나리,2002-03-16,2002,75,nan,nan,nan
"South Korea/주암",개나리,2003-03-25,2003,84,nan,nan,nan
"South Korea/주암",개나리,2004-03-22,2004,82,nan,nan,nan
"South Korea/주암",개나리,2005-03-23,2005,82,nan,nan,nan
"South Korea/주암",개나리,2006-03-22,2006,81,nan,nan,nan
"South Korea/주암",개나리,2007-03-18,2007,77,nan,nan,nan
"South Korea/주암",개나리,2008-03-24,2008,84,nan,nan,nan
"South Korea/주암",개나리,2009-03-19,2009,78,nan,nan,nan
"South Korea/주암",개나리,2010-03-13,2010,72,nan,nan,nan
"South Korea/주암",개나리,2011-03-29,2011,88,nan,nan,nan
"South Korea/진도(첨찰산)",개나리,2002-03-19,2002,78,nan,nan,nan
"South Korea/진도(첨찰산)",개나리,2003-03-26,2003,85,nan,nan,nan
"South Korea/진도(첨찰산)",개나리,2004-03-22,2004,82,nan,nan,nan
"South Korea/진도(첨찰산)",개나리,2005-04-06,2005,96,nan,nan,nan
"South Korea/진도(첨찰산)",개나리,2006-03-24,2006,83,nan,nan,nan
"South Korea/진도(첨찰산)",개나리,2007-03-14,2007,73,nan,nan,nan
"South Korea/진도(첨찰산)",개나리,2008-03-22,2008,82,nan,nan,nan
"South Korea/진도(첨찰산)",개나리,2009-03-13,2009,72,nan,nan,nan
"South Korea/진도(첨찰산)",개나리,2010-03-16,2010,75,nan,nan,nan
"South Korea/진도(첨찰산)",개나리,2011-03-12,2011,71,nan,nan,nan
"South Korea/진도(첨찰산)",개나리,2012-04-09,2012,100,nan,nan,nan
"South Korea/진도(첨찰산)",개나리,2013-03-17,2013,76,nan,nan,nan
"South Korea/진도(첨찰산)",개나리,2014-03-16,2014,75,nan,nan,nan
"South Korea/진도(첨찰산)",개나리,2015-03-19,2015,78,nan,nan,nan
"South Korea/해남",개나리,1973-03-21,1973,80,34.5538,126.5691,16.36
"South Korea/해남",개나리,1974-03-25,1974,84,34.5538,126.5691,16.36
"South Korea/해남",개나리,1975-03-28,1975,87,34.5538,126.5691,16.36
"South Korea/해남",개나리,1976-03-19,1976,79,34.5538,126.5691,16.36
"South Korea/해남",개나리,1977-03-20,1977,79,34.5538,126.5691,16.36
"South Korea/해남",개나리,1978-03-23,1978,82,34.5538,126.5691,16.36
"South Korea/해남",개나리,1979-03-26,1979,85,34.5538,126.5691,16.36
"South Korea/해남",개나리,1980-04-02,1980,93,34.5538,126.5691,16.36
"South Korea/해남",개나리,1981-03-24,1981,83,34.5538,126.5691,16.36
"South Korea/해남",개나리,1982-03-22,1982,81,34.5538,126.5691,16.36
"South Korea/해남",개나리,1983-03-22,1983,81,34.5538,126.5691,16.36
"South Korea/해남",개나리,1984-04-02,1984,93,34.5538,126.5691,16.36
"South Korea/해남",개나리,1985-04-01,1985,91,34.5538,126.5691,16.36
"South Korea/해남",개나리,1986-04-01,1986,91,34.5538,126.5691,16.36
"South Korea/해남",개나리,1987-03-26,1987,85,34.5538,126.5691,16.36
"South Korea/해남",개나리,1988-04-06,1988,97,34.5538,126.5691,16.36
"South Korea/해남",개나리,1989-03-25,1989,84,34.5538,126.5691,16.36
"South Korea/해남",개나리,1990-03-22,1990,81,34.5538,126.5691,16.36
"South Korea/해남",개나리,1991-03-31,1991,90,34.5538,126.5691,16.36
"South Korea/해남",개나리,1992-03-19,1992,79,34.5538,126.5691,16.36
"South Korea/해남",개나리,1993-03-30,1993,89,34.5538,126.5691,16.36
"South Korea/해남",개나리,1994-04-02,1994,92,34.5538,126.5691,16.36
"South Korea/해남",개나리,1995-03-25,1995,84,34.5538,126.5691,16.36
"South Korea/해남",개나리,1996-04-03,1996,94,34.5538,126.5691,16.36
"South Korea/해남",개나리,1997-03-20,1997,79,34.5538,126.5691,16.36
"South Korea/해남",개나리,1998-03-18,1998,77,34.5538,126.5691,16.36
"South Korea/해남",개나리,1999-03-27,1999,86,34.5538,126.5691,16.36
"South Korea/해남",개나리,2000-04-01,2000,92,34.5538,126.5691,16.36
"South Korea/해남",개나리,2001-03-25,2001,84,34.5538,126.5691,16.36
"South Korea/해남",개나리,2002-03-14,2002,73,34.5538,126.5691,16.36
"South Korea/해남",개나리,2003-03-27,2003,86,34.5538,126.5691,16.36
"South Korea/해남",개나리,2004-03-22,2004,82,34.5538,126.5691,16.36
"South Korea/해남",개나리,2005-04-05,2005,95,34.5538,126.5691,16.36
"South Korea/해남",개나리,2006-03-22,2006,81,34.5538,126.5691,16.36
"South Korea/해남",개나리,2007-03-21,2007,80,34.5538,126.5691,16.36
"South Korea/해남",개나리,2008-03-25,2008,85,34.5538,126.5691,16.36
"South Korea/흑산도",개나리,1997-03-26,1997,85,34.6872,125.4511,75.12
"South Korea/흑산도",개나리,1998-03-28,1998,87,34.6872,125.4511,75.12
"South Korea/흑산도",개나리,1999-03-27,1999,86,34.6872,125.4511,75.12
"South Korea/흑산도",개나리,2000-03-29,2000,89,34.6872,125.4511,75.12
"South Korea/흑산도",개나리,2001-03-28,2001,87,34.6872,125.4511,75.12
"South Korea/흑산도",개나리,2002-03-20,2002,79,34.6872,125.4511,75.12
"South Korea/흑산도",개나리,2003-03-29,2003,88,34.6872,125.4511,75.12
"South Korea/흑산도",개나리,2004-03-23,2004,83,34.6872,125.4511,75.12
"South Korea/흑산도",개나리,2005-04-06,2005,96,34.6872,125.4511,75.12
"South Korea/흑산도",개나리,2006-03-31,2006,90,34.6872,125.4511,75.12
"South Korea/흑산도",개나리,2007-03-25,2007,84,34.6872,125.4511,75.12
"South Korea/흑산도",개나리,2008-03-28,2008,88,34.6872,125.4511,75.12
"South Korea/흑산도",개나리,2009-03-19,2009,78,34.6872,125.4511,75.12
"South Korea/흑산도",개나리,2010-03-25,2010,84,34.6872,125.4511,75.12
"South Korea/흑산도",개나리,2011-03-30,2011,89,34.6872,125.4511,75.12
"South Korea/흑산도",개나리,2012-04-04,2012,95,34.6872,125.4511,75.12
"South Korea/흑산도",개나리,2013-03-16,2013,75,34.6872,125.4511,75.12
"South Korea/흑산도",개나리,2014-03-18,2014,77,34.6872,125.4511,75.12
"South Korea/흑산도",개나리,2015-03-24,2015,83,34.6872,125.4511,75.12
"South Korea/흑산도",개나리,2016-03-24,2016,84,34.6872,125.4511,75.12
"South Korea/흑산도",개나리,2017-03-27,2017,86,34.6872,125.4511,75.12
"South Korea/흑산도",개나리,2018-03-30,2018,89,34.6872,125.4511,75.12
"South Korea/흑산도",개나리,2019-03-25,2019,84,34.6872,125.4511,75.12
"South Korea/흑산도",개나리,2020-03-24,2020,84,34.6872,125.4511,75.12
"South Korea/흑산도",개나리,2021-03-15,2021,74,34.6872,125.4511,75.12
"South Korea/흑산도",개나리,2022-03-29,2022,88,34.6872,125.4511,75.12
"South Korea/흑산도",개나리,2023-03-19,2023,78,34.6872,125.4511,75.12
"South Korea/흑산도",개나리,2024-03-25,2024,85,34.6872,125.4511,75.12
"South Korea/흑산도",개나리,2025-03-25,2025,84,34.6872,125.4511,75.12
"South Korea/고창",개나리,2011-04-01,2011,91,35.3482,126.599,52.42
"South Korea/고창",개나리,2012-04-03,2012,94,35.3482,126.599,52.42
"South Korea/고창",개나리,2013-03-24,2013,83,35.3482,126.599,52.42
"South Korea/고창",개나리,2014-03-23,2014,82,35.3482,126.599,52.42
"South Korea/고창",개나리,2015-03-25,2015,84,35.3482,126.599,52.42
"South Korea/고창군",개나리,2009-03-18,2009,77,35.4266,126.697,58.84
"South Korea/고창군",개나리,2010-03-19,2010,78,35.4266,126.697,58.84
"South Korea/군산",개나리,1973-04-02,1973,92,36.0053,126.7614,27.85
"South Korea/군산",개나리,1974-04-06,1974,96,36.0053,126.7614,27.85
"South Korea/군산",개나리,1975-04-02,1975,92,36.0053,126.7614,27.85
"South Korea/군산",개나리,1976-03-09,1976,69,36.0053,126.7614,27.85
"South Korea/군산",개나리,1977-03-27,1977,86,36.0053,126.7614,27.85
"South Korea/군산",개나리,1978-04-02,1978,92,36.0053,126.7614,27.85
"South Korea/군산",개나리,1979-03-23,1979,82,36.0053,126.7614,27.85
"South Korea/군산",개나리,1980-04-03,1980,94,36.0053,126.7614,27.85
"South Korea/군산",개나리,1981-04-03,1981,93,36.0053,126.7614,27.85
"South Korea/군산",개나리,1982-04-01,1982,91,36.0053,126.7614,27.85
"South Korea/군산",개나리,1983-04-01,1983,91,36.0053,126.7614,27.85
"South Korea/군산",개나리,1984-04-11,1984,102,36.0053,126.7614,27.85
"South Korea/군산",개나리,1985-04-07,1985,97,36.0053,126.7614,27.85
"South Korea/군산",개나리,1986-04-02,1986,92,36.0053,126.7614,27.85
"South Korea/군산",개나리,1987-04-07,1987,97,36.0053,126.7614,27.85
"South Korea/군산",개나리,1988-04-13,1988,104,36.0053,126.7614,27.85
"South Korea/군산",개나리,1989-03-28,1989,87,36.0053,126.7614,27.85
"South Korea/군산",개나리,1990-03-26,1990,85,36.0053,126.7614,27.85
"South Korea/군산",개나리,1991-04-04,1991,94,36.0053,126.7614,27.85
"South Korea/군산",개나리,1992-03-24,1992,84,36.0053,126.7614,27.85
"South Korea/군산",개나리,1993-03-30,1993,89,36.0053,126.7614,27.85
"South Korea/군산",개나리,1994-04-05,1994,95,36.0053,126.7614,27.85
"South Korea/군산",개나리,1995-03-30,1995,89,36.0053,126.7614,27.85
"South Korea/군산",개나리,1996-04-08,1996,99,36.0053,126.7614,27.85
"South Korea/군산",개나리,1997-03-28,1997,87,36.0053,126.7614,27.85
"South Korea/군산",개나리,1998-03-23,1998,82,36.0053,126.7614,27.85
"South Korea/군산",개나리,1999-03-27,1999,86,36.0053,126.7614,27.85
"South Korea/군산",개나리,2000-04-05,2000,96,36.0053,126.7614,27.85
"South Korea/군산",개나리,2001-04-03,2001,93,36.0053,126.7614,27.85
"South Korea/군산",개나리,2002-03-22,2002,81,36.0053,126.7614,27.85
"South Korea/군산",개나리,2003-04-01,2003,91,36.0053,126.7614,27.85
"South Korea/군산",개나리,2004-03-26,2004,86,36.0053,126.7614,27.85
"South Korea/군산",개나리,2005-04-09,2005,99,36.0053,126.7614,27.85
"South Korea/군산",개나리,2006-03-30,2006,89,36.0053,126.7614,27.85
"South Korea/군산",개나리,2007-03-26,2007,85,36.0053,126.7614,27.85
"South Korea/군산",개나리,2008-03-24,2008,84,36.0053,126.7614,27.85
"South Korea/군산",개나리,2009-03-20,2009,79,36.0053,126.7614,27.85
"South Korea/군산",개나리,2010-03-17,2010,76,36.0053,126.7614,27.85
"South Korea/군산",개나리,2011-04-04,2011,94,36.0053,126.7614,27.85
"South Korea/군산",개나리,2012-03-30,2012,90,36.0053,126.7614,27.85
"South Korea/군산",개나리,2013-03-28,2013,87,36.0053,126.7614,27.85
"South Korea/군산",개나리,2014-03-24,2014,83,36.0053,126.7614,27.85
"South Korea/군산",개나리,2015-03-30,2015,89,36.0053,126.7614,27.85
"South Korea/남원",개나리,1974-04-05,1974,95,35.4213,127.3965,133.49
"South Korea/남원",개나리,1975-04-08,1975,98,35.4213,127.3965,133.49
"South Korea/남원",개나리,1976-03-15,1976,75,35.4213,127.3965,133.49
"South Korea/남원",개나리,1977-04-04,1977,94,35.4213,127.3965,133.49
"South Korea/남원",개나리,1978-03-27,1978,86,35.4213,127.3965,133.49
"South Korea/남원",개나리,1979-03-22,1979,81,35.4213,127.3965,133.49
"South Korea/남원",개나리,1980-04-01,1980,92,35.4213,127.3965,133.49
"South Korea/남원",개나리,1981-03-25,1981,84,35.4213,127.3965,133.49
"South Korea/남원",개나리,1983-03-27,1983,86,35.4213,127.3965,133.49
"South Korea/남원",개나리,1984-04-06,1984,97,35.4213,127.3965,133.49
"South Korea/남원",개나리,1985-04-02,1985,92,35.4213,127.3965,133.49
"South Korea/남원",개나리,1986-04-01,1986,91,35.4213,127.3965,133.49
"South Korea/남원",개나리,1987-04-01,1987,91,35.4213,127.3965,133.49
"South Korea/남원",개나리,1988-04-02,1988,93,35.4213,127.3965,133.49
"South Korea/남원",개나리,1989-03-14,1989,73,35.4213,127.3965,133.49
"South Korea/남원",개나리,1990-03-17,1990,76,35.4213,127.3965,133.49
"South Korea/남원",개나리,1991-03-25,1991,84,35.4213,127.3965,133.49
"South Korea/남원",개나리,1992-03-22,1992,82,35.4213,127.3965,133.49
"South Korea/남원",개나리,1993-03-31,1993,90,35.4213,127.3965,133.49
"South Korea/남원",개나리,1994-04-04,1994,94,35.4213,127.3965,133.49
"South Korea/남원",개나리,1995-03-29,1995,88,35.4213,127.3965,133.49
"South Korea/남원",개나리,1996-04-08,1996,99,35.4213,127.3965,133.49
"South Korea/남원",개나리,1997-03-27,1997,86,35.4213,127.3965,133.49
"South Korea/남원",개나리,1998-03-18,1998,77,35.4213,127.3965,133.49
"South Korea/남원",개나리,1999-03-29,1999,88,35.4213,127.3965,133.49
"South Korea/남원",개나리,2000-04-01,2000,92,35.4213,127.3965,133.49
"South Korea/남원",개나리,2001-04-03,2001,93,35.4213,127.3965,133.49
"South Korea/남원",개나리,2002-03-23,2002,82,35.4213,127.3965,133.49
"South Korea/남원",개나리,2003-03-31,2003,90,35.4213,127.3965,133.49
"South Korea/남원",개나리,2004-03-27,2004,87,35.4213,127.3965,133.49
"South Korea/남원",개나리,2005-04-06,2005,96,35.4213,127.3965,133.49
"South Korea/남원",개나리,2006-03-28,2006,87,35.4213,127.3965,133.49
"South Korea/남원",개나리,2007-03-23,2007,82,35.4213,127.3965,133.49
"South Korea/남원",개나리,2008-03-27,2008,87,35.4213,127.3965,133.49
"South Korea/남원",개나리,2009-03-20,2009,79,35.4213,127.3965,133.49
"South Korea/남원",개나리,2010-03-25,2010,84,35.4213,127.3965,133.49
"South Korea/남원",개나리,2011-04-01,2011,91,35.4213,127.3965,133.49
"South Korea/남원",개나리,2012-04-02,2012,93,35.4213,127.3965,133.49
"South Korea/남원",개나리,2013-03-27,2013,86,35.4213,127.3965,133.49
"South Korea/남원",개나리,2014-03-23,2014,82,35.4213,127.3965,133.49
"South Korea/남원",개나리,2015-03-22,2015,81,35.4213,127.3965,133.49
"South Korea/부안",개나리,1973-03-14,1973,73,35.7296,126.7166,12.2
"South Korea/부안",개나리,1974-04-06,1974,96,35.7296,126.7166,12.2
"South Korea/부안",개나리,1975-04-07,1975,97,35.7296,126.7166,12.2
"South Korea/부안",개나리,1976-03-30,1976,90,35.7296,126.7166,12.2
"South Korea/부안",개나리,1977-04-03,1977,93,35.7296,126.7166,12.2
"South Korea/부안",개나리,1978-04-01,1978,91,35.7296,126.7166,12.2
"South Korea/부안",개나리,1979-03-24,1979,83,35.7296,126.7166,12.2
"South Korea/부안",개나리,1980-04-04,1980,95,35.7296,126.7166,12.2
"South Korea/부안",개나리,1981-04-06,1981,96,35.7296,126.7166,12.2
"South Korea/부안",개나리,1984-04-06,1984,97,35.7296,126.7166,12.2
"South Korea/부안",개나리,1985-04-02,1985,92,35.7296,126.7166,12.2
"South Korea/부안",개나리,1986-04-01,1986,91,35.7296,126.7166,12.2
"South Korea/부안",개나리,1987-04-03,1987,93,35.7296,126.7166,12.2
"South Korea/부안",개나리,1988-04-05,1988,96,35.7296,126.7166,12.2
"South Korea/부안",개나리,1989-04-01,1989,91,35.7296,126.7166,12.2
"South Korea/부안",개나리,1990-03-29,1990,88,35.7296,126.7166,12.2
"South Korea/부안",개나리,1991-04-04,1991,94,35.7296,126.7166,12.2
"South Korea/부안",개나리,1992-03-29,1992,89,35.7296,126.7166,12.2
"South Korea/부안",개나리,1993-04-02,1993,92,35.7296,126.7166,12.2
"South Korea/부안",개나리,1994-04-01,1994,91,35.7296,126.7166,12.2
"South Korea/부안",개나리,1995-03-25,1995,84,35.7296,126.7166,12.2
"South Korea/부안",개나리,1996-04-08,1996,99,35.7296,126.7166,12.2
"South Korea/부안",개나리,1997-03-27,1997,86,35.7296,126.7166,12.2
"South Korea/부안",개나리,1998-03-26,1998,85,35.7296,126.7166,12.2
"South Korea/부안",개나리,1999-03-29,1999,88,35.7296,126.7166,12.2
"South Korea/부안",개나리,2000-04-04,2000,95,35.7296,126.7166,12.2
"South Korea/부안",개나리,2001-03-27,2001,86,35.7296,126.7166,12.2
"South Korea/부안",개나리,2002-03-27,2002,86,35.7296,126.7166,12.2
"South Korea/부안",개나리,2003-04-01,2003,91,35.7296,126.7166,12.2
"South Korea/부안",개나리,2004-04-03,2004,94,35.7296,126.7166,12.2
"South Korea/부안",개나리,2005-04-06,2005,96,35.7296,126.7166,12.2
"South Korea/부안",개나리,2006-04-03,2006,93,35.7296,126.7166,12.2
"South Korea/부안",개나리,2007-03-26,2007,85,35.7296,126.7166,12.2
"South Korea/부안",개나리,2008-04-07,2008,98,35.7296,126.7166,12.2
"South Korea/임실",개나리,1974-04-05,1974,95,35.612,127.2856,247.04
"South Korea/임실",개나리,1975-04-13,1975,103,35.612,127.2856,247.04
"South Korea/임실",개나리,1976-04-09,1976,100,35.612,127.2856,247.04
"South Korea/임실",개나리,1977-04-06,1977,96,35.612,127.2856,247.04
"South Korea/임실",개나리,1978-04-07,1978,97,35.612,127.2856,247.04
"South Korea/임실",개나리,1979-03-29,1979,88,35.612,127.2856,247.04
"South Korea/임실",개나리,1980-03-30,1980,90,35.612,127.2856,247.04
"South Korea/임실",개나리,1981-03-26,1981,85,35.612,127.2856,247.04
"South Korea/임실",개나리,1982-03-29,1982,88,35.612,127.2856,247.04
"South Korea/임실",개나리,1983-04-03,1983,93,35.612,127.2856,247.04
"South Korea/임실",개나리,1984-04-12,1984,103,35.612,127.2856,247.04
"South Korea/임실",개나리,1985-04-06,1985,96,35.612,127.2856,247.04
"South Korea/임실",개나리,1986-04-05,1986,95,35.612,127.2856,247.04
"South Korea/임실",개나리,1987-04-03,1987,93,35.612,127.2856,247.04
"South Korea/임실",개나리,1988-04-10,1988,101,35.612,127.2856,247.04
"South Korea/임실",개나리,1989-04-02,1989,92,35.612,127.2856,247.04
"South Korea/임실",개나리,1990-03-29,1990,88,35.612,127.2856,247.04
"South Korea/임실",개나리,1991-04-05,1991,95,35.612,127.2856,247.04
"South Korea/임실",개나리,1992-03-26,1992,86,35.612,127.2856,247.04
"South Korea/임실",개나리,1993-04-04,1993,94,35.612,127.2856,247.04
"South Korea/임실",개나리,1994-04-06,1994,96,35.612,127.2856,247.04
"South Korea/임실",개나리,1995-04-04,1995,94,35.612,127.2856,247.04
"South Korea/임실",개나리,1996-04-12,1996,103,35.612,127.2856,247.04
"South Korea/임실",개나리,1997-03-28,1997,87,35.612,127.2856,247.04
"South Korea/임실",개나리,1998-03-29,1998,88,35.612,127.2856,247.04
"South Korea/임실",개나리,1999-04-05,1999,95,35.612,127.2856,247.04
"South Korea/임실",개나리,2000-04-09,2000,100,35.612,127.2856,247.04
"South Korea/임실",개나리,2001-04-05,2001,95,35.612,127.2856,247.04
"South Korea/임실",개나리,2002-03-26,2002,85,35.612,127.2856,247.04
"South Korea/임실",개나리,2003-04-03,2003,93,35.612,127.2856,247.04
"South Korea/임실",개나리,2004-04-01,2004,92,35.612,127.2856,247.04
"South Korea/임실",개나리,2005-04-08,2005,98,35.612,127.2856,247.04
"South Korea/임실",개나리,2006-04-04,2006,94,35.612,127.2856,247.04
"South Korea/임실",개나리,2007-03-30,2007,89,35.612,127.2856,247.04
"South Korea/임실",개나리,2008-03-29,2008,89,35.612,127.2856,247.04
"South Korea/장수",개나리,1988-04-12,1988,103,35.657,127.5203,406.87
"South Korea/장수",개나리,1989-04-06,1989,96,35.657,127.5203,406.87
"South Korea/장수",개나리,1990-04-02,1990,92,35.657,127.5203,406.87
"South Korea/장수",개나리,1991-04-11,1991,101,35.657,127.5203,406.87
"South Korea/장수",개나리,1992-04-02,1992,93,35.657,127.5203,406.87
"South Korea/장수",개나리,1993-04-06,1993,96,35.657,127.5203,406.87
"South Korea/장수",개나리,1994-04-09,1994,99,35.657,127.5203,406.87
"South Korea/장수",개나리,1995-04-08,1995,98,35.657,127.5203,406.87
"South Korea/장수",개나리,1996-04-22,1996,113,35.657,127.5203,406.87
"South Korea/장수",개나리,1997-04-05,1997,95,35.657,127.5203,406.87
"South Korea/장수",개나리,1998-03-31,1998,90,35.657,127.5203,406.87
"South Korea/장수",개나리,1999-04-06,1999,96,35.657,127.5203,406.87
"South Korea/장수",개나리,2000-04-12,2000,103,35.657,127.5203,406.87
"South Korea/장수",개나리,2001-04-05,2001,95,35.657,127.5203,406.87
"South Korea/장수",개나리,2002-03-26,2002,85,35.657,127.5203,406.87
"South Korea/장수",개나리,2003-04-04,2003,94,35.657,127.5203,406.87
"South Korea/장수",개나리,2004-03-31,2004,91,35.657,127.5203,406.87
"South Korea/장수",개나리,2005-04-08,2005,98,35.657,127.5203,406.87
"South Korea/장수",개나리,2006-04-03,2006,93,35.657,127.5203,406.87
"South Korea/장수",개나리,2007-03-29,2007,88,35.657,127.5203,406.87
"South Korea/장수",개나리,2008-04-03,2008,94,35.657,127.5203,406.87
"South Korea/전주",개나리,1973-03-28,1973,87,35.8409,127.1172,60.44
"South Korea/전주",개나리,1974-04-04,1974,94,35.8409,127.1172,60.44
"South Korea/전주",개나리,1975-03-28,1975,87,35.8409,127.1172,60.44
"South Korea/전주",개나리,1976-03-15,1976,75,35.8409,127.1172,60.44
"South Korea/전주",개나리,1977-03-14,1977,73,35.8409,127.1172,60.44
"South Korea/전주",개나리,1978-03-20,1978,79,35.8409,127.1172,60.44
"South Korea/전주",개나리,1979-03-24,1979,83,35.8409,127.1172,60.44
"South Korea/전주",개나리,1980-04-04,1980,95,35.8409,127.1172,60.44
"South Korea/전주",개나리,1981-04-04,1981,94,35.8409,127.1172,60.44
"South Korea/전주",개나리,1982-03-27,1982,86,35.8409,127.1172,60.44
"South Korea/전주",개나리,1984-04-01,1984,92,35.8409,127.1172,60.44
"South Korea/전주",개나리,1985-04-04,1985,94,35.8409,127.1172,60.44
"South Korea/전주",개나리,1986-03-31,1986,90,35.8409,127.1172,60.44
"South Korea/전주",개나리,1987-04-04,1987,94,35.8409,127.1172,60.44
"South Korea/전주",개나리,1988-04-03,1988,94,35.8409,127.1172,60.44
"South Korea/전주",개나리,1989-03-23,1989,82,35.8409,127.1172,60.44
"South Korea/전주",개나리,1990-03-22,1990,81,35.8409,127.1172,60.44
"South Korea/전주",개나리,1991-03-27,1991,86,35.8409,127.1172,60.44
"South Korea/전주",개나리,1992-03-19,1992,79,35.8409,127.1172,60.44
"South Korea/전주",개나리,1993-03-27,1993,86,35.8409,127.1172,60.44
"South Korea/전주",개나리,1994-04-01,1994,91,35.8409,127.1172,60.44
"South Korea/전주",개나리,1995-03-26,1995,85,35.8409,127.1172,60.44
"South Korea/전주",개나리,1996-04-06,1996,97,35.8409,127.1172,60.44
"South Korea/전주",개나리,1997-03-20,1997,79,35.8409,127.1172,60.44
"South Korea/전주",개나리,1998-03-18,1998,77,35.8409,127.1172,60.44
"South Korea/전주",개나리,1999-03-25,1999,84,35.8409,127.1172,60.44
"South Korea/전주",개나리,2000-03-29,2000,89,35.8409,127.1172,60.44
"South Korea/전주",개나리,2001-03-31,2001,90,35.8409,127.1172,60.44
"South Korea/전주",개나리,2002-03-17,2002,76,35.8409,127.1172,60.44
"South Korea/전주",개나리,2003-03-24,2003,83,35.8409,127.1172,60.44
"South Korea/전주",개나리,2004-03-19,2004,79,35.8409,127.1172,60.44
"South Korea/전주",개나리,2005-04-02,2005,92,35.8409,127.1172,60.44
"South Korea/전주",개나리,2006-03-21,2006,80,35.8409,127.1172,60.44
"South Korea/전주",개나리,2007-03-16,2007,75,35.8409,127.1172,60.44
"South Korea/전주",개나리,2008-03-23,2008,83,35.8409,127.1172,60.44
"South Korea/전주",개나리,2009-03-20,2009,79,35.8409,127.1172,60.44
"South Korea/전주",개나리,2010-03-19,2010,78,35.8409,127.1172,60.44
"South Korea/전주",개나리,2011-03-27,2011,86,35.8409,127.1172,60.44
"South Korea/전주",개나리,2012-03-29,2012,89,35.8409,127.1172,60.44
"South Korea/전주",개나리,2013-03-22,2013,81,35.8409,127.1172,60.44
"South Korea/전주",개나리,2014-03-16,2014,75,35.8409,127.1172,60.44
"South Korea/전주",개나리,2015-03-26,2015,85,35.8409,127.1172,60.44
"South Korea/전주",개나리,2016-03-20,2016,80,35.8409,127.1172,60.44
"South Korea/전주",개나리,2017-03-23,2017,82,35.8409,127.1172,60.44
"South Korea/전주",개나리,2018-03-23,2018,82,35.8409,127.1172,60.44
"South Korea/전주",개나리,2019-03-20,2019,79,35.8409,127.1172,60.44
"South Korea/전주",개나리,2020-03-18,2020,78,35.8409,127.1172,60.44
"South Korea/전주",개나리,2021-03-13,2021,72,35.8409,127.1172,60.44
"South Korea/전주",개나리,2022-03-22,2022,81,35.8409,127.1172,60.44
"South Korea/전주",개나리,2023-03-14,2023,73,35.8409,127.1172,60.44
"South Korea/전주",개나리,2024-03-17,2024,77,35.8409,127.1172,60.44
"South Korea/전주",개나리,2025-03-22,2025,81,35.8409,127.1172,60.44
"South Korea/정읍",개나리,1973-03-26,1973,85,35.5634,126.839,68.7
"South Korea/정읍",개나리,1974-04-02,1974,92,35.5634,126.839,68.7
"South Korea/정읍",개나리,1975-04-07,1975,97,35.5634,126.839,68.7
"South Korea/정읍",개나리,1976-03-30,1976,90,35.5634,126.839,68.7
"South Korea/정읍",개나리,1977-03-27,1977,86,35.5634,126.839,68.7
"South Korea/정읍",개나리,1978-04-02,1978,92,35.5634,126.839,68.7
"South Korea/정읍",개나리,1979-03-24,1979,83,35.5634,126.839,68.7
"South Korea/정읍",개나리,1980-04-04,1980,95,35.5634,126.839,68.7
"South Korea/정읍",개나리,1981-03-29,1981,88,35.5634,126.839,68.7
"South Korea/정읍",개나리,1982-03-27,1982,86,35.5634,126.839,68.7
"South Korea/정읍",개나리,1983-03-24,1983,83,35.5634,126.839,68.7
"South Korea/정읍",개나리,1984-04-16,1984,107,35.5634,126.839,68.7
"South Korea/정읍",개나리,1985-04-06,1985,96,35.5634,126.839,68.7
"South Korea/정읍",개나리,1986-04-05,1986,95,35.5634,126.839,68.7
"South Korea/정읍",개나리,1987-04-02,1987,92,35.5634,126.839,68.7
"South Korea/정읍",개나리,1988-04-05,1988,96,35.5634,126.839,68.7
"South Korea/정읍",개나리,1989-03-25,1989,84,35.5634,126.839,68.7
"South Korea/정읍",개나리,1990-03-23,1990,82,35.5634,126.839,68.7
"South Korea/정읍",개나리,1991-03-23,1991,82,35.5634,126.839,68.7
"South Korea/정읍",개나리,1992-03-18,1992,78,35.5634,126.839,68.7
"South Korea/정읍",개나리,1993-04-01,1993,91,35.5634,126.839,68.7
"South Korea/정읍",개나리,1994-04-03,1994,93,35.5634,126.839,68.7
"South Korea/정읍",개나리,1995-04-04,1995,94,35.5634,126.839,68.7
"South Korea/정읍",개나리,1996-04-07,1996,98,35.5634,126.839,68.7
"South Korea/정읍",개나리,1997-03-28,1997,87,35.5634,126.839,68.7
"South Korea/정읍",개나리,1998-03-23,1998,82,35.5634,126.839,68.7
"South Korea/정읍",개나리,1999-03-29,1999,88,35.5634,126.839,68.7
"South Korea/정읍",개나리,2000-04-03,2000,94,35.5634,126.839,68.7
"South Korea/정읍",개나리,2001-04-01,2001,91,35.5634,126.839,68.7
"South Korea/정읍",개나리,2002-03-23,2002,82,35.5634,126.839,68.7
"South Korea/정읍",개나리,2003-03-28,2003,87,35.5634,126.839,68.7
"South Korea/정읍",개나리,2004-03-22,2004,82,35.5634,126.839,68.7
"South Korea/정읍",개나리,2005-04-04,2005,94,35.5634,126.839,68.7
"South Korea/정읍",개나리,2006-03-27,2006,86,35.5634,126.839,68.7
"South Korea/정읍",개나리,2007-03-25,2007,84,35.5634,126.839,68.7
"South Korea/정읍",개나리,2008-03-27,2008,87,35.5634,126.839,68.7
"South Korea/정읍",개나리,2009-03-18,2009,77,35.5634,126.839,68.7
"South Korea/정읍",개나리,2010-03-22,2010,81,35.5634,126.839,68.7
"South Korea/정읍",개나리,2011-03-23,2011,82,35.5634,126.839,68.7
"South Korea/정읍",개나리,2012-03-29,2012,89,35.5634,126.839,68.7
"South Korea/정읍",개나리,2013-03-18,2013,77,35.5634,126.839,68.7
"South Korea/정읍",개나리,2014-03-21,2014,80,35.5634,126.839,68.7
"South Korea/정읍",개나리,2015-03-28,2015,87,35.5634,126.839,68.7
"South Korea/고산",개나리,1998-03-15,1998,74,33.2938,126.1628,71.39
"South Korea/고산",개나리,1999-03-15,1999,74,33.2938,126.1628,71.39
"South Korea/고산",개나리,2000-03-26,2000,86,33.2938,126.1628,71.39
"South Korea/고산",개나리,2001-03-21,2001,80,33.2938,126.1628,71.39
"South Korea/고산",개나리,2002-03-08,2002,67,33.2938,126.1628,71.39
"South Korea/고산",개나리,2003-03-17,2003,76,33.2938,126.1628,71.39
"South Korea/고산",개나리,2004-03-14,2004,74,33.2938,126.1628,71.39
"South Korea/고산",개나리,2005-03-23,2005,82,33.2938,126.1628,71.39
"South Korea/고산",개나리,2006-03-11,2006,70,33.2938,126.1628,71.39
"South Korea/고산",개나리,2007-03-12,2007,71,33.2938,126.1628,71.39
"South Korea/고산",개나리,2008-03-22,2008,82,33.2938,126.1628,71.39
"South Korea/고산",개나리,2009-03-17,2009,76,33.2938,126.1628,71.39
"South Korea/고산",개나리,2010-03-19,2010,78,33.2938,126.1628,71.39
"South Korea/고산",개나리,2011-03-14,2011,73,33.2938,126.1628,71.39
"South Korea/고산",개나리,2012-03-28,2012,88,33.2938,126.1628,71.39
"South Korea/고산",개나리,2013-03-14,2013,73,33.2938,126.1628,71.39
"South Korea/고산",개나리,2014-03-15,2014,74,33.2938,126.1628,71.39
"South Korea/고산",개나리,2015-03-18,2015,77,33.2938,126.1628,71.39
"South Korea/서귀포",개나리,1973-03-15,1973,74,33.2462,126.5653,51.86
"South Korea/서귀포",개나리,1974-03-18,1974,77,33.2462,126.5653,51.86
"South Korea/서귀포",개나리,1975-03-19,1975,78,33.2462,126.5653,51.86
"South Korea/서귀포",개나리,1976-03-08,1976,68,33.2462,126.5653,51.86
"South Korea/서귀포",개나리,1977-03-14,1977,73,33.2462,126.5653,51.86
"South Korea/서귀포",개나리,1978-03-24,1978,83,33.2462,126.5653,51.86
"South Korea/서귀포",개나리,1979-03-18,1979,77,33.2462,126.5653,51.86
"South Korea/서귀포",개나리,1980-03-14,1980,74,33.2462,126.5653,51.86
"South Korea/서귀포",개나리,1981-03-22,1981,81,33.2462,126.5653,51.86
"South Korea/서귀포",개나리,1982-03-15,1982,74,33.2462,126.5653,51.86
"South Korea/서귀포",개나리,1983-03-22,1983,81,33.2462,126.5653,51.86
"South Korea/서귀포",개나리,1984-03-27,1984,87,33.2462,126.5653,51.86
"South Korea/서귀포",개나리,1985-03-21,1985,80,33.2462,126.5653,51.86
"South Korea/서귀포",개나리,1986-03-19,1986,78,33.2462,126.5653,51.86
"South Korea/서귀포",개나리,1987-03-29,1987,88,33.2462,126.5653,51.86
"South Korea/서귀포",개나리,1988-03-18,1988,78,33.2462,126.5653,51.86
"South Korea/서귀포",개나리,1989-03-20,1989,79,33.2462,126.5653,51.86
"South Korea/서귀포",개나리,1990-03-13,1990,72,33.2462,126.5653,51.86
"South Korea/서귀포",개나리,1991-03-21,1991,80,33.2462,126.5653,51.86
"South Korea/서귀포",개나리,1992-02-22,1992,53,33.2462,126.5653,51.86
"South Korea/서귀포",개나리,1993-03-10,1993,69,33.2462,126.5653,51.86
"South Korea/서귀포",개나리,1994-03-23,1994,82,33.2462,126.5653,51.86
"South Korea/서귀포",개나리,1995-03-23,1995,82,33.2462,126.5653,51.86
"South Korea/서귀포",개나리,1996-03-26,1996,86,33.2462,126.5653,51.86
"South Korea/서귀포",개나리,1997-03-15,1997,74,33.2462,126.5653,51.86
"South Korea/서귀포",개나리,1998-03-12,1998,71,33.2462,126.5653,51.86
"South Korea/서귀포",개나리,1999-03-19,1999,78,33.2462,126.5653,51.86
"South Korea/서귀포",개나리,2000-03-18,2000,78,33.2462,126.5653,51.86
"South Korea/서귀포",개나리,2001-03-16,2001,75,33.2462,126.5653,51.86
"South Korea/서귀포",개나리,2002-03-07,2002,66,33.2462,126.5653,51.86
"South Korea/서귀포",개나리,2003-03-13,2003,72,33.2462,126.5653,51.86
"South Korea/서귀포",개나리,2004-03-15,2004,75,33.2462,126.5653,51.86
"South Korea/서귀포",개나리,2005-03-20,2005,79,33.2462,126.5653,51.86
"South Korea/서귀포",개나리,2006-03-08,2006,67,33.2462,126.5653,51.86
"South Korea/서귀포",개나리,2007-03-08,2007,67,33.2462,126.5653,51.86
"South Korea/서귀포",개나리,2008-03-18,2008,78,33.2462,126.5653,51.86
"South Korea/서귀포",개나리,2009-03-06,2009,65,33.2462,126.5653,51.86
"South Korea/서귀포",개나리,2010-03-09,2010,68,33.2462,126.5653,51.86
"South Korea/서귀포",개나리,2011-03-13,2011,72,33.2462,126.5653,51.86
"South Korea/서귀포",개나리,2012-03-27,2012,87,33.2462,126.5653,51.86
"South Korea/서귀포",개나리,2013-03-11,2013,70,33.2462,126.5653,51.86
"South Korea/서귀포",개나리,2014-03-17,2014,76,33.2462,126.5653,51.86
"South Korea/서귀포",개나리,2015-03-19,2015,78,33.2462,126.5653,51.86
"South Korea/서귀포",개나리,2019-03-22,2019,81,33.2462,126.5653,51.86
"South Korea/서귀포",개나리,2020-03-16,2020,76,33.2462,126.5653,51.86
"South Korea/서귀포",개나리,2021-02-27,2021,58,33.2462,126.5653,51.86
"South Korea/서귀포",개나리,2022-03-23,2022,82,33.2462,126.5653,51.86
"South Korea/서귀포",개나리,2023-03-15,2023,74,33.2462,126.5653,51.86
"South Korea/서귀포",개나리,2024-03-13,2024,73,33.2462,126.5653,51.86
"South Korea/서귀포",개나리,2025-03-22,2025,81,33.2462,126.5653,51.86
"South Korea/성산",개나리,1973-03-18,1973,77,33.3868,126.8802,20.34
"South Korea/성산",개나리,1974-03-22,1974,81,33.3868,126.8802,20.34
"South Korea/성산",개나리,1977-03-23,1977,82,33.3868,126.8802,20.34
"South Korea/성산",개나리,1978-03-28,1978,87,33.3868,126.8802,20.34
"South Korea/성산",개나리,1984-03-22,1984,82,33.3868,126.8802,20.34
"South Korea/성산",개나리,1985-03-19,1985,78,33.3868,126.8802,20.34
"South Korea/성산",개나리,1986-03-13,1986,72,33.3868,126.8802,20.34
"South Korea/성산",개나리,1987-03-25,1987,84,33.3868,126.8802,20.34
"South Korea/성산",개나리,1988-03-31,1988,91,33.3868,126.8802,20.34
"South Korea/성산",개나리,1989-03-26,1989,85,33.3868,126.8802,20.34
"South Korea/성산",개나리,1990-03-11,1990,70,33.3868,126.8802,20.34
"South Korea/성산",개나리,1991-03-21,1991,80,33.3868,126.8802,20.34
"South Korea/성산",개나리,1992-03-15,1992,75,33.3868,126.8802,20.34
"South Korea/성산",개나리,1993-03-17,1993,76,33.3868,126.8802,20.34
"South Korea/성산",개나리,1994-03-23,1994,82,33.3868,126.8802,20.34
"South Korea/성산",개나리,1995-03-26,1995,85,33.3868,126.8802,20.34
"South Korea/성산",개나리,1996-03-23,1996,83,33.3868,126.8802,20.34
"South Korea/성산",개나리,1997-03-14,1997,73,33.3868,126.8802,20.34
"South Korea/성산",개나리,1998-03-09,1998,68,33.3868,126.8802,20.34
"South Korea/성산",개나리,1999-03-16,1999,75,33.3868,126.8802,20.34
"South Korea/성산",개나리,2000-03-22,2000,82,33.3868,126.8802,20.34
"South Korea/성산",개나리,2001-03-20,2001,79,33.3868,126.8802,20.34
"South Korea/성산",개나리,2002-03-11,2002,70,33.3868,126.8802,20.34
"South Korea/성산",개나리,2003-03-20,2003,79,33.3868,126.8802,20.34
"South Korea/성산",개나리,2004-03-15,2004,75,33.3868,126.8802,20.34
"South Korea/성산",개나리,2005-03-21,2005,80,33.3868,126.8802,20.34
"South Korea/성산",개나리,2006-03-07,2006,66,33.3868,126.8802,20.34
"South Korea/성산",개나리,2007-03-08,2007,67,33.3868,126.8802,20.34
"South Korea/성산",개나리,2008-03-20,2008,80,33.3868,126.8802,20.34
"South Korea/성산",개나리,2009-03-09,2009,68,33.3868,126.8802,20.34
"South Korea/성산",개나리,2010-03-12,2010,71,33.3868,126.8802,20.34
"South Korea/성산",개나리,2011-03-15,2011,74,33.3868,126.8802,20.34
"South Korea/성산",개나리,2012-03-18,2012,78,33.3868,126.8802,20.34
"South Korea/성산",개나리,2013-03-06,2013,65,33.3868,126.8802,20.34
"South Korea/성산",개나리,2014-03-10,2014,69,33.3868,126.8802,20.34
"South Korea/성산",개나리,2015-03-20,2015,79,33.3868,126.8802,20.34
"South Korea/성산",개나리,2008-03-20,2008,80,33.3868,126.8802,20.34
"South Korea/성산포",개나리,1973-03-18,1973,77,nan,nan,nan
"South Korea/성산포",개나리,1974-03-22,1974,81,nan,nan,nan
"South Korea/성산포",개나리,1977-03-23,1977,82,nan,nan,nan
"South Korea/성산포",개나리,1978-03-28,1978,87,nan,nan,nan
"South Korea/성산포",개나리,1984-03-22,1984,82,nan,nan,nan
"South Korea/성산포",개나리,1985-03-19,1985,78,nan,nan,nan
"South Korea/성산포",개나리,1986-03-13,1986,72,nan,nan,nan
"South Korea/성산포",개나리,1987-03-25,1987,84,nan,nan,nan
"South Korea/성산포",개나리,1988-03-31,1988,91,nan,nan,nan
"South Korea/성산포",개나리,1989-03-26,1989,85,nan,nan,nan
"South Korea/성산포",개나리,1990-03-11,1990,70,nan,nan,nan
"South Korea/성산포",개나리,1991-03-21,1991,80,nan,nan,nan
"South Korea/성산포",개나리,1992-03-15,1992,75,nan,nan,nan
"South Korea/성산포",개나리,1993-03-17,1993,76,nan,nan,nan
"South Korea/성산포",개나리,1994-03-23,1994,82,nan,nan,nan
"South Korea/성산포",개나리,1995-03-26,1995,85,nan,nan,nan
"South Korea/성산포",개나리,1996-03-23,1996,83,nan,nan,nan
"South Korea/성산포",개나리,1997-03-14,1997,73,nan,nan,nan
"South Korea/성산포",개나리,1998-03-09,1998,68,nan,nan,nan
"South Korea/성산포",개나리,1999-03-16,1999,75,nan,nan,nan
"South Korea/성산포",개나리,2000-03-22,2000,82,nan,nan,nan
"South Korea/성산포",개나리,2001-03-20,2001,79,nan,nan,nan
"South Korea/성산포",개나리,2002-03-11,2002,70,nan,nan,nan
"South Korea/성산포",개나리,2003-03-20,2003,79,nan,nan,nan
"South Korea/성산포",개나리,2004-03-15,2004,75,nan,nan,nan
"South Korea/성산포",개나리,2005-03-21,2005,80,nan,nan,nan
"South Korea/성산포",개나리,2006-03-07,2006,66,nan,nan,nan
"South Korea/성산포",개나리,2007-03-08,2007,67,nan,nan,nan
"South Korea/제주",개나리,1973-03-19,1973,78,33.5141,126.5297,20.79
"South Korea/제주",개나리,1974-03-26,1974,85,33.5141,126.5297,20.79
"South Korea/제주",개나리,1975-03-20,1975,79,33.5141,126.5297,20.79
"South Korea/제주",개나리,1976-02-24,1976,55,33.5141,126.5297,20.79
"South Korea/제주",개나리,1977-03-08,1977,67,33.5141,126.5297,20.79
"South Korea/제주",개나리,1978-03-16,1978,75,33.5141,126.5297,20.79
"South Korea/제주",개나리,1979-03-20,1979,79,33.5141,126.5297,20.79
"South Korea/제주",개나리,1980-03-16,1980,76,33.5141,126.5297,20.79
"South Korea/제주",개나리,1981-03-17,1981,76,33.5141,126.5297,20.79
"South Korea/제주",개나리,1982-03-15,1982,74,33.5141,126.5297,20.79
"South Korea/제주",개나리,1983-03-23,1983,82,33.5141,126.5297,20.79
"South Korea/제주",개나리,1984-03-30,1984,90,33.5141,126.5297,20.79
"South Korea/제주",개나리,1985-03-23,1985,82,33.5141,126.5297,20.79
"South Korea/제주",개나리,1986-03-21,1986,80,33.5141,126.5297,20.79
"South Korea/제주",개나리,1987-03-17,1987,76,33.5141,126.5297,20.79
"South Korea/제주",개나리,1988-03-21,1988,81,33.5141,126.5297,20.79
"South Korea/제주",개나리,1989-03-14,1989,73,33.5141,126.5297,20.79
"South Korea/제주",개나리,1990-03-13,1990,72,33.5141,126.5297,20.79
"South Korea/제주",개나리,1991-03-23,1991,82,33.5141,126.5297,20.79
"South Korea/제주",개나리,1992-03-17,1992,77,33.5141,126.5297,20.79
"South Korea/제주",개나리,1993-03-20,1993,79,33.5141,126.5297,20.79
"South Korea/제주",개나리,1994-03-24,1994,83,33.5141,126.5297,20.79
"South Korea/제주",개나리,1995-03-22,1995,81,33.5141,126.5297,20.79
"South Korea/제주",개나리,1996-03-24,1996,84,33.5141,126.5297,20.79
"South Korea/제주",개나리,1997-03-16,1997,75,33.5141,126.5297,20.79
"South Korea/제주",개나리,1998-03-10,1998,69,33.5141,126.5297,20.79
"South Korea/제주",개나리,1999-03-18,1999,77,33.5141,126.5297,20.79
"South Korea/제주",개나리,2000-03-24,2000,84,33.5141,126.5297,20.79
"South Korea/제주",개나리,2001-03-17,2001,76,33.5141,126.5297,20.79
"South Korea/제주",개나리,2002-03-07,2002,66,33.5141,126.5297,20.79
"South Korea/제주",개나리,2003-03-18,2003,77,33.5141,126.5297,20.79
"South Korea/제주",개나리,2004-03-13,2004,73,33.5141,126.5297,20.79
"South Korea/제주",개나리,2005-03-21,2005,80,33.5141,126.5297,20.79
"South Korea/제주",개나리,2006-03-08,2006,67,33.5141,126.5297,20.79
"South Korea/제주",개나리,2007-03-14,2007,73,33.5141,126.5297,20.79
"South Korea/제주",개나리,2008-03-20,2008,80,33.5141,126.5297,20.79
"South Korea/제주",개나리,2009-03-10,2009,69,33.5141,126.5297,20.79
"South Korea/제주",개나리,2010-03-12,2010,71,33.5141,126.5297,20.79
"South Korea/제주",개나리,2011-03-11,2011,70,33.5141,126.5297,20.79
"South Korea/제주",개나리,2012-03-29,2012,89,33.5141,126.5297,20.79
"South Korea/제주",개나리,2013-03-13,2013,72,33.5141,126.5297,20.79
"South Korea/제주",개나리,2014-03-13,2014,72,33.5141,126.5297,20.79
"South Korea/제주",개나리,2015-03-19,2015,78,33.5141,126.5297,20.79
"South Korea/제주",개나리,2016-03-12,2016,72,33.5141,126.5297,20.79
"South Korea/제주",개나리,2017-03-22,2017,81,33.5141,126.5297,20.79
"South Korea/제주",개나리,2018-03-14,2018,73,33.5141,126.5297,20.79
"South Korea/제주",개나리,2019-03-18,2019,77,33.5141,126.5297,20.79
"South Korea/제주",개나리,2020-03-16,2020,76,33.5141,126.5297,20.79
"South Korea/제주",개나리,2021-02-27,2021,58,33.5141,126.5297,20.79
"South Korea/제주",개나리,2022-03-17,2022,76,33.5141,126.5297,20.79
"South Korea/제주",개나리,2023-03-13,2023,72,33.5141,126.5297,20.79
"South Korea/제주",개나리,2024-03-12,2024,72,33.5141,126.5297,20.79
"South Korea/제주",개나리,2025-03-23,2025,82,33.5141,126.5297,20.79
"South Korea/금산",개나리,1977-03-28,1977,87,36.1056,127.4818,172.69
"South Korea/금산",개나리,1978-04-03,1978,93,36.1056,127.4818,172.69
"South Korea/금산",개나리,1979-04-02,1979,92,36.1056,127.4818,172.69
"South Korea/금산",개나리,1980-04-04,1980,95,36.1056,127.4818,172.69
"South Korea/금산",개나리,1984-04-11,1984,102,36.1056,127.4818,172.69
"South Korea/금산",개나리,1985-04-06,1985,96,36.1056,127.4818,172.69
"South Korea/금산",개나리,1986-04-05,1986,95,36.1056,127.4818,172.69
"South Korea/금산",개나리,1987-04-06,1987,96,36.1056,127.4818,172.69
"South Korea/금산",개나리,1988-04-06,1988,97,36.1056,127.4818,172.69
"South Korea/금산",개나리,1989-03-30,1989,89,36.1056,127.4818,172.69
"South Korea/금산",개나리,1990-03-27,1990,86,36.1056,127.4818,172.69
"South Korea/금산",개나리,1991-04-06,1991,96,36.1056,127.4818,172.69
"South Korea/금산",개나리,1992-03-28,1992,88,36.1056,127.4818,172.69
"South Korea/금산",개나리,1993-04-01,1993,91,36.1056,127.4818,172.69
"South Korea/금산",개나리,1994-04-02,1994,92,36.1056,127.4818,172.69
"South Korea/금산",개나리,1995-03-30,1995,89,36.1056,127.4818,172.69
"South Korea/금산",개나리,1996-04-10,1996,101,36.1056,127.4818,172.69
"South Korea/금산",개나리,1997-03-26,1997,85,36.1056,127.4818,172.69
"South Korea/금산",개나리,1998-03-27,1998,86,36.1056,127.4818,172.69
"South Korea/금산",개나리,1999-04-01,1999,91,36.1056,127.4818,172.69
"South Korea/금산",개나리,2000-04-04,2000,95,36.1056,127.4818,172.69
"South Korea/금산",개나리,2001-04-04,2001,94,36.1056,127.4818,172.69
"South Korea/금산",개나리,2002-03-26,2002,85,36.1056,127.4818,172.69
"South Korea/금산",개나리,2003-03-31,2003,90,36.1056,127.4818,172.69
"South Korea/금산",개나리,2004-03-29,2004,89,36.1056,127.4818,172.69
"South Korea/금산",개나리,2005-04-04,2005,94,36.1056,127.4818,172.69
"South Korea/금산",개나리,2006-03-27,2006,86,36.1056,127.4818,172.69
"South Korea/금산",개나리,2007-03-25,2007,84,36.1056,127.4818,172.69
"South Korea/금산",개나리,2008-03-29,2008,89,36.1056,127.4818,172.69
"South Korea/보령",개나리,1973-04-02,1973,92,36.3272,126.5574,9.98
"South Korea/보령",개나리,1974-03-28,1974,87,36.3272,126.5574,9.98
"South Korea/보령",개나리,1975-04-06,1975,96,36.3272,126.5574,9.98
"South Korea/보령",개나리,1976-04-02,1976,93,36.3272,126.5574,9.98
"South Korea/보령",개나리,1977-04-04,1977,94,36.3272,126.5574,9.98
"South Korea/보령",개나리,1978-04-08,1978,98,36.3272,126.5574,9.98
"South Korea/보령",개나리,1979-03-30,1979,89,36.3272,126.5574,9.98
"South Korea/보령",개나리,1980-04-06,1980,97,36.3272,126.5574,9.98
"South Korea/보령",개나리,1981-03-29,1981,88,36.3272,126.5574,9.98
"South Korea/보령",개나리,1982-03-28,1982,87,36.3272,126.5574,9.98
"South Korea/보령",개나리,1983-04-02,1983,92,36.3272,126.5574,9.98
"South Korea/보령",개나리,1984-04-11,1984,102,36.3272,126.5574,9.98
"South Korea/보령",개나리,1985-04-03,1985,93,36.3272,126.5574,9.98
"South Korea/보령",개나리,1986-04-04,1986,94,36.3272,126.5574,9.98
"South Korea/보령",개나리,1987-04-05,1987,95,36.3272,126.5574,9.98
"South Korea/보령",개나리,1988-04-07,1988,98,36.3272,126.5574,9.98
"South Korea/보령",개나리,1989-03-30,1989,89,36.3272,126.5574,9.98
"South Korea/보령",개나리,1990-04-01,1990,91,36.3272,126.5574,9.98
"South Korea/보령",개나리,1991-04-09,1991,99,36.3272,126.5574,9.98
"South Korea/보령",개나리,1992-03-26,1992,86,36.3272,126.5574,9.98
"South Korea/보령",개나리,1993-04-11,1993,101,36.3272,126.5574,9.98
"South Korea/보령",개나리,1994-04-08,1994,98,36.3272,126.5574,9.98
"South Korea/보령",개나리,1995-04-04,1995,94,36.3272,126.5574,9.98
"South Korea/보령",개나리,1996-04-12,1996,103,36.3272,126.5574,9.98
"South Korea/보령",개나리,1997-03-29,1997,88,36.3272,126.5574,9.98
"South Korea/보령",개나리,1998-03-25,1998,84,36.3272,126.5574,9.98
"South Korea/보령",개나리,1999-04-05,1999,95,36.3272,126.5574,9.98
"South Korea/보령",개나리,2000-04-03,2000,94,36.3272,126.5574,9.98
"South Korea/보령",개나리,2001-04-08,2001,98,36.3272,126.5574,9.98
"South Korea/보령",개나리,2002-03-28,2002,87,36.3272,126.5574,9.98
"South Korea/보령",개나리,2003-04-02,2003,92,36.3272,126.5574,9.98
"South Korea/보령",개나리,2004-03-31,2004,91,36.3272,126.5574,9.98
"South Korea/보령",개나리,2005-04-10,2005,100,36.3272,126.5574,9.98
"South Korea/보령",개나리,2006-04-01,2006,91,36.3272,126.5574,9.98
"South Korea/보령",개나리,2007-03-29,2007,88,36.3272,126.5574,9.98
"South Korea/보령",개나리,2008-04-01,2008,92,36.3272,126.5574,9.98
"South Korea/보령",개나리,2009-03-26,2009,85,36.3272,126.5574,9.98
"South Korea/보령",개나리,2010-03-29,2010,88,36.3272,126.5574,9.98
"South Korea/보령",개나리,2011-04-10,2011,100,36.3272,126.5574,9.98
"South Korea/보령",개나리,2012-04-09,2012,100,36.3272,126.5574,9.98
"South Korea/보령",개나리,2013-04-05,2013,95,36.3272,126.5574,9.98
"South Korea/보령",개나리,2014-03-28,2014,87,36.3272,126.5574,9.98
"South Korea/보령",개나리,2015-04-02,2015,92,36.3272,126.5574,9.98
"South Korea/부여",개나리,1973-03-27,1973,86,36.2724,126.9208,13.42
"South Korea/부여",개나리,1976-03-30,1976,90,36.2724,126.9208,13.42
"South Korea/부여",개나리,1977-03-27,1977,86,36.2724,126.9208,13.42
"South Korea/부여",개나리,1978-04-06,1978,96,36.2724,126.9208,13.42
"South Korea/부여",개나리,1979-03-30,1979,89,36.2724,126.9208,13.42
"South Korea/부여",개나리,1980-04-04,1980,95,36.2724,126.9208,13.42
"South Korea/부여",개나리,1981-03-31,1981,90,36.2724,126.9208,13.42
"South Korea/부여",개나리,1982-03-29,1982,88,36.2724,126.9208,13.42
"South Korea/부여",개나리,1984-04-12,1984,103,36.2724,126.9208,13.42
"South Korea/부여",개나리,1985-04-07,1985,97,36.2724,126.9208,13.42
"South Korea/부여",개나리,1986-04-05,1986,95,36.2724,126.9208,13.42
"South Korea/부여",개나리,1987-04-04,1987,94,36.2724,126.9208,13.42
"South Korea/부여",개나리,1988-04-05,1988,96,36.2724,126.9208,13.42
"South Korea/부여",개나리,1989-03-31,1989,90,36.2724,126.9208,13.42
"South Korea/부여",개나리,1990-03-26,1990,85,36.2724,126.9208,13.42
"South Korea/부여",개나리,1991-04-07,1991,97,36.2724,126.9208,13.42
"South Korea/부여",개나리,1992-03-30,1992,90,36.2724,126.9208,13.42
"South Korea/부여",개나리,1993-04-05,1993,95,36.2724,126.9208,13.42
"South Korea/부여",개나리,1994-04-05,1994,95,36.2724,126.9208,13.42
"South Korea/부여",개나리,1995-04-03,1995,93,36.2724,126.9208,13.42
"South Korea/부여",개나리,1996-04-13,1996,104,36.2724,126.9208,13.42
"South Korea/부여",개나리,1997-03-28,1997,87,36.2724,126.9208,13.42
"South Korea/부여",개나리,1998-03-25,1998,84,36.2724,126.9208,13.42
"South Korea/부여",개나리,1999-04-01,1999,91,36.2724,126.9208,13.42
"South Korea/부여",개나리,2000-04-02,2000,93,36.2724,126.9208,13.42
"South Korea/부여",개나리,2001-04-03,2001,93,36.2724,126.9208,13.42
"South Korea/부여",개나리,2002-03-20,2002,79,36.2724,126.9208,13.42
"South Korea/부여",개나리,2003-03-30,2003,89,36.2724,126.9208,13.42
"South Korea/부여",개나리,2004-03-28,2004,88,36.2724,126.9208,13.42
"South Korea/부여",개나리,2005-04-04,2005,94,36.2724,126.9208,13.42
"South Korea/부여",개나리,2006-03-27,2006,86,36.2724,126.9208,13.42
"South Korea/부여",개나리,2007-03-19,2007,78,36.2724,126.9208,13.42
"South Korea/부여",개나리,2008-03-21,2008,81,36.2724,126.9208,13.42
"South Korea/서산",개나리,1973-04-06,1973,96,36.7766,126.4939,25.25
"South Korea/서산",개나리,1974-04-03,1974,93,36.7766,126.4939,25.25
"South Korea/서산",개나리,1975-04-12,1975,102,36.7766,126.4939,25.25
"South Korea/서산",개나리,1976-03-26,1976,86,36.7766,126.4939,25.25
"South Korea/서산",개나리,1977-03-28,1977,87,36.7766,126.4939,25.25
"South Korea/서산",개나리,1978-03-27,1978,86,36.7766,126.4939,25.25
"South Korea/서산",개나리,1979-03-28,1979,87,36.7766,126.4939,25.25
"South Korea/서산",개나리,1980-04-07,1980,98,36.7766,126.4939,25.25
"South Korea/서산",개나리,1981-03-31,1981,90,36.7766,126.4939,25.25
"South Korea/서산",개나리,1982-04-02,1982,92,36.7766,126.4939,25.25
"South Korea/서산",개나리,1983-04-01,1983,91,36.7766,126.4939,25.25
"South Korea/서산",개나리,1984-04-10,1984,101,36.7766,126.4939,25.25
"South Korea/서산",개나리,1985-04-06,1985,96,36.7766,126.4939,25.25
"South Korea/서산",개나리,1986-04-04,1986,94,36.7766,126.4939,25.25
"South Korea/서산",개나리,1987-04-08,1987,98,36.7766,126.4939,25.25
"South Korea/서산",개나리,1988-04-08,1988,99,36.7766,126.4939,25.25
"South Korea/서산",개나리,1989-03-31,1989,90,36.7766,126.4939,25.25
"South Korea/서산",개나리,1990-03-24,1990,83,36.7766,126.4939,25.25
"South Korea/서산",개나리,1991-04-06,1991,96,36.7766,126.4939,25.25
"South Korea/서산",개나리,1992-03-27,1992,87,36.7766,126.4939,25.25
"South Korea/서산",개나리,1993-04-01,1993,91,36.7766,126.4939,25.25
"South Korea/서산",개나리,1994-04-06,1994,96,36.7766,126.4939,25.25
"South Korea/서산",개나리,1995-03-28,1995,87,36.7766,126.4939,25.25
"South Korea/서산",개나리,1996-04-10,1996,101,36.7766,126.4939,25.25
"South Korea/서산",개나리,1997-03-26,1997,85,36.7766,126.4939,25.25
"South Korea/서산",개나리,1998-03-26,1998,85,36.7766,126.4939,25.25
"South Korea/서산",개나리,1999-04-05,1999,95,36.7766,126.4939,25.25
"South Korea/서산",개나리,2000-04-04,2000,95,36.7766,126.4939,25.25
"South Korea/서산",개나리,2001-04-06,2001,96,36.7766,126.4939,25.25
"South Korea/서산",개나리,2002-03-27,2002,86,36.7766,126.4939,25.25
"South Korea/서산",개나리,2003-03-29,2003,88,36.7766,126.4939,25.25
"South Korea/서산",개나리,2004-03-27,2004,87,36.7766,126.4939,25.25
"South Korea/서산",개나리,2005-04-08,2005,98,36.7766,126.4939,25.25
"South Korea/서산",개나리,2006-03-26,2006,85,36.7766,126.4939,25.25
"South Korea/서산",개나리,2007-03-25,2007,84,36.7766,126.4939,25.25
"South Korea/서산",개나리,2008-03-30,2008,90,36.7766,126.4939,25.25
"South Korea/서산",개나리,2009-03-23,2009,82,36.7766,126.4939,25.25
"South Korea/서산",개나리,2010-03-22,2010,81,36.7766,126.4939,25.25
"South Korea/서산",개나리,2011-04-05,2011,95,36.7766,126.4939,25.25
"South Korea/서산",개나리,2012-04-08,2012,99,36.7766,126.4939,25.25
"South Korea/서산",개나리,2013-04-05,2013,95,36.7766,126.4939,25.25
"South Korea/서산",개나리,2014-03-27,2014,86,36.7766,126.4939,25.25
"South Korea/서산",개나리,2015-03-22,2015,81,36.7766,126.4939,25.25
"South Korea/서산",개나리,2016-03-24,2016,84,36.7766,126.4939,25.25
"South Korea/서산",개나리,2017-03-31,2017,90,36.7766,126.4939,25.25
"South Korea/천안",개나리,1973-03-30,1973,89,36.7622,127.2928,84.78
"South Korea/천안",개나리,1974-04-08,1974,98,36.7622,127.2928,84.78
"South Korea/천안",개나리,1975-04-07,1975,97,36.7622,127.2928,84.78
"South Korea/천안",개나리,1976-03-30,1976,90,36.7622,127.2928,84.78
"South Korea/천안",개나리,1977-04-01,1977,91,36.7622,127.2928,84.78
"South Korea/천안",개나리,1978-04-06,1978,96,36.7622,127.2928,84.78
"South Korea/천안",개나리,1979-03-29,1979,88,36.7622,127.2928,84.78
"South Korea/천안",개나리,1980-04-02,1980,93,36.7622,127.2928,84.78
"South Korea/천안",개나리,1981-04-01,1981,91,36.7622,127.2928,84.78
"South Korea/천안",개나리,1982-03-31,1982,90,36.7622,127.2928,84.78
"South Korea/천안",개나리,1983-03-31,1983,90,36.7622,127.2928,84.78
"South Korea/천안",개나리,1984-04-11,1984,102,36.7622,127.2928,84.78
"South Korea/천안",개나리,1985-04-06,1985,96,36.7622,127.2928,84.78
"South Korea/천안",개나리,1986-04-08,1986,98,36.7622,127.2928,84.78
"South Korea/천안",개나리,1987-04-11,1987,101,36.7622,127.2928,84.78
"South Korea/천안",개나리,1988-04-08,1988,99,36.7622,127.2928,84.78
"South Korea/천안",개나리,1989-03-30,1989,89,36.7622,127.2928,84.78
"South Korea/천안",개나리,1990-03-25,1990,84,36.7622,127.2928,84.78
"South Korea/천안",개나리,1991-04-07,1991,97,36.7622,127.2928,84.78
"South Korea/천안",개나리,1992-03-28,1992,88,36.7622,127.2928,84.78
"South Korea/천안",개나리,1993-04-01,1993,91,36.7622,127.2928,84.78
"South Korea/천안",개나리,1994-04-04,1994,94,36.7622,127.2928,84.78
"South Korea/천안",개나리,1995-03-29,1995,88,36.7622,127.2928,84.78
"South Korea/천안",개나리,1996-04-08,1996,99,36.7622,127.2928,84.78
"South Korea/천안",개나리,1997-03-28,1997,87,36.7622,127.2928,84.78
"South Korea/천안",개나리,1998-03-26,1998,85,36.7622,127.2928,84.78
"South Korea/천안",개나리,1999-04-04,1999,94,36.7622,127.2928,84.78
"South Korea/천안",개나리,2000-04-04,2000,95,36.7622,127.2928,84.78
"South Korea/천안",개나리,2001-04-05,2001,95,36.7622,127.2928,84.78
"South Korea/천안",개나리,2002-03-25,2002,84,36.7622,127.2928,84.78
"South Korea/천안",개나리,2003-03-31,2003,90,36.7622,127.2928,84.78
"South Korea/천안",개나리,2004-03-30,2004,90,36.7622,127.2928,84.78
"South Korea/천안",개나리,2005-04-06,2005,96,36.7622,127.2928,84.78
"South Korea/천안",개나리,2006-04-05,2006,95,36.7622,127.2928,84.78
"South Korea/천안",개나리,2007-04-02,2007,92,36.7622,127.2928,84.78
"South Korea/천안",개나리,2008-04-01,2008,92,36.7622,127.2928,84.78
"South Korea/천안",개나리,2009-03-28,2009,87,36.7622,127.2928,84.78
"South Korea/천안",개나리,2010-04-03,2010,93,36.7622,127.2928,84.78
"South Korea/천안",개나리,2011-04-06,2011,96,36.7622,127.2928,84.78
"South Korea/천안",개나리,2012-04-10,2012,101,36.7622,127.2928,84.78
"South Korea/천안",개나리,2013-04-05,2013,95,36.7622,127.2928,84.78
"South Korea/천안",개나리,2014-03-27,2014,86,36.7622,127.2928,84.78
"South Korea/천안",개나리,2015-03-27,2015,86,36.7622,127.2928,84.78
"South Korea/홍성",개나리,2018-03-31,2018,90,36.6576,126.6877,27.74
"South Korea/홍성",개나리,2019-03-31,2019,90,36.6576,126.6877,27.74
"South Korea/홍성",개나리,2020-03-25,2020,85,36.6576,126.6877,27.74
"South Korea/홍성",개나리,2021-03-25,2021,84,36.6576,126.6877,27.74
"South Korea/홍성",개나리,2022-04-01,2022,91,36.6576,126.6877,27.74
"South Korea/홍성",개나리,2023-03-24,2023,83,36.6576,126.6877,27.74
"South Korea/홍성",개나리,2024-03-24,2024,84,36.6576,126.6877,27.74
"South Korea/홍성",개나리,2025-03-27,2025,86,36.6576,126.6877,27.74
"South Korea/보은",개나리,1973-03-27,1973,86,36.4876,127.7342,171.31
"South Korea/보은",개나리,1976-04-02,1976,93,36.4876,127.7342,171.31
"South Korea/보은",개나리,1977-03-31,1977,90,36.4876,127.7342,171.31
"South Korea/보은",개나리,1978-04-03,1978,93,36.4876,127.7342,171.31
"South Korea/보은",개나리,1979-04-01,1979,91,36.4876,127.7342,171.31
"South Korea/보은",개나리,1980-04-03,1980,94,36.4876,127.7342,171.31
"South Korea/보은",개나리,1981-04-09,1981,99,36.4876,127.7342,171.31
"South Korea/보은",개나리,1982-04-03,1982,93,36.4876,127.7342,171.31
"South Korea/보은",개나리,1983-04-04,1983,94,36.4876,127.7342,171.31
"South Korea/보은",개나리,1984-04-10,1984,101,36.4876,127.7342,171.31
"South Korea/보은",개나리,1985-04-08,1985,98,36.4876,127.7342,171.31
"South Korea/보은",개나리,1986-04-10,1986,100,36.4876,127.7342,171.31
"South Korea/보은",개나리,1987-04-09,1987,99,36.4876,127.7342,171.31
"South Korea/보은",개나리,1988-04-11,1988,102,36.4876,127.7342,171.31
"South Korea/보은",개나리,1989-04-02,1989,92,36.4876,127.7342,171.31
"South Korea/보은",개나리,1990-03-30,1990,89,36.4876,127.7342,171.31
"South Korea/보은",개나리,1991-04-08,1991,98,36.4876,127.7342,171.31
"South Korea/보은",개나리,1992-04-03,1992,94,36.4876,127.7342,171.31
"South Korea/보은",개나리,1993-04-02,1993,92,36.4876,127.7342,171.31
"South Korea/보은",개나리,1994-04-07,1994,97,36.4876,127.7342,171.31
"South Korea/보은",개나리,1995-04-11,1995,101,36.4876,127.7342,171.31
"South Korea/보은",개나리,1996-04-15,1996,106,36.4876,127.7342,171.31
"South Korea/보은",개나리,1997-04-07,1997,97,36.4876,127.7342,171.31
"South Korea/보은",개나리,1998-03-30,1998,89,36.4876,127.7342,171.31
"South Korea/보은",개나리,1999-04-08,1999,98,36.4876,127.7342,171.31
"South Korea/보은",개나리,2000-04-08,2000,99,36.4876,127.7342,171.31
"South Korea/보은",개나리,2001-04-07,2001,97,36.4876,127.7342,171.31
"South Korea/보은",개나리,2002-03-29,2002,88,36.4876,127.7342,171.31
"South Korea/보은",개나리,2003-04-04,2003,94,36.4876,127.7342,171.31
"South Korea/보은",개나리,2004-04-03,2004,94,36.4876,127.7342,171.31
"South Korea/보은",개나리,2005-04-09,2005,99,36.4876,127.7342,171.31
"South Korea/보은",개나리,2006-04-03,2006,93,36.4876,127.7342,171.31
"South Korea/보은",개나리,2007-03-30,2007,89,36.4876,127.7342,171.31
"South Korea/보은",개나리,2008-04-03,2008,94,36.4876,127.7342,171.31
"South Korea/제천",개나리,1973-04-02,1973,92,37.1593,128.1943,264.62
"South Korea/제천",개나리,1976-04-04,1976,95,37.1593,128.1943,264.62
"South Korea/제천",개나리,1977-04-06,1977,96,37.1593,128.1943,264.62
"South Korea/제천",개나리,1978-04-04,1978,94,37.1593,128.1943,264.62
"South Korea/제천",개나리,1979-04-05,1979,95,37.1593,128.1943,264.62
"South Korea/제천",개나리,1980-04-08,1980,99,37.1593,128.1943,264.62
"South Korea/제천",개나리,1981-04-05,1981,95,37.1593,128.1943,264.62
"South Korea/제천",개나리,1982-04-03,1982,93,37.1593,128.1943,264.62
"South Korea/제천",개나리,1983-04-06,1983,96,37.1593,128.1943,264.62
"South Korea/제천",개나리,1984-04-14,1984,105,37.1593,128.1943,264.62
"South Korea/제천",개나리,1985-04-09,1985,99,37.1593,128.1943,264.62
"South Korea/제천",개나리,1986-04-10,1986,100,37.1593,128.1943,264.62
"South Korea/제천",개나리,1987-04-08,1987,98,37.1593,128.1943,264.62
"South Korea/제천",개나리,1988-04-10,1988,101,37.1593,128.1943,264.62
"South Korea/제천",개나리,1989-03-29,1989,88,37.1593,128.1943,264.62
"South Korea/제천",개나리,1990-03-30,1990,89,37.1593,128.1943,264.62
"South Korea/제천",개나리,1991-04-08,1991,98,37.1593,128.1943,264.62
"South Korea/제천",개나리,1992-03-30,1992,90,37.1593,128.1943,264.62
"South Korea/제천",개나리,1993-04-02,1993,92,37.1593,128.1943,264.62
"South Korea/제천",개나리,1994-04-08,1994,98,37.1593,128.1943,264.62
"South Korea/제천",개나리,1995-04-14,1995,104,37.1593,128.1943,264.62
"South Korea/제천",개나리,1996-04-18,1996,109,37.1593,128.1943,264.62
"South Korea/제천",개나리,1997-04-07,1997,97,37.1593,128.1943,264.62
"South Korea/제천",개나리,1998-04-02,1998,92,37.1593,128.1943,264.62
"South Korea/제천",개나리,1999-04-05,1999,95,37.1593,128.1943,264.62
"South Korea/제천",개나리,2000-04-10,2000,101,37.1593,128.1943,264.62
"South Korea/제천",개나리,2001-04-09,2001,99,37.1593,128.1943,264.62
"South Korea/제천",개나리,2002-04-02,2002,92,37.1593,128.1943,264.62
"South Korea/제천",개나리,2003-04-07,2003,97,37.1593,128.1943,264.62
"South Korea/제천",개나리,2004-04-04,2004,95,37.1593,128.1943,264.62
"South Korea/제천",개나리,2005-04-08,2005,98,37.1593,128.1943,264.62
"South Korea/제천",개나리,2006-04-04,2006,94,37.1593,128.1943,264.62
"South Korea/제천",개나리,2007-04-04,2007,94,37.1593,128.1943,264.62
"South Korea/제천",개나리,2008-04-05,2008,96,37.1593,128.1943,264.62
"South Korea/청주",개나리,1973-03-26,1973,85,36.6392,127.4407,58.7
"South Korea/청주",개나리,1974-04-13,1974,103,36.6392,127.4407,58.7
"South Korea/청주",개나리,1975-04-10,1975,100,36.6392,127.4407,58.7
"South Korea/청주",개나리,1976-04-16,1976,107,36.6392,127.4407,58.7
"South Korea/청주",개나리,1977-03-26,1977,85,36.6392,127.4407,58.7
"South Korea/청주",개나리,1978-04-04,1978,94,36.6392,127.4407,58.7
"South Korea/청주",개나리,1979-03-30,1979,89,36.6392,127.4407,58.7
"South Korea/청주",개나리,1980-03-31,1980,91,36.6392,127.4407,58.7
"South Korea/청주",개나리,1981-03-29,1981,88,36.6392,127.4407,58.7
"South Korea/청주",개나리,1982-03-28,1982,87,36.6392,127.4407,58.7
"South Korea/청주",개나리,1983-03-30,1983,89,36.6392,127.4407,58.7
"South Korea/청주",개나리,1984-04-11,1984,102,36.6392,127.4407,58.7
"South Korea/청주",개나리,1985-04-05,1985,95,36.6392,127.4407,58.7
"South Korea/청주",개나리,1986-04-02,1986,92,36.6392,127.4407,58.7
"South Korea/청주",개나리,1987-04-03,1987,93,36.6392,127.4407,58.7
"South Korea/청주",개나리,1988-04-03,1988,94,36.6392,127.4407,58.7
"South Korea/청주",개나리,1989-03-25,1989,84,36.6392,127.4407,58.7
"South Korea/청주",개나리,1990-03-22,1990,81,36.6392,127.4407,58.7
"South Korea/청주",개나리,1991-04-05,1991,95,36.6392,127.4407,58.7
"South Korea/청주",개나리,1992-03-21,1992,81,36.6392,127.4407,58.7
"South Korea/청주",개나리,1993-03-31,1993,90,36.6392,127.4407,58.7
"South Korea/청주",개나리,1994-03-31,1994,90,36.6392,127.4407,58.7
"South Korea/청주",개나리,1995-03-29,1995,88,36.6392,127.4407,58.7
"South Korea/청주",개나리,1996-03-31,1996,91,36.6392,127.4407,58.7
"South Korea/청주",개나리,1997-03-14,1997,73,36.6392,127.4407,58.7
"South Korea/청주",개나리,1998-03-16,1998,75,36.6392,127.4407,58.7
"South Korea/청주",개나리,1999-03-16,1999,75,36.6392,127.4407,58.7
"South Korea/청주",개나리,2000-03-29,2000,89,36.6392,127.4407,58.7
"South Korea/청주",개나리,2001-04-01,2001,91,36.6392,127.4407,58.7
"South Korea/청주",개나리,2002-03-19,2002,78,36.6392,127.4407,58.7
"South Korea/청주",개나리,2003-03-22,2003,81,36.6392,127.4407,58.7
"South Korea/청주",개나리,2004-03-26,2004,86,36.6392,127.4407,58.7
"South Korea/청주",개나리,2005-04-08,2005,98,36.6392,127.4407,58.7
"South Korea/청주",개나리,2006-03-25,2006,84,36.6392,127.4407,58.7
"South Korea/청주",개나리,2007-03-20,2007,79,36.6392,127.4407,58.7
"South Korea/청주",개나리,2008-03-24,2008,84,36.6392,127.4407,58.7
"South Korea/청주",개나리,2009-03-18,2009,77,36.6392,127.4407,58.7
"South Korea/청주",개나리,2010-03-25,2010,84,36.6392,127.4407,58.7
"South Korea/청주",개나리,2011-04-04,2011,94,36.6392,127.4407,58.7
"South Korea/청주",개나리,2012-04-01,2012,92,36.6392,127.4407,58.7
"South Korea/청주",개나리,2013-03-27,2013,86,36.6392,127.4407,58.7
"South Korea/청주",개나리,2014-03-25,2014,84,36.6392,127.4407,58.7
"South Korea/청주",개나리,2015-03-27,2015,86,36.6392,127.4407,58.7
"South Korea/청주",개나리,2016-03-25,2016,85,36.6392,127.4407,58.7
"South Korea/청주",개나리,2017-03-28,2017,87,36.6392,127.4407,58.7
"South Korea/청주",개나리,2018-03-26,2018,85,36.6392,127.4407,58.7
"South Korea/청주",개나리,2019-03-20,2019,79,36.6392,127.4407,58.7
"South Korea/청주",개나리,2020-03-18,2020,78,36.6392,127.4407,58.7
"South Korea/청주",개나리,2021-03-16,2021,75,36.6392,127.4407,58.7
"South Korea/청주",개나리,2022-03-25,2022,84,36.6392,127.4407,58.7
"South Korea/청주",개나리,2023-03-15,2023,74,36.6392,127.4407,58.7
"South Korea/청주",개나리,2024-03-22,2024,82,36.6392,127.4407,58.7
"South Korea/청주",개나리,2025-03-23,2025,82,36.6392,127.4407,58.7
"South Korea/추풍령",개나리,1973-03-31,1973,90,36.2203,127.9946,244.98
"South Korea/추풍령",개나리,1974-04-05,1974,95,36.2203,127.9946,244.98
"South Korea/추풍령",개나리,1975-03-23,1975,82,36.2203,127.9946,244.98
"South Korea/추풍령",개나리,1976-04-02,1976,93,36.2203,127.9946,244.98
"South Korea/추풍령",개나리,1977-03-26,1977,85,36.2203,127.9946,244.98
"South Korea/추풍령",개나리,1978-04-04,1978,94,36.2203,127.9946,244.98
"South Korea/추풍령",개나리,1979-03-29,1979,88,36.2203,127.9946,244.98
"South Korea/추풍령",개나리,1980-03-29,1980,89,36.2203,127.9946,244.98
"South Korea/추풍령",개나리,1981-03-30,1981,89,36.2203,127.9946,244.98
"South Korea/추풍령",개나리,1982-03-28,1982,87,36.2203,127.9946,244.98
"South Korea/추풍령",개나리,1983-03-31,1983,90,36.2203,127.9946,244.98
"South Korea/추풍령",개나리,1984-04-11,1984,102,36.2203,127.9946,244.98
"South Korea/추풍령",개나리,1985-04-02,1985,92,36.2203,127.9946,244.98
"South Korea/추풍령",개나리,1986-04-02,1986,92,36.2203,127.9946,244.98
"South Korea/추풍령",개나리,1987-03-28,1987,87,36.2203,127.9946,244.98
"South Korea/추풍령",개나리,1988-04-04,1988,95,36.2203,127.9946,244.98
"South Korea/추풍령",개나리,1989-03-28,1989,87,36.2203,127.9946,244.98
"South Korea/추풍령",개나리,1990-03-24,1990,83,36.2203,127.9946,244.98
"South Korea/추풍령",개나리,1991-04-07,1991,97,36.2203,127.9946,244.98
"South Korea/추풍령",개나리,1992-03-30,1992,90,36.2203,127.9946,244.98
"South Korea/추풍령",개나리,1993-03-31,1993,90,36.2203,127.9946,244.98
"South Korea/추풍령",개나리,1994-04-03,1994,93,36.2203,127.9946,244.98
"South Korea/추풍령",개나리,1995-03-28,1995,87,36.2203,127.9946,244.98
"South Korea/추풍령",개나리,1996-04-09,1996,100,36.2203,127.9946,244.98
"South Korea/추풍령",개나리,1997-03-26,1997,85,36.2203,127.9946,244.98
"South Korea/추풍령",개나리,1998-03-24,1998,83,36.2203,127.9946,244.98
"South Korea/추풍령",개나리,1999-04-02,1999,92,36.2203,127.9946,244.98
"South Korea/추풍령",개나리,2000-04-02,2000,93,36.2203,127.9946,244.98
"South Korea/추풍령",개나리,2001-04-01,2001,91,36.2203,127.9946,244.98
"South Korea/추풍령",개나리,2002-03-23,2002,82,36.2203,127.9946,244.98
"South Korea/추풍령",개나리,2003-03-31,2003,90,36.2203,127.9946,244.98
"South Korea/추풍령",개나리,2004-03-27,2004,87,36.2203,127.9946,244.98
"South Korea/추풍령",개나리,2005-04-03,2005,93,36.2203,127.9946,244.98
"South Korea/추풍령",개나리,2006-03-27,2006,86,36.2203,127.9946,244.98
"South Korea/추풍령",개나리,2007-03-16,2007,75,36.2203,127.9946,244.98
"South Korea/추풍령",개나리,2008-03-30,2008,90,36.2203,127.9946,244.98
"South Korea/추풍령",개나리,2009-03-23,2009,82,36.2203,127.9946,244.98
"South Korea/추풍령",개나리,2010-04-05,2010,95,36.2203,127.9946,244.98
"South Korea/추풍령",개나리,2011-03-31,2011,90,36.2203,127.9946,244.98
"South Korea/추풍령",개나리,2012-04-09,2012,100,36.2203,127.9946,244.98
"South Korea/추풍령",개나리,2013-03-27,2013,86,36.2203,127.9946,244.98
"South Korea/추풍령",개나리,2014-03-25,2014,84,36.2203,127.9946,244.98
"South Korea/추풍령",개나리,2015-03-24,2015,83,36.2203,127.9946,244.98
"South Korea/충주",개나리,1974-04-11,1974,101,36.9705,127.9525,114.85
"South Korea/충주",개나리,1975-03-31,1975,90,36.9705,127.9525,114.85
"South Korea/충주",개나리,1976-03-28,1976,88,36.9705,127.9525,114.85
"South Korea/충주",개나리,1977-04-03,1977,93,36.9705,127.9525,114.85
"South Korea/충주",개나리,1978-04-05,1978,95,36.9705,127.9525,114.85
"South Korea/충주",개나리,1980-04-03,1980,94,36.9705,127.9525,114.85
"South Korea/충주",개나리,1981-04-03,1981,93,36.9705,127.9525,114.85
"South Korea/충주",개나리,1982-03-27,1982,86,36.9705,127.9525,114.85
"South Korea/충주",개나리,1983-03-29,1983,88,36.9705,127.9525,114.85
"South Korea/충주",개나리,1984-04-14,1984,105,36.9705,127.9525,114.85
"South Korea/충주",개나리,1985-04-06,1985,96,36.9705,127.9525,114.85
"South Korea/충주",개나리,1986-04-03,1986,93,36.9705,127.9525,114.85
"South Korea/충주",개나리,1987-04-05,1987,95,36.9705,127.9525,114.85
"South Korea/충주",개나리,1988-04-04,1988,95,36.9705,127.9525,114.85
"South Korea/충주",개나리,1989-03-29,1989,88,36.9705,127.9525,114.85
"South Korea/충주",개나리,1990-03-24,1990,83,36.9705,127.9525,114.85
"South Korea/충주",개나리,1991-04-01,1991,91,36.9705,127.9525,114.85
"South Korea/충주",개나리,1992-03-24,1992,84,36.9705,127.9525,114.85
"South Korea/충주",개나리,1993-03-28,1993,87,36.9705,127.9525,114.85
"South Korea/충주",개나리,1994-04-01,1994,91,36.9705,127.9525,114.85
"South Korea/충주",개나리,1995-04-02,1995,92,36.9705,127.9525,114.85
"South Korea/충주",개나리,1996-04-08,1996,99,36.9705,127.9525,114.85
"South Korea/충주",개나리,1997-03-29,1997,88,36.9705,127.9525,114.85
"South Korea/충주",개나리,1998-03-26,1998,85,36.9705,127.9525,114.85
"South Korea/충주",개나리,1999-04-02,1999,92,36.9705,127.9525,114.85
"South Korea/충주",개나리,2000-04-07,2000,98,36.9705,127.9525,114.85
"South Korea/충주",개나리,2001-04-04,2001,94,36.9705,127.9525,114.85
"South Korea/충주",개나리,2002-03-20,2002,79,36.9705,127.9525,114.85
"South Korea/충주",개나리,2003-03-29,2003,88,36.9705,127.9525,114.85
"South Korea/충주",개나리,2004-03-27,2004,87,36.9705,127.9525,114.85
"South Korea/충주",개나리,2005-04-08,2005,98,36.9705,127.9525,114.85
"South Korea/충주",개나리,2006-03-30,2006,89,36.9705,127.9525,114.85
"South Korea/충주",개나리,2007-03-26,2007,85,36.9705,127.9525,114.85
"South Korea/충주",개나리,2008-04-01,2008,92,36.9705,127.9525,114.85
"South Korea/충주",개나리,2009-03-20,2009,79,36.9705,127.9525,114.85
"South Korea/충주",개나리,2010-04-06,2010,96,36.9705,127.9525,114.85
"South Korea/충주",개나리,2011-04-04,2011,94,36.9705,127.9525,114.85
"South Korea/충주",개나리,2012-04-09,2012,100,36.9705,127.9525,114.85
"South Korea/충주",개나리,2013-04-02,2013,92,36.9705,127.9525,114.85
"South Korea/충주",개나리,2014-03-27,2014,86,36.9705,127.9525,114.85
"South Korea/충주",개나리,2015-03-31,2015,90,36.9705,127.9525,114.85
