"location","species","bloom_date","year","bloom_doy","lat","long","alt"
"South Korea/강릉",매화,1973-03-10,1973,69,37.7515,128.891,27.12
"South Korea/강릉",매화,1974-03-28,1974,87,37.7515,128.891,27.12
"South Korea/강릉",매화,1975-03-28,1975,87,37.7515,128.891,27.12
"South Korea/강릉",매화,1976-03-17,1976,77,37.7515,128.891,27.12
"South Korea/강릉",매화,1977-03-30,1977,89,37.7515,128.891,27.12
"South Korea/강릉",매화,1978-02-23,1978,54,37.7515,128.891,27.12
"South Korea/강릉",매화,1979-02-15,1979,46,37.7515,128.891,27.12
"South Korea/강릉",매화,1980-03-11,1980,71,37.7515,128.891,27.12
"South Korea/강릉",매화,1981-03-14,1981,73,37.7515,128.891,27.12
"South Korea/강릉",매화,1982-03-12,1982,71,37.7515,128.891,27.12
"South Korea/강릉",매화,1983-03-20,1983,79,37.7515,128.891,27.12
"South Korea/강릉",매화,1984-03-23,1984,83,37.7515,128.891,27.12
"South Korea/강릉",매화,1985-03-06,1985,65,37.7515,128.891,27.12
"South Korea/강릉",매화,1986-02-23,1986,54,37.7515,128.891,27.12
"South Korea/강릉",매화,1987-03-06,1987,65,37.7515,128.891,27.12
"South Korea/강릉",매화,1988-03-08,1988,68,37.7515,128.891,27.12
"South Korea/강릉",매화,1989-03-15,1989,74,37.7515,128.891,27.12
"South Korea/강릉",매화,1990-03-14,1990,73,37.7515,128.891,27.12
"South Korea/강릉",매화,1991-03-20,1991,79,37.7515,128.891,27.12
"South Korea/강릉",매화,1992-03-12,1992,72,37.7515,128.891,27.12
"South Korea/강릉",매화,1993-03-21,1993,80,37.7515,128.891,27.12
"South Korea/강릉",매화,1994-03-26,1994,85,37.7515,128.891,27.12
"South Korea/강릉",매화,1995-03-20,1995,79,37.7515,128.891,27.12
"South Korea/강릉",매화,1996-04-04,1996,95,37.7515,128.891,27.12
"South Korea/강릉",매화,1997-03-18,1997,77,37.7515,128.891,27.12
"South Korea/강릉",매화,1998-03-07,1998,66,37.7515,128.891,27.12
"South Korea/강릉",매화,1999-03-07,1999,66,37.7515,128.891,27.12
"South Korea/강릉",매화,2000-03-17,2000,77,37.7515,128.891,27.12
"South Korea/강릉",매화,2001-03-20,2001,79,37.7515,128.891,27.12
"South Korea/강릉",매화,2002-03-09,2002,68,37.7515,128.891,27.12
"South Korea/강릉",매화,2003-03-27,2003,86,37.7515,128.891,27.12
"South Korea/강릉",매화,2004-03-12,2004,72,37.7515,128.891,27.12
"South Korea/강릉",매화,2005-03-22,2005,81,37.7515,128.891,27.12
"South Korea/강릉",매화,2006-03-20,2006,79,37.7515,128.891,27.12
"South Korea/강릉",매화,2007-03-08,2007,67,37.7515,128.891,27.12
"South Korea/강릉",매화,2008-03-18,2008,78,37.7515,128.891,27.12
"South Korea/대관령",매화,2013-05-08,2013,128,37.6771,128.7183,772.43
"South Korea/대관령",매화,2014-04-23,2014,113,37.6771,128.7183,772.43
"South Korea/대관령",매화,2015-04-20,2015,110,37.6771,128.7183,772.43
"South Korea/동해",매화,1993-04-14,1993,104,37.5071,129.1243,40.46
"South Korea/동해",매화,1994-03-25,1994,84,37.5071,129.1243,40.46
"South Korea/동해",매화,1995-03-26,1995,85,37.5071,129.1243,40.46
"South Korea/동해",매화,1996-04-04,1996,95,37.5071,129.1243,40.46
"South Korea/동해",매화,1997-03-26,1997,85,37.5071,129.1243,40.46
"South Korea/동해",매화,1998-03-17,1998,76,37.5071,129.1243,40.46
"South Korea/동해",매화,1999-03-07,1999,66,37.5071,129.1243,40.46
"South Korea/동해",매화,2000-03-13,2000,73,37.5071,129.1243,40.46
"South Korea/동해",매화,2001-03-14,2001,73,37.5071,129.1243,40.46
"South Korea/동해",매화,2002-02-25,2002,56,37.5071,129.1243,40.46
"South Korea/동해",매화,2003-03-20,2003,79,37.5071,129.1243,40.46
"South Korea/동해",매화,2004-03-15,2004,75,37.5071,129.1243,40.46
"South Korea/동해",매화,2005-03-25,2005,84,37.5071,129.1243,40.46
"South Korea/동해",매화,2006-03-19,2006,78,37.5071,129.1243,40.46
"South Korea/동해",매화,2007-03-23,2007,82,37.5071,129.1243,40.46
"South Korea/동해",매화,2008-03-19,2008,79,37.5071,129.1243,40.46
"South Korea/동해",매화,2009-03-19,2009,78,37.5071,129.1243,40.46
"South Korea/동해",매화,2010-04-02,2010,92,37.5071,129.1243,40.46
"South Korea/동해",매화,2011-04-01,2011,91,37.5071,129.1243,40.46
"South Korea/동해",매화,2012-04-02,2012,93,37.5071,129.1243,40.46
"South Korea/동해",매화,2013-03-29,2013,88,37.5071,129.1243,40.46
"South Korea/동해",매화,2014-03-26,2014,85,37.5071,129.1243,40.46
"South Korea/동해",매화,2015-03-23,2015,82,37.5071,129.1243,40.46
"South Korea/북강릉",매화,2009-03-16,2009,75,37.8046,128.8554,75.24
"South Korea/북강릉",매화,2010-04-11,2010,101,37.8046,128.8554,75.24
"South Korea/북강릉",매화,2011-04-01,2011,91,37.8046,128.8554,75.24
"South Korea/북강릉",매화,2012-04-05,2012,96,37.8046,128.8554,75.24
"South Korea/북강릉",매화,2013-04-01,2013,91,37.8046,128.8554,75.24
"South Korea/북강릉",매화,2014-03-26,2014,85,37.8046,128.8554,75.24
"South Korea/북강릉",매화,2015-03-21,2015,80,37.8046,128.8554,75.24
"South Korea/북강릉",매화,2016-03-26,2016,86,37.8046,128.8554,75.24
"South Korea/북강릉",매화,2017-02-17,2017,48,37.8046,128.8554,75.24
"South Korea/북강릉",매화,2018-03-24,2018,83,37.8046,128.8554,75.24
"South Korea/북강릉",매화,2020-02-24,2020,55,37.8046,128.8554,75.24
"South Korea/북강릉",매화,2021-03-05,2021,64,37.8046,128.8554,75.24
"South Korea/북강릉",매화,2022-03-16,2022,75,37.8046,128.8554,75.24
"South Korea/북강릉",매화,2023-02-27,2023,58,37.8046,128.8554,75.24
"South Korea/북강릉",매화,2024-03-11,2024,71,37.8046,128.8554,75.24
"South Korea/북강릉",매화,2025-03-15,2025,74,37.8046,128.8554,75.24
"South Korea/북춘천",매화,2017-04-03,2017,93,37.9474,127.7544,95.78
"South Korea/북춘천",매화,2018-04-04,2018,94,37.9474,127.7544,95.78
"South Korea/북춘천",매화,2019-03-29,2019,88,37.9474,127.7544,95.78
"South Korea/북춘천",매화,2020-03-24,2020,84,37.9474,127.7544,95.78
"South Korea/북춘천",매화,2021-03-21,2021,80,37.9474,127.7544,95.78
"South Korea/북춘천",매화,2022-04-04,2022,94,37.9474,127.7544,95.78
"South Korea/북춘천",매화,2023-03-22,2023,81,37.9474,127.7544,95.78
"South Korea/북춘천",매화,2024-03-20,2024,80,37.9474,127.7544,95.78
"South Korea/북춘천",매화,2025-03-27,2025,86,37.9474,127.7544,95.78
"South Korea/삼척",매화,1973-03-31,1973,90,nan,nan,nan
"South Korea/삼척",매화,1974-04-04,1974,94,nan,nan,nan
"South Korea/삼척",매화,1975-04-04,1975,94,nan,nan,nan
"South Korea/삼척",매화,1976-04-06,1976,97,nan,nan,nan
"South Korea/삼척",매화,1977-04-08,1977,98,nan,nan,nan
"South Korea/삼척",매화,1978-04-04,1978,94,nan,nan,nan
"South Korea/삼척",매화,1979-03-24,1979,83,nan,nan,nan
"South Korea/삼척",매화,1980-03-26,1980,86,nan,nan,nan
"South Korea/삼척",매화,1981-03-15,1981,74,nan,nan,nan
"South Korea/삼척",매화,1982-03-12,1982,71,nan,nan,nan
"South Korea/삼척",매화,1983-03-28,1983,87,nan,nan,nan
"South Korea/삼척",매화,1984-04-02,1984,93,nan,nan,nan
"South Korea/삼척",매화,1985-04-01,1985,91,nan,nan,nan
"South Korea/삼척",매화,1986-04-06,1986,96,nan,nan,nan
"South Korea/삼척",매화,1987-03-12,1987,71,nan,nan,nan
"South Korea/삼척",매화,1988-03-25,1988,85,nan,nan,nan
"South Korea/삼척",매화,1989-03-17,1989,76,nan,nan,nan
"South Korea/삼척",매화,1990-03-22,1990,81,nan,nan,nan
"South Korea/삼척",매화,1991-04-02,1991,92,nan,nan,nan
"South Korea/삼척",매화,1992-03-19,1992,79,nan,nan,nan
"South Korea/속초",매화,1973-04-02,1973,92,38.2509,128.5647,17.53
"South Korea/속초",매화,1974-03-30,1974,89,38.2509,128.5647,17.53
"South Korea/속초",매화,1975-03-19,1975,78,38.2509,128.5647,17.53
"South Korea/속초",매화,1976-04-05,1976,96,38.2509,128.5647,17.53
"South Korea/속초",매화,1977-04-10,1977,100,38.2509,128.5647,17.53
"South Korea/속초",매화,1978-03-23,1978,82,38.2509,128.5647,17.53
"South Korea/속초",매화,1979-04-10,1979,100,38.2509,128.5647,17.53
"South Korea/속초",매화,1980-03-08,1980,68,38.2509,128.5647,17.53
"South Korea/속초",매화,1981-03-14,1981,73,38.2509,128.5647,17.53
"South Korea/속초",매화,1982-03-20,1982,79,38.2509,128.5647,17.53
"South Korea/속초",매화,1983-03-29,1983,88,38.2509,128.5647,17.53
"South Korea/속초",매화,1984-04-16,1984,107,38.2509,128.5647,17.53
"South Korea/속초",매화,1985-03-17,1985,76,38.2509,128.5647,17.53
"South Korea/속초",매화,1986-03-15,1986,74,38.2509,128.5647,17.53
"South Korea/속초",매화,1987-03-26,1987,85,38.2509,128.5647,17.53
"South Korea/속초",매화,1988-03-15,1988,75,38.2509,128.5647,17.53
"South Korea/속초",매화,1989-03-20,1989,79,38.2509,128.5647,17.53
"South Korea/속초",매화,1990-04-22,1990,112,38.2509,128.5647,17.53
"South Korea/속초",매화,1991-04-23,1991,113,38.2509,128.5647,17.53
"South Korea/속초",매화,1992-04-03,1992,94,38.2509,128.5647,17.53
"South Korea/속초",매화,1993-03-21,1993,80,38.2509,128.5647,17.53
"South Korea/속초",매화,1994-04-01,1994,91,38.2509,128.5647,17.53
"South Korea/속초",매화,1995-04-02,1995,92,38.2509,128.5647,17.53
"South Korea/속초",매화,1996-04-04,1996,95,38.2509,128.5647,17.53
"South Korea/속초",매화,1997-03-29,1997,88,38.2509,128.5647,17.53
"South Korea/속초",매화,1998-03-21,1998,80,38.2509,128.5647,17.53
"South Korea/속초",매화,1999-03-10,1999,69,38.2509,128.5647,17.53
"South Korea/속초",매화,2000-04-06,2000,97,38.2509,128.5647,17.53
"South Korea/속초",매화,2001-03-28,2001,87,38.2509,128.5647,17.53
"South Korea/속초",매화,2002-03-14,2002,73,38.2509,128.5647,17.53
"South Korea/속초",매화,2003-03-29,2003,88,38.2509,128.5647,17.53
"South Korea/속초",매화,2004-03-20,2004,80,38.2509,128.5647,17.53
"South Korea/속초",매화,2005-03-27,2005,86,38.2509,128.5647,17.53
"South Korea/속초",매화,2006-03-24,2006,83,38.2509,128.5647,17.53
"South Korea/속초",매화,2007-03-12,2007,71,38.2509,128.5647,17.53
"South Korea/속초",매화,2008-03-20,2008,80,38.2509,128.5647,17.53
"South Korea/속초",매화,2009-03-17,2009,76,38.2509,128.5647,17.53
"South Korea/속초",매화,2010-04-09,2010,99,38.2509,128.5647,17.53
"South Korea/속초",매화,2011-03-21,2011,80,38.2509,128.5647,17.53
"South Korea/속초",매화,2012-03-28,2012,88,38.2509,128.5647,17.53
"South Korea/속초",매화,2013-03-27,2013,86,38.2509,128.5647,17.53
"South Korea/속초",매화,2014-03-24,2014,83,38.2509,128.5647,17.53
"South Korea/속초",매화,2015-03-20,2015,79,38.2509,128.5647,17.53
"South Korea/영월",매화,1995-04-12,1995,102,37.1813,128.4574,240.54
"South Korea/영월",매화,1996-04-22,1996,113,37.1813,128.4574,240.54
"South Korea/영월",매화,1997-04-16,1997,106,37.1813,128.4574,240.54
"South Korea/영월",매화,1998-04-06,1998,96,37.1813,128.4574,240.54
"South Korea/영월",매화,1999-04-14,1999,104,37.1813,128.4574,240.54
"South Korea/영월",매화,2000-04-10,2000,101,37.1813,128.4574,240.54
"South Korea/영월",매화,2001-04-09,2001,99,37.1813,128.4574,240.54
"South Korea/영월",매화,2002-03-30,2002,89,37.1813,128.4574,240.54
"South Korea/영월",매화,2003-04-05,2003,95,37.1813,128.4574,240.54
"South Korea/영월",매화,2004-04-03,2004,94,37.1813,128.4574,240.54
"South Korea/영월",매화,2005-04-11,2005,101,37.1813,128.4574,240.54
"South Korea/영월",매화,2006-04-11,2006,101,37.1813,128.4574,240.54
"South Korea/영월",매화,2007-04-06,2007,96,37.1813,128.4574,240.54
"South Korea/영월",매화,2008-04-08,2008,99,37.1813,128.4574,240.54
"South Korea/영월",매화,2009-04-02,2009,92,37.1813,128.4574,240.54
"South Korea/영월",매화,2010-04-17,2010,107,37.1813,128.4574,240.54
"South Korea/영월",매화,2011-04-13,2011,103,37.1813,128.4574,240.54
"South Korea/영월",매화,2012-04-14,2012,105,37.1813,128.4574,240.54
"South Korea/영월",매화,2013-04-15,2013,105,37.1813,128.4574,240.54
"South Korea/영월",매화,2014-04-01,2014,91,37.1813,128.4574,240.54
"South Korea/영월",매화,2015-03-31,2015,90,37.1813,128.4574,240.54
"South Korea/원주",매화,1973-04-18,1973,108,37.3375,127.9466,150.11
"South Korea/원주",매화,1977-04-16,1977,106,37.3375,127.9466,150.11
"South Korea/원주",매화,1978-04-21,1978,111,37.3375,127.9466,150.11
"South Korea/원주",매화,1979-04-20,1979,110,37.3375,127.9466,150.11
"South Korea/원주",매화,1980-04-21,1980,112,37.3375,127.9466,150.11
"South Korea/원주",매화,1981-04-20,1981,110,37.3375,127.9466,150.11
"South Korea/원주",매화,1982-04-22,1982,112,37.3375,127.9466,150.11
"South Korea/원주",매화,1983-04-12,1983,102,37.3375,127.9466,150.11
"South Korea/원주",매화,1984-04-29,1984,120,37.3375,127.9466,150.11
"South Korea/원주",매화,1986-04-14,1986,104,37.3375,127.9466,150.11
"South Korea/원주",매화,1987-04-07,1987,97,37.3375,127.9466,150.11
"South Korea/원주",매화,1988-04-18,1988,109,37.3375,127.9466,150.11
"South Korea/원주",매화,1989-04-11,1989,101,37.3375,127.9466,150.11
"South Korea/원주",매화,1990-04-09,1990,99,37.3375,127.9466,150.11
"South Korea/원주",매화,1991-04-09,1991,99,37.3375,127.9466,150.11
"South Korea/원주",매화,1992-04-04,1992,95,37.3375,127.9466,150.11
"South Korea/원주",매화,1993-04-16,1993,106,37.3375,127.9466,150.11
"South Korea/원주",매화,1994-04-04,1994,94,37.3375,127.9466,150.11
"South Korea/원주",매화,1995-04-17,1995,107,37.3375,127.9466,150.11
"South Korea/원주",매화,1996-04-23,1996,114,37.3375,127.9466,150.11
"South Korea/원주",매화,1997-04-12,1997,102,37.3375,127.9466,150.11
"South Korea/원주",매화,1998-03-23,1998,82,37.3375,127.9466,150.11
"South Korea/원주",매화,1999-04-06,1999,96,37.3375,127.9466,150.11
"South Korea/원주",매화,2000-04-07,2000,98,37.3375,127.9466,150.11
"South Korea/원주",매화,2001-04-12,2001,102,37.3375,127.9466,150.11
"South Korea/원주",매화,2002-03-26,2002,85,37.3375,127.9466,150.11
"South Korea/원주",매화,2003-04-06,2003,96,37.3375,127.9466,150.11
"South Korea/원주",매화,2004-04-05,2004,96,37.3375,127.9466,150.11
"South Korea/원주",매화,2005-04-13,2005,103,37.3375,127.9466,150.11
"South Korea/원주",매화,2006-04-10,2006,100,37.3375,127.9466,150.11
"South Korea/원주",매화,2007-03-31,2007,90,37.3375,127.9466,150.11
"South Korea/원주",매화,2008-04-06,2008,97,37.3375,127.9466,150.11
"South Korea/원주",매화,2009-04-05,2009,95,37.3375,127.9466,150.11
"South Korea/원주",매화,2010-04-11,2010,101,37.3375,127.9466,150.11
"South Korea/원주",매화,2011-04-13,2011,103,37.3375,127.9466,150.11
"South Korea/원주",매화,2012-04-14,2012,105,37.3375,127.9466,150.11
"South Korea/원주",매화,2013-04-16,2013,106,37.3375,127.9466,150.11
"South Korea/원주",매화,2014-03-31,2014,90,37.3375,127.9466,150.11
"South Korea/원주",매화,2015-04-03,2015,93,37.3375,127.9466,150.11
"South Korea/인제",매화,1978-04-30,1978,120,38.0599,128.1681,202.0
"South Korea/인제",매화,1979-04-21,1979,111,38.0599,128.1681,202.0
"South Korea/인제",매화,1980-05-01,1980,122,38.0599,128.1681,202.0
"South Korea/인제",매화,1988-03-25,1988,85,38.0599,128.1681,202.0
"South Korea/인제",매화,1989-04-18,1989,108,38.0599,128.1681,202.0
"South Korea/인제",매화,1990-04-10,1990,100,38.0599,128.1681,202.0
"South Korea/인제",매화,1991-04-15,1991,105,38.0599,128.1681,202.0
"South Korea/인제",매화,1992-03-31,1992,91,38.0599,128.1681,202.0
"South Korea/인제",매화,1993-04-05,1993,95,38.0599,128.1681,202.0
"South Korea/인제",매화,1994-04-05,1994,95,38.0599,128.1681,202.0
"South Korea/인제",매화,1995-04-22,1995,112,38.0599,128.1681,202.0
"South Korea/인제",매화,1996-04-22,1996,113,38.0599,128.1681,202.0
"South Korea/인제",매화,1997-04-23,1997,113,38.0599,128.1681,202.0
"South Korea/인제",매화,1998-04-11,1998,101,38.0599,128.1681,202.0
"South Korea/인제",매화,1999-04-10,1999,100,38.0599,128.1681,202.0
"South Korea/인제",매화,2000-04-13,2000,104,38.0599,128.1681,202.0
"South Korea/인제",매화,2001-04-15,2001,105,38.0599,128.1681,202.0
"South Korea/인제",매화,2002-03-30,2002,89,38.0599,128.1681,202.0
"South Korea/인제",매화,2003-04-07,2003,97,38.0599,128.1681,202.0
"South Korea/인제",매화,2004-04-12,2004,103,38.0599,128.1681,202.0
"South Korea/인제",매화,2005-04-18,2005,108,38.0599,128.1681,202.0
"South Korea/인제",매화,2006-04-10,2006,100,38.0599,128.1681,202.0
"South Korea/인제",매화,2007-04-17,2007,107,38.0599,128.1681,202.0
"South Korea/인제",매화,2008-04-19,2008,110,38.0599,128.1681,202.0
"South Korea/춘천",매화,1973-04-22,1973,112,37.9026,127.7357,75.82
"South Korea/춘천",매화,1974-05-04,1974,124,37.9026,127.7357,75.82
"South Korea/춘천",매화,1975-04-25,1975,115,37.9026,127.7357,75.82
"South Korea/춘천",매화,1978-04-19,1978,109,37.9026,127.7357,75.82
"South Korea/춘천",매화,1979-04-18,1979,108,37.9026,127.7357,75.82
"South Korea/춘천",매화,1980-04-20,1980,111,37.9026,127.7357,75.82
"South Korea/춘천",매화,1981-04-21,1981,111,37.9026,127.7357,75.82
"South Korea/춘천",매화,1982-04-20,1982,110,37.9026,127.7357,75.82
"South Korea/춘천",매화,1984-04-26,1984,117,37.9026,127.7357,75.82
"South Korea/춘천",매화,1985-04-26,1985,116,37.9026,127.7357,75.82
"South Korea/춘천",매화,1986-04-20,1986,110,37.9026,127.7357,75.82
"South Korea/춘천",매화,1987-04-26,1987,116,37.9026,127.7357,75.82
"South Korea/춘천",매화,1988-04-17,1988,108,37.9026,127.7357,75.82
"South Korea/춘천",매화,1989-04-08,1989,98,37.9026,127.7357,75.82
"South Korea/춘천",매화,1990-04-10,1990,100,37.9026,127.7357,75.82
"South Korea/춘천",매화,1991-04-19,1991,109,37.9026,127.7357,75.82
"South Korea/춘천",매화,1992-04-16,1992,107,37.9026,127.7357,75.82
"South Korea/춘천",매화,1993-04-22,1993,112,37.9026,127.7357,75.82
"South Korea/춘천",매화,1994-04-18,1994,108,37.9026,127.7357,75.82
"South Korea/춘천",매화,1995-04-18,1995,108,37.9026,127.7357,75.82
"South Korea/춘천",매화,1996-04-24,1996,115,37.9026,127.7357,75.82
"South Korea/춘천",매화,1997-04-17,1997,107,37.9026,127.7357,75.82
"South Korea/춘천",매화,1998-04-04,1998,94,37.9026,127.7357,75.82
"South Korea/춘천",매화,1999-04-15,1999,105,37.9026,127.7357,75.82
"South Korea/춘천",매화,2000-04-09,2000,100,37.9026,127.7357,75.82
"South Korea/춘천",매화,2001-04-08,2001,98,37.9026,127.7357,75.82
"South Korea/춘천",매화,2002-04-02,2002,92,37.9026,127.7357,75.82
"South Korea/춘천",매화,2003-04-08,2003,98,37.9026,127.7357,75.82
"South Korea/춘천",매화,2004-04-10,2004,101,37.9026,127.7357,75.82
"South Korea/춘천",매화,2005-04-19,2005,109,37.9026,127.7357,75.82
"South Korea/춘천",매화,2006-04-17,2006,107,37.9026,127.7357,75.82
"South Korea/춘천",매화,2007-04-17,2007,107,37.9026,127.7357,75.82
"South Korea/춘천",매화,2008-04-05,2008,96,37.9026,127.7357,75.82
"South Korea/춘천",매화,2009-04-10,2009,100,37.9026,127.7357,75.82
"South Korea/춘천",매화,2010-04-20,2010,110,37.9026,127.7357,75.82
"South Korea/춘천",매화,2011-04-17,2011,107,37.9026,127.7357,75.82
"South Korea/춘천",매화,2012-04-15,2012,106,37.9026,127.7357,75.82
"South Korea/춘천",매화,2013-04-13,2013,103,37.9026,127.7357,75.82
"South Korea/춘천",매화,2014-03-31,2014,90,37.9026,127.7357,75.82
"South Korea/춘천",매화,2015-04-03,2015,93,37.9026,127.7357,75.82
"South Korea/춘천",매화,2016-04-04,2016,95,37.9026,127.7357,75.82
"South Korea/태백",매화,1986-04-28,1986,118,37.1704,128.9893,714.45
"South Korea/태백",매화,1987-04-26,1987,116,37.1704,128.9893,714.45
"South Korea/태백",매화,1988-04-28,1988,119,37.1704,128.9893,714.45
"South Korea/태백",매화,1989-04-20,1989,110,37.1704,128.9893,714.45
"South Korea/태백",매화,1990-04-24,1990,114,37.1704,128.9893,714.45
"South Korea/태백",매화,1991-04-25,1991,115,37.1704,128.9893,714.45
"South Korea/태백",매화,1992-04-23,1992,114,37.1704,128.9893,714.45
"South Korea/태백",매화,1993-04-23,1993,113,37.1704,128.9893,714.45
"South Korea/태백",매화,1994-04-19,1994,109,37.1704,128.9893,714.45
"South Korea/태백",매화,1997-04-26,1997,116,37.1704,128.9893,714.45
"South Korea/태백",매화,1998-04-21,1998,111,37.1704,128.9893,714.45
"South Korea/태백",매화,1999-04-25,1999,115,37.1704,128.9893,714.45
"South Korea/태백",매화,2000-04-23,2000,114,37.1704,128.9893,714.45
"South Korea/태백",매화,2001-04-17,2001,107,37.1704,128.9893,714.45
"South Korea/태백",매화,2002-04-04,2002,94,37.1704,128.9893,714.45
"South Korea/태백",매화,2003-04-21,2003,111,37.1704,128.9893,714.45
"South Korea/태백",매화,2004-04-12,2004,103,37.1704,128.9893,714.45
"South Korea/태백",매화,2005-04-19,2005,109,37.1704,128.9893,714.45
"South Korea/태백",매화,2006-04-24,2006,114,37.1704,128.9893,714.45
"South Korea/태백",매화,2007-04-23,2007,113,37.1704,128.9893,714.45
"South Korea/태백",매화,2008-04-20,2008,111,37.1704,128.9893,714.45
"South Korea/홍천",매화,1973-04-12,1973,102,37.6836,127.8804,140.2
"South Korea/홍천",매화,1974-04-10,1974,100,37.6836,127.8804,140.2
"South Korea/홍천",매화,1975-04-20,1975,110,37.6836,127.8804,140.2
"South Korea/홍천",매화,1976-04-22,1976,113,37.6836,127.8804,140.2
"South Korea/홍천",매화,1977-04-22,1977,112,37.6836,127.8804,140.2
"South Korea/홍천",매화,1978-04-13,1978,103,37.6836,127.8804,140.2
"South Korea/홍천",매화,1979-04-22,1979,112,37.6836,127.8804,140.2
"South Korea/홍천",매화,1980-04-25,1980,116,37.6836,127.8804,140.2
"South Korea/홍천",매화,1981-04-20,1981,110,37.6836,127.8804,140.2
"South Korea/홍천",매화,1982-04-17,1982,107,37.6836,127.8804,140.2
"South Korea/홍천",매화,1983-04-10,1983,100,37.6836,127.8804,140.2
"South Korea/홍천",매화,1984-04-26,1984,117,37.6836,127.8804,140.2
"South Korea/홍천",매화,1985-04-17,1985,107,37.6836,127.8804,140.2
"South Korea/홍천",매화,1986-04-22,1986,112,37.6836,127.8804,140.2
"South Korea/홍천",매화,1987-04-27,1987,117,37.6836,127.8804,140.2
"South Korea/홍천",매화,1988-04-26,1988,117,37.6836,127.8804,140.2
"South Korea/홍천",매화,1989-04-11,1989,101,37.6836,127.8804,140.2
"South Korea/홍천",매화,1990-04-11,1990,101,37.6836,127.8804,140.2
"South Korea/홍천",매화,1991-04-13,1991,103,37.6836,127.8804,140.2
"South Korea/홍천",매화,1992-04-01,1992,92,37.6836,127.8804,140.2
"South Korea/홍천",매화,1993-04-06,1993,96,37.6836,127.8804,140.2
"South Korea/홍천",매화,1994-04-02,1994,92,37.6836,127.8804,140.2
"South Korea/홍천",매화,1995-04-15,1995,105,37.6836,127.8804,140.2
"South Korea/홍천",매화,1996-04-28,1996,119,37.6836,127.8804,140.2
"South Korea/홍천",매화,1997-04-16,1997,106,37.6836,127.8804,140.2
"South Korea/홍천",매화,1998-03-31,1998,90,37.6836,127.8804,140.2
"South Korea/홍천",매화,1999-04-07,1999,97,37.6836,127.8804,140.2
"South Korea/홍천",매화,2000-04-13,2000,104,37.6836,127.8804,140.2
"South Korea/홍천",매화,2001-04-11,2001,101,37.6836,127.8804,140.2
"South Korea/홍천",매화,2002-03-28,2002,87,37.6836,127.8804,140.2
"South Korea/홍천",매화,2003-04-07,2003,97,37.6836,127.8804,140.2
"South Korea/홍천",매화,2004-04-02,2004,93,37.6836,127.8804,140.2
"South Korea/홍천",매화,2005-04-07,2005,97,37.6836,127.8804,140.2
"South Korea/홍천",매화,2006-04-09,2006,99,37.6836,127.8804,140.2
"South Korea/홍천",매화,2007-04-16,2007,106,37.6836,127.8804,140.2
"South Korea/홍천",매화,2008-04-09,2008,100,37.6836,127.8804,140.2
"South Korea/동두천",매화,1998-04-07,1998,97,37.9019,127.0607,115.62
"South Korea/동두천",매화,1999-04-11,1999,101,37.9019,127.0607,115.62
"South Korea/동두천",매화,2000-04-14,2000,105,37.9019,127.0607,115.62
"South Korea/동두천",매화,2001-04-07,2001,97,37.9019,127.0607,115.62
"South Korea/동두천",매화,2002-04-01,2002,91,37.9019,127.0607,115.62
"South Korea/동두천",매화,2003-04-13,2003,103,37.9019,127.0607,115.62
"South Korea/동두천",매화,2004-04-04,2004,95,37.9019,127.0607,115.62
"South Korea/동두천",매화,2005-04-13,2005,103,37.9019,127.0607,115.62
"South Korea/동두천",매화,2006-04-10,2006,100,37.9019,127.0607,115.62
"South Korea/동두천",매화,2007-03-30,2007,89,37.9019,127.0607,115.62
"South Korea/동두천",매화,2008-04-06,2008,97,37.9019,127.0607,115.62
"South Korea/동두천",매화,2009-03-29,2009,88,37.9019,127.0607,115.62
"South Korea/동두천",매화,2010-04-08,2010,98,37.9019,127.0607,115.62
"South Korea/동두천",매화,2011-04-18,2011,108,37.9019,127.0607,115.62
"South Korea/동두천",매화,2012-04-15,2012,106,37.9019,127.0607,115.62
"South Korea/동두천",매화,2013-04-13,2013,103,37.9019,127.0607,115.62
"South Korea/동두천",매화,2014-03-31,2014,90,37.9019,127.0607,115.62
"South Korea/동두천",매화,2015-03-30,2015,89,37.9019,127.0607,115.62
"South Korea/수원",매화,1976-04-26,1976,117,37.2575,126.983,39.81
"South Korea/수원",매화,1977-04-25,1977,115,37.2575,126.983,39.81
"South Korea/수원",매화,1981-04-24,1981,114,37.2575,126.983,39.81
"South Korea/수원",매화,1982-04-22,1982,112,37.2575,126.983,39.81
"South Korea/수원",매화,1990-04-13,1990,103,37.2575,126.983,39.81
"South Korea/수원",매화,1991-04-22,1991,112,37.2575,126.983,39.81
"South Korea/수원",매화,1992-04-18,1992,109,37.2575,126.983,39.81
"South Korea/수원",매화,1993-04-20,1993,110,37.2575,126.983,39.81
"South Korea/수원",매화,1994-04-19,1994,109,37.2575,126.983,39.81
"South Korea/수원",매화,1995-04-14,1995,104,37.2575,126.983,39.81
"South Korea/수원",매화,1996-04-30,1996,121,37.2575,126.983,39.81
"South Korea/수원",매화,1997-04-19,1997,109,37.2575,126.983,39.81
"South Korea/수원",매화,1998-03-22,1998,81,37.2575,126.983,39.81
"South Korea/수원",매화,1999-04-11,1999,101,37.2575,126.983,39.81
"South Korea/수원",매화,2000-04-14,2000,105,37.2575,126.983,39.81
"South Korea/수원",매화,2001-04-10,2001,100,37.2575,126.983,39.81
"South Korea/수원",매화,2002-03-23,2002,82,37.2575,126.983,39.81
"South Korea/수원",매화,2003-03-26,2003,85,37.2575,126.983,39.81
"South Korea/수원",매화,2004-03-30,2004,90,37.2575,126.983,39.81
"South Korea/수원",매화,2005-04-08,2005,98,37.2575,126.983,39.81
"South Korea/수원",매화,2006-04-03,2006,93,37.2575,126.983,39.81
"South Korea/수원",매화,2007-04-03,2007,93,37.2575,126.983,39.81
"South Korea/수원",매화,2008-04-04,2008,95,37.2575,126.983,39.81
"South Korea/수원",매화,2009-04-05,2009,95,37.2575,126.983,39.81
"South Korea/수원",매화,2010-04-05,2010,95,37.2575,126.983,39.81
"South Korea/수원",매화,2011-04-13,2011,103,37.2575,126.983,39.81
"South Korea/수원",매화,2012-04-10,2012,101,37.2575,126.983,39.81
"South Korea/수원",매화,2013-04-12,2013,102,37.2575,126.983,39.81
"South Korea/수원",매화,2014-03-26,2014,85,37.2575,126.983,39.81
"South Korea/수원",매화,2015-03-30,2015,89,37.2575,126.983,39.81
"South Korea/수원",매화,2016-03-23,2016,83,37.2575,126.983,39.81
"South Korea/수원",매화,2017-03-23,2017,82,37.2575,126.983,39.81
"South Korea/수원",매화,2018-03-30,2018,89,37.2575,126.983,39.81
"South Korea/수원",매화,2019-03-13,2019,72,37.2575,126.983,39.81
"South Korea/수원",매화,2020-03-16,2020,76,37.2575,126.983,39.81
"South Korea/수원",매화,2021-03-14,2021,73,37.2575,126.983,39.81
"South Korea/수원",매화,2022-03-26,2022,85,37.2575,126.983,39.81
"South Korea/수원",매화,2023-03-10,2023,69,37.2575,126.983,39.81
"South Korea/수원",매화,2024-03-24,2024,84,37.2575,126.983,39.81
"South Korea/수원",매화,2025-03-29,2025,88,37.2575,126.983,39.81
"South Korea/양평",매화,1979-04-20,1979,110,37.4886,127.4945,47.26
"South Korea/양평",매화,1980-04-23,1980,114,37.4886,127.4945,47.26
"South Korea/양평",매화,1981-04-21,1981,111,37.4886,127.4945,47.26
"South Korea/양평",매화,1982-04-21,1982,111,37.4886,127.4945,47.26
"South Korea/양평",매화,1983-04-20,1983,110,37.4886,127.4945,47.26
"South Korea/양평",매화,1984-04-14,1984,105,37.4886,127.4945,47.26
"South Korea/양평",매화,1985-04-14,1985,104,37.4886,127.4945,47.26
"South Korea/양평",매화,1986-04-17,1986,107,37.4886,127.4945,47.26
"South Korea/양평",매화,1987-04-17,1987,107,37.4886,127.4945,47.26
"South Korea/양평",매화,1988-04-19,1988,110,37.4886,127.4945,47.26
"South Korea/양평",매화,1989-04-15,1989,105,37.4886,127.4945,47.26
"South Korea/양평",매화,1990-03-23,1990,82,37.4886,127.4945,47.26
"South Korea/양평",매화,1991-04-18,1991,108,37.4886,127.4945,47.26
"South Korea/양평",매화,1992-04-11,1992,102,37.4886,127.4945,47.26
"South Korea/양평",매화,1993-04-16,1993,106,37.4886,127.4945,47.26
"South Korea/양평",매화,1994-04-19,1994,109,37.4886,127.4945,47.26
"South Korea/양평",매화,1995-04-11,1995,101,37.4886,127.4945,47.26
"South Korea/양평",매화,1996-04-17,1996,108,37.4886,127.4945,47.26
"South Korea/양평",매화,1997-04-07,1997,97,37.4886,127.4945,47.26
"South Korea/양평",매화,1998-03-30,1998,89,37.4886,127.4945,47.26
"South Korea/양평",매화,1999-04-01,1999,91,37.4886,127.4945,47.26
"South Korea/양평",매화,2000-04-03,2000,94,37.4886,127.4945,47.26
"South Korea/양평",매화,2001-04-06,2001,96,37.4886,127.4945,47.26
"South Korea/양평",매화,2002-03-28,2002,87,37.4886,127.4945,47.26
"South Korea/양평",매화,2003-04-10,2003,100,37.4886,127.4945,47.26
"South Korea/양평",매화,2004-04-08,2004,99,37.4886,127.4945,47.26
"South Korea/양평",매화,2005-04-11,2005,101,37.4886,127.4945,47.26
"South Korea/양평",매화,2006-04-10,2006,100,37.4886,127.4945,47.26
"South Korea/양평",매화,2007-04-01,2007,91,37.4886,127.4945,47.26
"South Korea/양평",매화,2008-04-05,2008,96,37.4886,127.4945,47.26
"South Korea/이천",매화,1976-04-20,1976,111,37.264,127.4842,80.09
"South Korea/이천",매화,1977-04-23,1977,113,37.264,127.4842,80.09
"South Korea/이천",매화,1978-04-14,1978,104,37.264,127.4842,80.09
"South Korea/이천",매화,1979-04-09,1979,99,37.264,127.4842,80.09
"South Korea/이천",매화,1980-04-15,1980,106,37.264,127.4842,80.09
"South Korea/이천",매화,1981-04-12,1981,102,37.264,127.4842,80.09
"South Korea/이천",매화,1982-04-06,1982,96,37.264,127.4842,80.09
"South Korea/이천",매화,1983-04-08,1983,98,37.264,127.4842,80.09
"South Korea/이천",매화,1984-04-09,1984,100,37.264,127.4842,80.09
"South Korea/이천",매화,1985-04-02,1985,92,37.264,127.4842,80.09
"South Korea/이천",매화,1990-03-26,1990,85,37.264,127.4842,80.09
"South Korea/이천",매화,1994-04-15,1994,105,37.264,127.4842,80.09
"South Korea/이천",매화,1995-04-20,1995,110,37.264,127.4842,80.09
"South Korea/이천",매화,1996-04-28,1996,119,37.264,127.4842,80.09
"South Korea/이천",매화,1997-04-12,1997,102,37.264,127.4842,80.09
"South Korea/이천",매화,1998-04-13,1998,103,37.264,127.4842,80.09
"South Korea/이천",매화,2000-04-16,2000,107,37.264,127.4842,80.09
"South Korea/이천",매화,2001-04-05,2001,95,37.264,127.4842,80.09
"South Korea/이천",매화,2002-04-05,2002,95,37.264,127.4842,80.09
"South Korea/이천",매화,2003-04-07,2003,97,37.264,127.4842,80.09
"South Korea/이천",매화,2004-04-04,2004,95,37.264,127.4842,80.09
"South Korea/이천",매화,2005-04-07,2005,97,37.264,127.4842,80.09
"South Korea/이천",매화,2006-04-09,2006,99,37.264,127.4842,80.09
"South Korea/이천",매화,2007-04-02,2007,92,37.264,127.4842,80.09
"South Korea/이천",매화,2008-04-10,2008,101,37.264,127.4842,80.09
"South Korea/이천",매화,2009-04-05,2009,95,37.264,127.4842,80.09
"South Korea/이천",매화,2010-04-16,2010,106,37.264,127.4842,80.09
"South Korea/이천",매화,2011-04-19,2011,109,37.264,127.4842,80.09
"South Korea/이천",매화,2012-04-10,2012,101,37.264,127.4842,80.09
"South Korea/이천",매화,2013-04-08,2013,98,37.264,127.4842,80.09
"South Korea/이천",매화,2014-03-30,2014,89,37.264,127.4842,80.09
"South Korea/이천",매화,2015-03-29,2015,88,37.264,127.4842,80.09
"South Korea/파주",매화,2002-04-05,2002,95,37.8859,126.7665,30.59
"South Korea/파주",매화,2003-04-12,2003,102,37.8859,126.7665,30.59
"South Korea/파주",매화,2004-04-06,2004,97,37.8859,126.7665,30.59
"South Korea/파주",매화,2005-04-13,2005,103,37.8859,126.7665,30.59
"South Korea/파주",매화,2006-03-29,2006,88,37.8859,126.7665,30.59
"South Korea/파주",매화,2007-04-15,2007,105,37.8859,126.7665,30.59
"South Korea/파주",매화,2008-04-12,2008,103,37.8859,126.7665,30.59
"South Korea/파주",매화,2009-04-05,2009,95,37.8859,126.7665,30.59
"South Korea/파주",매화,2010-04-18,2010,108,37.8859,126.7665,30.59
"South Korea/파주",매화,2011-04-18,2011,108,37.8859,126.7665,30.59
"South Korea/파주",매화,2012-04-19,2012,110,37.8859,126.7665,30.59
"South Korea/파주",매화,2013-04-19,2013,109,37.8859,126.7665,30.59
"South Korea/파주",매화,2014-04-02,2014,92,37.8859,126.7665,30.59
"South Korea/파주",매화,2015-04-04,2015,94,37.8859,126.7665,30.59
"South Korea/거제",매화,1973-04-01,1973,91,34.8882,128.6046,44.83
"South Korea/거제",매화,1977-03-10,1977,69,34.8882,128.6046,44.83
"South Korea/거제",매화,1978-03-14,1978,73,34.8882,128.6046,44.83
"South Korea/거제",매화,1979-03-02,1979,61,34.8882,128.6046,44.83
"South Korea/거제",매화,1980-03-05,1980,65,34.8882,128.6046,44.83
"South Korea/거제",매화,1981-03-12,1981,71,34.8882,128.6046,44.83
"South Korea/거제",매화,1982-03-09,1982,68,34.8882,128.6046,44.83
"South Korea/거제",매화,1983-03-11,1983,70,34.8882,128.6046,44.83
"South Korea/거제",매화,1984-03-19,1984,79,34.8882,128.6046,44.83
"South Korea/거제",매화,1985-03-10,1985,69,34.8882,128.6046,44.83
"South Korea/거제",매화,1986-03-17,1986,76,34.8882,128.6046,44.83
"South Korea/거제",매화,1987-02-12,1987,43,34.8882,128.6046,44.83
"South Korea/거제",매화,1988-03-13,1988,73,34.8882,128.6046,44.83
"South Korea/거제",매화,1989-03-06,1989,65,34.8882,128.6046,44.83
"South Korea/거제",매화,1990-03-22,1990,81,34.8882,128.6046,44.83
"South Korea/거제",매화,1991-03-28,1991,87,34.8882,128.6046,44.83
"South Korea/거제",매화,1992-03-25,1992,85,34.8882,128.6046,44.83
"South Korea/거제",매화,1993-03-27,1993,86,34.8882,128.6046,44.83
"South Korea/거제",매화,1994-03-29,1994,88,34.8882,128.6046,44.83
"South Korea/거제",매화,1995-03-28,1995,87,34.8882,128.6046,44.83
"South Korea/거제",매화,1996-03-28,1996,88,34.8882,128.6046,44.83
"South Korea/거제",매화,1997-03-12,1997,71,34.8882,128.6046,44.83
"South Korea/거제",매화,1998-03-03,1998,62,34.8882,128.6046,44.83
"South Korea/거제",매화,1999-03-09,1999,68,34.8882,128.6046,44.83
"South Korea/거제",매화,2000-03-12,2000,72,34.8882,128.6046,44.83
"South Korea/거제",매화,2001-03-14,2001,73,34.8882,128.6046,44.83
"South Korea/거제",매화,2002-02-27,2002,58,34.8882,128.6046,44.83
"South Korea/거제",매화,2003-02-26,2003,57,34.8882,128.6046,44.83
"South Korea/거제",매화,2004-03-04,2004,64,34.8882,128.6046,44.83
"South Korea/거제",매화,2005-03-13,2005,72,34.8882,128.6046,44.83
"South Korea/거제",매화,2006-03-14,2006,73,34.8882,128.6046,44.83
"South Korea/거제",매화,2007-02-28,2007,59,34.8882,128.6046,44.83
"South Korea/거제",매화,2008-03-08,2008,68,34.8882,128.6046,44.83
"South Korea/거창",매화,1973-03-16,1973,75,35.6674,127.9099,228.45
"South Korea/거창",매화,1974-04-02,1974,92,35.6674,127.9099,228.45
"South Korea/거창",매화,1975-04-03,1975,93,35.6674,127.9099,228.45
"South Korea/거창",매화,1976-04-01,1976,92,35.6674,127.9099,228.45
"South Korea/거창",매화,1983-04-21,1983,111,35.6674,127.9099,228.45
"South Korea/거창",매화,1985-04-25,1985,115,35.6674,127.9099,228.45
"South Korea/거창",매화,1986-04-25,1986,115,35.6674,127.9099,228.45
"South Korea/거창",매화,1987-04-19,1987,109,35.6674,127.9099,228.45
"South Korea/거창",매화,1988-04-20,1988,111,35.6674,127.9099,228.45
"South Korea/거창",매화,1989-04-08,1989,98,35.6674,127.9099,228.45
"South Korea/거창",매화,1990-04-21,1990,111,35.6674,127.9099,228.45
"South Korea/거창",매화,1991-04-02,1991,92,35.6674,127.9099,228.45
"South Korea/거창",매화,1992-03-16,1992,76,35.6674,127.9099,228.45
"South Korea/거창",매화,1993-03-23,1993,82,35.6674,127.9099,228.45
"South Korea/거창",매화,1994-04-03,1994,93,35.6674,127.9099,228.45
"South Korea/거창",매화,1995-03-21,1995,80,35.6674,127.9099,228.45
"South Korea/거창",매화,1996-04-11,1996,102,35.6674,127.9099,228.45
"South Korea/거창",매화,1997-03-28,1997,87,35.6674,127.9099,228.45
"South Korea/거창",매화,1998-03-11,1998,70,35.6674,127.9099,228.45
"South Korea/거창",매화,1999-03-25,1999,84,35.6674,127.9099,228.45
"South Korea/거창",매화,2000-03-23,2000,83,35.6674,127.9099,228.45
"South Korea/거창",매화,2001-03-23,2001,82,35.6674,127.9099,228.45
"South Korea/거창",매화,2002-03-13,2002,72,35.6674,127.9099,228.45
"South Korea/거창",매화,2003-03-25,2003,84,35.6674,127.9099,228.45
"South Korea/거창",매화,2004-03-15,2004,75,35.6674,127.9099,228.45
"South Korea/거창",매화,2005-03-21,2005,80,35.6674,127.9099,228.45
"South Korea/거창",매화,2006-03-22,2006,81,35.6674,127.9099,228.45
"South Korea/거창",매화,2007-03-13,2007,72,35.6674,127.9099,228.45
"South Korea/거창",매화,2008-03-18,2008,78,35.6674,127.9099,228.45
"South Korea/거창",매화,2009-03-12,2009,71,35.6674,127.9099,228.45
"South Korea/거창",매화,2010-03-19,2010,78,35.6674,127.9099,228.45
"South Korea/거창",매화,2011-03-28,2011,87,35.6674,127.9099,228.45
"South Korea/거창",매화,2012-03-18,2012,78,35.6674,127.9099,228.45
"South Korea/거창",매화,2013-03-16,2013,75,35.6674,127.9099,228.45
"South Korea/거창",매화,2014-03-17,2014,76,35.6674,127.9099,228.45
"South Korea/거창",매화,2015-03-19,2015,78,35.6674,127.9099,228.45
"South Korea/남해",매화,1973-03-09,1973,68,34.8166,127.9264,45.71
"South Korea/남해",매화,1974-03-04,1974,63,34.8166,127.9264,45.71
"South Korea/남해",매화,1975-03-04,1975,63,34.8166,127.9264,45.71
"South Korea/남해",매화,1976-03-01,1976,61,34.8166,127.9264,45.71
"South Korea/남해",매화,1977-03-17,1977,76,34.8166,127.9264,45.71
"South Korea/남해",매화,1978-03-14,1978,73,34.8166,127.9264,45.71
"South Korea/남해",매화,1979-03-10,1979,69,34.8166,127.9264,45.71
"South Korea/남해",매화,1980-03-24,1980,84,34.8166,127.9264,45.71
"South Korea/남해",매화,1981-03-10,1981,69,34.8166,127.9264,45.71
"South Korea/남해",매화,1983-03-16,1983,75,34.8166,127.9264,45.71
"South Korea/남해",매화,1984-03-25,1984,85,34.8166,127.9264,45.71
"South Korea/남해",매화,1986-03-28,1986,87,34.8166,127.9264,45.71
"South Korea/남해",매화,1988-03-28,1988,88,34.8166,127.9264,45.71
"South Korea/남해",매화,1989-03-15,1989,74,34.8166,127.9264,45.71
"South Korea/남해",매화,1990-03-12,1990,71,34.8166,127.9264,45.71
"South Korea/남해",매화,1991-03-24,1991,83,34.8166,127.9264,45.71
"South Korea/남해",매화,1992-03-29,1992,89,34.8166,127.9264,45.71
"South Korea/남해",매화,1993-03-21,1993,80,34.8166,127.9264,45.71
"South Korea/남해",매화,1994-03-29,1994,88,34.8166,127.9264,45.71
"South Korea/남해",매화,1995-03-21,1995,80,34.8166,127.9264,45.71
"South Korea/남해",매화,1996-03-26,1996,86,34.8166,127.9264,45.71
"South Korea/남해",매화,1997-02-27,1997,58,34.8166,127.9264,45.71
"South Korea/남해",매화,1998-02-27,1998,58,34.8166,127.9264,45.71
"South Korea/남해",매화,1999-02-25,1999,56,34.8166,127.9264,45.71
"South Korea/남해",매화,2000-03-02,2000,62,34.8166,127.9264,45.71
"South Korea/남해",매화,2001-02-27,2001,58,34.8166,127.9264,45.71
"South Korea/남해",매화,2002-02-16,2002,47,34.8166,127.9264,45.71
"South Korea/남해",매화,2003-02-26,2003,57,34.8166,127.9264,45.71
"South Korea/남해",매화,2004-02-20,2004,51,34.8166,127.9264,45.71
"South Korea/남해",매화,2005-03-02,2005,61,34.8166,127.9264,45.71
"South Korea/남해",매화,2006-03-06,2006,65,34.8166,127.9264,45.71
"South Korea/남해",매화,2007-02-26,2007,57,34.8166,127.9264,45.71
"South Korea/남해",매화,2008-02-29,2008,60,34.8166,127.9264,45.71
"South Korea/밀양",매화,1986-03-24,1986,83,35.4915,128.7441,8.31
"South Korea/밀양",매화,1987-03-22,1987,81,35.4915,128.7441,8.31
"South Korea/밀양",매화,1988-03-20,1988,80,35.4915,128.7441,8.31
"South Korea/밀양",매화,1989-03-18,1989,77,35.4915,128.7441,8.31
"South Korea/밀양",매화,1990-03-15,1990,74,35.4915,128.7441,8.31
"South Korea/밀양",매화,1991-03-13,1991,72,35.4915,128.7441,8.31
"South Korea/밀양",매화,1992-03-11,1992,71,35.4915,128.7441,8.31
"South Korea/밀양",매화,1993-03-19,1993,78,35.4915,128.7441,8.31
"South Korea/밀양",매화,1994-03-17,1994,76,35.4915,128.7441,8.31
"South Korea/밀양",매화,1995-03-16,1995,75,35.4915,128.7441,8.31
"South Korea/밀양",매화,1996-03-28,1996,88,35.4915,128.7441,8.31
"South Korea/밀양",매화,1997-03-15,1997,74,35.4915,128.7441,8.31
"South Korea/밀양",매화,1998-02-27,1998,58,35.4915,128.7441,8.31
"South Korea/밀양",매화,1999-03-11,1999,70,35.4915,128.7441,8.31
"South Korea/밀양",매화,2000-03-12,2000,72,35.4915,128.7441,8.31
"South Korea/밀양",매화,2001-03-17,2001,76,35.4915,128.7441,8.31
"South Korea/밀양",매화,2002-02-19,2002,50,35.4915,128.7441,8.31
"South Korea/밀양",매화,2003-03-02,2003,61,35.4915,128.7441,8.31
"South Korea/밀양",매화,2004-03-03,2004,63,35.4915,128.7441,8.31
"South Korea/밀양",매화,2005-03-15,2005,74,35.4915,128.7441,8.31
"South Korea/밀양",매화,2006-03-20,2006,79,35.4915,128.7441,8.31
"South Korea/밀양",매화,2007-03-05,2007,64,35.4915,128.7441,8.31
"South Korea/밀양",매화,2008-03-13,2008,73,35.4915,128.7441,8.31
"South Korea/북창원",매화,1991-03-23,1991,82,35.2266,128.6726,50.95
"South Korea/산청",매화,1974-03-28,1974,87,35.413,127.8791,138.22
"South Korea/산청",매화,1976-03-12,1976,72,35.413,127.8791,138.22
"South Korea/산청",매화,1977-03-21,1977,80,35.413,127.8791,138.22
"South Korea/산청",매화,1978-03-25,1978,84,35.413,127.8791,138.22
"South Korea/산청",매화,1979-02-20,1979,51,35.413,127.8791,138.22
"South Korea/산청",매화,1980-03-21,1980,81,35.413,127.8791,138.22
"South Korea/산청",매화,1981-03-17,1981,76,35.413,127.8791,138.22
"South Korea/산청",매화,1982-03-14,1982,73,35.413,127.8791,138.22
"South Korea/산청",매화,1983-03-22,1983,81,35.413,127.8791,138.22
"South Korea/산청",매화,1984-04-03,1984,94,35.413,127.8791,138.22
"South Korea/산청",매화,1985-03-19,1985,78,35.413,127.8791,138.22
"South Korea/산청",매화,1986-03-29,1986,88,35.413,127.8791,138.22
"South Korea/산청",매화,1987-02-14,1987,45,35.413,127.8791,138.22
"South Korea/산청",매화,1988-03-12,1988,72,35.413,127.8791,138.22
"South Korea/산청",매화,1989-03-13,1989,72,35.413,127.8791,138.22
"South Korea/산청",매화,1990-03-16,1990,75,35.413,127.8791,138.22
"South Korea/산청",매화,1991-03-05,1991,64,35.413,127.8791,138.22
"South Korea/산청",매화,1992-03-12,1992,72,35.413,127.8791,138.22
"South Korea/산청",매화,1993-03-11,1993,70,35.413,127.8791,138.22
"South Korea/산청",매화,1994-03-11,1994,70,35.413,127.8791,138.22
"South Korea/산청",매화,1995-03-03,1995,62,35.413,127.8791,138.22
"South Korea/산청",매화,1996-03-18,1996,78,35.413,127.8791,138.22
"South Korea/산청",매화,1997-03-07,1997,66,35.413,127.8791,138.22
"South Korea/산청",매화,1998-02-21,1998,52,35.413,127.8791,138.22
"South Korea/산청",매화,1999-03-05,1999,64,35.413,127.8791,138.22
"South Korea/산청",매화,2000-03-06,2000,66,35.413,127.8791,138.22
"South Korea/산청",매화,2001-03-15,2001,74,35.413,127.8791,138.22
"South Korea/산청",매화,2002-02-27,2002,58,35.413,127.8791,138.22
"South Korea/산청",매화,2003-03-02,2003,61,35.413,127.8791,138.22
"South Korea/산청",매화,2004-02-20,2004,51,35.413,127.8791,138.22
"South Korea/산청",매화,2005-03-04,2005,63,35.413,127.8791,138.22
"South Korea/산청",매화,2006-03-13,2006,72,35.413,127.8791,138.22
"South Korea/산청",매화,2007-03-11,2007,70,35.413,127.8791,138.22
"South Korea/산청",매화,2008-03-15,2008,75,35.413,127.8791,138.22
"South Korea/진주",매화,1973-03-10,1973,69,35.1638,128.04,29.35
"South Korea/진주",매화,1974-03-18,1974,77,35.1638,128.04,29.35
"South Korea/진주",매화,1975-03-21,1975,80,35.1638,128.04,29.35
"South Korea/진주",매화,1976-03-16,1976,76,35.1638,128.04,29.35
"South Korea/진주",매화,1977-03-19,1977,78,35.1638,128.04,29.35
"South Korea/진주",매화,1978-03-17,1978,76,35.1638,128.04,29.35
"South Korea/진주",매화,1979-03-14,1979,73,35.1638,128.04,29.35
"South Korea/진주",매화,1980-03-16,1980,76,35.1638,128.04,29.35
"South Korea/진주",매화,1981-03-24,1981,83,35.1638,128.04,29.35
"South Korea/진주",매화,1982-04-03,1982,93,35.1638,128.04,29.35
"South Korea/진주",매화,1983-04-10,1983,100,35.1638,128.04,29.35
"South Korea/진주",매화,1984-04-05,1984,96,35.1638,128.04,29.35
"South Korea/진주",매화,1985-04-10,1985,100,35.1638,128.04,29.35
"South Korea/진주",매화,1986-03-31,1986,90,35.1638,128.04,29.35
"South Korea/진주",매화,1987-03-16,1987,75,35.1638,128.04,29.35
"South Korea/진주",매화,1988-03-27,1988,87,35.1638,128.04,29.35
"South Korea/진주",매화,1989-03-14,1989,73,35.1638,128.04,29.35
"South Korea/진주",매화,1990-03-11,1990,70,35.1638,128.04,29.35
"South Korea/진주",매화,1991-03-15,1991,74,35.1638,128.04,29.35
"South Korea/진주",매화,1992-02-27,1992,58,35.1638,128.04,29.35
"South Korea/진주",매화,1993-03-06,1993,65,35.1638,128.04,29.35
"South Korea/진주",매화,1994-03-10,1994,69,35.1638,128.04,29.35
"South Korea/진주",매화,1995-03-30,1995,89,35.1638,128.04,29.35
"South Korea/진주",매화,1996-03-20,1996,80,35.1638,128.04,29.35
"South Korea/진주",매화,1997-03-07,1997,66,35.1638,128.04,29.35
"South Korea/진주",매화,1998-02-22,1998,53,35.1638,128.04,29.35
"South Korea/진주",매화,1999-03-06,1999,65,35.1638,128.04,29.35
"South Korea/진주",매화,2000-03-08,2000,68,35.1638,128.04,29.35
"South Korea/진주",매화,2001-03-15,2001,74,35.1638,128.04,29.35
"South Korea/진주",매화,2002-02-27,2002,58,35.1638,128.04,29.35
"South Korea/진주",매화,2003-02-24,2003,55,35.1638,128.04,29.35
"South Korea/진주",매화,2004-02-23,2004,54,35.1638,128.04,29.35
"South Korea/진주",매화,2005-03-01,2005,60,35.1638,128.04,29.35
"South Korea/진주",매화,2006-03-16,2006,75,35.1638,128.04,29.35
"South Korea/진주",매화,2007-03-10,2007,69,35.1638,128.04,29.35
"South Korea/진주",매화,2008-03-10,2008,70,35.1638,128.04,29.35
"South Korea/진주",매화,2009-03-04,2009,63,35.1638,128.04,29.35
"South Korea/진주",매화,2010-03-12,2010,71,35.1638,128.04,29.35
"South Korea/진주",매화,2011-03-18,2011,77,35.1638,128.04,29.35
"South Korea/진주",매화,2012-03-24,2012,84,35.1638,128.04,29.35
"South Korea/진주",매화,2013-03-14,2013,73,35.1638,128.04,29.35
"South Korea/진주",매화,2014-03-10,2014,69,35.1638,128.04,29.35
"South Korea/진주",매화,2015-03-16,2015,75,35.1638,128.04,29.35
"South Korea/창원",매화,1988-03-05,1988,65,35.1702,128.5728,34.97
"South Korea/창원",매화,1989-02-26,1989,57,35.1702,128.5728,34.97
"South Korea/창원",매화,1990-02-22,1990,53,35.1702,128.5728,34.97
"South Korea/창원",매화,1991-03-04,1991,63,35.1702,128.5728,34.97
"South Korea/창원",매화,1992-01-30,1992,30,35.1702,128.5728,34.97
"South Korea/창원",매화,1993-02-21,1993,52,35.1702,128.5728,34.97
"South Korea/창원",매화,1994-03-05,1994,64,35.1702,128.5728,34.97
"South Korea/창원",매화,1995-02-25,1995,56,35.1702,128.5728,34.97
"South Korea/창원",매화,1996-03-04,1996,64,35.1702,128.5728,34.97
"South Korea/창원",매화,1997-02-27,1997,58,35.1702,128.5728,34.97
"South Korea/창원",매화,1998-02-12,1998,43,35.1702,128.5728,34.97
"South Korea/창원",매화,1999-02-23,1999,54,35.1702,128.5728,34.97
"South Korea/창원",매화,2000-03-04,2000,64,35.1702,128.5728,34.97
"South Korea/창원",매화,2001-03-02,2001,61,35.1702,128.5728,34.97
"South Korea/창원",매화,2002-02-16,2002,47,35.1702,128.5728,34.97
"South Korea/창원",매화,2003-02-11,2003,42,35.1702,128.5728,34.97
"South Korea/창원",매화,2004-02-23,2004,54,35.1702,128.5728,34.97
"South Korea/창원",매화,2005-03-02,2005,61,35.1702,128.5728,34.97
"South Korea/창원",매화,2006-03-04,2006,63,35.1702,128.5728,34.97
"South Korea/창원",매화,2007-02-27,2007,58,35.1702,128.5728,34.97
"South Korea/창원",매화,2008-03-01,2008,61,35.1702,128.5728,34.97
"South Korea/창원",매화,2009-02-23,2009,54,35.1702,128.5728,34.97
"South Korea/창원",매화,2010-02-25,2010,56,35.1702,128.5728,34.97
"South Korea/창원",매화,2011-03-01,2011,60,35.1702,128.5728,34.97
"South Korea/창원",매화,2012-03-16,2012,76,35.1702,128.5728,34.97
"South Korea/창원",매화,2013-03-08,2013,67,35.1702,128.5728,34.97
"South Korea/창원",매화,2014-02-25,2014,56,35.1702,128.5728,34.97
"South Korea/창원",매화,2015-03-09,2015,68,35.1702,128.5728,34.97
"South Korea/창원",매화,2016-02-19,2016,50,35.1702,128.5728,34.97
"South Korea/창원",매화,2017-02-07,2017,38,35.1702,128.5728,34.97
"South Korea/창원",매화,2018-03-02,2018,61,35.1702,128.5728,34.97
"South Korea/창원",매화,2019-02-10,2019,41,35.1702,128.5728,34.97
"South Korea/창원",매화,2020-02-10,2020,41,35.1702,128.5728,34.97
"South Korea/창원",매화,2021-02-09,2021,40,35.1702,128.5728,34.97
"South Korea/창원",매화,2022-02-21,2022,52,35.1702,128.5728,34.97
"South Korea/창원",매화,2023-02-12,2023,43,35.1702,128.5728,34.97
"South Korea/창원",매화,2024-02-12,2024,43,35.1702,128.5728,34.97
"South Korea/창원",매화,2025-03-05,2025,64,35.1702,128.5728,34.97
"South Korea/통영",매화,1973-03-14,1973,73,34.8454,128.4356,31.24
"South Korea/통영",매화,1975-03-23,1975,82,34.8454,128.4356,31.24
"South Korea/통영",매화,1976-03-06,1976,66,34.8454,128.4356,31.24
"South Korea/통영",매화,1977-03-14,1977,73,34.8454,128.4356,31.24
"South Korea/통영",매화,1978-03-20,1978,79,34.8454,128.4356,31.24
"South Korea/통영",매화,1979-03-19,1979,78,34.8454,128.4356,31.24
"South Korea/통영",매화,1980-03-13,1980,73,34.8454,128.4356,31.24
"South Korea/통영",매화,1990-02-20,1990,51,34.8454,128.4356,31.24
"South Korea/통영",매화,1991-03-05,1991,64,34.8454,128.4356,31.24
"South Korea/통영",매화,1992-03-02,1992,62,34.8454,128.4356,31.24
"South Korea/통영",매화,1993-02-12,1993,43,34.8454,128.4356,31.24
"South Korea/통영",매화,1994-03-02,1994,61,34.8454,128.4356,31.24
"South Korea/통영",매화,1995-03-01,1995,60,34.8454,128.4356,31.24
"South Korea/통영",매화,1996-03-08,1996,68,34.8454,128.4356,31.24
"South Korea/통영",매화,1997-03-01,1997,60,34.8454,128.4356,31.24
"South Korea/통영",매화,1998-02-13,1998,44,34.8454,128.4356,31.24
"South Korea/통영",매화,1999-02-18,1999,49,34.8454,128.4356,31.24
"South Korea/통영",매화,2000-02-23,2000,54,34.8454,128.4356,31.24
"South Korea/통영",매화,2001-02-19,2001,50,34.8454,128.4356,31.24
"South Korea/통영",매화,2002-02-15,2002,46,34.8454,128.4356,31.24
"South Korea/통영",매화,2003-02-13,2003,44,34.8454,128.4356,31.24
"South Korea/통영",매화,2004-02-18,2004,49,34.8454,128.4356,31.24
"South Korea/통영",매화,2005-02-16,2005,47,34.8454,128.4356,31.24
"South Korea/통영",매화,2006-03-08,2006,67,34.8454,128.4356,31.24
"South Korea/통영",매화,2007-02-11,2007,42,34.8454,128.4356,31.24
"South Korea/통영",매화,2008-02-24,2008,55,34.8454,128.4356,31.24
"South Korea/통영",매화,2009-02-15,2009,46,34.8454,128.4356,31.24
"South Korea/통영",매화,2010-02-23,2010,54,34.8454,128.4356,31.24
"South Korea/통영",매화,2011-03-10,2011,69,34.8454,128.4356,31.24
"South Korea/통영",매화,2012-03-10,2012,70,34.8454,128.4356,31.24
"South Korea/통영",매화,2013-03-08,2013,67,34.8454,128.4356,31.24
"South Korea/통영",매화,2014-02-26,2014,57,34.8454,128.4356,31.24
"South Korea/통영",매화,2015-02-23,2015,54,34.8454,128.4356,31.24
"South Korea/합천",매화,1973-03-16,1973,75,35.5651,128.1699,26.72
"South Korea/합천",매화,1974-03-30,1974,89,35.5651,128.1699,26.72
"South Korea/합천",매화,1975-03-27,1975,86,35.5651,128.1699,26.72
"South Korea/합천",매화,1976-03-14,1976,74,35.5651,128.1699,26.72
"South Korea/합천",매화,1977-03-23,1977,82,35.5651,128.1699,26.72
"South Korea/합천",매화,1978-03-25,1978,84,35.5651,128.1699,26.72
"South Korea/합천",매화,1979-03-26,1979,85,35.5651,128.1699,26.72
"South Korea/합천",매화,1980-04-03,1980,94,35.5651,128.1699,26.72
"South Korea/합천",매화,1981-03-29,1981,88,35.5651,128.1699,26.72
"South Korea/합천",매화,1982-03-13,1982,72,35.5651,128.1699,26.72
"South Korea/합천",매화,1983-03-27,1983,86,35.5651,128.1699,26.72
"South Korea/합천",매화,1985-04-01,1985,91,35.5651,128.1699,26.72
"South Korea/합천",매화,1986-03-31,1986,90,35.5651,128.1699,26.72
"South Korea/합천",매화,1987-03-22,1987,81,35.5651,128.1699,26.72
"South Korea/합천",매화,1988-03-26,1988,86,35.5651,128.1699,26.72
"South Korea/합천",매화,1989-03-22,1989,81,35.5651,128.1699,26.72
"South Korea/합천",매화,1990-03-24,1990,83,35.5651,128.1699,26.72
"South Korea/합천",매화,1991-03-26,1991,85,35.5651,128.1699,26.72
"South Korea/합천",매화,1992-03-25,1992,85,35.5651,128.1699,26.72
"South Korea/합천",매화,1993-03-26,1993,85,35.5651,128.1699,26.72
"South Korea/합천",매화,1994-03-25,1994,84,35.5651,128.1699,26.72
"South Korea/합천",매화,1995-03-25,1995,84,35.5651,128.1699,26.72
"South Korea/합천",매화,1996-04-01,1996,92,35.5651,128.1699,26.72
"South Korea/합천",매화,1997-03-21,1997,80,35.5651,128.1699,26.72
"South Korea/합천",매화,1998-03-07,1998,66,35.5651,128.1699,26.72
"South Korea/합천",매화,1999-03-18,1999,77,35.5651,128.1699,26.72
"South Korea/합천",매화,2000-03-24,2000,84,35.5651,128.1699,26.72
"South Korea/합천",매화,2001-03-26,2001,85,35.5651,128.1699,26.72
"South Korea/합천",매화,2002-03-10,2002,69,35.5651,128.1699,26.72
"South Korea/합천",매화,2003-03-25,2003,84,35.5651,128.1699,26.72
"South Korea/합천",매화,2004-03-13,2004,73,35.5651,128.1699,26.72
"South Korea/합천",매화,2005-03-23,2005,82,35.5651,128.1699,26.72
"South Korea/합천",매화,2006-03-23,2006,82,35.5651,128.1699,26.72
"South Korea/합천",매화,2007-03-14,2007,73,35.5651,128.1699,26.72
"South Korea/합천",매화,2008-03-17,2008,77,35.5651,128.1699,26.72
"South Korea/구미",매화,1978-04-17,1978,107,36.1306,128.3206,49.17
"South Korea/구미",매화,1979-04-16,1979,106,36.1306,128.3206,49.17
"South Korea/구미",매화,1980-04-17,1980,108,36.1306,128.3206,49.17
"South Korea/구미",매화,1981-04-15,1981,105,36.1306,128.3206,49.17
"South Korea/구미",매화,1982-04-11,1982,101,36.1306,128.3206,49.17
"South Korea/구미",매화,1983-04-05,1983,95,36.1306,128.3206,49.17
"South Korea/구미",매화,1984-04-15,1984,106,36.1306,128.3206,49.17
"South Korea/구미",매화,1985-04-07,1985,97,36.1306,128.3206,49.17
"South Korea/구미",매화,1986-04-04,1986,94,36.1306,128.3206,49.17
"South Korea/구미",매화,1987-03-30,1987,89,36.1306,128.3206,49.17
"South Korea/구미",매화,1988-04-09,1988,100,36.1306,128.3206,49.17
"South Korea/구미",매화,1989-03-30,1989,89,36.1306,128.3206,49.17
"South Korea/구미",매화,1990-03-25,1990,84,36.1306,128.3206,49.17
"South Korea/구미",매화,1991-04-01,1991,91,36.1306,128.3206,49.17
"South Korea/구미",매화,1992-03-24,1992,84,36.1306,128.3206,49.17
"South Korea/구미",매화,1993-03-26,1993,85,36.1306,128.3206,49.17
"South Korea/구미",매화,1994-04-01,1994,91,36.1306,128.3206,49.17
"South Korea/구미",매화,1995-03-30,1995,89,36.1306,128.3206,49.17
"South Korea/구미",매화,1996-04-08,1996,99,36.1306,128.3206,49.17
"South Korea/구미",매화,1997-03-25,1997,84,36.1306,128.3206,49.17
"South Korea/구미",매화,1998-03-18,1998,77,36.1306,128.3206,49.17
"South Korea/구미",매화,1999-03-23,1999,82,36.1306,128.3206,49.17
"South Korea/구미",매화,2000-03-28,2000,88,36.1306,128.3206,49.17
"South Korea/구미",매화,2001-03-24,2001,83,36.1306,128.3206,49.17
"South Korea/구미",매화,2002-03-17,2002,76,36.1306,128.3206,49.17
"South Korea/구미",매화,2003-03-26,2003,85,36.1306,128.3206,49.17
"South Korea/구미",매화,2004-03-18,2004,78,36.1306,128.3206,49.17
"South Korea/구미",매화,2005-03-30,2005,89,36.1306,128.3206,49.17
"South Korea/구미",매화,2006-03-25,2006,84,36.1306,128.3206,49.17
"South Korea/구미",매화,2007-03-16,2007,75,36.1306,128.3206,49.17
"South Korea/구미",매화,2008-03-22,2008,82,36.1306,128.3206,49.17
"South Korea/구미",매화,2009-03-18,2009,77,36.1306,128.3206,49.17
"South Korea/구미",매화,2010-03-30,2010,89,36.1306,128.3206,49.17
"South Korea/구미",매화,2011-03-31,2011,90,36.1306,128.3206,49.17
"South Korea/구미",매화,2012-04-03,2012,94,36.1306,128.3206,49.17
"South Korea/구미",매화,2013-03-25,2013,84,36.1306,128.3206,49.17
"South Korea/구미",매화,2014-03-23,2014,82,36.1306,128.3206,49.17
"South Korea/구미",매화,2015-03-23,2015,82,36.1306,128.3206,49.17
"South Korea/문경",매화,1979-04-17,1979,107,36.6273,128.1488,173.01
"South Korea/문경",매화,1980-04-21,1980,112,36.6273,128.1488,173.01
"South Korea/문경",매화,1981-04-18,1981,108,36.6273,128.1488,173.01
"South Korea/문경",매화,1982-04-10,1982,100,36.6273,128.1488,173.01
"South Korea/문경",매화,1983-04-01,1983,91,36.6273,128.1488,173.01
"South Korea/문경",매화,1984-04-11,1984,102,36.6273,128.1488,173.01
"South Korea/문경",매화,1985-04-08,1985,98,36.6273,128.1488,173.01
"South Korea/문경",매화,1986-04-06,1986,96,36.6273,128.1488,173.01
"South Korea/문경",매화,1988-04-07,1988,98,36.6273,128.1488,173.01
"South Korea/문경",매화,1989-03-30,1989,89,36.6273,128.1488,173.01
"South Korea/문경",매화,1990-03-22,1990,81,36.6273,128.1488,173.01
"South Korea/문경",매화,1991-04-11,1991,101,36.6273,128.1488,173.01
"South Korea/문경",매화,1992-04-12,1992,103,36.6273,128.1488,173.01
"South Korea/문경",매화,1993-04-02,1993,92,36.6273,128.1488,173.01
"South Korea/문경",매화,1994-04-10,1994,100,36.6273,128.1488,173.01
"South Korea/문경",매화,1995-04-15,1995,105,36.6273,128.1488,173.01
"South Korea/문경",매화,1996-04-10,1996,101,36.6273,128.1488,173.01
"South Korea/문경",매화,1997-03-29,1997,88,36.6273,128.1488,173.01
"South Korea/문경",매화,1998-04-05,1998,95,36.6273,128.1488,173.01
"South Korea/문경",매화,1999-04-01,1999,91,36.6273,128.1488,173.01
"South Korea/문경",매화,2000-04-02,2000,93,36.6273,128.1488,173.01
"South Korea/문경",매화,2001-04-01,2001,91,36.6273,128.1488,173.01
"South Korea/문경",매화,2002-03-16,2002,75,36.6273,128.1488,173.01
"South Korea/문경",매화,2003-03-26,2003,85,36.6273,128.1488,173.01
"South Korea/문경",매화,2004-03-23,2004,83,36.6273,128.1488,173.01
"South Korea/문경",매화,2005-03-17,2005,76,36.6273,128.1488,173.01
"South Korea/문경",매화,2006-03-16,2006,75,36.6273,128.1488,173.01
"South Korea/문경",매화,2007-03-10,2007,69,36.6273,128.1488,173.01
"South Korea/문경",매화,2008-03-24,2008,84,36.6273,128.1488,173.01
"South Korea/봉화",매화,1988-04-24,1988,115,36.9436,128.9145,324.67
"South Korea/봉화",매화,1989-04-16,1989,106,36.9436,128.9145,324.67
"South Korea/봉화",매화,1990-04-17,1990,107,36.9436,128.9145,324.67
"South Korea/봉화",매화,1991-04-24,1991,114,36.9436,128.9145,324.67
"South Korea/봉화",매화,1992-04-27,1992,118,36.9436,128.9145,324.67
"South Korea/봉화",매화,1993-04-29,1993,119,36.9436,128.9145,324.67
"South Korea/봉화",매화,1994-04-27,1994,117,36.9436,128.9145,324.67
"South Korea/봉화",매화,1995-04-30,1995,120,36.9436,128.9145,324.67
"South Korea/봉화",매화,1996-05-07,1996,128,36.9436,128.9145,324.67
"South Korea/봉화",매화,1997-04-28,1997,118,36.9436,128.9145,324.67
"South Korea/봉화",매화,1998-04-21,1998,111,36.9436,128.9145,324.67
"South Korea/봉화",매화,1999-04-26,1999,116,36.9436,128.9145,324.67
"South Korea/봉화",매화,2000-04-22,2000,113,36.9436,128.9145,324.67
"South Korea/봉화",매화,2001-04-17,2001,107,36.9436,128.9145,324.67
"South Korea/봉화",매화,2002-03-31,2002,90,36.9436,128.9145,324.67
"South Korea/봉화",매화,2003-04-12,2003,102,36.9436,128.9145,324.67
"South Korea/봉화",매화,2004-04-02,2004,93,36.9436,128.9145,324.67
"South Korea/봉화",매화,2005-04-10,2005,100,36.9436,128.9145,324.67
"South Korea/봉화",매화,2006-04-08,2006,98,36.9436,128.9145,324.67
"South Korea/봉화",매화,2007-04-02,2007,92,36.9436,128.9145,324.67
"South Korea/봉화",매화,2008-04-06,2008,97,36.9436,128.9145,324.67
"South Korea/상주",매화,2002-03-18,2002,77,36.4084,128.1574,96.58
"South Korea/상주",매화,2003-03-25,2003,84,36.4084,128.1574,96.58
"South Korea/상주",매화,2004-02-24,2004,55,36.4084,128.1574,96.58
"South Korea/상주",매화,2005-03-26,2005,85,36.4084,128.1574,96.58
"South Korea/상주",매화,2006-03-15,2006,74,36.4084,128.1574,96.58
"South Korea/상주",매화,2007-03-09,2007,68,36.4084,128.1574,96.58
"South Korea/상주",매화,2008-03-19,2008,79,36.4084,128.1574,96.58
"South Korea/상주",매화,2009-03-10,2009,69,36.4084,128.1574,96.58
"South Korea/상주",매화,2010-03-22,2010,81,36.4084,128.1574,96.58
"South Korea/상주",매화,2011-03-24,2011,83,36.4084,128.1574,96.58
"South Korea/상주",매화,2012-03-19,2012,79,36.4084,128.1574,96.58
"South Korea/상주",매화,2013-03-25,2013,84,36.4084,128.1574,96.58
"South Korea/상주",매화,2014-03-20,2014,79,36.4084,128.1574,96.58
"South Korea/상주",매화,2015-03-16,2015,75,36.4084,128.1574,96.58
"South Korea/안동",매화,1975-04-15,1975,105,36.5729,128.7073,141.26
"South Korea/안동",매화,1983-04-13,1983,103,36.5729,128.7073,141.26
"South Korea/안동",매화,1984-04-19,1984,110,36.5729,128.7073,141.26
"South Korea/안동",매화,1985-04-13,1985,103,36.5729,128.7073,141.26
"South Korea/안동",매화,1986-04-11,1986,101,36.5729,128.7073,141.26
"South Korea/안동",매화,1987-04-06,1987,96,36.5729,128.7073,141.26
"South Korea/안동",매화,1988-04-16,1988,107,36.5729,128.7073,141.26
"South Korea/안동",매화,1989-04-08,1989,98,36.5729,128.7073,141.26
"South Korea/안동",매화,1990-04-05,1990,95,36.5729,128.7073,141.26
"South Korea/안동",매화,1991-04-15,1991,105,36.5729,128.7073,141.26
"South Korea/안동",매화,1992-04-07,1992,98,36.5729,128.7073,141.26
"South Korea/안동",매화,1993-04-06,1993,96,36.5729,128.7073,141.26
"South Korea/안동",매화,1994-04-05,1994,95,36.5729,128.7073,141.26
"South Korea/안동",매화,1995-04-03,1995,93,36.5729,128.7073,141.26
"South Korea/안동",매화,1996-04-13,1996,104,36.5729,128.7073,141.26
"South Korea/안동",매화,1997-04-09,1997,99,36.5729,128.7073,141.26
"South Korea/안동",매화,1998-03-09,1998,68,36.5729,128.7073,141.26
"South Korea/안동",매화,1999-03-20,1999,79,36.5729,128.7073,141.26
"South Korea/안동",매화,2000-03-21,2000,81,36.5729,128.7073,141.26
"South Korea/안동",매화,2001-03-22,2001,81,36.5729,128.7073,141.26
"South Korea/안동",매화,2002-03-12,2002,71,36.5729,128.7073,141.26
"South Korea/안동",매화,2003-03-25,2003,84,36.5729,128.7073,141.26
"South Korea/안동",매화,2004-02-25,2004,56,36.5729,128.7073,141.26
"South Korea/안동",매화,2005-03-16,2005,75,36.5729,128.7073,141.26
"South Korea/안동",매화,2006-03-15,2006,74,36.5729,128.7073,141.26
"South Korea/안동",매화,2007-02-26,2007,57,36.5729,128.7073,141.26
"South Korea/안동",매화,2008-03-21,2008,81,36.5729,128.7073,141.26
"South Korea/안동",매화,2009-03-14,2009,73,36.5729,128.7073,141.26
"South Korea/안동",매화,2010-04-04,2010,94,36.5729,128.7073,141.26
"South Korea/안동",매화,2011-04-01,2011,91,36.5729,128.7073,141.26
"South Korea/안동",매화,2012-03-29,2012,89,36.5729,128.7073,141.26
"South Korea/안동",매화,2013-03-24,2013,83,36.5729,128.7073,141.26
"South Korea/안동",매화,2014-03-27,2014,86,36.5729,128.7073,141.26
"South Korea/안동",매화,2015-03-22,2015,81,36.5729,128.7073,141.26
"South Korea/안동",매화,2016-03-13,2016,73,36.5729,128.7073,141.26
"South Korea/안동",매화,2017-03-19,2017,78,36.5729,128.7073,141.26
"South Korea/안동",매화,2018-03-20,2018,79,36.5729,128.7073,141.26
"South Korea/안동",매화,2019-03-11,2019,70,36.5729,128.7073,141.26
"South Korea/안동",매화,2020-03-12,2020,72,36.5729,128.7073,141.26
"South Korea/안동",매화,2021-03-12,2021,71,36.5729,128.7073,141.26
"South Korea/안동",매화,2022-03-23,2022,82,36.5729,128.7073,141.26
"South Korea/안동",매화,2023-03-13,2023,72,36.5729,128.7073,141.26
"South Korea/안동",매화,2024-03-08,2024,68,36.5729,128.7073,141.26
"South Korea/안동",매화,2025-03-24,2025,83,36.5729,128.7073,141.26
"South Korea/영덕",매화,1973-03-03,1973,62,36.5334,129.4093,40.71
"South Korea/영덕",매화,1974-04-06,1974,96,36.5334,129.4093,40.71
"South Korea/영덕",매화,1985-03-25,1985,84,36.5334,129.4093,40.71
"South Korea/영덕",매화,1986-03-29,1986,88,36.5334,129.4093,40.71
"South Korea/영덕",매화,1987-03-12,1987,71,36.5334,129.4093,40.71
"South Korea/영덕",매화,1988-03-30,1988,90,36.5334,129.4093,40.71
"South Korea/영덕",매화,1989-03-25,1989,84,36.5334,129.4093,40.71
"South Korea/영덕",매화,1990-03-22,1990,81,36.5334,129.4093,40.71
"South Korea/영덕",매화,1991-03-30,1991,89,36.5334,129.4093,40.71
"South Korea/영덕",매화,1992-03-13,1992,73,36.5334,129.4093,40.71
"South Korea/영덕",매화,1993-03-18,1993,77,36.5334,129.4093,40.71
"South Korea/영덕",매화,1994-03-26,1994,85,36.5334,129.4093,40.71
"South Korea/영덕",매화,1995-03-27,1995,86,36.5334,129.4093,40.71
"South Korea/영덕",매화,1996-03-25,1996,85,36.5334,129.4093,40.71
"South Korea/영덕",매화,1997-03-14,1997,73,36.5334,129.4093,40.71
"South Korea/영덕",매화,1998-03-06,1998,65,36.5334,129.4093,40.71
"South Korea/영덕",매화,1999-03-03,1999,62,36.5334,129.4093,40.71
"South Korea/영덕",매화,2000-03-05,2000,65,36.5334,129.4093,40.71
"South Korea/영덕",매화,2001-03-05,2001,64,36.5334,129.4093,40.71
"South Korea/영덕",매화,2002-02-23,2002,54,36.5334,129.4093,40.71
"South Korea/영덕",매화,2003-02-28,2003,59,36.5334,129.4093,40.71
"South Korea/영덕",매화,2004-02-17,2004,48,36.5334,129.4093,40.71
"South Korea/영덕",매화,2005-02-28,2005,59,36.5334,129.4093,40.71
"South Korea/영덕",매화,2006-03-10,2006,69,36.5334,129.4093,40.71
"South Korea/영덕",매화,2007-02-24,2007,55,36.5334,129.4093,40.71
"South Korea/영덕",매화,2008-03-08,2008,68,36.5334,129.4093,40.71
"South Korea/영주",매화,1977-04-03,1977,93,36.8718,128.5169,211.32
"South Korea/영주",매화,1978-04-02,1978,92,36.8718,128.5169,211.32
"South Korea/영주",매화,1979-03-31,1979,90,36.8718,128.5169,211.32
"South Korea/영주",매화,1980-04-02,1980,93,36.8718,128.5169,211.32
"South Korea/영주",매화,1981-04-03,1981,93,36.8718,128.5169,211.32
"South Korea/영주",매화,1982-03-28,1982,87,36.8718,128.5169,211.32
"South Korea/영주",매화,1983-03-29,1983,88,36.8718,128.5169,211.32
"South Korea/영주",매화,1984-04-12,1984,103,36.8718,128.5169,211.32
"South Korea/영주",매화,1985-04-04,1985,94,36.8718,128.5169,211.32
"South Korea/영주",매화,1986-04-04,1986,94,36.8718,128.5169,211.32
"South Korea/영주",매화,1987-04-07,1987,97,36.8718,128.5169,211.32
"South Korea/영주",매화,1988-04-14,1988,105,36.8718,128.5169,211.32
"South Korea/영주",매화,1989-04-12,1989,102,36.8718,128.5169,211.32
"South Korea/영주",매화,1990-04-15,1990,105,36.8718,128.5169,211.32
"South Korea/영주",매화,1991-04-19,1991,109,36.8718,128.5169,211.32
"South Korea/영주",매화,1992-04-14,1992,105,36.8718,128.5169,211.32
"South Korea/영주",매화,1993-04-05,1993,95,36.8718,128.5169,211.32
"South Korea/영주",매화,1994-04-05,1994,95,36.8718,128.5169,211.32
"South Korea/영주",매화,1995-03-29,1995,88,36.8718,128.5169,211.32
"South Korea/영주",매화,1996-04-15,1996,106,36.8718,128.5169,211.32
"South Korea/영주",매화,1997-04-10,1997,100,36.8718,128.5169,211.32
"South Korea/영주",매화,1998-03-26,1998,85,36.8718,128.5169,211.32
"South Korea/영주",매화,1999-03-29,1999,88,36.8718,128.5169,211.32
"South Korea/영주",매화,2000-04-01,2000,92,36.8718,128.5169,211.32
"South Korea/영주",매화,2001-04-08,2001,98,36.8718,128.5169,211.32
"South Korea/영주",매화,2002-03-28,2002,87,36.8718,128.5169,211.32
"South Korea/영주",매화,2003-04-04,2003,94,36.8718,128.5169,211.32
"South Korea/영주",매화,2004-03-30,2004,90,36.8718,128.5169,211.32
"South Korea/영주",매화,2005-04-04,2005,94,36.8718,128.5169,211.32
"South Korea/영주",매화,2006-04-01,2006,91,36.8718,128.5169,211.32
"South Korea/영주",매화,2007-03-29,2007,88,36.8718,128.5169,211.32
"South Korea/영주",매화,2008-04-03,2008,94,36.8718,128.5169,211.32
"South Korea/영천",매화,1973-04-04,1973,94,35.9774,128.9514,96.12
"South Korea/영천",매화,1974-04-17,1974,107,35.9774,128.9514,96.12
"South Korea/영천",매화,1975-04-17,1975,107,35.9774,128.9514,96.12
"South Korea/영천",매화,1976-04-18,1976,109,35.9774,128.9514,96.12
"South Korea/영천",매화,1977-04-19,1977,109,35.9774,128.9514,96.12
"South Korea/영천",매화,1978-04-16,1978,106,35.9774,128.9514,96.12
"South Korea/영천",매화,1979-04-03,1979,93,35.9774,128.9514,96.12
"South Korea/영천",매화,1980-04-11,1980,102,35.9774,128.9514,96.12
"South Korea/영천",매화,1981-04-11,1981,101,35.9774,128.9514,96.12
"South Korea/영천",매화,1982-04-07,1982,97,35.9774,128.9514,96.12
"South Korea/영천",매화,1983-04-01,1983,91,35.9774,128.9514,96.12
"South Korea/영천",매화,1984-04-11,1984,102,35.9774,128.9514,96.12
"South Korea/영천",매화,1985-04-04,1985,94,35.9774,128.9514,96.12
"South Korea/영천",매화,1986-03-29,1986,88,35.9774,128.9514,96.12
"South Korea/영천",매화,1987-03-21,1987,80,35.9774,128.9514,96.12
"South Korea/영천",매화,1988-03-31,1988,91,35.9774,128.9514,96.12
"South Korea/영천",매화,1989-03-21,1989,80,35.9774,128.9514,96.12
"South Korea/영천",매화,1990-03-17,1990,76,35.9774,128.9514,96.12
"South Korea/영천",매화,1991-03-23,1991,82,35.9774,128.9514,96.12
"South Korea/영천",매화,1992-03-12,1992,72,35.9774,128.9514,96.12
"South Korea/영천",매화,1993-03-16,1993,75,35.9774,128.9514,96.12
"South Korea/영천",매화,1994-03-28,1994,87,35.9774,128.9514,96.12
"South Korea/영천",매화,1995-03-06,1995,65,35.9774,128.9514,96.12
"South Korea/영천",매화,1996-03-27,1996,87,35.9774,128.9514,96.12
"South Korea/영천",매화,1997-03-20,1997,79,35.9774,128.9514,96.12
"South Korea/영천",매화,1998-03-05,1998,64,35.9774,128.9514,96.12
"South Korea/영천",매화,1999-03-15,1999,74,35.9774,128.9514,96.12
"South Korea/영천",매화,2000-03-14,2000,74,35.9774,128.9514,96.12
"South Korea/영천",매화,2001-03-20,2001,79,35.9774,128.9514,96.12
"South Korea/영천",매화,2002-03-07,2002,66,35.9774,128.9514,96.12
"South Korea/영천",매화,2003-03-15,2003,74,35.9774,128.9514,96.12
"South Korea/영천",매화,2004-02-26,2004,57,35.9774,128.9514,96.12
"South Korea/영천",매화,2005-03-10,2005,69,35.9774,128.9514,96.12
"South Korea/영천",매화,2006-03-11,2006,70,35.9774,128.9514,96.12
"South Korea/영천",매화,2007-03-12,2007,71,35.9774,128.9514,96.12
"South Korea/영천",매화,2008-03-22,2008,82,35.9774,128.9514,96.12
"South Korea/울릉도",매화,1973-04-20,1973,110,37.4813,130.8986,221.14
"South Korea/울릉도",매화,1974-04-30,1974,120,37.4813,130.8986,221.14
"South Korea/울릉도",매화,1975-04-26,1975,116,37.4813,130.8986,221.14
"South Korea/울릉도",매화,1976-04-26,1976,117,37.4813,130.8986,221.14
"South Korea/울릉도",매화,1977-04-07,1977,97,37.4813,130.8986,221.14
"South Korea/울릉도",매화,1978-03-30,1978,89,37.4813,130.8986,221.14
"South Korea/울릉도",매화,1979-03-16,1979,75,37.4813,130.8986,221.14
"South Korea/울릉도",매화,1980-05-02,1980,123,37.4813,130.8986,221.14
"South Korea/울릉도",매화,1981-04-23,1981,113,37.4813,130.8986,221.14
"South Korea/울릉도",매화,1982-04-18,1982,108,37.4813,130.8986,221.14
"South Korea/울릉도",매화,1983-04-04,1983,94,37.4813,130.8986,221.14
"South Korea/울릉도",매화,1984-04-26,1984,117,37.4813,130.8986,221.14
"South Korea/울릉도",매화,1988-04-28,1988,119,37.4813,130.8986,221.14
"South Korea/울릉도",매화,1989-04-18,1989,108,37.4813,130.8986,221.14
"South Korea/울릉도",매화,1990-03-23,1990,82,37.4813,130.8986,221.14
"South Korea/울릉도",매화,1991-03-30,1991,89,37.4813,130.8986,221.14
"South Korea/울릉도",매화,1992-03-21,1992,81,37.4813,130.8986,221.14
"South Korea/울릉도",매화,1993-03-24,1993,83,37.4813,130.8986,221.14
"South Korea/울릉도",매화,1994-04-02,1994,92,37.4813,130.8986,221.14
"South Korea/울릉도",매화,1995-03-31,1995,90,37.4813,130.8986,221.14
"South Korea/울릉도",매화,1996-04-16,1996,107,37.4813,130.8986,221.14
"South Korea/울릉도",매화,1997-03-24,1997,83,37.4813,130.8986,221.14
"South Korea/울릉도",매화,1998-03-13,1998,72,37.4813,130.8986,221.14
"South Korea/울릉도",매화,1999-03-18,1999,77,37.4813,130.8986,221.14
"South Korea/울릉도",매화,2000-04-10,2000,101,37.4813,130.8986,221.14
"South Korea/울릉도",매화,2001-03-07,2001,66,37.4813,130.8986,221.14
"South Korea/울릉도",매화,2002-03-12,2002,71,37.4813,130.8986,221.14
"South Korea/울릉도",매화,2003-03-13,2003,72,37.4813,130.8986,221.14
"South Korea/울릉도",매화,2004-03-17,2004,77,37.4813,130.8986,221.14
"South Korea/울릉도",매화,2005-03-27,2005,86,37.4813,130.8986,221.14
"South Korea/울릉도",매화,2006-04-03,2006,93,37.4813,130.8986,221.14
"South Korea/울릉도",매화,2007-03-23,2007,82,37.4813,130.8986,221.14
"South Korea/울릉도",매화,2008-03-17,2008,77,37.4813,130.8986,221.14
"South Korea/울릉도",매화,2009-03-20,2009,79,37.4813,130.8986,221.14
"South Korea/울릉도",매화,2010-04-01,2010,91,37.4813,130.8986,221.14
"South Korea/울릉도",매화,2011-03-18,2011,77,37.4813,130.8986,221.14
"South Korea/울릉도",매화,2012-04-04,2012,95,37.4813,130.8986,221.14
"South Korea/울릉도",매화,2013-03-26,2013,85,37.4813,130.8986,221.14
"South Korea/울릉도",매화,2014-03-19,2014,78,37.4813,130.8986,221.14
"South Korea/울릉도",매화,2015-03-17,2015,76,37.4813,130.8986,221.14
"South Korea/울릉도",매화,2016-03-19,2016,79,37.4813,130.8986,221.14
"South Korea/울릉도",매화,2017-03-04,2017,63,37.4813,130.8986,221.14
"South Korea/울릉도",매화,2018-03-25,2018,84,37.4813,130.8986,221.14
"South Korea/울릉도",매화,2019-02-06,2019,37,37.4813,130.8986,221.14
"South Korea/울릉도",매화,2020-02-07,2020,38,37.4813,130.8986,221.14
"South Korea/울릉도",매화,2021-02-10,2021,41,37.4813,130.8986,221.14
"South Korea/울릉도",매화,2022-03-08,2022,67,37.4813,130.8986,221.14
"South Korea/울릉도",매화,2023-02-26,2023,57,37.4813,130.8986,221.14
"South Korea/울릉도",매화,2024-02-14,2024,45,37.4813,130.8986,221.14
"South Korea/울릉도",매화,2025-03-20,2025,79,37.4813,130.8986,221.14
"South Korea/울진",매화,1990-03-23,1990,82,36.9918,129.4128,48.98
"South Korea/울진",매화,1991-04-11,1991,101,36.9918,129.4128,48.98
"South Korea/울진",매화,1992-03-22,1992,82,36.9918,129.4128,48.98
"South Korea/울진",매화,1993-03-20,1993,79,36.9918,129.4128,48.98
"South Korea/울진",매화,1994-03-29,1994,88,36.9918,129.4128,48.98
"South Korea/울진",매화,1995-03-29,1995,88,36.9918,129.4128,48.98
"South Korea/울진",매화,1996-03-27,1996,87,36.9918,129.4128,48.98
"South Korea/울진",매화,1997-03-13,1997,72,36.9918,129.4128,48.98
"South Korea/울진",매화,1998-03-06,1998,65,36.9918,129.4128,48.98
"South Korea/울진",매화,1999-03-04,1999,63,36.9918,129.4128,48.98
"South Korea/울진",매화,2000-03-02,2000,62,36.9918,129.4128,48.98
"South Korea/울진",매화,2001-03-01,2001,60,36.9918,129.4128,48.98
"South Korea/울진",매화,2002-02-19,2002,50,36.9918,129.4128,48.98
"South Korea/울진",매화,2003-03-03,2003,62,36.9918,129.4128,48.98
"South Korea/울진",매화,2004-02-18,2004,49,36.9918,129.4128,48.98
"South Korea/울진",매화,2005-02-23,2005,54,36.9918,129.4128,48.98
"South Korea/울진",매화,2006-03-13,2006,72,36.9918,129.4128,48.98
"South Korea/울진",매화,2007-02-27,2007,58,36.9918,129.4128,48.98
"South Korea/울진",매화,2008-03-07,2008,67,36.9918,129.4128,48.98
"South Korea/울진",매화,2009-02-25,2009,56,36.9918,129.4128,48.98
"South Korea/울진",매화,2010-03-14,2010,73,36.9918,129.4128,48.98
"South Korea/울진",매화,2011-03-19,2011,78,36.9918,129.4128,48.98
"South Korea/울진",매화,2012-03-30,2012,90,36.9918,129.4128,48.98
"South Korea/울진",매화,2013-03-15,2013,74,36.9918,129.4128,48.98
"South Korea/울진",매화,2014-03-16,2014,75,36.9918,129.4128,48.98
"South Korea/울진",매화,2015-03-23,2015,82,36.9918,129.4128,48.98
"South Korea/의성",매화,1979-04-06,1979,96,36.3561,128.6886,81.44
"South Korea/의성",매화,1980-04-14,1980,105,36.3561,128.6886,81.44
"South Korea/의성",매화,1981-04-13,1981,103,36.3561,128.6886,81.44
"South Korea/의성",매화,1982-04-16,1982,106,36.3561,128.6886,81.44
"South Korea/의성",매화,1983-04-17,1983,107,36.3561,128.6886,81.44
"South Korea/의성",매화,1984-04-17,1984,108,36.3561,128.6886,81.44
"South Korea/의성",매화,1985-04-12,1985,102,36.3561,128.6886,81.44
"South Korea/의성",매화,1986-04-15,1986,105,36.3561,128.6886,81.44
"South Korea/의성",매화,1987-04-13,1987,103,36.3561,128.6886,81.44
"South Korea/의성",매화,1988-04-16,1988,107,36.3561,128.6886,81.44
"South Korea/의성",매화,1989-04-09,1989,99,36.3561,128.6886,81.44
"South Korea/의성",매화,1990-03-28,1990,87,36.3561,128.6886,81.44
"South Korea/의성",매화,1991-04-13,1991,103,36.3561,128.6886,81.44
"South Korea/의성",매화,1992-04-04,1992,95,36.3561,128.6886,81.44
"South Korea/의성",매화,1993-04-07,1993,97,36.3561,128.6886,81.44
"South Korea/의성",매화,1994-04-10,1994,100,36.3561,128.6886,81.44
"South Korea/의성",매화,1995-04-11,1995,101,36.3561,128.6886,81.44
"South Korea/의성",매화,1996-04-18,1996,109,36.3561,128.6886,81.44
"South Korea/의성",매화,1997-04-12,1997,102,36.3561,128.6886,81.44
"South Korea/의성",매화,1998-04-07,1998,97,36.3561,128.6886,81.44
"South Korea/의성",매화,1999-03-27,1999,86,36.3561,128.6886,81.44
"South Korea/의성",매화,2000-03-30,2000,90,36.3561,128.6886,81.44
"South Korea/의성",매화,2001-03-24,2001,83,36.3561,128.6886,81.44
"South Korea/의성",매화,2002-03-19,2002,78,36.3561,128.6886,81.44
"South Korea/의성",매화,2003-04-05,2003,95,36.3561,128.6886,81.44
"South Korea/의성",매화,2004-03-29,2004,89,36.3561,128.6886,81.44
"South Korea/의성",매화,2005-04-07,2005,97,36.3561,128.6886,81.44
"South Korea/의성",매화,2006-04-06,2006,96,36.3561,128.6886,81.44
"South Korea/의성",매화,2007-03-27,2007,86,36.3561,128.6886,81.44
"South Korea/의성",매화,2008-04-04,2008,95,36.3561,128.6886,81.44
"South Korea/포항",매화,1976-03-12,1976,72,36.032,129.38,3.94
"South Korea/포항",매화,1977-03-08,1977,67,36.032,129.38,3.94
"South Korea/포항",매화,1978-03-10,1978,69,36.032,129.38,3.94
"South Korea/포항",매화,1979-03-07,1979,66,36.032,129.38,3.94
"South Korea/포항",매화,1980-03-12,1980,72,36.032,129.38,3.94
"South Korea/포항",매화,1981-04-02,1981,92,36.032,129.38,3.94
"South Korea/포항",매화,1982-04-10,1982,100,36.032,129.38,3.94
"South Korea/포항",매화,1983-04-07,1983,97,36.032,129.38,3.94
"South Korea/포항",매화,1984-04-07,1984,98,36.032,129.38,3.94
"South Korea/포항",매화,1985-04-15,1985,105,36.032,129.38,3.94
"South Korea/포항",매화,1986-04-11,1986,101,36.032,129.38,3.94
"South Korea/포항",매화,1987-04-19,1987,109,36.032,129.38,3.94
"South Korea/포항",매화,1988-04-12,1988,103,36.032,129.38,3.94
"South Korea/포항",매화,1989-03-22,1989,81,36.032,129.38,3.94
"South Korea/포항",매화,1990-03-22,1990,81,36.032,129.38,3.94
"South Korea/포항",매화,1991-04-02,1991,92,36.032,129.38,3.94
"South Korea/포항",매화,1992-03-17,1992,77,36.032,129.38,3.94
"South Korea/포항",매화,1993-03-13,1993,72,36.032,129.38,3.94
"South Korea/포항",매화,1994-03-15,1994,74,36.032,129.38,3.94
"South Korea/포항",매화,1995-03-16,1995,75,36.032,129.38,3.94
"South Korea/포항",매화,1996-03-20,1996,80,36.032,129.38,3.94
"South Korea/포항",매화,1997-03-21,1997,80,36.032,129.38,3.94
"South Korea/포항",매화,1998-03-06,1998,65,36.032,129.38,3.94
"South Korea/포항",매화,1999-02-21,1999,52,36.032,129.38,3.94
"South Korea/포항",매화,2000-02-22,2000,53,36.032,129.38,3.94
"South Korea/포항",매화,2001-02-26,2001,57,36.032,129.38,3.94
"South Korea/포항",매화,2002-02-24,2002,55,36.032,129.38,3.94
"South Korea/포항",매화,2003-02-16,2003,47,36.032,129.38,3.94
"South Korea/포항",매화,2004-02-14,2004,45,36.032,129.38,3.94
"South Korea/포항",매화,2005-02-09,2005,40,36.032,129.38,3.94
"South Korea/포항",매화,2006-03-06,2006,65,36.032,129.38,3.94
"South Korea/포항",매화,2007-02-10,2007,41,36.032,129.38,3.94
"South Korea/포항",매화,2008-02-25,2008,56,36.032,129.38,3.94
"South Korea/포항",매화,2009-02-19,2009,50,36.032,129.38,3.94
"South Korea/포항",매화,2010-03-07,2010,66,36.032,129.38,3.94
"South Korea/포항",매화,2011-03-08,2011,67,36.032,129.38,3.94
"South Korea/포항",매화,2012-03-21,2012,81,36.032,129.38,3.94
"South Korea/포항",매화,2013-03-08,2013,67,36.032,129.38,3.94
"South Korea/포항",매화,2014-02-27,2014,58,36.032,129.38,3.94
"South Korea/포항",매화,2015-03-01,2015,60,36.032,129.38,3.94
"South Korea/포항",매화,2016-02-27,2016,58,36.032,129.38,3.94
"South Korea/포항",매화,2017-02-17,2017,48,36.032,129.38,3.94
"South Korea/포항",매화,2018-03-11,2018,70,36.032,129.38,3.94
"South Korea/포항",매화,2019-02-08,2019,39,36.032,129.38,3.94
"South Korea/포항",매화,2020-02-10,2020,41,36.032,129.38,3.94
"South Korea/포항",매화,2021-02-09,2021,40,36.032,129.38,3.94
"South Korea/포항",매화,2022-02-09,2022,40,36.032,129.38,3.94
"South Korea/포항",매화,2023-01-27,2023,27,36.032,129.38,3.94
"South Korea/포항",매화,2024-02-14,2024,45,36.032,129.38,3.94
"South Korea/포항",매화,2025-03-06,2025,65,36.032,129.38,3.94
"South Korea/광주",매화,1973-04-04,1973,94,35.1729,126.8916,70.28
"South Korea/광주",매화,1974-04-06,1974,96,35.1729,126.8916,70.28
"South Korea/광주",매화,1975-04-13,1975,103,35.1729,126.8916,70.28
"South Korea/광주",매화,1976-03-15,1976,75,35.1729,126.8916,70.28
"South Korea/광주",매화,1977-03-13,1977,72,35.1729,126.8916,70.28
"South Korea/광주",매화,1978-03-17,1978,76,35.1729,126.8916,70.28
"South Korea/광주",매화,1979-03-10,1979,69,35.1729,126.8916,70.28
"South Korea/광주",매화,1980-03-14,1980,74,35.1729,126.8916,70.28
"South Korea/광주",매화,1981-03-09,1981,68,35.1729,126.8916,70.28
"South Korea/광주",매화,1982-03-10,1982,69,35.1729,126.8916,70.28
"South Korea/광주",매화,1985-03-22,1985,81,35.1729,126.8916,70.28
"South Korea/광주",매화,1986-04-01,1986,91,35.1729,126.8916,70.28
"South Korea/광주",매화,1987-03-22,1987,81,35.1729,126.8916,70.28
"South Korea/광주",매화,1988-03-23,1988,83,35.1729,126.8916,70.28
"South Korea/광주",매화,1989-03-18,1989,77,35.1729,126.8916,70.28
"South Korea/광주",매화,1990-03-27,1990,86,35.1729,126.8916,70.28
"South Korea/광주",매화,1991-04-03,1991,93,35.1729,126.8916,70.28
"South Korea/광주",매화,1992-03-10,1992,70,35.1729,126.8916,70.28
"South Korea/광주",매화,1993-03-15,1993,74,35.1729,126.8916,70.28
"South Korea/광주",매화,1994-03-20,1994,79,35.1729,126.8916,70.28
"South Korea/광주",매화,1995-03-13,1995,72,35.1729,126.8916,70.28
"South Korea/광주",매화,1996-04-03,1996,94,35.1729,126.8916,70.28
"South Korea/광주",매화,1997-03-10,1997,69,35.1729,126.8916,70.28
"South Korea/광주",매화,1998-02-17,1998,48,35.1729,126.8916,70.28
"South Korea/광주",매화,1999-03-04,1999,63,35.1729,126.8916,70.28
"South Korea/광주",매화,2000-03-11,2000,71,35.1729,126.8916,70.28
"South Korea/광주",매화,2001-03-10,2001,69,35.1729,126.8916,70.28
"South Korea/광주",매화,2002-03-02,2002,61,35.1729,126.8916,70.28
"South Korea/광주",매화,2003-02-27,2003,58,35.1729,126.8916,70.28
"South Korea/광주",매화,2004-02-21,2004,52,35.1729,126.8916,70.28
"South Korea/광주",매화,2005-03-18,2005,77,35.1729,126.8916,70.28
"South Korea/광주",매화,2006-03-14,2006,73,35.1729,126.8916,70.28
"South Korea/광주",매화,2007-02-26,2007,57,35.1729,126.8916,70.28
"South Korea/광주",매화,2008-03-11,2008,71,35.1729,126.8916,70.28
"South Korea/광주",매화,2009-02-27,2009,58,35.1729,126.8916,70.28
"South Korea/광주",매화,2010-03-11,2010,70,35.1729,126.8916,70.28
"South Korea/광주",매화,2011-03-12,2011,71,35.1729,126.8916,70.28
"South Korea/광주",매화,2012-03-22,2012,82,35.1729,126.8916,70.28
"South Korea/광주",매화,2013-03-10,2013,69,35.1729,126.8916,70.28
"South Korea/광주",매화,2014-02-28,2014,59,35.1729,126.8916,70.28
"South Korea/광주",매화,2015-03-08,2015,67,35.1729,126.8916,70.28
"South Korea/광주",매화,2016-03-03,2016,63,35.1729,126.8916,70.28
"South Korea/광주",매화,2017-02-24,2017,55,35.1729,126.8916,70.28
"South Korea/광주",매화,2018-03-12,2018,71,35.1729,126.8916,70.28
"South Korea/광주",매화,2019-02-07,2019,38,35.1729,126.8916,70.28
"South Korea/광주",매화,2020-02-15,2020,46,35.1729,126.8916,70.28
"South Korea/광주",매화,2021-02-22,2021,53,35.1729,126.8916,70.28
"South Korea/광주",매화,2022-03-05,2022,64,35.1729,126.8916,70.28
"South Korea/광주",매화,2023-02-28,2023,59,35.1729,126.8916,70.28
"South Korea/광주",매화,2024-02-18,2024,49,35.1729,126.8916,70.28
"South Korea/광주",매화,2025-03-14,2025,73,35.1729,126.8916,70.28
"South Korea/대구",매화,1973-03-31,1973,90,35.878,128.653,54.27
"South Korea/대구",매화,1974-03-27,1974,86,35.878,128.653,54.27
"South Korea/대구",매화,1975-03-24,1975,83,35.878,128.653,54.27
"South Korea/대구",매화,1977-04-05,1977,95,35.878,128.653,54.27
"South Korea/대구",매화,1978-04-09,1978,99,35.878,128.653,54.27
"South Korea/대구",매화,1979-04-09,1979,99,35.878,128.653,54.27
"South Korea/대구",매화,1980-04-19,1980,110,35.878,128.653,54.27
"South Korea/대구",매화,1981-04-09,1981,99,35.878,128.653,54.27
"South Korea/대구",매화,1982-04-11,1982,101,35.878,128.653,54.27
"South Korea/대구",매화,1983-04-09,1983,99,35.878,128.653,54.27
"South Korea/대구",매화,1984-04-19,1984,110,35.878,128.653,54.27
"South Korea/대구",매화,1985-04-12,1985,102,35.878,128.653,54.27
"South Korea/대구",매화,1987-04-07,1987,97,35.878,128.653,54.27
"South Korea/대구",매화,1988-04-13,1988,104,35.878,128.653,54.27
"South Korea/대구",매화,1989-04-06,1989,96,35.878,128.653,54.27
"South Korea/대구",매화,1990-03-31,1990,90,35.878,128.653,54.27
"South Korea/대구",매화,1991-04-11,1991,101,35.878,128.653,54.27
"South Korea/대구",매화,1992-04-01,1992,92,35.878,128.653,54.27
"South Korea/대구",매화,1993-03-29,1993,88,35.878,128.653,54.27
"South Korea/대구",매화,1994-03-29,1994,88,35.878,128.653,54.27
"South Korea/대구",매화,1995-03-15,1995,74,35.878,128.653,54.27
"South Korea/대구",매화,1996-04-02,1996,93,35.878,128.653,54.27
"South Korea/대구",매화,1997-03-19,1997,78,35.878,128.653,54.27
"South Korea/대구",매화,1998-03-15,1998,74,35.878,128.653,54.27
"South Korea/대구",매화,1999-03-14,1999,73,35.878,128.653,54.27
"South Korea/대구",매화,2000-03-11,2000,71,35.878,128.653,54.27
"South Korea/대구",매화,2001-03-13,2001,72,35.878,128.653,54.27
"South Korea/대구",매화,2002-02-27,2002,58,35.878,128.653,54.27
"South Korea/대구",매화,2003-03-02,2003,61,35.878,128.653,54.27
"South Korea/대구",매화,2004-02-23,2004,54,35.878,128.653,54.27
"South Korea/대구",매화,2005-02-23,2005,54,35.878,128.653,54.27
"South Korea/대구",매화,2006-03-07,2006,66,35.878,128.653,54.27
"South Korea/대구",매화,2007-03-03,2007,62,35.878,128.653,54.27
"South Korea/대구",매화,2008-03-15,2008,75,35.878,128.653,54.27
"South Korea/대구",매화,2009-03-07,2009,66,35.878,128.653,54.27
"South Korea/대구",매화,2010-03-13,2010,72,35.878,128.653,54.27
"South Korea/대구",매화,2011-03-13,2011,72,35.878,128.653,54.27
"South Korea/대구",매화,2012-03-08,2012,68,35.878,128.653,54.27
"South Korea/대구",매화,2013-03-14,2013,73,35.878,128.653,54.27
"South Korea/대구",매화,2014-03-11,2014,70,35.878,128.653,54.27
"South Korea/대구",매화,2015-03-17,2015,76,35.878,128.653,54.27
"South Korea/대구",매화,2016-03-16,2016,76,35.878,128.653,54.27
"South Korea/대구",매화,2017-03-11,2017,70,35.878,128.653,54.27
"South Korea/대구",매화,2018-03-12,2018,71,35.878,128.653,54.27
"South Korea/대구",매화,2019-03-07,2019,66,35.878,128.653,54.27
"South Korea/대구",매화,2020-03-02,2020,62,35.878,128.653,54.27
"South Korea/대구",매화,2021-02-22,2021,53,35.878,128.653,54.27
"South Korea/대구",매화,2022-03-07,2022,66,35.878,128.653,54.27
"South Korea/대구",매화,2023-03-01,2023,60,35.878,128.653,54.27
"South Korea/대구",매화,2024-02-16,2024,47,35.878,128.653,54.27
"South Korea/대구",매화,2025-03-12,2025,71,35.878,128.653,54.27
"South Korea/대구(기)",매화,2014-03-11,2014,70,nan,nan,nan
"South Korea/대구(기)",매화,2015-03-17,2015,76,nan,nan,nan
"South Korea/대전",매화,1973-04-09,1973,99,36.372,127.3721,67.79
"South Korea/대전",매화,1978-04-12,1978,102,36.372,127.3721,67.79
"South Korea/대전",매화,1979-04-08,1979,98,36.372,127.3721,67.79
"South Korea/대전",매화,1980-04-17,1980,108,36.372,127.3721,67.79
"South Korea/대전",매화,1981-04-04,1981,94,36.372,127.3721,67.79
"South Korea/대전",매화,1982-04-05,1982,95,36.372,127.3721,67.79
"South Korea/대전",매화,1984-04-24,1984,115,36.372,127.3721,67.79
"South Korea/대전",매화,1985-04-16,1985,106,36.372,127.3721,67.79
"South Korea/대전",매화,1986-04-20,1986,110,36.372,127.3721,67.79
"South Korea/대전",매화,1987-04-17,1987,107,36.372,127.3721,67.79
"South Korea/대전",매화,1988-04-21,1988,112,36.372,127.3721,67.79
"South Korea/대전",매화,1989-04-11,1989,101,36.372,127.3721,67.79
"South Korea/대전",매화,1990-04-10,1990,100,36.372,127.3721,67.79
"South Korea/대전",매화,1991-04-22,1991,112,36.372,127.3721,67.79
"South Korea/대전",매화,1992-04-02,1992,93,36.372,127.3721,67.79
"South Korea/대전",매화,1993-04-05,1993,95,36.372,127.3721,67.79
"South Korea/대전",매화,1994-04-05,1994,95,36.372,127.3721,67.79
"South Korea/대전",매화,1995-03-31,1995,90,36.372,127.3721,67.79
"South Korea/대전",매화,1996-04-08,1996,99,36.372,127.3721,67.79
"South Korea/대전",매화,1997-04-07,1997,97,36.372,127.3721,67.79
"South Korea/대전",매화,1998-03-28,1998,87,36.372,127.3721,67.79
"South Korea/대전",매화,1999-04-06,1999,96,36.372,127.3721,67.79
"South Korea/대전",매화,2000-04-06,2000,97,36.372,127.3721,67.79
"South Korea/대전",매화,2001-04-05,2001,95,36.372,127.3721,67.79
"South Korea/대전",매화,2002-03-27,2002,86,36.372,127.3721,67.79
"South Korea/대전",매화,2003-03-28,2003,87,36.372,127.3721,67.79
"South Korea/대전",매화,2004-03-16,2004,76,36.372,127.3721,67.79
"South Korea/대전",매화,2005-04-04,2005,94,36.372,127.3721,67.79
"South Korea/대전",매화,2006-03-26,2006,85,36.372,127.3721,67.79
"South Korea/대전",매화,2007-03-12,2007,71,36.372,127.3721,67.79
"South Korea/대전",매화,2008-03-19,2008,79,36.372,127.3721,67.79
"South Korea/대전",매화,2009-03-16,2009,75,36.372,127.3721,67.79
"South Korea/대전",매화,2010-03-30,2010,89,36.372,127.3721,67.79
"South Korea/대전",매화,2011-03-25,2011,84,36.372,127.3721,67.79
"South Korea/대전",매화,2012-03-29,2012,89,36.372,127.3721,67.79
"South Korea/대전",매화,2013-03-26,2013,85,36.372,127.3721,67.79
"South Korea/대전",매화,2014-03-18,2014,77,36.372,127.3721,67.79
"South Korea/대전",매화,2015-03-20,2015,79,36.372,127.3721,67.79
"South Korea/대전",매화,2016-03-16,2016,76,36.372,127.3721,67.79
"South Korea/대전",매화,2017-03-16,2017,75,36.372,127.3721,67.79
"South Korea/대전",매화,2018-03-25,2018,84,36.372,127.3721,67.79
"South Korea/대전",매화,2019-03-02,2019,61,36.372,127.3721,67.79
"South Korea/대전",매화,2020-03-03,2020,63,36.372,127.3721,67.79
"South Korea/대전",매화,2021-02-23,2021,54,36.372,127.3721,67.79
"South Korea/대전",매화,2022-03-12,2022,71,36.372,127.3721,67.79
"South Korea/대전",매화,2023-03-09,2023,68,36.372,127.3721,67.79
"South Korea/대전",매화,2024-03-06,2024,66,36.372,127.3721,67.79
"South Korea/대전",매화,2025-03-22,2025,81,36.372,127.3721,67.79
"South Korea/부산",매화,1973-02-11,1973,42,35.1047,129.032,69.56
"South Korea/부산",매화,1974-03-06,1974,65,35.1047,129.032,69.56
"South Korea/부산",매화,1975-03-03,1975,62,35.1047,129.032,69.56
"South Korea/부산",매화,1977-03-09,1977,68,35.1047,129.032,69.56
"South Korea/부산",매화,1979-02-19,1979,50,35.1047,129.032,69.56
"South Korea/부산",매화,1980-03-05,1980,65,35.1047,129.032,69.56
"South Korea/부산",매화,1981-03-09,1981,68,35.1047,129.032,69.56
"South Korea/부산",매화,1982-02-15,1982,46,35.1047,129.032,69.56
"South Korea/부산",매화,1983-03-03,1983,62,35.1047,129.032,69.56
"South Korea/부산",매화,1984-03-20,1984,80,35.1047,129.032,69.56
"South Korea/부산",매화,1985-02-27,1985,58,35.1047,129.032,69.56
"South Korea/부산",매화,1986-03-11,1986,70,35.1047,129.032,69.56
"South Korea/부산",매화,1987-01-31,1987,31,35.1047,129.032,69.56
"South Korea/부산",매화,1988-02-20,1988,51,35.1047,129.032,69.56
"South Korea/부산",매화,1989-02-16,1989,47,35.1047,129.032,69.56
"South Korea/부산",매화,1990-03-07,1990,66,35.1047,129.032,69.56
"South Korea/부산",매화,1991-03-08,1991,67,35.1047,129.032,69.56
"South Korea/부산",매화,1992-02-17,1992,48,35.1047,129.032,69.56
"South Korea/부산",매화,1993-02-22,1993,53,35.1047,129.032,69.56
"South Korea/부산",매화,1994-03-02,1994,61,35.1047,129.032,69.56
"South Korea/부산",매화,1995-02-21,1995,52,35.1047,129.032,69.56
"South Korea/부산",매화,1996-02-23,1996,54,35.1047,129.032,69.56
"South Korea/부산",매화,1997-02-21,1997,52,35.1047,129.032,69.56
"South Korea/부산",매화,1998-02-01,1998,32,35.1047,129.032,69.56
"South Korea/부산",매화,1999-02-10,1999,41,35.1047,129.032,69.56
"South Korea/부산",매화,2000-02-29,2000,60,35.1047,129.032,69.56
"South Korea/부산",매화,2001-02-26,2001,57,35.1047,129.032,69.56
"South Korea/부산",매화,2002-02-08,2002,39,35.1047,129.032,69.56
"South Korea/부산",매화,2003-02-26,2003,57,35.1047,129.032,69.56
"South Korea/부산",매화,2004-02-25,2004,56,35.1047,129.032,69.56
"South Korea/부산",매화,2005-02-14,2005,45,35.1047,129.032,69.56
"South Korea/부산",매화,2006-02-24,2006,55,35.1047,129.032,69.56
"South Korea/부산",매화,2007-02-10,2007,41,35.1047,129.032,69.56
"South Korea/부산",매화,2008-02-15,2008,46,35.1047,129.032,69.56
"South Korea/부산",매화,2009-02-12,2009,43,35.1047,129.032,69.56
"South Korea/부산",매화,2010-02-22,2010,53,35.1047,129.032,69.56
"South Korea/부산",매화,2011-02-15,2011,46,35.1047,129.032,69.56
"South Korea/부산",매화,2012-03-10,2012,70,35.1047,129.032,69.56
"South Korea/부산",매화,2013-02-27,2013,58,35.1047,129.032,69.56
"South Korea/부산",매화,2014-02-15,2014,46,35.1047,129.032,69.56
"South Korea/부산",매화,2015-02-12,2015,43,35.1047,129.032,69.56
"South Korea/부산",매화,2016-02-10,2016,41,35.1047,129.032,69.56
"South Korea/부산",매화,2017-01-20,2017,20,35.1047,129.032,69.56
"South Korea/부산",매화,2018-02-26,2018,57,35.1047,129.032,69.56
"South Korea/부산",매화,2019-02-05,2019,36,35.1047,129.032,69.56
"South Korea/부산",매화,2020-01-24,2020,24,35.1047,129.032,69.56
"South Korea/부산",매화,2021-02-15,2021,46,35.1047,129.032,69.56
"South Korea/부산",매화,2022-02-21,2022,52,35.1047,129.032,69.56
"South Korea/부산",매화,2023-02-21,2023,52,35.1047,129.032,69.56
"South Korea/부산",매화,2024-02-06,2024,37,35.1047,129.032,69.56
"South Korea/부산",매화,2025-03-06,2025,65,35.1047,129.032,69.56
"South Korea/서울",매화,1973-04-16,1973,106,37.5714,126.9658,85.67
"South Korea/서울",매화,1974-04-26,1974,116,37.5714,126.9658,85.67
"South Korea/서울",매화,1975-04-19,1975,109,37.5714,126.9658,85.67
"South Korea/서울",매화,1976-04-16,1976,107,37.5714,126.9658,85.67
"South Korea/서울",매화,1977-04-12,1977,102,37.5714,126.9658,85.67
"South Korea/서울",매화,1978-04-21,1978,111,37.5714,126.9658,85.67
"South Korea/서울",매화,1979-04-14,1979,104,37.5714,126.9658,85.67
"South Korea/서울",매화,1980-04-26,1980,117,37.5714,126.9658,85.67
"South Korea/서울",매화,1981-04-23,1981,113,37.5714,126.9658,85.67
"South Korea/서울",매화,1982-04-21,1982,111,37.5714,126.9658,85.67
"South Korea/서울",매화,1983-04-16,1983,106,37.5714,126.9658,85.67
"South Korea/서울",매화,1984-04-28,1984,119,37.5714,126.9658,85.67
"South Korea/서울",매화,1985-04-22,1985,112,37.5714,126.9658,85.67
"South Korea/서울",매화,1986-04-22,1986,112,37.5714,126.9658,85.67
"South Korea/서울",매화,1987-04-22,1987,112,37.5714,126.9658,85.67
"South Korea/서울",매화,1988-04-24,1988,115,37.5714,126.9658,85.67
"South Korea/서울",매화,1989-04-09,1989,99,37.5714,126.9658,85.67
"South Korea/서울",매화,1990-04-15,1990,105,37.5714,126.9658,85.67
"South Korea/서울",매화,1991-04-16,1991,106,37.5714,126.9658,85.67
"South Korea/서울",매화,1994-04-04,1994,94,37.5714,126.9658,85.67
"South Korea/서울",매화,1995-03-20,1995,79,37.5714,126.9658,85.67
"South Korea/서울",매화,1996-04-13,1996,104,37.5714,126.9658,85.67
"South Korea/서울",매화,1997-03-27,1997,86,37.5714,126.9658,85.67
"South Korea/서울",매화,1998-02-25,1998,56,37.5714,126.9658,85.67
"South Korea/서울",매화,1999-03-25,1999,84,37.5714,126.9658,85.67
"South Korea/서울",매화,2000-03-30,2000,90,37.5714,126.9658,85.67
"South Korea/서울",매화,2001-04-06,2001,96,37.5714,126.9658,85.67
"South Korea/서울",매화,2002-03-19,2002,78,37.5714,126.9658,85.67
"South Korea/서울",매화,2003-03-30,2003,89,37.5714,126.9658,85.67
"South Korea/서울",매화,2004-03-16,2004,76,37.5714,126.9658,85.67
"South Korea/서울",매화,2005-04-04,2005,94,37.5714,126.9658,85.67
"South Korea/서울",매화,2006-04-03,2006,93,37.5714,126.9658,85.67
"South Korea/서울",매화,2007-03-19,2007,78,37.5714,126.9658,85.67
"South Korea/서울",매화,2008-03-20,2008,80,37.5714,126.9658,85.67
"South Korea/서울",매화,2009-03-18,2009,77,37.5714,126.9658,85.67
"South Korea/서울",매화,2010-04-02,2010,92,37.5714,126.9658,85.67
"South Korea/서울",매화,2011-04-04,2011,94,37.5714,126.9658,85.67
"South Korea/서울",매화,2012-04-09,2012,100,37.5714,126.9658,85.67
"South Korea/서울",매화,2013-04-07,2013,97,37.5714,126.9658,85.67
"South Korea/서울",매화,2014-03-21,2014,80,37.5714,126.9658,85.67
"South Korea/서울",매화,2015-03-20,2015,79,37.5714,126.9658,85.67
"South Korea/서울",매화,2016-03-18,2016,78,37.5714,126.9658,85.67
"South Korea/서울",매화,2017-03-20,2017,79,37.5714,126.9658,85.67
"South Korea/서울",매화,2018-03-31,2018,90,37.5714,126.9658,85.67
"South Korea/서울",매화,2019-03-08,2019,67,37.5714,126.9658,85.67
"South Korea/서울",매화,2020-03-09,2020,69,37.5714,126.9658,85.67
"South Korea/서울",매화,2021-02-28,2021,59,37.5714,126.9658,85.67
"South Korea/서울",매화,2022-03-15,2022,74,37.5714,126.9658,85.67
"South Korea/서울",매화,2023-03-06,2023,65,37.5714,126.9658,85.67
"South Korea/서울",매화,2024-03-16,2024,76,37.5714,126.9658,85.67
"South Korea/서울",매화,2025-03-23,2025,82,37.5714,126.9658,85.67
"South Korea/울산",매화,1973-03-15,1973,74,35.5824,129.3347,81.14
"South Korea/울산",매화,1974-03-12,1974,71,35.5824,129.3347,81.14
"South Korea/울산",매화,1975-03-14,1975,73,35.5824,129.3347,81.14
"South Korea/울산",매화,1976-03-01,1976,61,35.5824,129.3347,81.14
"South Korea/울산",매화,1977-03-09,1977,68,35.5824,129.3347,81.14
"South Korea/울산",매화,1978-03-01,1978,60,35.5824,129.3347,81.14
"South Korea/울산",매화,1979-03-01,1979,60,35.5824,129.3347,81.14
"South Korea/울산",매화,1980-03-08,1980,68,35.5824,129.3347,81.14
"South Korea/울산",매화,1981-03-11,1981,70,35.5824,129.3347,81.14
"South Korea/울산",매화,1984-03-27,1984,87,35.5824,129.3347,81.14
"South Korea/울산",매화,1987-02-04,1987,35,35.5824,129.3347,81.14
"South Korea/울산",매화,1988-03-08,1988,68,35.5824,129.3347,81.14
"South Korea/울산",매화,1989-03-03,1989,62,35.5824,129.3347,81.14
"South Korea/울산",매화,1990-03-08,1990,67,35.5824,129.3347,81.14
"South Korea/울산",매화,1991-03-10,1991,69,35.5824,129.3347,81.14
"South Korea/울산",매화,1992-02-19,1992,50,35.5824,129.3347,81.14
"South Korea/울산",매화,1993-02-15,1993,46,35.5824,129.3347,81.14
"South Korea/울산",매화,1994-03-05,1994,64,35.5824,129.3347,81.14
"South Korea/울산",매화,1995-03-24,1995,83,35.5824,129.3347,81.14
"South Korea/울산",매화,1996-03-04,1996,64,35.5824,129.3347,81.14
"South Korea/울산",매화,1997-02-24,1997,55,35.5824,129.3347,81.14
"South Korea/울산",매화,1998-02-19,1998,50,35.5824,129.3347,81.14
"South Korea/울산",매화,1999-02-20,1999,51,35.5824,129.3347,81.14
"South Korea/울산",매화,2000-02-24,2000,55,35.5824,129.3347,81.14
"South Korea/울산",매화,2001-02-27,2001,58,35.5824,129.3347,81.14
"South Korea/울산",매화,2002-02-17,2002,48,35.5824,129.3347,81.14
"South Korea/울산",매화,2003-02-18,2003,49,35.5824,129.3347,81.14
"South Korea/울산",매화,2004-02-22,2004,53,35.5824,129.3347,81.14
"South Korea/울산",매화,2005-02-26,2005,57,35.5824,129.3347,81.14
"South Korea/울산",매화,2006-03-03,2006,62,35.5824,129.3347,81.14
"South Korea/울산",매화,2007-02-12,2007,43,35.5824,129.3347,81.14
"South Korea/울산",매화,2008-02-28,2008,59,35.5824,129.3347,81.14
"South Korea/울산",매화,2009-02-17,2009,48,35.5824,129.3347,81.14
"South Korea/울산",매화,2010-02-28,2010,59,35.5824,129.3347,81.14
"South Korea/울산",매화,2011-03-05,2011,64,35.5824,129.3347,81.14
"South Korea/울산",매화,2012-03-20,2012,80,35.5824,129.3347,81.14
"South Korea/울산",매화,2013-03-08,2013,67,35.5824,129.3347,81.14
"South Korea/울산",매화,2014-02-24,2014,55,35.5824,129.3347,81.14
"South Korea/울산",매화,2015-02-28,2015,59,35.5824,129.3347,81.14
"South Korea/울산",매화,2016-02-26,2016,57,35.5824,129.3347,81.14
"South Korea/울산",매화,2017-02-26,2017,57,35.5824,129.3347,81.14
"South Korea/울산",매화,2018-03-09,2018,68,35.5824,129.3347,81.14
"South Korea/울산",매화,2019-02-06,2019,37,35.5824,129.3347,81.14
"South Korea/울산",매화,2020-02-10,2020,41,35.5824,129.3347,81.14
"South Korea/울산",매화,2021-02-07,2021,38,35.5824,129.3347,81.14
"South Korea/울산",매화,2022-02-24,2022,55,35.5824,129.3347,81.14
"South Korea/울산",매화,2023-02-14,2023,45,35.5824,129.3347,81.14
"South Korea/울산",매화,2024-02-15,2024,46,35.5824,129.3347,81.14
"South Korea/울산",매화,2025-03-10,2025,69,35.5824,129.3347,81.14
"South Korea/강화",매화,1976-04-18,1976,109,37.7074,126.4463,47.84
"South Korea/강화",매화,1977-04-05,1977,95,37.7074,126.4463,47.84
"South Korea/강화",매화,1978-04-02,1978,92,37.7074,126.4463,47.84
"South Korea/강화",매화,1979-04-01,1979,91,37.7074,126.4463,47.84
"South Korea/강화",매화,1980-04-03,1980,94,37.7074,126.4463,47.84
"South Korea/강화",매화,1981-04-07,1981,97,37.7074,126.4463,47.84
"South Korea/강화",매화,1982-04-05,1982,95,37.7074,126.4463,47.84
"South Korea/강화",매화,1983-04-03,1983,93,37.7074,126.4463,47.84
"South Korea/강화",매화,1984-04-11,1984,102,37.7074,126.4463,47.84
"South Korea/강화",매화,1985-04-14,1985,104,37.7074,126.4463,47.84
"South Korea/강화",매화,1986-04-16,1986,106,37.7074,126.4463,47.84
"South Korea/강화",매화,1987-04-09,1987,99,37.7074,126.4463,47.84
"South Korea/강화",매화,1988-04-13,1988,104,37.7074,126.4463,47.84
"South Korea/강화",매화,1989-04-09,1989,99,37.7074,126.4463,47.84
"South Korea/강화",매화,1990-04-06,1990,96,37.7074,126.4463,47.84
"South Korea/강화",매화,1991-04-09,1991,99,37.7074,126.4463,47.84
"South Korea/강화",매화,1992-04-02,1992,93,37.7074,126.4463,47.84
"South Korea/강화",매화,1993-04-07,1993,97,37.7074,126.4463,47.84
"South Korea/강화",매화,1994-04-04,1994,94,37.7074,126.4463,47.84
"South Korea/강화",매화,1995-04-20,1995,110,37.7074,126.4463,47.84
"South Korea/강화",매화,1996-04-16,1996,107,37.7074,126.4463,47.84
"South Korea/강화",매화,1997-04-07,1997,97,37.7074,126.4463,47.84
"South Korea/강화",매화,1998-03-28,1998,87,37.7074,126.4463,47.84
"South Korea/강화",매화,1999-04-12,1999,102,37.7074,126.4463,47.84
"South Korea/강화",매화,2000-04-06,2000,97,37.7074,126.4463,47.84
"South Korea/강화",매화,2001-04-13,2001,103,37.7074,126.4463,47.84
"South Korea/강화",매화,2002-03-29,2002,88,37.7074,126.4463,47.84
"South Korea/강화",매화,2003-04-06,2003,96,37.7074,126.4463,47.84
"South Korea/강화",매화,2004-04-06,2004,97,37.7074,126.4463,47.84
"South Korea/강화",매화,2005-04-06,2005,96,37.7074,126.4463,47.84
"South Korea/강화",매화,2006-04-04,2006,94,37.7074,126.4463,47.84
"South Korea/강화",매화,2007-04-02,2007,92,37.7074,126.4463,47.84
"South Korea/강화",매화,2008-04-03,2008,94,37.7074,126.4463,47.84
"South Korea/백령도",매화,2002-03-29,2002,88,37.974,124.7124,36.0
"South Korea/백령도",매화,2003-04-02,2003,92,37.974,124.7124,36.0
"South Korea/백령도",매화,2004-03-30,2004,90,37.974,124.7124,36.0
"South Korea/백령도",매화,2005-04-10,2005,100,37.974,124.7124,36.0
"South Korea/백령도",매화,2006-04-16,2006,106,37.974,124.7124,36.0
"South Korea/백령도",매화,2007-04-17,2007,107,37.974,124.7124,36.0
"South Korea/백령도",매화,2008-04-15,2008,106,37.974,124.7124,36.0
"South Korea/백령도",매화,2009-04-16,2009,106,37.974,124.7124,36.0
"South Korea/백령도",매화,2010-04-24,2010,114,37.974,124.7124,36.0
"South Korea/백령도",매화,2011-04-10,2011,100,37.974,124.7124,36.0
"South Korea/백령도",매화,2012-04-18,2012,109,37.974,124.7124,36.0
"South Korea/백령도",매화,2013-04-18,2013,108,37.974,124.7124,36.0
"South Korea/백령도",매화,2014-04-11,2014,101,37.974,124.7124,36.0
"South Korea/백령도",매화,2015-04-15,2015,105,37.974,124.7124,36.0
"South Korea/백령도",매화,2019-04-08,2019,98,37.974,124.7124,36.0
"South Korea/백령도",매화,2020-03-23,2020,83,37.974,124.7124,36.0
"South Korea/백령도",매화,2021-03-31,2021,90,37.974,124.7124,36.0
"South Korea/백령도",매화,2022-04-08,2022,98,37.974,124.7124,36.0
"South Korea/백령도",매화,2023-03-31,2023,90,37.974,124.7124,36.0
"South Korea/백령도",매화,2024-04-04,2024,95,37.974,124.7124,36.0
"South Korea/백령도",매화,2025-04-08,2025,98,37.974,124.7124,36.0
"South Korea/인천",매화,1973-04-10,1973,100,37.4777,126.6249,68.99
"South Korea/인천",매화,1974-05-04,1974,124,37.4777,126.6249,68.99
"South Korea/인천",매화,1975-04-29,1975,119,37.4777,126.6249,68.99
"South Korea/인천",매화,1976-04-28,1976,119,37.4777,126.6249,68.99
"South Korea/인천",매화,1977-04-27,1977,117,37.4777,126.6249,68.99
"South Korea/인천",매화,1978-04-30,1978,120,37.4777,126.6249,68.99
"South Korea/인천",매화,1979-04-21,1979,111,37.4777,126.6249,68.99
"South Korea/인천",매화,1980-04-27,1980,118,37.4777,126.6249,68.99
"South Korea/인천",매화,1981-04-12,1981,102,37.4777,126.6249,68.99
"South Korea/인천",매화,1982-04-19,1982,109,37.4777,126.6249,68.99
"South Korea/인천",매화,1983-04-06,1983,96,37.4777,126.6249,68.99
"South Korea/인천",매화,1984-04-15,1984,106,37.4777,126.6249,68.99
"South Korea/인천",매화,1985-04-15,1985,105,37.4777,126.6249,68.99
"South Korea/인천",매화,1986-04-17,1986,107,37.4777,126.6249,68.99
"South Korea/인천",매화,1987-04-12,1987,102,37.4777,126.6249,68.99
"South Korea/인천",매화,1988-04-12,1988,103,37.4777,126.6249,68.99
"South Korea/인천",매화,1989-04-18,1989,108,37.4777,126.6249,68.99
"South Korea/인천",매화,1990-03-27,1990,86,37.4777,126.6249,68.99
"South Korea/인천",매화,1991-04-16,1991,106,37.4777,126.6249,68.99
"South Korea/인천",매화,1992-04-07,1992,98,37.4777,126.6249,68.99
"South Korea/인천",매화,1993-04-26,1993,116,37.4777,126.6249,68.99
"South Korea/인천",매화,1994-04-06,1994,96,37.4777,126.6249,68.99
"South Korea/인천",매화,1995-04-04,1995,94,37.4777,126.6249,68.99
"South Korea/인천",매화,1996-04-26,1996,117,37.4777,126.6249,68.99
"South Korea/인천",매화,1997-04-11,1997,101,37.4777,126.6249,68.99
"South Korea/인천",매화,1998-04-06,1998,96,37.4777,126.6249,68.99
"South Korea/인천",매화,1999-04-10,1999,100,37.4777,126.6249,68.99
"South Korea/인천",매화,2000-04-06,2000,97,37.4777,126.6249,68.99
"South Korea/인천",매화,2001-04-14,2001,104,37.4777,126.6249,68.99
"South Korea/인천",매화,2002-04-05,2002,95,37.4777,126.6249,68.99
"South Korea/인천",매화,2003-04-09,2003,99,37.4777,126.6249,68.99
"South Korea/인천",매화,2004-04-19,2004,110,37.4777,126.6249,68.99
"South Korea/인천",매화,2005-04-17,2005,107,37.4777,126.6249,68.99
"South Korea/인천",매화,2006-04-14,2006,104,37.4777,126.6249,68.99
"South Korea/인천",매화,2007-04-09,2007,99,37.4777,126.6249,68.99
"South Korea/인천",매화,2008-04-02,2008,93,37.4777,126.6249,68.99
"South Korea/인천",매화,2009-03-28,2009,87,37.4777,126.6249,68.99
"South Korea/인천",매화,2010-04-12,2010,102,37.4777,126.6249,68.99
"South Korea/인천",매화,2011-04-14,2011,104,37.4777,126.6249,68.99
"South Korea/인천",매화,2012-04-12,2012,103,37.4777,126.6249,68.99
"South Korea/인천",매화,2013-04-12,2013,102,37.4777,126.6249,68.99
"South Korea/인천",매화,2014-03-30,2014,89,37.4777,126.6249,68.99
"South Korea/인천",매화,2016-03-22,2016,82,37.4777,126.6249,68.99
"South Korea/인천",매화,2017-03-24,2017,83,37.4777,126.6249,68.99
"South Korea/인천",매화,2018-04-04,2018,94,37.4777,126.6249,68.99
"South Korea/인천",매화,2019-03-19,2019,78,37.4777,126.6249,68.99
"South Korea/인천",매화,2020-03-18,2020,78,37.4777,126.6249,68.99
"South Korea/인천",매화,2021-03-10,2021,69,37.4777,126.6249,68.99
"South Korea/인천",매화,2022-03-25,2022,84,37.4777,126.6249,68.99
"South Korea/인천",매화,2023-03-11,2023,70,37.4777,126.6249,68.99
"South Korea/인천",매화,2024-03-22,2024,82,37.4777,126.6249,68.99
"South Korea/인천",매화,2025-03-31,2025,90,37.4777,126.6249,68.99
"South Korea/고흥",매화,1975-03-08,1975,67,34.6183,127.2757,51.91
"South Korea/고흥",매화,1976-03-07,1976,67,34.6183,127.2757,51.91
"South Korea/고흥",매화,1977-03-15,1977,74,34.6183,127.2757,51.91
"South Korea/고흥",매화,1978-03-15,1978,74,34.6183,127.2757,51.91
"South Korea/고흥",매화,1979-02-20,1979,51,34.6183,127.2757,51.91
"South Korea/고흥",매화,1980-02-20,1980,51,34.6183,127.2757,51.91
"South Korea/고흥",매화,1981-03-24,1981,83,34.6183,127.2757,51.91
"South Korea/고흥",매화,1982-03-22,1982,81,34.6183,127.2757,51.91
"South Korea/고흥",매화,1983-03-20,1983,79,34.6183,127.2757,51.91
"South Korea/고흥",매화,1984-03-27,1984,87,34.6183,127.2757,51.91
"South Korea/고흥",매화,1985-03-21,1985,80,34.6183,127.2757,51.91
"South Korea/고흥",매화,1986-03-18,1986,77,34.6183,127.2757,51.91
"South Korea/고흥",매화,1987-02-28,1987,59,34.6183,127.2757,51.91
"South Korea/고흥",매화,1988-02-20,1988,51,34.6183,127.2757,51.91
"South Korea/고흥",매화,1989-03-06,1989,65,34.6183,127.2757,51.91
"South Korea/고흥",매화,1990-03-08,1990,67,34.6183,127.2757,51.91
"South Korea/고흥",매화,1991-03-11,1991,70,34.6183,127.2757,51.91
"South Korea/고흥",매화,1992-02-20,1992,51,34.6183,127.2757,51.91
"South Korea/고흥",매화,1993-02-27,1993,58,34.6183,127.2757,51.91
"South Korea/고흥",매화,1994-03-01,1994,60,34.6183,127.2757,51.91
"South Korea/고흥",매화,1995-03-30,1995,89,34.6183,127.2757,51.91
"South Korea/고흥",매화,1996-03-13,1996,73,34.6183,127.2757,51.91
"South Korea/고흥",매화,1997-03-11,1997,70,34.6183,127.2757,51.91
"South Korea/고흥",매화,1998-02-17,1998,48,34.6183,127.2757,51.91
"South Korea/고흥",매화,1999-03-09,1999,68,34.6183,127.2757,51.91
"South Korea/고흥",매화,2000-03-20,2000,80,34.6183,127.2757,51.91
"South Korea/고흥",매화,2001-03-12,2001,71,34.6183,127.2757,51.91
"South Korea/고흥",매화,2002-02-28,2002,59,34.6183,127.2757,51.91
"South Korea/고흥",매화,2003-02-26,2003,57,34.6183,127.2757,51.91
"South Korea/고흥",매화,2004-02-27,2004,58,34.6183,127.2757,51.91
"South Korea/고흥",매화,2005-03-09,2005,68,34.6183,127.2757,51.91
"South Korea/고흥",매화,2006-03-10,2006,69,34.6183,127.2757,51.91
"South Korea/고흥",매화,2007-02-27,2007,58,34.6183,127.2757,51.91
"South Korea/고흥",매화,2008-03-06,2008,66,34.6183,127.2757,51.91
"South Korea/목포",매화,1973-03-20,1973,79,34.8173,126.3815,44.7
"South Korea/목포",매화,1974-03-28,1974,87,34.8173,126.3815,44.7
"South Korea/목포",매화,1975-03-26,1975,85,34.8173,126.3815,44.7
"South Korea/목포",매화,1976-03-18,1976,78,34.8173,126.3815,44.7
"South Korea/목포",매화,1977-03-20,1977,79,34.8173,126.3815,44.7
"South Korea/목포",매화,1978-03-21,1978,80,34.8173,126.3815,44.7
"South Korea/목포",매화,1979-03-10,1979,69,34.8173,126.3815,44.7
"South Korea/목포",매화,1982-04-01,1982,91,34.8173,126.3815,44.7
"South Korea/목포",매화,1983-03-10,1983,69,34.8173,126.3815,44.7
"South Korea/목포",매화,1986-04-10,1986,100,34.8173,126.3815,44.7
"South Korea/목포",매화,1987-04-10,1987,100,34.8173,126.3815,44.7
"South Korea/목포",매화,1988-04-10,1988,101,34.8173,126.3815,44.7
"South Korea/목포",매화,1989-03-15,1989,74,34.8173,126.3815,44.7
"South Korea/목포",매화,1990-03-08,1990,67,34.8173,126.3815,44.7
"South Korea/목포",매화,1991-03-18,1991,77,34.8173,126.3815,44.7
"South Korea/목포",매화,1992-03-10,1992,70,34.8173,126.3815,44.7
"South Korea/목포",매화,1993-03-13,1993,72,34.8173,126.3815,44.7
"South Korea/목포",매화,1994-03-12,1994,71,34.8173,126.3815,44.7
"South Korea/목포",매화,1995-03-15,1995,74,34.8173,126.3815,44.7
"South Korea/목포",매화,1996-03-26,1996,86,34.8173,126.3815,44.7
"South Korea/목포",매화,1997-03-07,1997,66,34.8173,126.3815,44.7
"South Korea/목포",매화,1998-02-22,1998,53,34.8173,126.3815,44.7
"South Korea/목포",매화,1999-02-28,1999,59,34.8173,126.3815,44.7
"South Korea/목포",매화,2000-03-20,2000,80,34.8173,126.3815,44.7
"South Korea/목포",매화,2001-03-17,2001,76,34.8173,126.3815,44.7
"South Korea/목포",매화,2002-03-07,2002,66,34.8173,126.3815,44.7
"South Korea/목포",매화,2003-03-10,2003,69,34.8173,126.3815,44.7
"South Korea/목포",매화,2004-03-09,2004,69,34.8173,126.3815,44.7
"South Korea/목포",매화,2005-03-14,2005,73,34.8173,126.3815,44.7
"South Korea/목포",매화,2006-03-21,2006,80,34.8173,126.3815,44.7
"South Korea/목포",매화,2007-02-26,2007,57,34.8173,126.3815,44.7
"South Korea/목포",매화,2008-03-12,2008,72,34.8173,126.3815,44.7
"South Korea/목포",매화,2009-03-05,2009,64,34.8173,126.3815,44.7
"South Korea/목포",매화,2010-03-20,2010,79,34.8173,126.3815,44.7
"South Korea/목포",매화,2011-03-14,2011,73,34.8173,126.3815,44.7
"South Korea/목포",매화,2012-04-02,2012,93,34.8173,126.3815,44.7
"South Korea/목포",매화,2013-03-13,2013,72,34.8173,126.3815,44.7
"South Korea/목포",매화,2014-03-14,2014,73,34.8173,126.3815,44.7
"South Korea/목포",매화,2015-03-07,2015,66,34.8173,126.3815,44.7
"South Korea/목포",매화,2016-03-06,2016,66,34.8173,126.3815,44.7
"South Korea/목포",매화,2017-03-08,2017,67,34.8173,126.3815,44.7
"South Korea/목포",매화,2018-03-15,2018,74,34.8173,126.3815,44.7
"South Korea/목포",매화,2019-03-01,2019,60,34.8173,126.3815,44.7
"South Korea/목포",매화,2020-02-24,2020,55,34.8173,126.3815,44.7
"South Korea/목포",매화,2021-03-14,2021,73,34.8173,126.3815,44.7
"South Korea/목포",매화,2022-03-14,2022,73,34.8173,126.3815,44.7
"South Korea/목포",매화,2023-03-20,2023,79,34.8173,126.3815,44.7
"South Korea/목포",매화,2024-02-24,2024,55,34.8173,126.3815,44.7
"South Korea/목포",매화,2025-03-14,2025,73,34.8173,126.3815,44.7
"South Korea/무안",매화,1993-03-16,1993,75,nan,nan,nan
"South Korea/무안",매화,1994-03-10,1994,69,nan,nan,nan
"South Korea/무안",매화,1995-03-09,1995,68,nan,nan,nan
"South Korea/무안",매화,1996-03-30,1996,90,nan,nan,nan
"South Korea/무안",매화,1997-03-17,1997,76,nan,nan,nan
"South Korea/무안",매화,1998-02-10,1998,41,nan,nan,nan
"South Korea/무안",매화,1999-03-04,1999,63,nan,nan,nan
"South Korea/무안",매화,2000-03-09,2000,69,nan,nan,nan
"South Korea/순천",매화,2012-03-29,2012,89,35.0204,127.3694,165.0
"South Korea/순천",매화,2013-03-19,2013,78,35.0204,127.3694,165.0
"South Korea/순천",매화,2014-03-15,2014,74,35.0204,127.3694,165.0
"South Korea/순천",매화,2015-03-15,2015,74,35.0204,127.3694,165.0
"South Korea/여수",매화,1973-03-14,1973,73,34.7393,127.7406,65.93
"South Korea/여수",매화,1974-03-25,1974,84,34.7393,127.7406,65.93
"South Korea/여수",매화,1975-03-16,1975,75,34.7393,127.7406,65.93
"South Korea/여수",매화,1976-03-14,1976,74,34.7393,127.7406,65.93
"South Korea/여수",매화,1977-03-19,1977,78,34.7393,127.7406,65.93
"South Korea/여수",매화,1978-03-08,1978,67,34.7393,127.7406,65.93
"South Korea/여수",매화,1979-02-23,1979,54,34.7393,127.7406,65.93
"South Korea/여수",매화,1981-02-28,1981,59,34.7393,127.7406,65.93
"South Korea/여수",매화,1982-03-02,1982,61,34.7393,127.7406,65.93
"South Korea/여수",매화,1983-03-16,1983,75,34.7393,127.7406,65.93
"South Korea/여수",매화,1984-03-24,1984,84,34.7393,127.7406,65.93
"South Korea/여수",매화,1985-03-17,1985,76,34.7393,127.7406,65.93
"South Korea/여수",매화,1986-03-16,1986,75,34.7393,127.7406,65.93
"South Korea/여수",매화,1987-02-23,1987,54,34.7393,127.7406,65.93
"South Korea/여수",매화,1988-02-25,1988,56,34.7393,127.7406,65.93
"South Korea/여수",매화,1989-02-25,1989,56,34.7393,127.7406,65.93
"South Korea/여수",매화,1990-02-26,1990,57,34.7393,127.7406,65.93
"South Korea/여수",매화,1991-03-12,1991,71,34.7393,127.7406,65.93
"South Korea/여수",매화,1992-02-11,1992,42,34.7393,127.7406,65.93
"South Korea/여수",매화,1993-02-16,1993,47,34.7393,127.7406,65.93
"South Korea/여수",매화,1994-03-04,1994,63,34.7393,127.7406,65.93
"South Korea/여수",매화,1995-02-22,1995,53,34.7393,127.7406,65.93
"South Korea/여수",매화,1996-03-15,1996,75,34.7393,127.7406,65.93
"South Korea/여수",매화,1997-03-05,1997,64,34.7393,127.7406,65.93
"South Korea/여수",매화,1998-02-15,1998,46,34.7393,127.7406,65.93
"South Korea/여수",매화,1999-02-25,1999,56,34.7393,127.7406,65.93
"South Korea/여수",매화,2000-03-11,2000,71,34.7393,127.7406,65.93
"South Korea/여수",매화,2001-03-07,2001,66,34.7393,127.7406,65.93
"South Korea/여수",매화,2002-02-28,2002,59,34.7393,127.7406,65.93
"South Korea/여수",매화,2003-01-21,2003,21,34.7393,127.7406,65.93
"South Korea/여수",매화,2004-02-20,2004,51,34.7393,127.7406,65.93
"South Korea/여수",매화,2005-02-23,2005,54,34.7393,127.7406,65.93
"South Korea/여수",매화,2006-03-10,2006,69,34.7393,127.7406,65.93
"South Korea/여수",매화,2007-02-22,2007,53,34.7393,127.7406,65.93
"South Korea/여수",매화,2008-03-06,2008,66,34.7393,127.7406,65.93
"South Korea/여수",매화,2009-02-23,2009,54,34.7393,127.7406,65.93
"South Korea/여수",매화,2010-02-26,2010,57,34.7393,127.7406,65.93
"South Korea/여수",매화,2011-03-12,2011,71,34.7393,127.7406,65.93
"South Korea/여수",매화,2012-03-16,2012,76,34.7393,127.7406,65.93
"South Korea/여수",매화,2013-03-08,2013,67,34.7393,127.7406,65.93
"South Korea/여수",매화,2014-03-01,2014,60,34.7393,127.7406,65.93
"South Korea/여수",매화,2015-03-02,2015,61,34.7393,127.7406,65.93
"South Korea/여수",매화,2016-02-27,2016,58,34.7393,127.7406,65.93
"South Korea/여수",매화,2017-02-23,2017,54,34.7393,127.7406,65.93
"South Korea/여수",매화,2018-03-10,2018,69,34.7393,127.7406,65.93
"South Korea/여수",매화,2019-02-06,2019,37,34.7393,127.7406,65.93
"South Korea/여수",매화,2020-02-13,2020,44,34.7393,127.7406,65.93
"South Korea/여수",매화,2021-02-23,2021,54,34.7393,127.7406,65.93
"South Korea/여수",매화,2022-02-20,2022,51,34.7393,127.7406,65.93
"South Korea/여수",매화,2023-02-20,2023,51,34.7393,127.7406,65.93
"South Korea/여수",매화,2024-02-15,2024,46,34.7393,127.7406,65.93
"South Korea/여수",매화,2025-03-13,2025,72,34.7393,127.7406,65.93
"South Korea/완도",매화,1979-02-15,1979,46,34.3959,126.7018,35.37
"South Korea/완도",매화,1980-02-16,1980,47,34.3959,126.7018,35.37
"South Korea/완도",매화,1981-02-24,1981,55,34.3959,126.7018,35.37
"South Korea/완도",매화,1982-02-21,1982,52,34.3959,126.7018,35.37
"South Korea/완도",매화,1992-01-26,1992,26,34.3959,126.7018,35.37
"South Korea/완도",매화,1993-02-15,1993,46,34.3959,126.7018,35.37
"South Korea/완도",매화,1994-03-14,1994,73,34.3959,126.7018,35.37
"South Korea/완도",매화,1995-03-15,1995,74,34.3959,126.7018,35.37
"South Korea/완도",매화,1996-03-17,1996,77,34.3959,126.7018,35.37
"South Korea/완도",매화,1997-03-09,1997,68,34.3959,126.7018,35.37
"South Korea/완도",매화,1998-02-21,1998,52,34.3959,126.7018,35.37
"South Korea/완도",매화,1999-03-01,1999,60,34.3959,126.7018,35.37
"South Korea/완도",매화,2000-03-09,2000,69,34.3959,126.7018,35.37
"South Korea/완도",매화,2001-03-09,2001,68,34.3959,126.7018,35.37
"South Korea/완도",매화,2002-02-20,2002,51,34.3959,126.7018,35.37
"South Korea/완도",매화,2003-02-21,2003,52,34.3959,126.7018,35.37
"South Korea/완도",매화,2004-02-25,2004,56,34.3959,126.7018,35.37
"South Korea/완도",매화,2005-03-02,2005,61,34.3959,126.7018,35.37
"South Korea/완도",매화,2006-03-06,2006,65,34.3959,126.7018,35.37
"South Korea/완도",매화,2007-02-23,2007,54,34.3959,126.7018,35.37
"South Korea/완도",매화,2008-03-06,2008,66,34.3959,126.7018,35.37
"South Korea/완도",매화,2009-03-02,2009,61,34.3959,126.7018,35.37
"South Korea/완도",매화,2010-03-03,2010,62,34.3959,126.7018,35.37
"South Korea/완도",매화,2011-03-12,2011,71,34.3959,126.7018,35.37
"South Korea/완도",매화,2012-03-21,2012,81,34.3959,126.7018,35.37
"South Korea/완도",매화,2013-03-13,2013,72,34.3959,126.7018,35.37
"South Korea/완도",매화,2014-03-03,2014,62,34.3959,126.7018,35.37
"South Korea/완도",매화,2015-03-06,2015,65,34.3959,126.7018,35.37
"South Korea/장흥",매화,1975-04-01,1975,91,34.6889,126.9195,43.99
"South Korea/장흥",매화,1976-03-20,1976,80,34.6889,126.9195,43.99
"South Korea/장흥",매화,1977-03-31,1977,90,34.6889,126.9195,43.99
"South Korea/장흥",매화,1978-03-28,1978,87,34.6889,126.9195,43.99
"South Korea/장흥",매화,1979-03-16,1979,75,34.6889,126.9195,43.99
"South Korea/장흥",매화,1980-03-27,1980,87,34.6889,126.9195,43.99
"South Korea/장흥",매화,1981-03-20,1981,79,34.6889,126.9195,43.99
"South Korea/장흥",매화,1982-03-16,1982,75,34.6889,126.9195,43.99
"South Korea/장흥",매화,1983-03-19,1983,78,34.6889,126.9195,43.99
"South Korea/장흥",매화,1984-03-30,1984,90,34.6889,126.9195,43.99
"South Korea/장흥",매화,1985-03-27,1985,86,34.6889,126.9195,43.99
"South Korea/장흥",매화,1986-03-18,1986,77,34.6889,126.9195,43.99
"South Korea/장흥",매화,1987-03-16,1987,75,34.6889,126.9195,43.99
"South Korea/장흥",매화,1988-03-27,1988,87,34.6889,126.9195,43.99
"South Korea/장흥",매화,1989-03-24,1989,83,34.6889,126.9195,43.99
"South Korea/장흥",매화,1990-03-22,1990,81,34.6889,126.9195,43.99
"South Korea/장흥",매화,1991-03-27,1991,86,34.6889,126.9195,43.99
"South Korea/장흥",매화,1992-03-18,1992,78,34.6889,126.9195,43.99
"South Korea/장흥",매화,1993-03-20,1993,79,34.6889,126.9195,43.99
"South Korea/장흥",매화,1994-03-23,1994,82,34.6889,126.9195,43.99
"South Korea/장흥",매화,1995-03-19,1995,78,34.6889,126.9195,43.99
"South Korea/장흥",매화,1996-03-25,1996,85,34.6889,126.9195,43.99
"South Korea/장흥",매화,1997-03-13,1997,72,34.6889,126.9195,43.99
"South Korea/장흥",매화,1998-03-01,1998,60,34.6889,126.9195,43.99
"South Korea/장흥",매화,1999-03-11,1999,70,34.6889,126.9195,43.99
"South Korea/장흥",매화,2000-03-22,2000,82,34.6889,126.9195,43.99
"South Korea/장흥",매화,2001-03-18,2001,77,34.6889,126.9195,43.99
"South Korea/장흥",매화,2002-03-04,2002,63,34.6889,126.9195,43.99
"South Korea/장흥",매화,2003-03-05,2003,64,34.6889,126.9195,43.99
"South Korea/장흥",매화,2004-03-01,2004,61,34.6889,126.9195,43.99
"South Korea/장흥",매화,2005-03-20,2005,79,34.6889,126.9195,43.99
"South Korea/장흥",매화,2006-03-17,2006,76,34.6889,126.9195,43.99
"South Korea/장흥",매화,2007-02-22,2007,53,34.6889,126.9195,43.99
"South Korea/장흥",매화,2008-03-08,2008,68,34.6889,126.9195,43.99
"South Korea/주암",매화,1973-03-14,1973,73,nan,nan,nan
"South Korea/주암",매화,1974-03-18,1974,77,nan,nan,nan
"South Korea/주암",매화,1975-03-20,1975,79,nan,nan,nan
"South Korea/주암",매화,1976-03-12,1976,72,nan,nan,nan
"South Korea/주암",매화,1977-04-02,1977,92,nan,nan,nan
"South Korea/주암",매화,1978-03-25,1978,84,nan,nan,nan
"South Korea/주암",매화,1979-02-21,1979,52,nan,nan,nan
"South Korea/주암",매화,1980-03-26,1980,86,nan,nan,nan
"South Korea/주암",매화,1981-03-21,1981,80,nan,nan,nan
"South Korea/주암",매화,1982-03-16,1982,75,nan,nan,nan
"South Korea/주암",매화,1983-03-24,1983,83,nan,nan,nan
"South Korea/주암",매화,1984-04-06,1984,97,nan,nan,nan
"South Korea/주암",매화,1985-03-17,1985,76,nan,nan,nan
"South Korea/주암",매화,1986-04-01,1986,91,nan,nan,nan
"South Korea/주암",매화,1987-03-15,1987,74,nan,nan,nan
"South Korea/주암",매화,1988-03-25,1988,85,nan,nan,nan
"South Korea/주암",매화,1989-03-18,1989,77,nan,nan,nan
"South Korea/주암",매화,1990-03-14,1990,73,nan,nan,nan
"South Korea/주암",매화,1991-03-13,1991,72,nan,nan,nan
"South Korea/주암",매화,1992-03-07,1992,67,nan,nan,nan
"South Korea/주암",매화,1993-03-12,1993,71,nan,nan,nan
"South Korea/주암",매화,1994-03-10,1994,69,nan,nan,nan
"South Korea/주암",매화,1995-03-08,1995,67,nan,nan,nan
"South Korea/주암",매화,1996-03-23,1996,83,nan,nan,nan
"South Korea/주암",매화,1997-03-13,1997,72,nan,nan,nan
"South Korea/주암",매화,1998-02-16,1998,47,nan,nan,nan
"South Korea/주암",매화,1999-03-09,1999,68,nan,nan,nan
"South Korea/주암",매화,2000-03-15,2000,75,nan,nan,nan
"South Korea/주암",매화,2001-03-19,2001,78,nan,nan,nan
"South Korea/주암",매화,2002-03-06,2002,65,nan,nan,nan
"South Korea/주암",매화,2003-03-04,2003,63,nan,nan,nan
"South Korea/주암",매화,2004-03-10,2004,70,nan,nan,nan
"South Korea/주암",매화,2005-03-21,2005,80,nan,nan,nan
"South Korea/주암",매화,2006-03-09,2006,68,nan,nan,nan
"South Korea/주암",매화,2007-03-01,2007,60,nan,nan,nan
"South Korea/주암",매화,2008-03-10,2008,70,nan,nan,nan
"South Korea/주암",매화,2009-03-11,2009,70,nan,nan,nan
"South Korea/주암",매화,2010-03-14,2010,73,nan,nan,nan
"South Korea/주암",매화,2011-03-16,2011,75,nan,nan,nan
"South Korea/진도(첨찰산)",매화,2002-02-26,2002,57,nan,nan,nan
"South Korea/진도(첨찰산)",매화,2003-03-03,2003,62,nan,nan,nan
"South Korea/진도(첨찰산)",매화,2004-03-03,2004,63,nan,nan,nan
"South Korea/진도(첨찰산)",매화,2005-03-01,2005,60,nan,nan,nan
"South Korea/진도(첨찰산)",매화,2006-03-05,2006,64,nan,nan,nan
"South Korea/진도(첨찰산)",매화,2007-02-26,2007,57,nan,nan,nan
"South Korea/진도(첨찰산)",매화,2008-03-10,2008,70,nan,nan,nan
"South Korea/진도(첨찰산)",매화,2009-03-04,2009,63,nan,nan,nan
"South Korea/진도(첨찰산)",매화,2010-03-05,2010,64,nan,nan,nan
"South Korea/진도(첨찰산)",매화,2011-03-13,2011,72,nan,nan,nan
"South Korea/진도(첨찰산)",매화,2012-04-06,2012,97,nan,nan,nan
"South Korea/진도(첨찰산)",매화,2013-03-13,2013,72,nan,nan,nan
"South Korea/진도(첨찰산)",매화,2014-03-06,2014,65,nan,nan,nan
"South Korea/진도(첨찰산)",매화,2015-03-03,2015,62,nan,nan,nan
"South Korea/해남",매화,1973-03-25,1973,84,34.5538,126.5691,16.36
"South Korea/해남",매화,1974-04-17,1974,107,34.5538,126.5691,16.36
"South Korea/해남",매화,1976-03-09,1976,69,34.5538,126.5691,16.36
"South Korea/해남",매화,1977-03-19,1977,78,34.5538,126.5691,16.36
"South Korea/해남",매화,1978-03-20,1978,79,34.5538,126.5691,16.36
"South Korea/해남",매화,1979-03-08,1979,67,34.5538,126.5691,16.36
"South Korea/해남",매화,1980-03-20,1980,80,34.5538,126.5691,16.36
"South Korea/해남",매화,1981-03-18,1981,77,34.5538,126.5691,16.36
"South Korea/해남",매화,1982-03-16,1982,75,34.5538,126.5691,16.36
"South Korea/해남",매화,1983-03-16,1983,75,34.5538,126.5691,16.36
"South Korea/해남",매화,1984-03-23,1984,83,34.5538,126.5691,16.36
"South Korea/해남",매화,1985-02-11,1985,42,34.5538,126.5691,16.36
"South Korea/해남",매화,1986-03-15,1986,74,34.5538,126.5691,16.36
"South Korea/해남",매화,1987-03-03,1987,62,34.5538,126.5691,16.36
"South Korea/해남",매화,1988-02-21,1988,52,34.5538,126.5691,16.36
"South Korea/해남",매화,1989-02-22,1989,53,34.5538,126.5691,16.36
"South Korea/해남",매화,1990-02-26,1990,57,34.5538,126.5691,16.36
"South Korea/해남",매화,1991-01-29,1991,29,34.5538,126.5691,16.36
"South Korea/해남",매화,1992-01-28,1992,28,34.5538,126.5691,16.36
"South Korea/해남",매화,1993-02-19,1993,50,34.5538,126.5691,16.36
"South Korea/해남",매화,1994-03-15,1994,74,34.5538,126.5691,16.36
"South Korea/해남",매화,1995-03-14,1995,73,34.5538,126.5691,16.36
"South Korea/해남",매화,1996-03-17,1996,77,34.5538,126.5691,16.36
"South Korea/해남",매화,1997-03-11,1997,70,34.5538,126.5691,16.36
"South Korea/해남",매화,1998-02-26,1998,57,34.5538,126.5691,16.36
"South Korea/해남",매화,1999-03-09,1999,68,34.5538,126.5691,16.36
"South Korea/해남",매화,2000-03-14,2000,74,34.5538,126.5691,16.36
"South Korea/해남",매화,2001-03-17,2001,76,34.5538,126.5691,16.36
"South Korea/해남",매화,2002-02-27,2002,58,34.5538,126.5691,16.36
"South Korea/해남",매화,2003-03-02,2003,61,34.5538,126.5691,16.36
"South Korea/해남",매화,2004-02-19,2004,50,34.5538,126.5691,16.36
"South Korea/해남",매화,2005-03-20,2005,79,34.5538,126.5691,16.36
"South Korea/해남",매화,2006-03-17,2006,76,34.5538,126.5691,16.36
"South Korea/해남",매화,2007-02-27,2007,58,34.5538,126.5691,16.36
"South Korea/해남",매화,2008-02-25,2008,56,34.5538,126.5691,16.36
"South Korea/흑산도",매화,1997-03-18,1997,77,34.6872,125.4511,75.12
"South Korea/흑산도",매화,1998-02-27,1998,58,34.6872,125.4511,75.12
"South Korea/흑산도",매화,1999-03-01,1999,60,34.6872,125.4511,75.12
"South Korea/흑산도",매화,2000-03-04,2000,64,34.6872,125.4511,75.12
"South Korea/흑산도",매화,2001-03-27,2001,86,34.6872,125.4511,75.12
"South Korea/흑산도",매화,2002-03-15,2002,74,34.6872,125.4511,75.12
"South Korea/흑산도",매화,2003-03-15,2003,74,34.6872,125.4511,75.12
"South Korea/흑산도",매화,2004-03-10,2004,70,34.6872,125.4511,75.12
"South Korea/흑산도",매화,2005-04-04,2005,94,34.6872,125.4511,75.12
"South Korea/흑산도",매화,2006-04-02,2006,92,34.6872,125.4511,75.12
"South Korea/흑산도",매화,2007-04-02,2007,92,34.6872,125.4511,75.12
"South Korea/흑산도",매화,2008-04-04,2008,95,34.6872,125.4511,75.12
"South Korea/흑산도",매화,2009-04-03,2009,93,34.6872,125.4511,75.12
"South Korea/흑산도",매화,2010-03-29,2010,88,34.6872,125.4511,75.12
"South Korea/흑산도",매화,2011-04-05,2011,95,34.6872,125.4511,75.12
"South Korea/흑산도",매화,2012-04-24,2012,115,34.6872,125.4511,75.12
"South Korea/흑산도",매화,2013-03-27,2013,86,34.6872,125.4511,75.12
"South Korea/흑산도",매화,2014-03-25,2014,84,34.6872,125.4511,75.12
"South Korea/흑산도",매화,2015-03-23,2015,82,34.6872,125.4511,75.12
"South Korea/흑산도",매화,2016-03-16,2016,76,34.6872,125.4511,75.12
"South Korea/흑산도",매화,2017-04-08,2017,98,34.6872,125.4511,75.12
"South Korea/흑산도",매화,2018-04-08,2018,98,34.6872,125.4511,75.12
"South Korea/흑산도",매화,2019-04-04,2019,94,34.6872,125.4511,75.12
"South Korea/흑산도",매화,2020-02-26,2020,57,34.6872,125.4511,75.12
"South Korea/흑산도",매화,2021-03-10,2021,69,34.6872,125.4511,75.12
"South Korea/흑산도",매화,2022-03-08,2022,67,34.6872,125.4511,75.12
"South Korea/흑산도",매화,2023-02-20,2023,51,34.6872,125.4511,75.12
"South Korea/흑산도",매화,2024-02-12,2024,43,34.6872,125.4511,75.12
"South Korea/흑산도",매화,2025-03-05,2025,64,34.6872,125.4511,75.12
"South Korea/고창",매화,2011-03-24,2011,83,35.3482,126.599,52.42
"South Korea/고창",매화,2012-04-03,2012,94,35.3482,126.599,52.42
"South Korea/고창",매화,2013-03-22,2013,81,35.3482,126.599,52.42
"South Korea/고창",매화,2014-03-17,2014,76,35.3482,126.599,52.42
"South Korea/고창",매화,2015-03-16,2015,75,35.3482,126.599,52.42
"South Korea/고창군",매화,2009-03-19,2009,78,35.4266,126.697,58.84
"South Korea/고창군",매화,2010-03-22,2010,81,35.4266,126.697,58.84
"South Korea/군산",매화,1973-04-14,1973,104,36.0053,126.7614,27.85
"South Korea/군산",매화,1974-04-16,1974,106,36.0053,126.7614,27.85
"South Korea/군산",매화,1975-04-20,1975,110,36.0053,126.7614,27.85
"South Korea/군산",매화,1978-04-06,1978,96,36.0053,126.7614,27.85
"South Korea/군산",매화,1981-05-01,1981,121,36.0053,126.7614,27.85
"South Korea/군산",매화,1982-04-26,1982,116,36.0053,126.7614,27.85
"South Korea/군산",매화,1991-04-15,1991,105,36.0053,126.7614,27.85
"South Korea/군산",매화,1992-04-16,1992,107,36.0053,126.7614,27.85
"South Korea/군산",매화,1993-04-21,1993,111,36.0053,126.7614,27.85
"South Korea/군산",매화,1994-04-14,1994,104,36.0053,126.7614,27.85
"South Korea/군산",매화,1995-04-01,1995,91,36.0053,126.7614,27.85
"South Korea/군산",매화,1996-04-19,1996,110,36.0053,126.7614,27.85
"South Korea/군산",매화,1997-03-24,1997,83,36.0053,126.7614,27.85
"South Korea/군산",매화,1998-03-10,1998,69,36.0053,126.7614,27.85
"South Korea/군산",매화,1999-03-18,1999,77,36.0053,126.7614,27.85
"South Korea/군산",매화,2000-03-29,2000,89,36.0053,126.7614,27.85
"South Korea/군산",매화,2001-03-30,2001,89,36.0053,126.7614,27.85
"South Korea/군산",매화,2002-03-11,2002,70,36.0053,126.7614,27.85
"South Korea/군산",매화,2003-03-24,2003,83,36.0053,126.7614,27.85
"South Korea/군산",매화,2004-03-25,2004,85,36.0053,126.7614,27.85
"South Korea/군산",매화,2005-04-06,2005,96,36.0053,126.7614,27.85
"South Korea/군산",매화,2006-03-31,2006,90,36.0053,126.7614,27.85
"South Korea/군산",매화,2007-03-13,2007,72,36.0053,126.7614,27.85
"South Korea/군산",매화,2008-03-22,2008,82,36.0053,126.7614,27.85
"South Korea/군산",매화,2009-03-19,2009,78,36.0053,126.7614,27.85
"South Korea/군산",매화,2010-04-02,2010,92,36.0053,126.7614,27.85
"South Korea/군산",매화,2011-03-30,2011,89,36.0053,126.7614,27.85
"South Korea/군산",매화,2012-03-31,2012,91,36.0053,126.7614,27.85
"South Korea/군산",매화,2013-03-31,2013,90,36.0053,126.7614,27.85
"South Korea/군산",매화,2014-03-21,2014,80,36.0053,126.7614,27.85
"South Korea/군산",매화,2015-03-26,2015,85,36.0053,126.7614,27.85
"South Korea/남원",매화,1974-04-04,1974,94,35.4213,127.3965,133.49
"South Korea/남원",매화,1975-04-05,1975,95,35.4213,127.3965,133.49
"South Korea/남원",매화,1976-03-18,1976,78,35.4213,127.3965,133.49
"South Korea/남원",매화,1977-04-02,1977,92,35.4213,127.3965,133.49
"South Korea/남원",매화,1978-03-30,1978,89,35.4213,127.3965,133.49
"South Korea/남원",매화,1979-03-20,1979,79,35.4213,127.3965,133.49
"South Korea/남원",매화,1980-04-01,1980,92,35.4213,127.3965,133.49
"South Korea/남원",매화,1981-04-02,1981,92,35.4213,127.3965,133.49
"South Korea/남원",매화,1985-03-22,1985,81,35.4213,127.3965,133.49
"South Korea/남원",매화,1986-04-03,1986,93,35.4213,127.3965,133.49
"South Korea/남원",매화,1987-03-23,1987,82,35.4213,127.3965,133.49
"South Korea/남원",매화,1988-03-23,1988,83,35.4213,127.3965,133.49
"South Korea/남원",매화,1989-03-18,1989,77,35.4213,127.3965,133.49
"South Korea/남원",매화,1990-03-16,1990,75,35.4213,127.3965,133.49
"South Korea/남원",매화,1991-03-24,1991,83,35.4213,127.3965,133.49
"South Korea/남원",매화,1992-03-11,1992,71,35.4213,127.3965,133.49
"South Korea/남원",매화,1993-03-25,1993,84,35.4213,127.3965,133.49
"South Korea/남원",매화,1994-03-29,1994,88,35.4213,127.3965,133.49
"South Korea/남원",매화,1995-03-24,1995,83,35.4213,127.3965,133.49
"South Korea/남원",매화,1996-03-29,1996,89,35.4213,127.3965,133.49
"South Korea/남원",매화,1997-03-20,1997,79,35.4213,127.3965,133.49
"South Korea/남원",매화,1998-02-26,1998,57,35.4213,127.3965,133.49
"South Korea/남원",매화,1999-03-20,1999,79,35.4213,127.3965,133.49
"South Korea/남원",매화,2000-03-22,2000,82,35.4213,127.3965,133.49
"South Korea/남원",매화,2001-03-25,2001,84,35.4213,127.3965,133.49
"South Korea/남원",매화,2002-03-16,2002,75,35.4213,127.3965,133.49
"South Korea/남원",매화,2003-03-20,2003,79,35.4213,127.3965,133.49
"South Korea/남원",매화,2004-03-14,2004,74,35.4213,127.3965,133.49
"South Korea/남원",매화,2005-03-27,2005,86,35.4213,127.3965,133.49
"South Korea/남원",매화,2006-03-25,2006,84,35.4213,127.3965,133.49
"South Korea/남원",매화,2007-03-12,2007,71,35.4213,127.3965,133.49
"South Korea/남원",매화,2008-03-19,2008,79,35.4213,127.3965,133.49
"South Korea/남원",매화,2009-03-17,2009,76,35.4213,127.3965,133.49
"South Korea/남원",매화,2010-03-25,2010,84,35.4213,127.3965,133.49
"South Korea/남원",매화,2011-03-30,2011,89,35.4213,127.3965,133.49
"South Korea/남원",매화,2012-03-30,2012,90,35.4213,127.3965,133.49
"South Korea/남원",매화,2013-03-25,2013,84,35.4213,127.3965,133.49
"South Korea/남원",매화,2014-03-19,2014,78,35.4213,127.3965,133.49
"South Korea/남원",매화,2015-03-20,2015,79,35.4213,127.3965,133.49
"South Korea/부안",매화,1973-04-04,1973,94,35.7296,126.7166,12.2
"South Korea/부안",매화,1974-04-03,1974,93,35.7296,126.7166,12.2
"South Korea/부안",매화,1975-04-14,1975,104,35.7296,126.7166,12.2
"South Korea/부안",매화,1976-04-01,1976,92,35.7296,126.7166,12.2
"South Korea/부안",매화,1977-04-04,1977,94,35.7296,126.7166,12.2
"South Korea/부안",매화,1978-04-01,1978,91,35.7296,126.7166,12.2
"South Korea/부안",매화,1979-03-20,1979,79,35.7296,126.7166,12.2
"South Korea/부안",매화,1980-04-03,1980,94,35.7296,126.7166,12.2
"South Korea/부안",매화,1981-04-05,1981,95,35.7296,126.7166,12.2
"South Korea/부안",매화,1984-04-03,1984,94,35.7296,126.7166,12.2
"South Korea/부안",매화,1989-04-04,1989,94,35.7296,126.7166,12.2
"South Korea/부안",매화,1990-04-10,1990,100,35.7296,126.7166,12.2
"South Korea/부안",매화,1991-04-15,1991,105,35.7296,126.7166,12.2
"South Korea/부안",매화,1992-04-15,1992,106,35.7296,126.7166,12.2
"South Korea/부안",매화,1993-04-14,1993,104,35.7296,126.7166,12.2
"South Korea/부안",매화,1994-03-29,1994,88,35.7296,126.7166,12.2
"South Korea/부안",매화,1995-03-24,1995,83,35.7296,126.7166,12.2
"South Korea/부안",매화,1996-04-01,1996,92,35.7296,126.7166,12.2
"South Korea/부안",매화,1997-03-24,1997,83,35.7296,126.7166,12.2
"South Korea/부안",매화,1998-03-19,1998,78,35.7296,126.7166,12.2
"South Korea/부안",매화,1999-04-01,1999,91,35.7296,126.7166,12.2
"South Korea/부안",매화,2000-04-01,2000,92,35.7296,126.7166,12.2
"South Korea/부안",매화,2001-04-02,2001,92,35.7296,126.7166,12.2
"South Korea/부안",매화,2002-04-03,2002,93,35.7296,126.7166,12.2
"South Korea/부안",매화,2003-04-02,2003,92,35.7296,126.7166,12.2
"South Korea/부안",매화,2004-04-04,2004,95,35.7296,126.7166,12.2
"South Korea/부안",매화,2005-04-05,2005,95,35.7296,126.7166,12.2
"South Korea/부안",매화,2006-04-05,2006,95,35.7296,126.7166,12.2
"South Korea/부안",매화,2007-03-13,2007,72,35.7296,126.7166,12.2
"South Korea/부안",매화,2008-03-26,2008,86,35.7296,126.7166,12.2
"South Korea/임실",매화,1974-04-22,1974,112,35.612,127.2856,247.04
"South Korea/임실",매화,1975-04-14,1975,104,35.612,127.2856,247.04
"South Korea/임실",매화,1976-04-24,1976,115,35.612,127.2856,247.04
"South Korea/임실",매화,1977-04-23,1977,113,35.612,127.2856,247.04
"South Korea/임실",매화,1978-04-21,1978,111,35.612,127.2856,247.04
"South Korea/임실",매화,1979-04-15,1979,105,35.612,127.2856,247.04
"South Korea/임실",매화,1980-04-16,1980,107,35.612,127.2856,247.04
"South Korea/임실",매화,1981-04-14,1981,104,35.612,127.2856,247.04
"South Korea/임실",매화,1982-04-06,1982,96,35.612,127.2856,247.04
"South Korea/임실",매화,1983-04-09,1983,99,35.612,127.2856,247.04
"South Korea/임실",매화,1988-04-11,1988,102,35.612,127.2856,247.04
"South Korea/임실",매화,1989-04-01,1989,91,35.612,127.2856,247.04
"South Korea/임실",매화,1990-04-01,1990,91,35.612,127.2856,247.04
"South Korea/임실",매화,1991-04-06,1991,96,35.612,127.2856,247.04
"South Korea/임실",매화,1992-03-23,1992,83,35.612,127.2856,247.04
"South Korea/임실",매화,1993-04-02,1993,92,35.612,127.2856,247.04
"South Korea/임실",매화,1994-04-05,1994,95,35.612,127.2856,247.04
"South Korea/임실",매화,1995-04-08,1995,98,35.612,127.2856,247.04
"South Korea/임실",매화,1996-04-14,1996,105,35.612,127.2856,247.04
"South Korea/임실",매화,1997-03-25,1997,84,35.612,127.2856,247.04
"South Korea/임실",매화,1998-03-28,1998,87,35.612,127.2856,247.04
"South Korea/임실",매화,1999-04-01,1999,91,35.612,127.2856,247.04
"South Korea/임실",매화,2000-04-05,2000,96,35.612,127.2856,247.04
"South Korea/임실",매화,2001-04-03,2001,93,35.612,127.2856,247.04
"South Korea/임실",매화,2002-03-21,2002,80,35.612,127.2856,247.04
"South Korea/임실",매화,2003-03-31,2003,90,35.612,127.2856,247.04
"South Korea/임실",매화,2004-04-02,2004,93,35.612,127.2856,247.04
"South Korea/임실",매화,2005-04-09,2005,99,35.612,127.2856,247.04
"South Korea/임실",매화,2006-03-27,2006,86,35.612,127.2856,247.04
"South Korea/임실",매화,2007-03-30,2007,89,35.612,127.2856,247.04
"South Korea/임실",매화,2008-03-27,2008,87,35.612,127.2856,247.04
"South Korea/장수",매화,1992-04-21,1992,112,35.657,127.5203,406.87
"South Korea/장수",매화,1993-04-27,1993,117,35.657,127.5203,406.87
"South Korea/장수",매화,1994-04-22,1994,112,35.657,127.5203,406.87
"South Korea/장수",매화,1995-04-29,1995,119,35.657,127.5203,406.87
"South Korea/장수",매화,1996-04-22,1996,113,35.657,127.5203,406.87
"South Korea/장수",매화,1997-04-01,1997,91,35.657,127.5203,406.87
"South Korea/장수",매화,1998-03-29,1998,88,35.657,127.5203,406.87
"South Korea/장수",매화,1999-04-04,1999,94,35.657,127.5203,406.87
"South Korea/장수",매화,2000-04-12,2000,103,35.657,127.5203,406.87
"South Korea/장수",매화,2001-04-08,2001,98,35.657,127.5203,406.87
"South Korea/장수",매화,2002-03-22,2002,81,35.657,127.5203,406.87
"South Korea/장수",매화,2003-04-05,2003,95,35.657,127.5203,406.87
"South Korea/장수",매화,2004-03-25,2004,85,35.657,127.5203,406.87
"South Korea/장수",매화,2005-04-03,2005,93,35.657,127.5203,406.87
"South Korea/장수",매화,2006-04-05,2006,95,35.657,127.5203,406.87
"South Korea/장수",매화,2007-03-27,2007,86,35.657,127.5203,406.87
"South Korea/장수",매화,2008-04-01,2008,92,35.657,127.5203,406.87
"South Korea/전주",매화,1973-04-09,1973,99,35.8409,127.1172,60.44
"South Korea/전주",매화,1974-04-10,1974,100,35.8409,127.1172,60.44
"South Korea/전주",매화,1975-04-19,1975,109,35.8409,127.1172,60.44
"South Korea/전주",매화,1976-04-14,1976,105,35.8409,127.1172,60.44
"South Korea/전주",매화,1978-04-17,1978,107,35.8409,127.1172,60.44
"South Korea/전주",매화,1979-04-17,1979,107,35.8409,127.1172,60.44
"South Korea/전주",매화,1980-04-24,1980,115,35.8409,127.1172,60.44
"South Korea/전주",매화,1981-04-04,1981,94,35.8409,127.1172,60.44
"South Korea/전주",매화,1984-04-16,1984,107,35.8409,127.1172,60.44
"South Korea/전주",매화,1985-04-18,1985,108,35.8409,127.1172,60.44
"South Korea/전주",매화,1986-03-28,1986,87,35.8409,127.1172,60.44
"South Korea/전주",매화,1987-03-13,1987,72,35.8409,127.1172,60.44
"South Korea/전주",매화,1988-03-27,1988,87,35.8409,127.1172,60.44
"South Korea/전주",매화,1989-03-16,1989,75,35.8409,127.1172,60.44
"South Korea/전주",매화,1990-03-21,1990,80,35.8409,127.1172,60.44
"South Korea/전주",매화,1991-03-26,1991,85,35.8409,127.1172,60.44
"South Korea/전주",매화,1992-03-07,1992,67,35.8409,127.1172,60.44
"South Korea/전주",매화,1993-03-15,1993,74,35.8409,127.1172,60.44
"South Korea/전주",매화,1994-03-30,1994,89,35.8409,127.1172,60.44
"South Korea/전주",매화,1995-03-20,1995,79,35.8409,127.1172,60.44
"South Korea/전주",매화,1996-04-03,1996,94,35.8409,127.1172,60.44
"South Korea/전주",매화,1997-03-19,1997,78,35.8409,127.1172,60.44
"South Korea/전주",매화,1998-03-16,1998,75,35.8409,127.1172,60.44
"South Korea/전주",매화,1999-03-13,1999,72,35.8409,127.1172,60.44
"South Korea/전주",매화,2000-03-15,2000,75,35.8409,127.1172,60.44
"South Korea/전주",매화,2001-03-19,2001,78,35.8409,127.1172,60.44
"South Korea/전주",매화,2002-03-02,2002,61,35.8409,127.1172,60.44
"South Korea/전주",매화,2003-03-09,2003,68,35.8409,127.1172,60.44
"South Korea/전주",매화,2004-02-24,2004,55,35.8409,127.1172,60.44
"South Korea/전주",매화,2005-02-21,2005,52,35.8409,127.1172,60.44
"South Korea/전주",매화,2006-03-09,2006,68,35.8409,127.1172,60.44
"South Korea/전주",매화,2007-03-01,2007,60,35.8409,127.1172,60.44
"South Korea/전주",매화,2008-03-12,2008,72,35.8409,127.1172,60.44
"South Korea/전주",매화,2009-03-12,2009,71,35.8409,127.1172,60.44
"South Korea/전주",매화,2010-03-16,2010,75,35.8409,127.1172,60.44
"South Korea/전주",매화,2011-03-14,2011,73,35.8409,127.1172,60.44
"South Korea/전주",매화,2012-03-26,2012,86,35.8409,127.1172,60.44
"South Korea/전주",매화,2013-03-20,2013,79,35.8409,127.1172,60.44
"South Korea/전주",매화,2014-03-17,2014,76,35.8409,127.1172,60.44
"South Korea/전주",매화,2015-03-17,2015,76,35.8409,127.1172,60.44
"South Korea/전주",매화,2016-03-07,2016,67,35.8409,127.1172,60.44
"South Korea/전주",매화,2017-03-05,2017,64,35.8409,127.1172,60.44
"South Korea/전주",매화,2018-03-16,2018,75,35.8409,127.1172,60.44
"South Korea/전주",매화,2019-02-25,2019,56,35.8409,127.1172,60.44
"South Korea/전주",매화,2020-02-14,2020,45,35.8409,127.1172,60.44
"South Korea/전주",매화,2021-02-20,2021,51,35.8409,127.1172,60.44
"South Korea/전주",매화,2022-03-04,2022,63,35.8409,127.1172,60.44
"South Korea/전주",매화,2023-02-14,2023,45,35.8409,127.1172,60.44
"South Korea/전주",매화,2024-02-17,2024,48,35.8409,127.1172,60.44
"South Korea/전주",매화,2025-03-10,2025,69,35.8409,127.1172,60.44
"South Korea/정읍",매화,1973-03-31,1973,90,35.5634,126.839,68.7
"South Korea/정읍",매화,1975-04-17,1975,107,35.5634,126.839,68.7
"South Korea/정읍",매화,1976-04-13,1976,104,35.5634,126.839,68.7
"South Korea/정읍",매화,1977-04-10,1977,100,35.5634,126.839,68.7
"South Korea/정읍",매화,1978-03-29,1978,88,35.5634,126.839,68.7
"South Korea/정읍",매화,1979-04-01,1979,91,35.5634,126.839,68.7
"South Korea/정읍",매화,1980-04-05,1980,96,35.5634,126.839,68.7
"South Korea/정읍",매화,1981-04-03,1981,93,35.5634,126.839,68.7
"South Korea/정읍",매화,1982-03-29,1982,88,35.5634,126.839,68.7
"South Korea/정읍",매화,1983-03-24,1983,83,35.5634,126.839,68.7
"South Korea/정읍",매화,1984-04-10,1984,101,35.5634,126.839,68.7
"South Korea/정읍",매화,1985-04-20,1985,110,35.5634,126.839,68.7
"South Korea/정읍",매화,1986-04-18,1986,108,35.5634,126.839,68.7
"South Korea/정읍",매화,1987-04-18,1987,108,35.5634,126.839,68.7
"South Korea/정읍",매화,1988-04-19,1988,110,35.5634,126.839,68.7
"South Korea/정읍",매화,1989-04-12,1989,102,35.5634,126.839,68.7
"South Korea/정읍",매화,1990-04-18,1990,108,35.5634,126.839,68.7
"South Korea/정읍",매화,1991-04-07,1991,97,35.5634,126.839,68.7
"South Korea/정읍",매화,1992-03-20,1992,80,35.5634,126.839,68.7
"South Korea/정읍",매화,1993-04-03,1993,93,35.5634,126.839,68.7
"South Korea/정읍",매화,1994-04-07,1994,97,35.5634,126.839,68.7
"South Korea/정읍",매화,1995-04-07,1995,97,35.5634,126.839,68.7
"South Korea/정읍",매화,1996-04-24,1996,115,35.5634,126.839,68.7
"South Korea/정읍",매화,1997-03-27,1997,86,35.5634,126.839,68.7
"South Korea/정읍",매화,1998-03-24,1998,83,35.5634,126.839,68.7
"South Korea/정읍",매화,1999-03-27,1999,86,35.5634,126.839,68.7
"South Korea/정읍",매화,2000-04-02,2000,93,35.5634,126.839,68.7
"South Korea/정읍",매화,2001-04-09,2001,99,35.5634,126.839,68.7
"South Korea/정읍",매화,2002-03-21,2002,80,35.5634,126.839,68.7
"South Korea/정읍",매화,2003-03-23,2003,82,35.5634,126.839,68.7
"South Korea/정읍",매화,2004-03-20,2004,80,35.5634,126.839,68.7
"South Korea/정읍",매화,2005-03-31,2005,90,35.5634,126.839,68.7
"South Korea/정읍",매화,2006-03-26,2006,85,35.5634,126.839,68.7
"South Korea/정읍",매화,2007-03-13,2007,72,35.5634,126.839,68.7
"South Korea/정읍",매화,2008-03-19,2008,79,35.5634,126.839,68.7
"South Korea/정읍",매화,2009-03-09,2009,68,35.5634,126.839,68.7
"South Korea/정읍",매화,2010-03-22,2010,81,35.5634,126.839,68.7
"South Korea/정읍",매화,2011-03-21,2011,80,35.5634,126.839,68.7
"South Korea/정읍",매화,2012-03-26,2012,86,35.5634,126.839,68.7
"South Korea/정읍",매화,2013-03-22,2013,81,35.5634,126.839,68.7
"South Korea/정읍",매화,2014-03-17,2014,76,35.5634,126.839,68.7
"South Korea/정읍",매화,2015-03-21,2015,80,35.5634,126.839,68.7
"South Korea/고산",매화,1999-03-08,1999,67,33.2938,126.1628,71.39
"South Korea/고산",매화,2000-02-27,2000,58,33.2938,126.1628,71.39
"South Korea/고산",매화,2001-02-04,2001,35,33.2938,126.1628,71.39
"South Korea/고산",매화,2002-02-16,2002,47,33.2938,126.1628,71.39
"South Korea/고산",매화,2003-02-16,2003,47,33.2938,126.1628,71.39
"South Korea/고산",매화,2004-02-20,2004,51,33.2938,126.1628,71.39
"South Korea/고산",매화,2005-03-01,2005,60,33.2938,126.1628,71.39
"South Korea/고산",매화,2006-02-28,2006,59,33.2938,126.1628,71.39
"South Korea/고산",매화,2007-02-21,2007,52,33.2938,126.1628,71.39
"South Korea/고산",매화,2008-02-13,2008,44,33.2938,126.1628,71.39
"South Korea/고산",매화,2009-02-12,2009,43,33.2938,126.1628,71.39
"South Korea/고산",매화,2010-02-16,2010,47,33.2938,126.1628,71.39
"South Korea/고산",매화,2011-02-21,2011,52,33.2938,126.1628,71.39
"South Korea/고산",매화,2012-03-15,2012,75,33.2938,126.1628,71.39
"South Korea/고산",매화,2013-03-08,2013,67,33.2938,126.1628,71.39
"South Korea/고산",매화,2014-02-05,2014,36,33.2938,126.1628,71.39
"South Korea/고산",매화,2015-02-11,2015,42,33.2938,126.1628,71.39
"South Korea/서귀포",매화,1973-02-12,1973,43,33.2462,126.5653,51.86
"South Korea/서귀포",매화,1974-03-01,1974,60,33.2462,126.5653,51.86
"South Korea/서귀포",매화,1975-03-24,1975,83,33.2462,126.5653,51.86
"South Korea/서귀포",매화,1976-03-02,1976,62,33.2462,126.5653,51.86
"South Korea/서귀포",매화,1977-03-09,1977,68,33.2462,126.5653,51.86
"South Korea/서귀포",매화,1978-03-09,1978,68,33.2462,126.5653,51.86
"South Korea/서귀포",매화,1979-03-10,1979,69,33.2462,126.5653,51.86
"South Korea/서귀포",매화,1980-03-10,1980,70,33.2462,126.5653,51.86
"South Korea/서귀포",매화,1981-03-08,1981,67,33.2462,126.5653,51.86
"South Korea/서귀포",매화,1982-03-05,1982,64,33.2462,126.5653,51.86
"South Korea/서귀포",매화,1983-03-09,1983,68,33.2462,126.5653,51.86
"South Korea/서귀포",매화,1984-03-18,1984,78,33.2462,126.5653,51.86
"South Korea/서귀포",매화,1985-03-27,1985,86,33.2462,126.5653,51.86
"South Korea/서귀포",매화,1986-04-01,1986,91,33.2462,126.5653,51.86
"South Korea/서귀포",매화,1987-03-27,1987,86,33.2462,126.5653,51.86
"South Korea/서귀포",매화,1988-03-12,1988,72,33.2462,126.5653,51.86
"South Korea/서귀포",매화,1989-03-15,1989,74,33.2462,126.5653,51.86
"South Korea/서귀포",매화,1990-03-05,1990,64,33.2462,126.5653,51.86
"South Korea/서귀포",매화,1991-03-04,1991,63,33.2462,126.5653,51.86
"South Korea/서귀포",매화,1992-02-20,1992,51,33.2462,126.5653,51.86
"South Korea/서귀포",매화,1993-03-07,1993,66,33.2462,126.5653,51.86
"South Korea/서귀포",매화,1994-03-03,1994,62,33.2462,126.5653,51.86
"South Korea/서귀포",매화,1995-03-10,1995,69,33.2462,126.5653,51.86
"South Korea/서귀포",매화,1996-02-15,1996,46,33.2462,126.5653,51.86
"South Korea/서귀포",매화,1997-01-27,1997,27,33.2462,126.5653,51.86
"South Korea/서귀포",매화,1998-02-13,1998,44,33.2462,126.5653,51.86
"South Korea/서귀포",매화,2000-03-17,2000,77,33.2462,126.5653,51.86
"South Korea/서귀포",매화,2001-02-28,2001,59,33.2462,126.5653,51.86
"South Korea/서귀포",매화,2002-02-08,2002,39,33.2462,126.5653,51.86
"South Korea/서귀포",매화,2003-02-20,2003,51,33.2462,126.5653,51.86
"South Korea/서귀포",매화,2004-02-14,2004,45,33.2462,126.5653,51.86
"South Korea/서귀포",매화,2005-02-28,2005,59,33.2462,126.5653,51.86
"South Korea/서귀포",매화,2006-02-18,2006,49,33.2462,126.5653,51.86
"South Korea/서귀포",매화,2007-02-16,2007,47,33.2462,126.5653,51.86
"South Korea/서귀포",매화,2008-02-06,2008,37,33.2462,126.5653,51.86
"South Korea/서귀포",매화,2009-02-02,2009,33,33.2462,126.5653,51.86
"South Korea/서귀포",매화,2010-02-13,2010,44,33.2462,126.5653,51.86
"South Korea/서귀포",매화,2011-02-19,2011,50,33.2462,126.5653,51.86
"South Korea/서귀포",매화,2012-02-23,2012,54,33.2462,126.5653,51.86
"South Korea/서귀포",매화,2013-02-07,2013,38,33.2462,126.5653,51.86
"South Korea/서귀포",매화,2014-01-29,2014,29,33.2462,126.5653,51.86
"South Korea/서귀포",매화,2015-02-04,2015,35,33.2462,126.5653,51.86
"South Korea/서귀포",매화,2019-01-25,2019,25,33.2462,126.5653,51.86
"South Korea/서귀포",매화,2020-01-19,2020,19,33.2462,126.5653,51.86
"South Korea/서귀포",매화,2021-01-30,2021,30,33.2462,126.5653,51.86
"South Korea/서귀포",매화,2022-01-27,2022,27,33.2462,126.5653,51.86
"South Korea/서귀포",매화,2023-02-08,2023,39,33.2462,126.5653,51.86
"South Korea/서귀포",매화,2024-01-21,2024,21,33.2462,126.5653,51.86
"South Korea/서귀포",매화,2025-02-13,2025,44,33.2462,126.5653,51.86
"South Korea/성산",매화,1977-03-14,1977,73,33.3868,126.8802,20.34
"South Korea/성산",매화,1981-03-24,1981,83,33.3868,126.8802,20.34
"South Korea/성산",매화,1986-03-27,1986,86,33.3868,126.8802,20.34
"South Korea/성산",매화,1991-03-01,1991,60,33.3868,126.8802,20.34
"South Korea/성산",매화,1992-03-06,1992,66,33.3868,126.8802,20.34
"South Korea/성산",매화,1993-03-07,1993,66,33.3868,126.8802,20.34
"South Korea/성산",매화,1994-03-06,1994,65,33.3868,126.8802,20.34
"South Korea/성산",매화,1995-03-07,1995,66,33.3868,126.8802,20.34
"South Korea/성산",매화,1996-03-10,1996,70,33.3868,126.8802,20.34
"South Korea/성산",매화,1997-02-28,1997,59,33.3868,126.8802,20.34
"South Korea/성산",매화,1998-02-12,1998,43,33.3868,126.8802,20.34
"South Korea/성산",매화,1999-03-02,1999,61,33.3868,126.8802,20.34
"South Korea/성산",매화,2000-02-29,2000,60,33.3868,126.8802,20.34
"South Korea/성산",매화,2001-01-31,2001,31,33.3868,126.8802,20.34
"South Korea/성산",매화,2002-02-05,2002,36,33.3868,126.8802,20.34
"South Korea/성산",매화,2003-02-07,2003,38,33.3868,126.8802,20.34
"South Korea/성산",매화,2004-02-21,2004,52,33.3868,126.8802,20.34
"South Korea/성산",매화,2005-03-03,2005,62,33.3868,126.8802,20.34
"South Korea/성산",매화,2006-02-22,2006,53,33.3868,126.8802,20.34
"South Korea/성산",매화,2007-02-16,2007,47,33.3868,126.8802,20.34
"South Korea/성산",매화,2008-02-11,2008,42,33.3868,126.8802,20.34
"South Korea/성산",매화,2009-02-17,2009,48,33.3868,126.8802,20.34
"South Korea/성산",매화,2010-02-20,2010,51,33.3868,126.8802,20.34
"South Korea/성산",매화,2011-02-23,2011,54,33.3868,126.8802,20.34
"South Korea/성산",매화,2012-02-27,2012,58,33.3868,126.8802,20.34
"South Korea/성산",매화,2013-02-27,2013,58,33.3868,126.8802,20.34
"South Korea/성산",매화,2014-02-07,2014,38,33.3868,126.8802,20.34
"South Korea/성산",매화,2015-02-09,2015,40,33.3868,126.8802,20.34
"South Korea/성산",매화,2008-02-11,2008,42,33.3868,126.8802,20.34
"South Korea/성산포",매화,1977-03-14,1977,73,nan,nan,nan
"South Korea/성산포",매화,1981-03-24,1981,83,nan,nan,nan
"South Korea/성산포",매화,1986-03-27,1986,86,nan,nan,nan
"South Korea/성산포",매화,1991-03-10,1991,69,nan,nan,nan
"South Korea/성산포",매화,1992-03-06,1992,66,nan,nan,nan
"South Korea/성산포",매화,1993-03-07,1993,66,nan,nan,nan
"South Korea/성산포",매화,1994-03-06,1994,65,nan,nan,nan
"South Korea/성산포",매화,1995-03-07,1995,66,nan,nan,nan
"South Korea/성산포",매화,1996-03-10,1996,70,nan,nan,nan
"South Korea/성산포",매화,1997-02-28,1997,59,nan,nan,nan
"South Korea/성산포",매화,1998-02-12,1998,43,nan,nan,nan
"South Korea/성산포",매화,1999-03-02,1999,61,nan,nan,nan
"South Korea/성산포",매화,2000-02-29,2000,60,nan,nan,nan
"South Korea/성산포",매화,2001-01-31,2001,31,nan,nan,nan
"South Korea/성산포",매화,2002-02-05,2002,36,nan,nan,nan
"South Korea/성산포",매화,2003-02-07,2003,38,nan,nan,nan
"South Korea/성산포",매화,2004-02-21,2004,52,nan,nan,nan
"South Korea/성산포",매화,2005-03-03,2005,62,nan,nan,nan
"South Korea/성산포",매화,2006-02-22,2006,53,nan,nan,nan
"South Korea/성산포",매화,2007-02-16,2007,47,nan,nan,nan
"South Korea/제주",매화,1973-03-30,1973,89,33.5141,126.5297,20.79
"South Korea/제주",매화,1974-04-07,1974,97,33.5141,126.5297,20.79
"South Korea/제주",매화,1975-03-02,1975,61,33.5141,126.5297,20.79
"South Korea/제주",매화,1976-02-29,1976,60,33.5141,126.5297,20.79
"South Korea/제주",매화,1977-03-14,1977,73,33.5141,126.5297,20.79
"South Korea/제주",매화,1978-03-19,1978,78,33.5141,126.5297,20.79
"South Korea/제주",매화,1979-03-30,1979,89,33.5141,126.5297,20.79
"South Korea/제주",매화,1980-04-04,1980,95,33.5141,126.5297,20.79
"South Korea/제주",매화,1981-03-16,1981,75,33.5141,126.5297,20.79
"South Korea/제주",매화,1983-02-21,1983,52,33.5141,126.5297,20.79
"South Korea/제주",매화,1984-03-12,1984,72,33.5141,126.5297,20.79
"South Korea/제주",매화,1985-03-11,1985,70,33.5141,126.5297,20.79
"South Korea/제주",매화,1986-03-03,1986,62,33.5141,126.5297,20.79
"South Korea/제주",매화,1987-02-02,1987,33,33.5141,126.5297,20.79
"South Korea/제주",매화,1988-02-06,1988,37,33.5141,126.5297,20.79
"South Korea/제주",매화,1989-01-23,1989,23,33.5141,126.5297,20.79
"South Korea/제주",매화,1990-01-27,1990,27,33.5141,126.5297,20.79
"South Korea/제주",매화,1991-04-06,1991,96,33.5141,126.5297,20.79
"South Korea/제주",매화,1992-03-27,1992,87,33.5141,126.5297,20.79
"South Korea/제주",매화,1993-04-04,1993,94,33.5141,126.5297,20.79
"South Korea/제주",매화,1994-03-06,1994,65,33.5141,126.5297,20.79
"South Korea/제주",매화,1995-03-02,1995,61,33.5141,126.5297,20.79
"South Korea/제주",매화,1996-02-07,1996,38,33.5141,126.5297,20.79
"South Korea/제주",매화,1997-02-09,1997,40,33.5141,126.5297,20.79
"South Korea/제주",매화,1998-02-11,1998,42,33.5141,126.5297,20.79
"South Korea/제주",매화,1999-02-01,1999,32,33.5141,126.5297,20.79
"South Korea/제주",매화,2000-02-11,2000,42,33.5141,126.5297,20.79
"South Korea/제주",매화,2001-01-30,2001,30,33.5141,126.5297,20.79
"South Korea/제주",매화,2002-01-17,2002,17,33.5141,126.5297,20.79
"South Korea/제주",매화,2003-01-25,2003,25,33.5141,126.5297,20.79
"South Korea/제주",매화,2004-02-14,2004,45,33.5141,126.5297,20.79
"South Korea/제주",매화,2005-02-23,2005,54,33.5141,126.5297,20.79
"South Korea/제주",매화,2006-02-20,2006,51,33.5141,126.5297,20.79
"South Korea/제주",매화,2007-02-20,2007,51,33.5141,126.5297,20.79
"South Korea/제주",매화,2008-02-10,2008,41,33.5141,126.5297,20.79
"South Korea/제주",매화,2009-02-12,2009,43,33.5141,126.5297,20.79
"South Korea/제주",매화,2010-02-01,2010,32,33.5141,126.5297,20.79
"South Korea/제주",매화,2011-02-22,2011,53,33.5141,126.5297,20.79
"South Korea/제주",매화,2012-03-03,2012,63,33.5141,126.5297,20.79
"South Korea/제주",매화,2013-02-10,2013,41,33.5141,126.5297,20.79
"South Korea/제주",매화,2014-02-03,2014,34,33.5141,126.5297,20.79
"South Korea/제주",매화,2015-02-13,2015,44,33.5141,126.5297,20.79
"South Korea/제주",매화,2016-02-17,2016,48,33.5141,126.5297,20.79
"South Korea/제주",매화,2017-02-06,2017,37,33.5141,126.5297,20.79
"South Korea/제주",매화,2018-02-17,2018,48,33.5141,126.5297,20.79
"South Korea/제주",매화,2019-02-04,2019,35,33.5141,126.5297,20.79
"South Korea/제주",매화,2020-01-20,2020,20,33.5141,126.5297,20.79
"South Korea/제주",매화,2021-02-01,2021,32,33.5141,126.5297,20.79
"South Korea/제주",매화,2022-02-07,2022,38,33.5141,126.5297,20.79
"South Korea/제주",매화,2023-02-09,2023,40,33.5141,126.5297,20.79
"South Korea/제주",매화,2024-01-15,2024,15,33.5141,126.5297,20.79
"South Korea/제주",매화,2025-02-17,2025,48,33.5141,126.5297,20.79
"South Korea/금산",매화,1978-04-22,1978,112,36.1056,127.4818,172.69
"South Korea/금산",매화,1979-04-23,1979,113,36.1056,127.4818,172.69
"South Korea/금산",매화,1980-04-22,1980,113,36.1056,127.4818,172.69
"South Korea/금산",매화,1981-04-20,1981,110,36.1056,127.4818,172.69
"South Korea/금산",매화,1982-04-21,1982,111,36.1056,127.4818,172.69
"South Korea/금산",매화,1983-04-20,1983,110,36.1056,127.4818,172.69
"South Korea/금산",매화,1989-03-27,1989,86,36.1056,127.4818,172.69
"South Korea/금산",매화,1990-03-26,1990,85,36.1056,127.4818,172.69
"South Korea/금산",매화,1991-04-07,1991,97,36.1056,127.4818,172.69
"South Korea/금산",매화,1992-04-04,1992,95,36.1056,127.4818,172.69
"South Korea/금산",매화,1993-04-02,1993,92,36.1056,127.4818,172.69
"South Korea/금산",매화,1994-04-01,1994,91,36.1056,127.4818,172.69
"South Korea/금산",매화,1995-04-05,1995,95,36.1056,127.4818,172.69
"South Korea/금산",매화,1996-04-18,1996,109,36.1056,127.4818,172.69
"South Korea/금산",매화,1997-04-08,1997,98,36.1056,127.4818,172.69
"South Korea/금산",매화,1998-03-28,1998,87,36.1056,127.4818,172.69
"South Korea/금산",매화,1999-04-02,1999,92,36.1056,127.4818,172.69
"South Korea/금산",매화,2000-03-30,2000,90,36.1056,127.4818,172.69
"South Korea/금산",매화,2001-04-03,2001,93,36.1056,127.4818,172.69
"South Korea/금산",매화,2002-03-21,2002,80,36.1056,127.4818,172.69
"South Korea/금산",매화,2003-03-30,2003,89,36.1056,127.4818,172.69
"South Korea/금산",매화,2004-03-16,2004,76,36.1056,127.4818,172.69
"South Korea/금산",매화,2005-04-01,2005,91,36.1056,127.4818,172.69
"South Korea/금산",매화,2006-03-29,2006,88,36.1056,127.4818,172.69
"South Korea/금산",매화,2007-03-24,2007,83,36.1056,127.4818,172.69
"South Korea/금산",매화,2008-03-26,2008,86,36.1056,127.4818,172.69
"South Korea/보령",매화,1973-03-30,1973,89,36.3272,126.5574,9.98
"South Korea/보령",매화,1977-04-04,1977,94,36.3272,126.5574,9.98
"South Korea/보령",매화,1978-03-31,1978,90,36.3272,126.5574,9.98
"South Korea/보령",매화,1979-03-09,1979,68,36.3272,126.5574,9.98
"South Korea/보령",매화,1980-04-03,1980,94,36.3272,126.5574,9.98
"South Korea/보령",매화,1981-03-29,1981,88,36.3272,126.5574,9.98
"South Korea/보령",매화,1982-03-25,1982,84,36.3272,126.5574,9.98
"South Korea/보령",매화,1984-04-12,1984,103,36.3272,126.5574,9.98
"South Korea/보령",매화,1986-04-01,1986,91,36.3272,126.5574,9.98
"South Korea/보령",매화,1987-04-05,1987,95,36.3272,126.5574,9.98
"South Korea/보령",매화,1988-04-06,1988,97,36.3272,126.5574,9.98
"South Korea/보령",매화,1989-03-27,1989,86,36.3272,126.5574,9.98
"South Korea/보령",매화,1990-04-06,1990,96,36.3272,126.5574,9.98
"South Korea/보령",매화,1991-04-15,1991,105,36.3272,126.5574,9.98
"South Korea/보령",매화,1992-03-22,1992,82,36.3272,126.5574,9.98
"South Korea/보령",매화,1993-03-26,1993,85,36.3272,126.5574,9.98
"South Korea/보령",매화,1994-04-03,1994,93,36.3272,126.5574,9.98
"South Korea/보령",매화,1995-03-30,1995,89,36.3272,126.5574,9.98
"South Korea/보령",매화,1996-04-09,1996,100,36.3272,126.5574,9.98
"South Korea/보령",매화,1997-03-28,1997,87,36.3272,126.5574,9.98
"South Korea/보령",매화,1998-03-02,1998,61,36.3272,126.5574,9.98
"South Korea/보령",매화,1999-03-25,1999,84,36.3272,126.5574,9.98
"South Korea/보령",매화,2000-03-21,2000,81,36.3272,126.5574,9.98
"South Korea/보령",매화,2001-04-04,2001,94,36.3272,126.5574,9.98
"South Korea/보령",매화,2002-03-21,2002,80,36.3272,126.5574,9.98
"South Korea/보령",매화,2003-03-31,2003,90,36.3272,126.5574,9.98
"South Korea/보령",매화,2004-03-18,2004,78,36.3272,126.5574,9.98
"South Korea/보령",매화,2005-03-16,2005,75,36.3272,126.5574,9.98
"South Korea/보령",매화,2006-03-23,2006,82,36.3272,126.5574,9.98
"South Korea/보령",매화,2007-03-12,2007,71,36.3272,126.5574,9.98
"South Korea/보령",매화,2008-03-21,2008,81,36.3272,126.5574,9.98
"South Korea/보령",매화,2009-03-18,2009,77,36.3272,126.5574,9.98
"South Korea/보령",매화,2010-03-29,2010,88,36.3272,126.5574,9.98
"South Korea/보령",매화,2011-04-05,2011,95,36.3272,126.5574,9.98
"South Korea/보령",매화,2012-04-10,2012,101,36.3272,126.5574,9.98
"South Korea/보령",매화,2013-04-01,2013,91,36.3272,126.5574,9.98
"South Korea/보령",매화,2014-03-19,2014,78,36.3272,126.5574,9.98
"South Korea/보령",매화,2015-03-25,2015,84,36.3272,126.5574,9.98
"South Korea/부여",매화,1978-04-04,1978,94,36.2724,126.9208,13.42
"South Korea/부여",매화,1979-03-27,1979,86,36.2724,126.9208,13.42
"South Korea/부여",매화,1980-04-09,1980,100,36.2724,126.9208,13.42
"South Korea/부여",매화,1981-04-13,1981,103,36.2724,126.9208,13.42
"South Korea/부여",매화,1982-04-06,1982,96,36.2724,126.9208,13.42
"South Korea/부여",매화,1983-04-01,1983,91,36.2724,126.9208,13.42
"South Korea/부여",매화,1984-04-14,1984,105,36.2724,126.9208,13.42
"South Korea/부여",매화,1985-04-03,1985,93,36.2724,126.9208,13.42
"South Korea/부여",매화,1986-04-10,1986,100,36.2724,126.9208,13.42
"South Korea/부여",매화,1987-04-01,1987,91,36.2724,126.9208,13.42
"South Korea/부여",매화,1988-04-02,1988,93,36.2724,126.9208,13.42
"South Korea/부여",매화,1989-03-26,1989,85,36.2724,126.9208,13.42
"South Korea/부여",매화,1990-03-23,1990,82,36.2724,126.9208,13.42
"South Korea/부여",매화,1991-03-28,1991,87,36.2724,126.9208,13.42
"South Korea/부여",매화,1992-03-19,1992,79,36.2724,126.9208,13.42
"South Korea/부여",매화,1993-03-28,1993,87,36.2724,126.9208,13.42
"South Korea/부여",매화,1994-04-01,1994,91,36.2724,126.9208,13.42
"South Korea/부여",매화,1995-03-22,1995,81,36.2724,126.9208,13.42
"South Korea/부여",매화,1996-04-10,1996,101,36.2724,126.9208,13.42
"South Korea/부여",매화,1997-04-06,1997,96,36.2724,126.9208,13.42
"South Korea/부여",매화,1998-03-09,1998,68,36.2724,126.9208,13.42
"South Korea/부여",매화,1999-03-25,1999,84,36.2724,126.9208,13.42
"South Korea/부여",매화,2000-03-30,2000,90,36.2724,126.9208,13.42
"South Korea/부여",매화,2001-04-02,2001,92,36.2724,126.9208,13.42
"South Korea/부여",매화,2002-03-19,2002,78,36.2724,126.9208,13.42
"South Korea/부여",매화,2003-03-24,2003,83,36.2724,126.9208,13.42
"South Korea/부여",매화,2004-03-14,2004,74,36.2724,126.9208,13.42
"South Korea/부여",매화,2005-04-01,2005,91,36.2724,126.9208,13.42
"South Korea/부여",매화,2006-03-26,2006,85,36.2724,126.9208,13.42
"South Korea/부여",매화,2007-03-13,2007,72,36.2724,126.9208,13.42
"South Korea/부여",매화,2008-03-20,2008,80,36.2724,126.9208,13.42
"South Korea/서산",매화,1974-04-03,1974,93,36.7766,126.4939,25.25
"South Korea/서산",매화,1975-04-18,1975,108,36.7766,126.4939,25.25
"South Korea/서산",매화,1976-04-03,1976,94,36.7766,126.4939,25.25
"South Korea/서산",매화,1977-04-01,1977,91,36.7766,126.4939,25.25
"South Korea/서산",매화,1978-03-31,1978,90,36.7766,126.4939,25.25
"South Korea/서산",매화,1979-03-26,1979,85,36.7766,126.4939,25.25
"South Korea/서산",매화,1980-03-30,1980,90,36.7766,126.4939,25.25
"South Korea/서산",매화,1981-03-31,1981,90,36.7766,126.4939,25.25
"South Korea/서산",매화,1982-04-03,1982,93,36.7766,126.4939,25.25
"South Korea/서산",매화,1983-04-05,1983,95,36.7766,126.4939,25.25
"South Korea/서산",매화,1984-04-21,1984,112,36.7766,126.4939,25.25
"South Korea/서산",매화,1985-04-18,1985,108,36.7766,126.4939,25.25
"South Korea/서산",매화,1986-04-20,1986,110,36.7766,126.4939,25.25
"South Korea/서산",매화,1988-04-22,1988,113,36.7766,126.4939,25.25
"South Korea/서산",매화,1990-03-27,1990,86,36.7766,126.4939,25.25
"South Korea/서산",매화,1991-04-06,1991,96,36.7766,126.4939,25.25
"South Korea/서산",매화,1992-03-27,1992,87,36.7766,126.4939,25.25
"South Korea/서산",매화,1993-04-01,1993,91,36.7766,126.4939,25.25
"South Korea/서산",매화,1994-04-07,1994,97,36.7766,126.4939,25.25
"South Korea/서산",매화,1995-03-30,1995,89,36.7766,126.4939,25.25
"South Korea/서산",매화,1996-04-09,1996,100,36.7766,126.4939,25.25
"South Korea/서산",매화,1997-03-25,1997,84,36.7766,126.4939,25.25
"South Korea/서산",매화,1998-03-23,1998,82,36.7766,126.4939,25.25
"South Korea/서산",매화,1999-03-27,1999,86,36.7766,126.4939,25.25
"South Korea/서산",매화,2000-04-07,2000,98,36.7766,126.4939,25.25
"South Korea/서산",매화,2001-04-03,2001,93,36.7766,126.4939,25.25
"South Korea/서산",매화,2002-03-27,2002,86,36.7766,126.4939,25.25
"South Korea/서산",매화,2003-03-31,2003,90,36.7766,126.4939,25.25
"South Korea/서산",매화,2004-03-25,2004,85,36.7766,126.4939,25.25
"South Korea/서산",매화,2005-04-08,2005,98,36.7766,126.4939,25.25
"South Korea/서산",매화,2006-04-07,2006,97,36.7766,126.4939,25.25
"South Korea/서산",매화,2007-03-26,2007,85,36.7766,126.4939,25.25
"South Korea/서산",매화,2008-03-31,2008,91,36.7766,126.4939,25.25
"South Korea/서산",매화,2009-03-18,2009,77,36.7766,126.4939,25.25
"South Korea/서산",매화,2010-03-15,2010,74,36.7766,126.4939,25.25
"South Korea/서산",매화,2011-04-04,2011,94,36.7766,126.4939,25.25
"South Korea/서산",매화,2012-04-14,2012,105,36.7766,126.4939,25.25
"South Korea/서산",매화,2013-04-18,2013,108,36.7766,126.4939,25.25
"South Korea/서산",매화,2014-04-01,2014,91,36.7766,126.4939,25.25
"South Korea/서산",매화,2015-04-02,2015,92,36.7766,126.4939,25.25
"South Korea/서산",매화,2016-03-24,2016,84,36.7766,126.4939,25.25
"South Korea/서산",매화,2017-03-31,2017,90,36.7766,126.4939,25.25
"South Korea/천안",매화,1977-04-20,1977,110,36.7622,127.2928,84.78
"South Korea/천안",매화,1978-04-23,1978,113,36.7622,127.2928,84.78
"South Korea/천안",매화,1979-04-22,1979,112,36.7622,127.2928,84.78
"South Korea/천안",매화,1980-04-30,1980,121,36.7622,127.2928,84.78
"South Korea/천안",매화,1981-04-23,1981,113,36.7622,127.2928,84.78
"South Korea/천안",매화,1982-04-24,1982,114,36.7622,127.2928,84.78
"South Korea/천안",매화,1983-04-19,1983,109,36.7622,127.2928,84.78
"South Korea/천안",매화,1984-04-19,1984,110,36.7622,127.2928,84.78
"South Korea/천안",매화,1985-04-22,1985,112,36.7622,127.2928,84.78
"South Korea/천안",매화,1986-04-30,1986,120,36.7622,127.2928,84.78
"South Korea/천안",매화,1987-04-23,1987,113,36.7622,127.2928,84.78
"South Korea/천안",매화,1988-04-22,1988,113,36.7622,127.2928,84.78
"South Korea/천안",매화,1989-04-12,1989,102,36.7622,127.2928,84.78
"South Korea/천안",매화,1990-04-11,1990,101,36.7622,127.2928,84.78
"South Korea/천안",매화,1991-04-17,1991,107,36.7622,127.2928,84.78
"South Korea/천안",매화,1992-04-03,1992,94,36.7622,127.2928,84.78
"South Korea/천안",매화,1993-04-09,1993,99,36.7622,127.2928,84.78
"South Korea/천안",매화,1994-04-11,1994,101,36.7622,127.2928,84.78
"South Korea/천안",매화,1995-03-30,1995,89,36.7622,127.2928,84.78
"South Korea/천안",매화,1996-04-08,1996,99,36.7622,127.2928,84.78
"South Korea/천안",매화,1997-03-28,1997,87,36.7622,127.2928,84.78
"South Korea/천안",매화,1998-03-27,1998,86,36.7622,127.2928,84.78
"South Korea/천안",매화,1999-03-28,1999,87,36.7622,127.2928,84.78
"South Korea/천안",매화,2000-04-05,2000,96,36.7622,127.2928,84.78
"South Korea/천안",매화,2001-04-08,2001,98,36.7622,127.2928,84.78
"South Korea/천안",매화,2002-04-03,2002,93,36.7622,127.2928,84.78
"South Korea/천안",매화,2003-04-08,2003,98,36.7622,127.2928,84.78
"South Korea/천안",매화,2004-04-13,2004,104,36.7622,127.2928,84.78
"South Korea/천안",매화,2005-04-20,2005,110,36.7622,127.2928,84.78
"South Korea/천안",매화,2006-04-07,2006,97,36.7622,127.2928,84.78
"South Korea/천안",매화,2007-04-02,2007,92,36.7622,127.2928,84.78
"South Korea/천안",매화,2008-04-14,2008,105,36.7622,127.2928,84.78
"South Korea/천안",매화,2009-03-26,2009,85,36.7622,127.2928,84.78
"South Korea/천안",매화,2010-04-01,2010,91,36.7622,127.2928,84.78
"South Korea/천안",매화,2011-04-05,2011,95,36.7622,127.2928,84.78
"South Korea/천안",매화,2012-04-05,2012,96,36.7622,127.2928,84.78
"South Korea/천안",매화,2013-04-07,2013,97,36.7622,127.2928,84.78
"South Korea/천안",매화,2014-03-27,2014,86,36.7622,127.2928,84.78
"South Korea/천안",매화,2015-03-27,2015,86,36.7622,127.2928,84.78
"South Korea/홍성",매화,2018-03-31,2018,90,36.6576,126.6877,27.74
"South Korea/홍성",매화,2019-03-21,2019,80,36.6576,126.6877,27.74
"South Korea/홍성",매화,2020-03-18,2020,78,36.6576,126.6877,27.74
"South Korea/홍성",매화,2021-03-21,2021,80,36.6576,126.6877,27.74
"South Korea/홍성",매화,2022-03-24,2022,83,36.6576,126.6877,27.74
"South Korea/홍성",매화,2023-03-14,2023,73,36.6576,126.6877,27.74
"South Korea/홍성",매화,2024-03-22,2024,82,36.6576,126.6877,27.74
"South Korea/홍성",매화,2025-03-25,2025,84,36.6576,126.6877,27.74
"South Korea/보은",매화,1984-04-20,1984,111,36.4876,127.7342,171.31
"South Korea/보은",매화,1985-04-13,1985,103,36.4876,127.7342,171.31
"South Korea/보은",매화,1986-04-15,1986,105,36.4876,127.7342,171.31
"South Korea/보은",매화,1987-04-16,1987,106,36.4876,127.7342,171.31
"South Korea/보은",매화,1988-04-22,1988,113,36.4876,127.7342,171.31
"South Korea/보은",매화,1989-04-09,1989,99,36.4876,127.7342,171.31
"South Korea/보은",매화,1990-04-05,1990,95,36.4876,127.7342,171.31
"South Korea/보은",매화,1991-04-11,1991,101,36.4876,127.7342,171.31
"South Korea/보은",매화,1992-04-02,1992,93,36.4876,127.7342,171.31
"South Korea/보은",매화,1993-04-03,1993,93,36.4876,127.7342,171.31
"South Korea/보은",매화,1994-04-08,1994,98,36.4876,127.7342,171.31
"South Korea/보은",매화,1995-04-11,1995,101,36.4876,127.7342,171.31
"South Korea/보은",매화,1996-04-25,1996,116,36.4876,127.7342,171.31
"South Korea/보은",매화,1997-04-13,1997,103,36.4876,127.7342,171.31
"South Korea/보은",매화,1998-04-07,1998,97,36.4876,127.7342,171.31
"South Korea/보은",매화,1999-04-11,1999,101,36.4876,127.7342,171.31
"South Korea/보은",매화,2000-04-14,2000,105,36.4876,127.7342,171.31
"South Korea/보은",매화,2001-04-10,2001,100,36.4876,127.7342,171.31
"South Korea/보은",매화,2002-04-01,2002,91,36.4876,127.7342,171.31
"South Korea/보은",매화,2003-04-04,2003,94,36.4876,127.7342,171.31
"South Korea/보은",매화,2004-04-02,2004,93,36.4876,127.7342,171.31
"South Korea/보은",매화,2005-04-07,2005,97,36.4876,127.7342,171.31
"South Korea/보은",매화,2006-04-05,2006,95,36.4876,127.7342,171.31
"South Korea/보은",매화,2007-04-02,2007,92,36.4876,127.7342,171.31
"South Korea/보은",매화,2008-04-05,2008,96,36.4876,127.7342,171.31
"South Korea/제천",매화,1979-04-27,1979,117,37.1593,128.1943,264.62
"South Korea/제천",매화,1981-04-29,1981,119,37.1593,128.1943,264.62
"South Korea/제천",매화,1982-04-25,1982,115,37.1593,128.1943,264.62
"South Korea/제천",매화,1983-04-23,1983,113,37.1593,128.1943,264.62
"South Korea/제천",매화,1984-04-27,1984,118,37.1593,128.1943,264.62
"South Korea/제천",매화,1985-04-29,1985,119,37.1593,128.1943,264.62
"South Korea/제천",매화,1986-04-25,1986,115,37.1593,128.1943,264.62
"South Korea/제천",매화,1987-04-26,1987,116,37.1593,128.1943,264.62
"South Korea/제천",매화,1988-04-26,1988,117,37.1593,128.1943,264.62
"South Korea/제천",매화,1989-04-18,1989,108,37.1593,128.1943,264.62
"South Korea/제천",매화,1990-04-17,1990,107,37.1593,128.1943,264.62
"South Korea/제천",매화,1991-04-22,1991,112,37.1593,128.1943,264.62
"South Korea/제천",매화,1992-04-05,1992,96,37.1593,128.1943,264.62
"South Korea/제천",매화,1993-04-08,1993,98,37.1593,128.1943,264.62
"South Korea/제천",매화,1994-04-15,1994,105,37.1593,128.1943,264.62
"South Korea/제천",매화,1995-04-22,1995,112,37.1593,128.1943,264.62
"South Korea/제천",매화,1996-04-28,1996,119,37.1593,128.1943,264.62
"South Korea/제천",매화,1997-04-15,1997,105,37.1593,128.1943,264.62
"South Korea/제천",매화,1998-03-31,1998,90,37.1593,128.1943,264.62
"South Korea/제천",매화,1999-04-05,1999,95,37.1593,128.1943,264.62
"South Korea/제천",매화,2000-04-13,2000,104,37.1593,128.1943,264.62
"South Korea/제천",매화,2001-04-15,2001,105,37.1593,128.1943,264.62
"South Korea/제천",매화,2002-04-05,2002,95,37.1593,128.1943,264.62
"South Korea/제천",매화,2003-04-08,2003,98,37.1593,128.1943,264.62
"South Korea/제천",매화,2004-04-07,2004,98,37.1593,128.1943,264.62
"South Korea/제천",매화,2005-04-12,2005,102,37.1593,128.1943,264.62
"South Korea/제천",매화,2006-04-05,2006,95,37.1593,128.1943,264.62
"South Korea/제천",매화,2007-04-05,2007,95,37.1593,128.1943,264.62
"South Korea/제천",매화,2008-04-08,2008,99,37.1593,128.1943,264.62
"South Korea/청주",매화,1973-04-20,1973,110,36.6392,127.4407,58.7
"South Korea/청주",매화,1974-04-26,1974,116,36.6392,127.4407,58.7
"South Korea/청주",매화,1975-04-15,1975,105,36.6392,127.4407,58.7
"South Korea/청주",매화,1976-04-11,1976,102,36.6392,127.4407,58.7
"South Korea/청주",매화,1977-04-10,1977,100,36.6392,127.4407,58.7
"South Korea/청주",매화,1979-03-28,1979,87,36.6392,127.4407,58.7
"South Korea/청주",매화,1980-03-25,1980,85,36.6392,127.4407,58.7
"South Korea/청주",매화,1981-03-28,1981,87,36.6392,127.4407,58.7
"South Korea/청주",매화,1982-04-01,1982,91,36.6392,127.4407,58.7
"South Korea/청주",매화,1983-04-06,1983,96,36.6392,127.4407,58.7
"South Korea/청주",매화,1984-04-25,1984,116,36.6392,127.4407,58.7
"South Korea/청주",매화,1985-04-11,1985,101,36.6392,127.4407,58.7
"South Korea/청주",매화,1986-04-21,1986,111,36.6392,127.4407,58.7
"South Korea/청주",매화,1987-04-20,1987,110,36.6392,127.4407,58.7
"South Korea/청주",매화,1988-04-21,1988,112,36.6392,127.4407,58.7
"South Korea/청주",매화,1989-03-28,1989,87,36.6392,127.4407,58.7
"South Korea/청주",매화,1990-04-07,1990,97,36.6392,127.4407,58.7
"South Korea/청주",매화,1991-04-13,1991,103,36.6392,127.4407,58.7
"South Korea/청주",매화,1992-04-07,1992,98,36.6392,127.4407,58.7
"South Korea/청주",매화,1993-04-08,1993,98,36.6392,127.4407,58.7
"South Korea/청주",매화,1994-04-16,1994,106,36.6392,127.4407,58.7
"South Korea/청주",매화,1995-04-18,1995,108,36.6392,127.4407,58.7
"South Korea/청주",매화,1996-04-10,1996,101,36.6392,127.4407,58.7
"South Korea/청주",매화,1997-03-29,1997,88,36.6392,127.4407,58.7
"South Korea/청주",매화,1998-03-19,1998,78,36.6392,127.4407,58.7
"South Korea/청주",매화,1999-03-31,1999,90,36.6392,127.4407,58.7
"South Korea/청주",매화,2000-04-03,2000,94,36.6392,127.4407,58.7
"South Korea/청주",매화,2001-04-03,2001,93,36.6392,127.4407,58.7
"South Korea/청주",매화,2002-03-23,2002,82,36.6392,127.4407,58.7
"South Korea/청주",매화,2003-03-30,2003,89,36.6392,127.4407,58.7
"South Korea/청주",매화,2004-03-26,2004,86,36.6392,127.4407,58.7
"South Korea/청주",매화,2005-04-01,2005,91,36.6392,127.4407,58.7
"South Korea/청주",매화,2006-04-02,2006,92,36.6392,127.4407,58.7
"South Korea/청주",매화,2007-03-17,2007,76,36.6392,127.4407,58.7
"South Korea/청주",매화,2008-03-25,2008,85,36.6392,127.4407,58.7
"South Korea/청주",매화,2009-03-20,2009,79,36.6392,127.4407,58.7
"South Korea/청주",매화,2010-03-22,2010,81,36.6392,127.4407,58.7
"South Korea/청주",매화,2011-04-05,2011,95,36.6392,127.4407,58.7
"South Korea/청주",매화,2012-04-09,2012,100,36.6392,127.4407,58.7
"South Korea/청주",매화,2013-04-05,2013,95,36.6392,127.4407,58.7
"South Korea/청주",매화,2014-03-25,2014,84,36.6392,127.4407,58.7
"South Korea/청주",매화,2015-03-29,2015,88,36.6392,127.4407,58.7
"South Korea/청주",매화,2016-03-25,2016,85,36.6392,127.4407,58.7
"South Korea/청주",매화,2017-03-22,2017,81,36.6392,127.4407,58.7
"South Korea/청주",매화,2018-03-27,2018,86,36.6392,127.4407,58.7
"South Korea/청주",매화,2019-03-04,2019,63,36.6392,127.4407,58.7
"South Korea/청주",매화,2020-03-08,2020,68,36.6392,127.4407,58.7
"South Korea/청주",매화,2021-03-02,2021,61,36.6392,127.4407,58.7
"South Korea/청주",매화,2022-03-25,2022,84,36.6392,127.4407,58.7
"South Korea/청주",매화,2023-03-17,2023,76,36.6392,127.4407,58.7
"South Korea/청주",매화,2024-03-18,2024,78,36.6392,127.4407,58.7
"South Korea/청주",매화,2025-03-23,2025,82,36.6392,127.4407,58.7
"South Korea/추풍령",매화,1973-04-07,1973,97,36.2203,127.9946,244.98
"South Korea/추풍령",매화,1974-04-19,1974,109,36.2203,127.9946,244.98
"South Korea/추풍령",매화,1975-04-27,1975,117,36.2203,127.9946,244.98
"South Korea/추풍령",매화,1976-04-25,1976,116,36.2203,127.9946,244.98
"South Korea/추풍령",매화,1977-04-19,1977,109,36.2203,127.9946,244.98
"South Korea/추풍령",매화,1978-04-20,1978,110,36.2203,127.9946,244.98
"South Korea/추풍령",매화,1979-04-20,1979,110,36.2203,127.9946,244.98
"South Korea/추풍령",매화,1980-05-01,1980,122,36.2203,127.9946,244.98
"South Korea/추풍령",매화,1981-04-18,1981,108,36.2203,127.9946,244.98
"South Korea/추풍령",매화,1982-04-17,1982,107,36.2203,127.9946,244.98
"South Korea/추풍령",매화,1983-04-19,1983,109,36.2203,127.9946,244.98
"South Korea/추풍령",매화,1984-04-28,1984,119,36.2203,127.9946,244.98
"South Korea/추풍령",매화,1985-04-24,1985,114,36.2203,127.9946,244.98
"South Korea/추풍령",매화,1986-04-16,1986,106,36.2203,127.9946,244.98
"South Korea/추풍령",매화,1987-04-10,1987,100,36.2203,127.9946,244.98
"South Korea/추풍령",매화,1988-04-19,1988,110,36.2203,127.9946,244.98
"South Korea/추풍령",매화,1989-04-13,1989,103,36.2203,127.9946,244.98
"South Korea/추풍령",매화,1990-04-17,1990,107,36.2203,127.9946,244.98
"South Korea/추풍령",매화,1991-04-20,1991,110,36.2203,127.9946,244.98
"South Korea/추풍령",매화,1992-04-10,1992,101,36.2203,127.9946,244.98
"South Korea/추풍령",매화,1993-04-18,1993,108,36.2203,127.9946,244.98
"South Korea/추풍령",매화,1994-04-14,1994,104,36.2203,127.9946,244.98
"South Korea/추풍령",매화,1995-04-16,1995,106,36.2203,127.9946,244.98
"South Korea/추풍령",매화,1996-04-22,1996,113,36.2203,127.9946,244.98
"South Korea/추풍령",매화,1997-04-04,1997,94,36.2203,127.9946,244.98
"South Korea/추풍령",매화,1998-04-02,1998,92,36.2203,127.9946,244.98
"South Korea/추풍령",매화,1999-04-04,1999,94,36.2203,127.9946,244.98
"South Korea/추풍령",매화,2000-04-07,2000,98,36.2203,127.9946,244.98
"South Korea/추풍령",매화,2001-04-06,2001,96,36.2203,127.9946,244.98
"South Korea/추풍령",매화,2002-04-03,2002,93,36.2203,127.9946,244.98
"South Korea/추풍령",매화,2003-04-20,2003,110,36.2203,127.9946,244.98
"South Korea/추풍령",매화,2004-03-27,2004,87,36.2203,127.9946,244.98
"South Korea/추풍령",매화,2005-03-24,2005,83,36.2203,127.9946,244.98
"South Korea/추풍령",매화,2006-03-30,2006,89,36.2203,127.9946,244.98
"South Korea/추풍령",매화,2007-03-10,2007,69,36.2203,127.9946,244.98
"South Korea/추풍령",매화,2008-03-26,2008,86,36.2203,127.9946,244.98
"South Korea/추풍령",매화,2009-03-23,2009,82,36.2203,127.9946,244.98
"South Korea/추풍령",매화,2010-04-07,2010,97,36.2203,127.9946,244.98
"South Korea/추풍령",매화,2011-04-04,2011,94,36.2203,127.9946,244.98
"South Korea/추풍령",매화,2012-04-03,2012,94,36.2203,127.9946,244.98
"South Korea/추풍령",매화,2013-03-28,2013,87,36.2203,127.9946,244.98
"South Korea/추풍령",매화,2014-03-23,2014,82,36.2203,127.9946,244.98
"South Korea/추풍령",매화,2015-03-26,2015,85,36.2203,127.9946,244.98
"South Korea/충주",매화,1981-04-04,1981,94,36.9705,127.9525,114.85
"South Korea/충주",매화,1982-04-06,1982,96,36.9705,127.9525,114.85
"South Korea/충주",매화,1983-04-07,1983,97,36.9705,127.9525,114.85
"South Korea/충주",매화,1984-04-19,1984,110,36.9705,127.9525,114.85
"South Korea/충주",매화,1985-04-10,1985,100,36.9705,127.9525,114.85
"South Korea/충주",매화,1986-04-07,1986,97,36.9705,127.9525,114.85
"South Korea/충주",매화,1987-04-08,1987,98,36.9705,127.9525,114.85
"South Korea/충주",매화,1988-04-09,1988,100,36.9705,127.9525,114.85
"South Korea/충주",매화,1989-03-30,1989,89,36.9705,127.9525,114.85
"South Korea/충주",매화,1990-03-26,1990,85,36.9705,127.9525,114.85
"South Korea/충주",매화,1991-04-09,1991,99,36.9705,127.9525,114.85
"South Korea/충주",매화,1992-04-02,1992,93,36.9705,127.9525,114.85
"South Korea/충주",매화,1993-04-15,1993,105,36.9705,127.9525,114.85
"South Korea/충주",매화,1994-04-14,1994,104,36.9705,127.9525,114.85
"South Korea/충주",매화,1995-04-21,1995,111,36.9705,127.9525,114.85
"South Korea/충주",매화,1996-04-24,1996,115,36.9705,127.9525,114.85
"South Korea/충주",매화,1997-04-18,1997,108,36.9705,127.9525,114.85
"South Korea/충주",매화,1998-04-06,1998,96,36.9705,127.9525,114.85
"South Korea/충주",매화,1999-04-13,1999,103,36.9705,127.9525,114.85
"South Korea/충주",매화,2000-04-20,2000,111,36.9705,127.9525,114.85
"South Korea/충주",매화,2001-04-13,2001,103,36.9705,127.9525,114.85
"South Korea/충주",매화,2002-03-27,2002,86,36.9705,127.9525,114.85
"South Korea/충주",매화,2003-04-02,2003,92,36.9705,127.9525,114.85
"South Korea/충주",매화,2004-04-01,2004,92,36.9705,127.9525,114.85
"South Korea/충주",매화,2005-04-11,2005,101,36.9705,127.9525,114.85
"South Korea/충주",매화,2006-04-01,2006,91,36.9705,127.9525,114.85
"South Korea/충주",매화,2007-03-29,2007,88,36.9705,127.9525,114.85
"South Korea/충주",매화,2008-04-07,2008,98,36.9705,127.9525,114.85
"South Korea/충주",매화,2009-03-21,2009,80,36.9705,127.9525,114.85
"South Korea/충주",매화,2010-04-10,2010,100,36.9705,127.9525,114.85
"South Korea/충주",매화,2011-04-08,2011,98,36.9705,127.9525,114.85
"South Korea/충주",매화,2012-04-12,2012,103,36.9705,127.9525,114.85
"South Korea/충주",매화,2013-04-08,2013,98,36.9705,127.9525,114.85
"South Korea/충주",매화,2014-03-28,2014,87,36.9705,127.9525,114.85
"South Korea/충주",매화,2015-03-31,2015,90,36.9705,127.9525,114.85
