"location","species","bloom_date","year","bloom_doy","lat","long","alt"
"South Korea/강릉",벚나무,1973-04-05,1973,95,37.7515,128.891,27.12
"South Korea/강릉",벚나무,1974-04-13,1974,103,37.7515,128.891,27.12
"South Korea/강릉",벚나무,1975-04-10,1975,100,37.7515,128.891,27.12
"South Korea/강릉",벚나무,1976-04-13,1976,104,37.7515,128.891,27.12
"South Korea/강릉",벚나무,1977-04-08,1977,98,37.7515,128.891,27.12
"South Korea/강릉",벚나무,1978-04-08,1978,98,37.7515,128.891,27.12
"South Korea/강릉",벚나무,1979-04-04,1979,94,37.7515,128.891,27.12
"South Korea/강릉",벚나무,1980-04-09,1980,100,37.7515,128.891,27.12
"South Korea/강릉",벚나무,1981-04-08,1981,98,37.7515,128.891,27.12
"South Korea/강릉",벚나무,1982-04-06,1982,96,37.7515,128.891,27.12
"South Korea/강릉",벚나무,1983-04-08,1983,98,37.7515,128.891,27.12
"South Korea/강릉",벚나무,1984-04-23,1984,114,37.7515,128.891,27.12
"South Korea/강릉",벚나무,1985-04-10,1985,100,37.7515,128.891,27.12
"South Korea/강릉",벚나무,1986-04-11,1986,101,37.7515,128.891,27.12
"South Korea/강릉",벚나무,1987-04-10,1987,100,37.7515,128.891,27.12
"South Korea/강릉",벚나무,1988-04-15,1988,106,37.7515,128.891,27.12
"South Korea/강릉",벚나무,1989-04-03,1989,93,37.7515,128.891,27.12
"South Korea/강릉",벚나무,1990-04-01,1990,91,37.7515,128.891,27.12
"South Korea/강릉",벚나무,1991-04-12,1991,102,37.7515,128.891,27.12
"South Korea/강릉",벚나무,1992-04-03,1992,94,37.7515,128.891,27.12
"South Korea/강릉",벚나무,1993-04-06,1993,96,37.7515,128.891,27.12
"South Korea/강릉",벚나무,1994-04-06,1994,96,37.7515,128.891,27.12
"South Korea/강릉",벚나무,1995-04-07,1995,97,37.7515,128.891,27.12
"South Korea/강릉",벚나무,1996-04-13,1996,104,37.7515,128.891,27.12
"South Korea/강릉",벚나무,1997-04-05,1997,95,37.7515,128.891,27.12
"South Korea/강릉",벚나무,1998-03-28,1998,87,37.7515,128.891,27.12
"South Korea/강릉",벚나무,1999-04-03,1999,93,37.7515,128.891,27.12
"South Korea/강릉",벚나무,2000-04-04,2000,95,37.7515,128.891,27.12
"South Korea/강릉",벚나무,2001-04-02,2001,92,37.7515,128.891,27.12
"South Korea/강릉",벚나무,2002-03-21,2002,80,37.7515,128.891,27.12
"South Korea/강릉",벚나무,2003-04-04,2003,94,37.7515,128.891,27.12
"South Korea/강릉",벚나무,2004-03-26,2004,86,37.7515,128.891,27.12
"South Korea/강릉",벚나무,2005-04-07,2005,97,37.7515,128.891,27.12
"South Korea/강릉",벚나무,2006-04-03,2006,93,37.7515,128.891,27.12
"South Korea/강릉",벚나무,2007-03-29,2007,88,37.7515,128.891,27.12
"South Korea/강릉",벚나무,2008-04-03,2008,94,37.7515,128.891,27.12
"South Korea/대관령",벚나무,1976-05-17,1976,138,37.6771,128.7183,772.43
"South Korea/대관령",벚나무,1977-05-11,1977,131,37.6771,128.7183,772.43
"South Korea/대관령",벚나무,1978-05-04,1978,124,37.6771,128.7183,772.43
"South Korea/대관령",벚나무,1979-05-13,1979,133,37.6771,128.7183,772.43
"South Korea/대관령",벚나무,1982-05-09,1982,129,37.6771,128.7183,772.43
"South Korea/대관령",벚나무,1989-05-01,1989,121,37.6771,128.7183,772.43
"South Korea/대관령",벚나무,1990-05-16,1990,136,37.6771,128.7183,772.43
"South Korea/대관령",벚나무,1991-05-13,1991,133,37.6771,128.7183,772.43
"South Korea/대관령",벚나무,1992-05-11,1992,132,37.6771,128.7183,772.43
"South Korea/대관령",벚나무,1993-05-11,1993,131,37.6771,128.7183,772.43
"South Korea/대관령",벚나무,1994-04-28,1994,118,37.6771,128.7183,772.43
"South Korea/대관령",벚나무,1995-05-02,1995,122,37.6771,128.7183,772.43
"South Korea/대관령",벚나무,1996-05-13,1996,134,37.6771,128.7183,772.43
"South Korea/대관령",벚나무,1997-05-03,1997,123,37.6771,128.7183,772.43
"South Korea/대관령",벚나무,1998-04-24,1998,114,37.6771,128.7183,772.43
"South Korea/대관령",벚나무,1999-05-06,1999,126,37.6771,128.7183,772.43
"South Korea/대관령",벚나무,2000-05-07,2000,128,37.6771,128.7183,772.43
"South Korea/대관령",벚나무,2001-05-03,2001,123,37.6771,128.7183,772.43
"South Korea/대관령",벚나무,2002-04-24,2002,114,37.6771,128.7183,772.43
"South Korea/대관령",벚나무,2003-05-09,2003,129,37.6771,128.7183,772.43
"South Korea/대관령",벚나무,2004-04-24,2004,115,37.6771,128.7183,772.43
"South Korea/대관령",벚나무,2005-04-29,2005,119,37.6771,128.7183,772.43
"South Korea/대관령",벚나무,2006-05-12,2006,132,37.6771,128.7183,772.43
"South Korea/대관령",벚나무,2007-05-08,2007,128,37.6771,128.7183,772.43
"South Korea/대관령",벚나무,2008-05-05,2008,126,37.6771,128.7183,772.43
"South Korea/대관령",벚나무,2009-04-25,2009,115,37.6771,128.7183,772.43
"South Korea/대관령",벚나무,2010-05-13,2010,133,37.6771,128.7183,772.43
"South Korea/대관령",벚나무,2011-05-13,2011,133,37.6771,128.7183,772.43
"South Korea/대관령",벚나무,2012-05-03,2012,124,37.6771,128.7183,772.43
"South Korea/대관령",벚나무,2013-05-13,2013,133,37.6771,128.7183,772.43
"South Korea/대관령",벚나무,2014-04-30,2014,120,37.6771,128.7183,772.43
"South Korea/대관령",벚나무,2015-04-30,2015,120,37.6771,128.7183,772.43
"South Korea/동해",벚나무,1993-04-04,1993,94,37.5071,129.1243,40.46
"South Korea/동해",벚나무,1994-04-06,1994,96,37.5071,129.1243,40.46
"South Korea/동해",벚나무,1995-04-12,1995,102,37.5071,129.1243,40.46
"South Korea/동해",벚나무,1996-04-18,1996,109,37.5071,129.1243,40.46
"South Korea/동해",벚나무,1997-04-07,1997,97,37.5071,129.1243,40.46
"South Korea/동해",벚나무,1998-03-26,1998,85,37.5071,129.1243,40.46
"South Korea/동해",벚나무,1999-04-05,1999,95,37.5071,129.1243,40.46
"South Korea/동해",벚나무,2000-04-06,2000,97,37.5071,129.1243,40.46
"South Korea/동해",벚나무,2001-04-02,2001,92,37.5071,129.1243,40.46
"South Korea/동해",벚나무,2002-03-21,2002,80,37.5071,129.1243,40.46
"South Korea/동해",벚나무,2003-04-06,2003,96,37.5071,129.1243,40.46
"South Korea/동해",벚나무,2004-03-28,2004,88,37.5071,129.1243,40.46
"South Korea/동해",벚나무,2005-04-08,2005,98,37.5071,129.1243,40.46
"South Korea/동해",벚나무,2006-04-03,2006,93,37.5071,129.1243,40.46
"South Korea/동해",벚나무,2007-03-31,2007,90,37.5071,129.1243,40.46
"South Korea/동해",벚나무,2008-04-03,2008,94,37.5071,129.1243,40.46
"South Korea/동해",벚나무,2009-03-30,2009,89,37.5071,129.1243,40.46
"South Korea/동해",벚나무,2010-04-17,2010,107,37.5071,129.1243,40.46
"South Korea/동해",벚나무,2011-04-10,2011,100,37.5071,129.1243,40.46
"South Korea/동해",벚나무,2012-04-12,2012,103,37.5071,129.1243,40.46
"South Korea/동해",벚나무,2013-04-09,2013,99,37.5071,129.1243,40.46
"South Korea/동해",벚나무,2014-04-02,2014,92,37.5071,129.1243,40.46
"South Korea/동해",벚나무,2015-03-31,2015,90,37.5071,129.1243,40.46
"South Korea/북강릉",벚나무,2009-04-04,2009,94,37.8046,128.8554,75.24
"South Korea/북강릉",벚나무,2010-04-18,2010,108,37.8046,128.8554,75.24
"South Korea/북강릉",벚나무,2011-04-11,2011,101,37.8046,128.8554,75.24
"South Korea/북강릉",벚나무,2012-04-13,2012,104,37.8046,128.8554,75.24
"South Korea/북강릉",벚나무,2013-04-09,2013,99,37.8046,128.8554,75.24
"South Korea/북강릉",벚나무,2014-04-02,2014,92,37.8046,128.8554,75.24
"South Korea/북강릉",벚나무,2015-04-03,2015,93,37.8046,128.8554,75.24
"South Korea/북강릉",벚나무,2016-04-04,2016,95,37.8046,128.8554,75.24
"South Korea/북강릉",벚나무,2017-04-03,2017,93,37.8046,128.8554,75.24
"South Korea/북강릉",벚나무,2018-03-31,2018,90,37.8046,128.8554,75.24
"South Korea/북강릉",벚나무,2019-03-31,2019,90,37.8046,128.8554,75.24
"South Korea/북강릉",벚나무,2020-03-26,2020,86,37.8046,128.8554,75.24
"South Korea/북강릉",벚나무,2021-03-28,2021,87,37.8046,128.8554,75.24
"South Korea/북강릉",벚나무,2022-04-06,2022,96,37.8046,128.8554,75.24
"South Korea/북강릉",벚나무,2023-03-26,2023,85,37.8046,128.8554,75.24
"South Korea/북강릉",벚나무,2024-04-05,2024,96,37.8046,128.8554,75.24
"South Korea/북강릉",벚나무,2025-04-01,2025,91,37.8046,128.8554,75.24
"South Korea/북춘천",벚나무,2017-04-11,2017,101,37.9474,127.7544,95.78
"South Korea/북춘천",벚나무,2018-04-06,2018,96,37.9474,127.7544,95.78
"South Korea/북춘천",벚나무,2019-04-07,2019,97,37.9474,127.7544,95.78
"South Korea/북춘천",벚나무,2020-04-01,2020,92,37.9474,127.7544,95.78
"South Korea/북춘천",벚나무,2021-04-01,2021,91,37.9474,127.7544,95.78
"South Korea/북춘천",벚나무,2022-04-11,2022,101,37.9474,127.7544,95.78
"South Korea/북춘천",벚나무,2023-04-01,2023,91,37.9474,127.7544,95.78
"South Korea/북춘천",벚나무,2024-04-03,2024,94,37.9474,127.7544,95.78
"South Korea/북춘천",벚나무,2025-04-08,2025,98,37.9474,127.7544,95.78
"South Korea/삼척",벚나무,1973-04-03,1973,93,nan,nan,nan
"South Korea/삼척",벚나무,1974-04-10,1974,100,nan,nan,nan
"South Korea/삼척",벚나무,1975-04-11,1975,101,nan,nan,nan
"South Korea/삼척",벚나무,1976-04-10,1976,101,nan,nan,nan
"South Korea/삼척",벚나무,1977-04-12,1977,102,nan,nan,nan
"South Korea/삼척",벚나무,1978-04-08,1978,98,nan,nan,nan
"South Korea/삼척",벚나무,1979-04-02,1979,92,nan,nan,nan
"South Korea/삼척",벚나무,1980-04-15,1980,106,nan,nan,nan
"South Korea/삼척",벚나무,1981-04-10,1981,100,nan,nan,nan
"South Korea/삼척",벚나무,1982-04-05,1982,95,nan,nan,nan
"South Korea/삼척",벚나무,1983-04-09,1983,99,nan,nan,nan
"South Korea/삼척",벚나무,1985-04-26,1985,116,nan,nan,nan
"South Korea/삼척",벚나무,1986-04-13,1986,103,nan,nan,nan
"South Korea/삼척",벚나무,1987-04-08,1987,98,nan,nan,nan
"South Korea/삼척",벚나무,1988-04-13,1988,104,nan,nan,nan
"South Korea/삼척",벚나무,1989-04-03,1989,93,nan,nan,nan
"South Korea/삼척",벚나무,1990-04-02,1990,92,nan,nan,nan
"South Korea/삼척",벚나무,1991-04-14,1991,104,nan,nan,nan
"South Korea/삼척",벚나무,1992-04-01,1992,92,nan,nan,nan
"South Korea/삼척",벚나무,1993-04-06,1993,96,nan,nan,nan
"South Korea/삼척",벚나무,1994-04-08,1994,98,nan,nan,nan
"South Korea/삼척",벚나무,1995-04-04,1995,94,nan,nan,nan
"South Korea/속초",벚나무,1973-04-13,1973,103,38.2509,128.5647,17.53
"South Korea/속초",벚나무,1974-04-09,1974,99,38.2509,128.5647,17.53
"South Korea/속초",벚나무,1975-04-11,1975,101,38.2509,128.5647,17.53
"South Korea/속초",벚나무,1976-04-13,1976,104,38.2509,128.5647,17.53
"South Korea/속초",벚나무,1977-04-10,1977,100,38.2509,128.5647,17.53
"South Korea/속초",벚나무,1978-04-10,1978,100,38.2509,128.5647,17.53
"South Korea/속초",벚나무,1979-04-04,1979,94,38.2509,128.5647,17.53
"South Korea/속초",벚나무,1980-04-15,1980,106,38.2509,128.5647,17.53
"South Korea/속초",벚나무,1981-04-13,1981,103,38.2509,128.5647,17.53
"South Korea/속초",벚나무,1982-04-06,1982,96,38.2509,128.5647,17.53
"South Korea/속초",벚나무,1983-04-16,1983,106,38.2509,128.5647,17.53
"South Korea/속초",벚나무,1984-04-28,1984,119,38.2509,128.5647,17.53
"South Korea/속초",벚나무,1985-04-17,1985,107,38.2509,128.5647,17.53
"South Korea/속초",벚나무,1986-04-18,1986,108,38.2509,128.5647,17.53
"South Korea/속초",벚나무,1987-04-11,1987,101,38.2509,128.5647,17.53
"South Korea/속초",벚나무,1988-04-15,1988,106,38.2509,128.5647,17.53
"South Korea/속초",벚나무,1989-03-27,1989,86,38.2509,128.5647,17.53
"South Korea/속초",벚나무,1990-04-06,1990,96,38.2509,128.5647,17.53
"South Korea/속초",벚나무,1991-04-16,1991,106,38.2509,128.5647,17.53
"South Korea/속초",벚나무,1992-04-06,1992,97,38.2509,128.5647,17.53
"South Korea/속초",벚나무,1993-04-02,1993,92,38.2509,128.5647,17.53
"South Korea/속초",벚나무,1994-04-15,1994,105,38.2509,128.5647,17.53
"South Korea/속초",벚나무,1995-04-08,1995,98,38.2509,128.5647,17.53
"South Korea/속초",벚나무,1996-04-16,1996,107,38.2509,128.5647,17.53
"South Korea/속초",벚나무,1997-03-31,1997,90,38.2509,128.5647,17.53
"South Korea/속초",벚나무,1998-03-31,1998,90,38.2509,128.5647,17.53
"South Korea/속초",벚나무,1999-04-09,1999,99,38.2509,128.5647,17.53
"South Korea/속초",벚나무,2000-04-12,2000,103,38.2509,128.5647,17.53
"South Korea/속초",벚나무,2001-04-05,2001,95,38.2509,128.5647,17.53
"South Korea/속초",벚나무,2002-03-27,2002,86,38.2509,128.5647,17.53
"South Korea/속초",벚나무,2003-04-12,2003,102,38.2509,128.5647,17.53
"South Korea/속초",벚나무,2004-04-01,2004,92,38.2509,128.5647,17.53
"South Korea/속초",벚나무,2005-04-11,2005,101,38.2509,128.5647,17.53
"South Korea/속초",벚나무,2006-04-07,2006,97,38.2509,128.5647,17.53
"South Korea/속초",벚나무,2007-04-02,2007,92,38.2509,128.5647,17.53
"South Korea/속초",벚나무,2008-04-06,2008,97,38.2509,128.5647,17.53
"South Korea/속초",벚나무,2009-04-06,2009,96,38.2509,128.5647,17.53
"South Korea/속초",벚나무,2010-04-23,2010,113,38.2509,128.5647,17.53
"South Korea/속초",벚나무,2011-04-12,2011,102,38.2509,128.5647,17.53
"South Korea/속초",벚나무,2012-04-16,2012,107,38.2509,128.5647,17.53
"South Korea/속초",벚나무,2013-04-12,2013,102,38.2509,128.5647,17.53
"South Korea/속초",벚나무,2014-04-01,2014,91,38.2509,128.5647,17.53
"South Korea/속초",벚나무,2015-04-03,2015,93,38.2509,128.5647,17.53
"South Korea/영월",벚나무,1995-04-16,1995,106,37.1813,128.4574,240.54
"South Korea/영월",벚나무,1996-04-25,1996,116,37.1813,128.4574,240.54
"South Korea/영월",벚나무,1997-04-14,1997,104,37.1813,128.4574,240.54
"South Korea/영월",벚나무,1998-04-07,1998,97,37.1813,128.4574,240.54
"South Korea/영월",벚나무,1999-04-16,1999,106,37.1813,128.4574,240.54
"South Korea/영월",벚나무,2000-04-20,2000,111,37.1813,128.4574,240.54
"South Korea/영월",벚나무,2001-04-14,2001,104,37.1813,128.4574,240.54
"South Korea/영월",벚나무,2002-04-06,2002,96,37.1813,128.4574,240.54
"South Korea/영월",벚나무,2003-04-12,2003,102,37.1813,128.4574,240.54
"South Korea/영월",벚나무,2004-04-10,2004,101,37.1813,128.4574,240.54
"South Korea/영월",벚나무,2005-04-11,2005,101,37.1813,128.4574,240.54
"South Korea/영월",벚나무,2006-04-12,2006,102,37.1813,128.4574,240.54
"South Korea/영월",벚나무,2007-04-12,2007,102,37.1813,128.4574,240.54
"South Korea/영월",벚나무,2008-04-08,2008,99,37.1813,128.4574,240.54
"South Korea/영월",벚나무,2009-04-07,2009,97,37.1813,128.4574,240.54
"South Korea/영월",벚나무,2010-04-19,2010,109,37.1813,128.4574,240.54
"South Korea/영월",벚나무,2011-04-20,2011,110,37.1813,128.4574,240.54
"South Korea/영월",벚나무,2012-04-23,2012,114,37.1813,128.4574,240.54
"South Korea/영월",벚나무,2013-04-17,2013,107,37.1813,128.4574,240.54
"South Korea/영월",벚나무,2014-04-08,2014,98,37.1813,128.4574,240.54
"South Korea/영월",벚나무,2015-04-11,2015,101,37.1813,128.4574,240.54
"South Korea/원주",벚나무,1973-04-10,1973,100,37.3375,127.9466,150.11
"South Korea/원주",벚나무,1974-04-05,1974,95,37.3375,127.9466,150.11
"South Korea/원주",벚나무,1975-04-11,1975,101,37.3375,127.9466,150.11
"South Korea/원주",벚나무,1976-04-14,1976,105,37.3375,127.9466,150.11
"South Korea/원주",벚나무,1979-04-13,1979,103,37.3375,127.9466,150.11
"South Korea/원주",벚나무,1980-04-12,1980,103,37.3375,127.9466,150.11
"South Korea/원주",벚나무,1981-04-11,1981,101,37.3375,127.9466,150.11
"South Korea/원주",벚나무,1982-04-21,1982,111,37.3375,127.9466,150.11
"South Korea/원주",벚나무,1983-04-19,1983,109,37.3375,127.9466,150.11
"South Korea/원주",벚나무,1984-04-20,1984,111,37.3375,127.9466,150.11
"South Korea/원주",벚나무,1985-04-16,1985,106,37.3375,127.9466,150.11
"South Korea/원주",벚나무,1986-04-14,1986,104,37.3375,127.9466,150.11
"South Korea/원주",벚나무,1987-04-15,1987,105,37.3375,127.9466,150.11
"South Korea/원주",벚나무,1988-04-16,1988,107,37.3375,127.9466,150.11
"South Korea/원주",벚나무,1989-04-09,1989,99,37.3375,127.9466,150.11
"South Korea/원주",벚나무,1990-04-06,1990,96,37.3375,127.9466,150.11
"South Korea/원주",벚나무,1991-04-09,1991,99,37.3375,127.9466,150.11
"South Korea/원주",벚나무,1992-04-04,1992,95,37.3375,127.9466,150.11
"South Korea/원주",벚나무,1993-04-16,1993,106,37.3375,127.9466,150.11
"South Korea/원주",벚나무,1994-04-07,1994,97,37.3375,127.9466,150.11
"South Korea/원주",벚나무,1995-04-14,1995,104,37.3375,127.9466,150.11
"South Korea/원주",벚나무,1996-04-22,1996,113,37.3375,127.9466,150.11
"South Korea/원주",벚나무,1997-04-09,1997,99,37.3375,127.9466,150.11
"South Korea/원주",벚나무,1998-04-04,1998,94,37.3375,127.9466,150.11
"South Korea/원주",벚나무,1999-04-08,1999,98,37.3375,127.9466,150.11
"South Korea/원주",벚나무,2000-04-11,2000,102,37.3375,127.9466,150.11
"South Korea/원주",벚나무,2001-04-10,2001,100,37.3375,127.9466,150.11
"South Korea/원주",벚나무,2002-04-02,2002,92,37.3375,127.9466,150.11
"South Korea/원주",벚나무,2003-04-06,2003,96,37.3375,127.9466,150.11
"South Korea/원주",벚나무,2004-04-07,2004,98,37.3375,127.9466,150.11
"South Korea/원주",벚나무,2005-04-12,2005,102,37.3375,127.9466,150.11
"South Korea/원주",벚나무,2006-04-12,2006,102,37.3375,127.9466,150.11
"South Korea/원주",벚나무,2007-04-07,2007,97,37.3375,127.9466,150.11
"South Korea/원주",벚나무,2008-04-09,2008,100,37.3375,127.9466,150.11
"South Korea/원주",벚나무,2009-04-05,2009,95,37.3375,127.9466,150.11
"South Korea/원주",벚나무,2010-04-14,2010,104,37.3375,127.9466,150.11
"South Korea/원주",벚나무,2011-04-15,2011,105,37.3375,127.9466,150.11
"South Korea/원주",벚나무,2012-04-16,2012,107,37.3375,127.9466,150.11
"South Korea/원주",벚나무,2013-04-17,2013,107,37.3375,127.9466,150.11
"South Korea/원주",벚나무,2014-04-01,2014,91,37.3375,127.9466,150.11
"South Korea/원주",벚나무,2015-04-06,2015,96,37.3375,127.9466,150.11
"South Korea/인제",벚나무,1974-04-21,1974,111,38.0599,128.1681,202.0
"South Korea/인제",벚나무,1976-04-16,1976,107,38.0599,128.1681,202.0
"South Korea/인제",벚나무,1978-04-27,1978,117,38.0599,128.1681,202.0
"South Korea/인제",벚나무,1979-04-14,1979,104,38.0599,128.1681,202.0
"South Korea/인제",벚나무,1980-04-29,1980,120,38.0599,128.1681,202.0
"South Korea/인제",벚나무,1981-04-21,1981,111,38.0599,128.1681,202.0
"South Korea/인제",벚나무,1982-04-23,1982,113,38.0599,128.1681,202.0
"South Korea/인제",벚나무,1983-04-21,1983,111,38.0599,128.1681,202.0
"South Korea/인제",벚나무,1985-04-26,1985,116,38.0599,128.1681,202.0
"South Korea/인제",벚나무,1986-04-21,1986,111,38.0599,128.1681,202.0
"South Korea/인제",벚나무,1987-04-20,1987,110,38.0599,128.1681,202.0
"South Korea/인제",벚나무,1988-04-27,1988,118,38.0599,128.1681,202.0
"South Korea/인제",벚나무,1989-04-11,1989,101,38.0599,128.1681,202.0
"South Korea/인제",벚나무,1990-04-11,1990,101,38.0599,128.1681,202.0
"South Korea/인제",벚나무,1991-04-24,1991,114,38.0599,128.1681,202.0
"South Korea/인제",벚나무,1992-04-07,1992,98,38.0599,128.1681,202.0
"South Korea/인제",벚나무,1993-04-19,1993,109,38.0599,128.1681,202.0
"South Korea/인제",벚나무,1994-04-13,1994,103,38.0599,128.1681,202.0
"South Korea/인제",벚나무,1995-04-23,1995,113,38.0599,128.1681,202.0
"South Korea/인제",벚나무,1996-04-27,1996,118,38.0599,128.1681,202.0
"South Korea/인제",벚나무,1997-04-14,1997,104,38.0599,128.1681,202.0
"South Korea/인제",벚나무,1998-04-12,1998,102,38.0599,128.1681,202.0
"South Korea/인제",벚나무,1999-04-20,1999,110,38.0599,128.1681,202.0
"South Korea/인제",벚나무,2000-04-18,2000,109,38.0599,128.1681,202.0
"South Korea/인제",벚나무,2001-04-17,2001,107,38.0599,128.1681,202.0
"South Korea/인제",벚나무,2002-04-03,2002,93,38.0599,128.1681,202.0
"South Korea/인제",벚나무,2003-04-15,2003,105,38.0599,128.1681,202.0
"South Korea/인제",벚나무,2004-04-04,2004,95,38.0599,128.1681,202.0
"South Korea/인제",벚나무,2005-04-16,2005,106,38.0599,128.1681,202.0
"South Korea/인제",벚나무,2006-04-21,2006,111,38.0599,128.1681,202.0
"South Korea/인제",벚나무,2007-04-25,2007,115,38.0599,128.1681,202.0
"South Korea/인제",벚나무,2008-04-19,2008,110,38.0599,128.1681,202.0
"South Korea/철원",벚나무,1988-04-20,1988,111,38.1479,127.3042,155.48
"South Korea/철원",벚나무,1989-04-10,1989,100,38.1479,127.3042,155.48
"South Korea/철원",벚나무,1990-04-11,1990,101,38.1479,127.3042,155.48
"South Korea/철원",벚나무,1991-04-20,1991,110,38.1479,127.3042,155.48
"South Korea/철원",벚나무,1992-04-07,1992,98,38.1479,127.3042,155.48
"South Korea/철원",벚나무,1993-04-10,1993,100,38.1479,127.3042,155.48
"South Korea/철원",벚나무,1994-04-12,1994,102,38.1479,127.3042,155.48
"South Korea/철원",벚나무,1995-04-26,1995,116,38.1479,127.3042,155.48
"South Korea/철원",벚나무,1996-04-27,1996,118,38.1479,127.3042,155.48
"South Korea/철원",벚나무,1997-04-16,1997,106,38.1479,127.3042,155.48
"South Korea/철원",벚나무,1998-04-11,1998,101,38.1479,127.3042,155.48
"South Korea/철원",벚나무,1999-04-19,1999,109,38.1479,127.3042,155.48
"South Korea/철원",벚나무,2000-04-18,2000,109,38.1479,127.3042,155.48
"South Korea/철원",벚나무,2001-04-16,2001,106,38.1479,127.3042,155.48
"South Korea/철원",벚나무,2002-04-09,2002,99,38.1479,127.3042,155.48
"South Korea/철원",벚나무,2003-04-14,2003,104,38.1479,127.3042,155.48
"South Korea/철원",벚나무,2004-04-12,2004,103,38.1479,127.3042,155.48
"South Korea/철원",벚나무,2005-04-19,2005,109,38.1479,127.3042,155.48
"South Korea/철원",벚나무,2006-04-21,2006,111,38.1479,127.3042,155.48
"South Korea/철원",벚나무,2007-04-17,2007,107,38.1479,127.3042,155.48
"South Korea/철원",벚나무,2008-04-11,2008,102,38.1479,127.3042,155.48
"South Korea/철원",벚나무,2009-04-11,2009,101,38.1479,127.3042,155.48
"South Korea/철원",벚나무,2010-04-25,2010,115,38.1479,127.3042,155.48
"South Korea/철원",벚나무,2011-04-20,2011,110,38.1479,127.3042,155.48
"South Korea/철원",벚나무,2012-04-19,2012,110,38.1479,127.3042,155.48
"South Korea/철원",벚나무,2013-04-24,2013,114,38.1479,127.3042,155.48
"South Korea/철원",벚나무,2014-04-02,2014,92,38.1479,127.3042,155.48
"South Korea/철원",벚나무,2015-04-06,2015,96,38.1479,127.3042,155.48
"South Korea/춘천",벚나무,1974-04-24,1974,114,37.9026,127.7357,75.82
"South Korea/춘천",벚나무,1975-04-19,1975,109,37.9026,127.7357,75.82
"South Korea/춘천",벚나무,1976-04-22,1976,113,37.9026,127.7357,75.82
"South Korea/춘천",벚나무,1978-04-22,1978,112,37.9026,127.7357,75.82
"South Korea/춘천",벚나무,1979-04-13,1979,103,37.9026,127.7357,75.82
"South Korea/춘천",벚나무,1980-04-17,1980,108,37.9026,127.7357,75.82
"South Korea/춘천",벚나무,1981-04-07,1981,97,37.9026,127.7357,75.82
"South Korea/춘천",벚나무,1982-04-21,1982,111,37.9026,127.7357,75.82
"South Korea/춘천",벚나무,1983-04-13,1983,103,37.9026,127.7357,75.82
"South Korea/춘천",벚나무,1984-04-21,1984,112,37.9026,127.7357,75.82
"South Korea/춘천",벚나무,1985-04-14,1985,104,37.9026,127.7357,75.82
"South Korea/춘천",벚나무,1986-04-14,1986,104,37.9026,127.7357,75.82
"South Korea/춘천",벚나무,1987-04-13,1987,103,37.9026,127.7357,75.82
"South Korea/춘천",벚나무,1988-04-17,1988,108,37.9026,127.7357,75.82
"South Korea/춘천",벚나무,1989-04-10,1989,100,37.9026,127.7357,75.82
"South Korea/춘천",벚나무,1990-04-09,1990,99,37.9026,127.7357,75.82
"South Korea/춘천",벚나무,1991-04-15,1991,105,37.9026,127.7357,75.82
"South Korea/춘천",벚나무,1992-04-06,1992,97,37.9026,127.7357,75.82
"South Korea/춘천",벚나무,1993-04-17,1993,107,37.9026,127.7357,75.82
"South Korea/춘천",벚나무,1994-04-08,1994,98,37.9026,127.7357,75.82
"South Korea/춘천",벚나무,1995-04-17,1995,107,37.9026,127.7357,75.82
"South Korea/춘천",벚나무,1996-04-24,1996,115,37.9026,127.7357,75.82
"South Korea/춘천",벚나무,1997-04-11,1997,101,37.9026,127.7357,75.82
"South Korea/춘천",벚나무,1998-04-04,1998,94,37.9026,127.7357,75.82
"South Korea/춘천",벚나무,1999-04-16,1999,106,37.9026,127.7357,75.82
"South Korea/춘천",벚나무,2000-04-12,2000,103,37.9026,127.7357,75.82
"South Korea/춘천",벚나무,2001-04-12,2001,102,37.9026,127.7357,75.82
"South Korea/춘천",벚나무,2002-04-02,2002,92,37.9026,127.7357,75.82
"South Korea/춘천",벚나무,2003-04-10,2003,100,37.9026,127.7357,75.82
"South Korea/춘천",벚나무,2004-04-08,2004,99,37.9026,127.7357,75.82
"South Korea/춘천",벚나무,2005-04-13,2005,103,37.9026,127.7357,75.82
"South Korea/춘천",벚나무,2006-04-12,2006,102,37.9026,127.7357,75.82
"South Korea/춘천",벚나무,2007-04-12,2007,102,37.9026,127.7357,75.82
"South Korea/춘천",벚나무,2008-04-08,2008,99,37.9026,127.7357,75.82
"South Korea/춘천",벚나무,2009-04-08,2009,98,37.9026,127.7357,75.82
"South Korea/춘천",벚나무,2010-04-18,2010,108,37.9026,127.7357,75.82
"South Korea/춘천",벚나무,2011-04-14,2011,104,37.9026,127.7357,75.82
"South Korea/춘천",벚나무,2012-04-15,2012,106,37.9026,127.7357,75.82
"South Korea/춘천",벚나무,2013-04-15,2013,105,37.9026,127.7357,75.82
"South Korea/춘천",벚나무,2014-03-31,2014,90,37.9026,127.7357,75.82
"South Korea/춘천",벚나무,2015-04-04,2015,94,37.9026,127.7357,75.82
"South Korea/춘천",벚나무,2016-04-05,2016,96,37.9026,127.7357,75.82
"South Korea/태백",벚나무,1986-04-18,1986,108,37.1704,128.9893,714.45
"South Korea/태백",벚나무,1987-04-20,1987,110,37.1704,128.9893,714.45
"South Korea/태백",벚나무,1988-04-28,1988,119,37.1704,128.9893,714.45
"South Korea/태백",벚나무,1989-04-18,1989,108,37.1704,128.9893,714.45
"South Korea/태백",벚나무,1990-04-22,1990,112,37.1704,128.9893,714.45
"South Korea/태백",벚나무,1991-04-25,1991,115,37.1704,128.9893,714.45
"South Korea/태백",벚나무,1992-04-23,1992,114,37.1704,128.9893,714.45
"South Korea/태백",벚나무,1993-04-24,1993,114,37.1704,128.9893,714.45
"South Korea/태백",벚나무,1994-04-20,1994,110,37.1704,128.9893,714.45
"South Korea/태백",벚나무,1995-04-26,1995,116,37.1704,128.9893,714.45
"South Korea/태백",벚나무,1996-04-30,1996,121,37.1704,128.9893,714.45
"South Korea/태백",벚나무,1997-04-26,1997,116,37.1704,128.9893,714.45
"South Korea/태백",벚나무,1998-04-17,1998,107,37.1704,128.9893,714.45
"South Korea/태백",벚나무,1999-04-20,1999,110,37.1704,128.9893,714.45
"South Korea/태백",벚나무,2000-04-24,2000,115,37.1704,128.9893,714.45
"South Korea/태백",벚나무,2001-04-18,2001,108,37.1704,128.9893,714.45
"South Korea/태백",벚나무,2002-04-07,2002,97,37.1704,128.9893,714.45
"South Korea/태백",벚나무,2003-04-23,2003,113,37.1704,128.9893,714.45
"South Korea/태백",벚나무,2004-04-13,2004,104,37.1704,128.9893,714.45
"South Korea/태백",벚나무,2005-04-23,2005,113,37.1704,128.9893,714.45
"South Korea/태백",벚나무,2006-04-26,2006,116,37.1704,128.9893,714.45
"South Korea/태백",벚나무,2007-04-23,2007,113,37.1704,128.9893,714.45
"South Korea/태백",벚나무,2008-04-22,2008,113,37.1704,128.9893,714.45
"South Korea/홍천",벚나무,1973-04-08,1973,98,37.6836,127.8804,140.2
"South Korea/홍천",벚나무,1974-04-16,1974,106,37.6836,127.8804,140.2
"South Korea/홍천",벚나무,1975-04-13,1975,103,37.6836,127.8804,140.2
"South Korea/홍천",벚나무,1976-04-18,1976,109,37.6836,127.8804,140.2
"South Korea/홍천",벚나무,1977-04-18,1977,108,37.6836,127.8804,140.2
"South Korea/홍천",벚나무,1978-04-25,1978,115,37.6836,127.8804,140.2
"South Korea/홍천",벚나무,1979-04-17,1979,107,37.6836,127.8804,140.2
"South Korea/홍천",벚나무,1980-04-22,1980,113,37.6836,127.8804,140.2
"South Korea/홍천",벚나무,1981-04-18,1981,108,37.6836,127.8804,140.2
"South Korea/홍천",벚나무,1982-04-17,1982,107,37.6836,127.8804,140.2
"South Korea/홍천",벚나무,1983-04-15,1983,105,37.6836,127.8804,140.2
"South Korea/홍천",벚나무,1984-04-25,1984,116,37.6836,127.8804,140.2
"South Korea/홍천",벚나무,1985-04-18,1985,108,37.6836,127.8804,140.2
"South Korea/홍천",벚나무,1986-04-15,1986,105,37.6836,127.8804,140.2
"South Korea/홍천",벚나무,1987-04-16,1987,106,37.6836,127.8804,140.2
"South Korea/홍천",벚나무,1988-04-15,1988,106,37.6836,127.8804,140.2
"South Korea/홍천",벚나무,1989-04-12,1989,102,37.6836,127.8804,140.2
"South Korea/홍천",벚나무,1990-04-09,1990,99,37.6836,127.8804,140.2
"South Korea/홍천",벚나무,1991-04-18,1991,108,37.6836,127.8804,140.2
"South Korea/홍천",벚나무,1992-04-07,1992,98,37.6836,127.8804,140.2
"South Korea/홍천",벚나무,1993-04-20,1993,110,37.6836,127.8804,140.2
"South Korea/홍천",벚나무,1994-04-11,1994,101,37.6836,127.8804,140.2
"South Korea/홍천",벚나무,1995-04-17,1995,107,37.6836,127.8804,140.2
"South Korea/홍천",벚나무,1996-04-27,1996,118,37.6836,127.8804,140.2
"South Korea/홍천",벚나무,1997-04-15,1997,105,37.6836,127.8804,140.2
"South Korea/홍천",벚나무,1998-04-13,1998,103,37.6836,127.8804,140.2
"South Korea/홍천",벚나무,1999-04-20,1999,110,37.6836,127.8804,140.2
"South Korea/홍천",벚나무,2000-04-13,2000,104,37.6836,127.8804,140.2
"South Korea/홍천",벚나무,2001-04-15,2001,105,37.6836,127.8804,140.2
"South Korea/홍천",벚나무,2002-04-02,2002,92,37.6836,127.8804,140.2
"South Korea/홍천",벚나무,2003-04-12,2003,102,37.6836,127.8804,140.2
"South Korea/홍천",벚나무,2004-04-09,2004,100,37.6836,127.8804,140.2
"South Korea/홍천",벚나무,2005-04-16,2005,106,37.6836,127.8804,140.2
"South Korea/홍천",벚나무,2006-04-16,2006,106,37.6836,127.8804,140.2
"South Korea/홍천",벚나무,2007-04-16,2007,106,37.6836,127.8804,140.2
"South Korea/홍천",벚나무,2008-04-10,2008,101,37.6836,127.8804,140.2
"South Korea/동두천",벚나무,1998-04-06,1998,96,37.9019,127.0607,115.62
"South Korea/동두천",벚나무,1999-04-16,1999,106,37.9019,127.0607,115.62
"South Korea/동두천",벚나무,2000-04-19,2000,110,37.9019,127.0607,115.62
"South Korea/동두천",벚나무,2001-04-14,2001,104,37.9019,127.0607,115.62
"South Korea/동두천",벚나무,2002-04-04,2002,94,37.9019,127.0607,115.62
"South Korea/동두천",벚나무,2003-04-12,2003,102,37.9019,127.0607,115.62
"South Korea/동두천",벚나무,2004-04-11,2004,102,37.9019,127.0607,115.62
"South Korea/동두천",벚나무,2005-04-17,2005,107,37.9019,127.0607,115.62
"South Korea/동두천",벚나무,2006-04-11,2006,101,37.9019,127.0607,115.62
"South Korea/동두천",벚나무,2007-04-10,2007,100,37.9019,127.0607,115.62
"South Korea/동두천",벚나무,2008-04-12,2008,103,37.9019,127.0607,115.62
"South Korea/동두천",벚나무,2009-04-11,2009,101,37.9019,127.0607,115.62
"South Korea/동두천",벚나무,2010-04-23,2010,113,37.9019,127.0607,115.62
"South Korea/동두천",벚나무,2011-04-25,2011,115,37.9019,127.0607,115.62
"South Korea/동두천",벚나무,2012-04-20,2012,111,37.9019,127.0607,115.62
"South Korea/동두천",벚나무,2013-04-27,2013,117,37.9019,127.0607,115.62
"South Korea/동두천",벚나무,2014-04-09,2014,99,37.9019,127.0607,115.62
"South Korea/동두천",벚나무,2015-04-03,2015,93,37.9019,127.0607,115.62
"South Korea/수원",벚나무,1973-04-12,1973,102,37.2575,126.983,39.81
"South Korea/수원",벚나무,1974-04-20,1974,110,37.2575,126.983,39.81
"South Korea/수원",벚나무,1975-04-17,1975,107,37.2575,126.983,39.81
"South Korea/수원",벚나무,1976-04-16,1976,107,37.2575,126.983,39.81
"South Korea/수원",벚나무,1977-04-16,1977,106,37.2575,126.983,39.81
"South Korea/수원",벚나무,1978-04-17,1978,107,37.2575,126.983,39.81
"South Korea/수원",벚나무,1979-04-12,1979,102,37.2575,126.983,39.81
"South Korea/수원",벚나무,1980-04-12,1980,103,37.2575,126.983,39.81
"South Korea/수원",벚나무,1981-04-17,1981,107,37.2575,126.983,39.81
"South Korea/수원",벚나무,1982-04-13,1982,103,37.2575,126.983,39.81
"South Korea/수원",벚나무,1983-04-07,1983,97,37.2575,126.983,39.81
"South Korea/수원",벚나무,1984-04-20,1984,111,37.2575,126.983,39.81
"South Korea/수원",벚나무,1985-04-16,1985,106,37.2575,126.983,39.81
"South Korea/수원",벚나무,1986-04-12,1986,102,37.2575,126.983,39.81
"South Korea/수원",벚나무,1987-04-13,1987,103,37.2575,126.983,39.81
"South Korea/수원",벚나무,1988-04-16,1988,107,37.2575,126.983,39.81
"South Korea/수원",벚나무,1989-04-05,1989,95,37.2575,126.983,39.81
"South Korea/수원",벚나무,1990-04-09,1990,99,37.2575,126.983,39.81
"South Korea/수원",벚나무,1991-04-11,1991,101,37.2575,126.983,39.81
"South Korea/수원",벚나무,1992-04-01,1992,92,37.2575,126.983,39.81
"South Korea/수원",벚나무,1993-04-15,1993,105,37.2575,126.983,39.81
"South Korea/수원",벚나무,1994-04-10,1994,100,37.2575,126.983,39.81
"South Korea/수원",벚나무,1995-04-13,1995,103,37.2575,126.983,39.81
"South Korea/수원",벚나무,1996-04-21,1996,112,37.2575,126.983,39.81
"South Korea/수원",벚나무,1997-04-10,1997,100,37.2575,126.983,39.81
"South Korea/수원",벚나무,1998-04-02,1998,92,37.2575,126.983,39.81
"South Korea/수원",벚나무,1999-04-10,1999,100,37.2575,126.983,39.81
"South Korea/수원",벚나무,2000-04-10,2000,101,37.2575,126.983,39.81
"South Korea/수원",벚나무,2001-04-09,2001,99,37.2575,126.983,39.81
"South Korea/수원",벚나무,2002-03-28,2002,87,37.2575,126.983,39.81
"South Korea/수원",벚나무,2003-03-30,2003,89,37.2575,126.983,39.81
"South Korea/수원",벚나무,2004-04-06,2004,97,37.2575,126.983,39.81
"South Korea/수원",벚나무,2005-04-08,2005,98,37.2575,126.983,39.81
"South Korea/수원",벚나무,2006-04-07,2006,97,37.2575,126.983,39.81
"South Korea/수원",벚나무,2007-04-07,2007,97,37.2575,126.983,39.81
"South Korea/수원",벚나무,2008-04-06,2008,97,37.2575,126.983,39.81
"South Korea/수원",벚나무,2009-04-06,2009,96,37.2575,126.983,39.81
"South Korea/수원",벚나무,2010-04-12,2010,102,37.2575,126.983,39.81
"South Korea/수원",벚나무,2011-04-13,2011,103,37.2575,126.983,39.81
"South Korea/수원",벚나무,2012-04-16,2012,107,37.2575,126.983,39.81
"South Korea/수원",벚나무,2013-04-16,2013,106,37.2575,126.983,39.81
"South Korea/수원",벚나무,2014-03-29,2014,88,37.2575,126.983,39.81
"South Korea/수원",벚나무,2015-04-04,2015,94,37.2575,126.983,39.81
"South Korea/수원",벚나무,2016-04-02,2016,93,37.2575,126.983,39.81
"South Korea/수원",벚나무,2017-04-08,2017,98,37.2575,126.983,39.81
"South Korea/수원",벚나무,2018-04-02,2018,92,37.2575,126.983,39.81
"South Korea/수원",벚나무,2019-04-07,2019,97,37.2575,126.983,39.81
"South Korea/수원",벚나무,2020-03-31,2020,91,37.2575,126.983,39.81
"South Korea/수원",벚나무,2021-03-29,2021,88,37.2575,126.983,39.81
"South Korea/수원",벚나무,2022-04-11,2022,101,37.2575,126.983,39.81
"South Korea/수원",벚나무,2023-03-30,2023,89,37.2575,126.983,39.81
"South Korea/수원",벚나무,2024-04-03,2024,94,37.2575,126.983,39.81
"South Korea/수원",벚나무,2025-04-07,2025,97,37.2575,126.983,39.81
"South Korea/양평",벚나무,1976-04-11,1976,102,37.4886,127.4945,47.26
"South Korea/양평",벚나무,1977-04-14,1977,104,37.4886,127.4945,47.26
"South Korea/양평",벚나무,1978-04-15,1978,105,37.4886,127.4945,47.26
"South Korea/양평",벚나무,1979-04-14,1979,104,37.4886,127.4945,47.26
"South Korea/양평",벚나무,1980-04-22,1980,113,37.4886,127.4945,47.26
"South Korea/양평",벚나무,1981-04-15,1981,105,37.4886,127.4945,47.26
"South Korea/양평",벚나무,1982-04-17,1982,107,37.4886,127.4945,47.26
"South Korea/양평",벚나무,1983-04-17,1983,107,37.4886,127.4945,47.26
"South Korea/양평",벚나무,1984-04-19,1984,110,37.4886,127.4945,47.26
"South Korea/양평",벚나무,1985-04-20,1985,110,37.4886,127.4945,47.26
"South Korea/양평",벚나무,1986-04-23,1986,113,37.4886,127.4945,47.26
"South Korea/양평",벚나무,1987-04-24,1987,114,37.4886,127.4945,47.26
"South Korea/양평",벚나무,1988-04-25,1988,116,37.4886,127.4945,47.26
"South Korea/양평",벚나무,1989-04-05,1989,95,37.4886,127.4945,47.26
"South Korea/양평",벚나무,1990-04-07,1990,97,37.4886,127.4945,47.26
"South Korea/양평",벚나무,1991-04-14,1991,104,37.4886,127.4945,47.26
"South Korea/양평",벚나무,1992-04-01,1992,92,37.4886,127.4945,47.26
"South Korea/양평",벚나무,1993-04-17,1993,107,37.4886,127.4945,47.26
"South Korea/양평",벚나무,1994-04-15,1994,105,37.4886,127.4945,47.26
"South Korea/양평",벚나무,1995-04-14,1995,104,37.4886,127.4945,47.26
"South Korea/양평",벚나무,1996-04-23,1996,114,37.4886,127.4945,47.26
"South Korea/양평",벚나무,1997-04-13,1997,103,37.4886,127.4945,47.26
"South Korea/양평",벚나무,1998-04-07,1998,97,37.4886,127.4945,47.26
"South Korea/양평",벚나무,1999-04-10,1999,100,37.4886,127.4945,47.26
"South Korea/양평",벚나무,2000-04-06,2000,97,37.4886,127.4945,47.26
"South Korea/양평",벚나무,2001-04-16,2001,106,37.4886,127.4945,47.26
"South Korea/양평",벚나무,2002-04-13,2002,103,37.4886,127.4945,47.26
"South Korea/양평",벚나무,2003-04-16,2003,106,37.4886,127.4945,47.26
"South Korea/양평",벚나무,2004-04-15,2004,106,37.4886,127.4945,47.26
"South Korea/양평",벚나무,2005-04-22,2005,112,37.4886,127.4945,47.26
"South Korea/양평",벚나무,2006-04-19,2006,109,37.4886,127.4945,47.26
"South Korea/양평",벚나무,2007-04-17,2007,107,37.4886,127.4945,47.26
"South Korea/양평",벚나무,2008-04-15,2008,106,37.4886,127.4945,47.26
"South Korea/이천",벚나무,1973-04-10,1973,100,37.264,127.4842,80.09
"South Korea/이천",벚나무,1975-04-15,1975,105,37.264,127.4842,80.09
"South Korea/이천",벚나무,1976-04-17,1976,108,37.264,127.4842,80.09
"South Korea/이천",벚나무,1977-04-11,1977,101,37.264,127.4842,80.09
"South Korea/이천",벚나무,1978-04-17,1978,107,37.264,127.4842,80.09
"South Korea/이천",벚나무,1979-04-09,1979,99,37.264,127.4842,80.09
"South Korea/이천",벚나무,1980-04-16,1980,107,37.264,127.4842,80.09
"South Korea/이천",벚나무,1981-04-13,1981,103,37.264,127.4842,80.09
"South Korea/이천",벚나무,1982-04-12,1982,102,37.264,127.4842,80.09
"South Korea/이천",벚나무,1983-04-02,1983,92,37.264,127.4842,80.09
"South Korea/이천",벚나무,1984-04-13,1984,104,37.264,127.4842,80.09
"South Korea/이천",벚나무,1985-04-05,1985,95,37.264,127.4842,80.09
"South Korea/이천",벚나무,1986-04-12,1986,102,37.264,127.4842,80.09
"South Korea/이천",벚나무,1987-04-10,1987,100,37.264,127.4842,80.09
"South Korea/이천",벚나무,1988-04-06,1988,97,37.264,127.4842,80.09
"South Korea/이천",벚나무,1989-04-03,1989,93,37.264,127.4842,80.09
"South Korea/이천",벚나무,1990-04-08,1990,98,37.264,127.4842,80.09
"South Korea/이천",벚나무,1991-04-06,1991,96,37.264,127.4842,80.09
"South Korea/이천",벚나무,1992-04-03,1992,94,37.264,127.4842,80.09
"South Korea/이천",벚나무,1993-04-03,1993,93,37.264,127.4842,80.09
"South Korea/이천",벚나무,1994-04-07,1994,97,37.264,127.4842,80.09
"South Korea/이천",벚나무,1995-04-07,1995,97,37.264,127.4842,80.09
"South Korea/이천",벚나무,1996-04-24,1996,115,37.264,127.4842,80.09
"South Korea/이천",벚나무,1997-04-15,1997,105,37.264,127.4842,80.09
"South Korea/이천",벚나무,1998-04-07,1998,97,37.264,127.4842,80.09
"South Korea/이천",벚나무,1999-04-08,1999,98,37.264,127.4842,80.09
"South Korea/이천",벚나무,2000-04-16,2000,107,37.264,127.4842,80.09
"South Korea/이천",벚나무,2001-04-09,2001,99,37.264,127.4842,80.09
"South Korea/이천",벚나무,2002-03-27,2002,86,37.264,127.4842,80.09
"South Korea/이천",벚나무,2003-04-09,2003,99,37.264,127.4842,80.09
"South Korea/이천",벚나무,2004-04-04,2004,95,37.264,127.4842,80.09
"South Korea/이천",벚나무,2005-04-08,2005,98,37.264,127.4842,80.09
"South Korea/이천",벚나무,2006-04-07,2006,97,37.264,127.4842,80.09
"South Korea/이천",벚나무,2007-04-01,2007,91,37.264,127.4842,80.09
"South Korea/이천",벚나무,2008-04-05,2008,96,37.264,127.4842,80.09
"South Korea/이천",벚나무,2009-04-02,2009,92,37.264,127.4842,80.09
"South Korea/이천",벚나무,2010-04-15,2010,105,37.264,127.4842,80.09
"South Korea/이천",벚나무,2011-04-15,2011,105,37.264,127.4842,80.09
"South Korea/이천",벚나무,2012-04-15,2012,106,37.264,127.4842,80.09
"South Korea/이천",벚나무,2013-04-14,2013,104,37.264,127.4842,80.09
"South Korea/이천",벚나무,2014-04-01,2014,91,37.264,127.4842,80.09
"South Korea/이천",벚나무,2015-04-04,2015,94,37.264,127.4842,80.09
"South Korea/파주",벚나무,2002-04-13,2002,103,37.8859,126.7665,30.59
"South Korea/파주",벚나무,2003-04-13,2003,103,37.8859,126.7665,30.59
"South Korea/파주",벚나무,2004-04-07,2004,98,37.8859,126.7665,30.59
"South Korea/파주",벚나무,2005-04-20,2005,110,37.8859,126.7665,30.59
"South Korea/파주",벚나무,2006-04-10,2006,100,37.8859,126.7665,30.59
"South Korea/파주",벚나무,2007-04-09,2007,99,37.8859,126.7665,30.59
"South Korea/파주",벚나무,2008-04-12,2008,103,37.8859,126.7665,30.59
"South Korea/파주",벚나무,2009-04-12,2009,102,37.8859,126.7665,30.59
"South Korea/파주",벚나무,2010-04-20,2010,110,37.8859,126.7665,30.59
"South Korea/파주",벚나무,2011-04-22,2011,112,37.8859,126.7665,30.59
"South Korea/파주",벚나무,2012-04-18,2012,109,37.8859,126.7665,30.59
"South Korea/파주",벚나무,2013-04-21,2013,111,37.8859,126.7665,30.59
"South Korea/파주",벚나무,2014-04-09,2014,99,37.8859,126.7665,30.59
"South Korea/파주",벚나무,2015-04-13,2015,103,37.8859,126.7665,30.59
"South Korea/거제",벚나무,1974-04-08,1974,98,34.8882,128.6046,44.83
"South Korea/거제",벚나무,1978-04-05,1978,95,34.8882,128.6046,44.83
"South Korea/거제",벚나무,1979-04-06,1979,96,34.8882,128.6046,44.83
"South Korea/거제",벚나무,1980-04-08,1980,99,34.8882,128.6046,44.83
"South Korea/거제",벚나무,1981-04-05,1981,95,34.8882,128.6046,44.83
"South Korea/거제",벚나무,1982-03-28,1982,87,34.8882,128.6046,44.83
"South Korea/거제",벚나무,1983-04-03,1983,93,34.8882,128.6046,44.83
"South Korea/거제",벚나무,1984-04-10,1984,101,34.8882,128.6046,44.83
"South Korea/거제",벚나무,1985-04-01,1985,91,34.8882,128.6046,44.83
"South Korea/거제",벚나무,1986-04-06,1986,96,34.8882,128.6046,44.83
"South Korea/거제",벚나무,1987-03-31,1987,90,34.8882,128.6046,44.83
"South Korea/거제",벚나무,1988-03-31,1988,91,34.8882,128.6046,44.83
"South Korea/거제",벚나무,1989-03-24,1989,83,34.8882,128.6046,44.83
"South Korea/거제",벚나무,1990-03-24,1990,83,34.8882,128.6046,44.83
"South Korea/거제",벚나무,1991-04-07,1991,97,34.8882,128.6046,44.83
"South Korea/거제",벚나무,1992-04-01,1992,92,34.8882,128.6046,44.83
"South Korea/거제",벚나무,1993-03-31,1993,90,34.8882,128.6046,44.83
"South Korea/거제",벚나무,1994-04-02,1994,92,34.8882,128.6046,44.83
"South Korea/거제",벚나무,1995-04-05,1995,95,34.8882,128.6046,44.83
"South Korea/거제",벚나무,1996-04-08,1996,99,34.8882,128.6046,44.83
"South Korea/거제",벚나무,1997-03-28,1997,87,34.8882,128.6046,44.83
"South Korea/거제",벚나무,1998-03-27,1998,86,34.8882,128.6046,44.83
"South Korea/거제",벚나무,1999-03-28,1999,87,34.8882,128.6046,44.83
"South Korea/거제",벚나무,2000-04-01,2000,92,34.8882,128.6046,44.83
"South Korea/거제",벚나무,2001-03-28,2001,87,34.8882,128.6046,44.83
"South Korea/거제",벚나무,2002-03-21,2002,80,34.8882,128.6046,44.83
"South Korea/거제",벚나무,2003-03-28,2003,87,34.8882,128.6046,44.83
"South Korea/거제",벚나무,2004-03-24,2004,84,34.8882,128.6046,44.83
"South Korea/거제",벚나무,2005-04-04,2005,94,34.8882,128.6046,44.83
"South Korea/거제",벚나무,2006-03-27,2006,86,34.8882,128.6046,44.83
"South Korea/거제",벚나무,2007-03-25,2007,84,34.8882,128.6046,44.83
"South Korea/거제",벚나무,2008-03-27,2008,87,34.8882,128.6046,44.83
"South Korea/거창",벚나무,1973-04-05,1973,95,35.6674,127.9099,228.45
"South Korea/거창",벚나무,1974-04-13,1974,103,35.6674,127.9099,228.45
"South Korea/거창",벚나무,1975-04-13,1975,103,35.6674,127.9099,228.45
"South Korea/거창",벚나무,1976-04-13,1976,104,35.6674,127.9099,228.45
"South Korea/거창",벚나무,1977-04-08,1977,98,35.6674,127.9099,228.45
"South Korea/거창",벚나무,1978-04-10,1978,100,35.6674,127.9099,228.45
"South Korea/거창",벚나무,1979-04-10,1979,100,35.6674,127.9099,228.45
"South Korea/거창",벚나무,1980-04-10,1980,101,35.6674,127.9099,228.45
"South Korea/거창",벚나무,1981-04-09,1981,99,35.6674,127.9099,228.45
"South Korea/거창",벚나무,1982-04-05,1982,95,35.6674,127.9099,228.45
"South Korea/거창",벚나무,1983-04-12,1983,102,35.6674,127.9099,228.45
"South Korea/거창",벚나무,1984-04-17,1984,108,35.6674,127.9099,228.45
"South Korea/거창",벚나무,1985-04-16,1985,106,35.6674,127.9099,228.45
"South Korea/거창",벚나무,1986-04-13,1986,103,35.6674,127.9099,228.45
"South Korea/거창",벚나무,1987-04-09,1987,99,35.6674,127.9099,228.45
"South Korea/거창",벚나무,1988-04-15,1988,106,35.6674,127.9099,228.45
"South Korea/거창",벚나무,1989-04-08,1989,98,35.6674,127.9099,228.45
"South Korea/거창",벚나무,1990-04-08,1990,98,35.6674,127.9099,228.45
"South Korea/거창",벚나무,1991-04-11,1991,101,35.6674,127.9099,228.45
"South Korea/거창",벚나무,1992-04-02,1992,93,35.6674,127.9099,228.45
"South Korea/거창",벚나무,1993-04-06,1993,96,35.6674,127.9099,228.45
"South Korea/거창",벚나무,1994-04-07,1994,97,35.6674,127.9099,228.45
"South Korea/거창",벚나무,1995-04-09,1995,99,35.6674,127.9099,228.45
"South Korea/거창",벚나무,1996-04-20,1996,111,35.6674,127.9099,228.45
"South Korea/거창",벚나무,1997-04-08,1997,98,35.6674,127.9099,228.45
"South Korea/거창",벚나무,1998-04-05,1998,95,35.6674,127.9099,228.45
"South Korea/거창",벚나무,1999-04-11,1999,101,35.6674,127.9099,228.45
"South Korea/거창",벚나무,2000-04-08,2000,99,35.6674,127.9099,228.45
"South Korea/거창",벚나무,2001-04-05,2001,95,35.6674,127.9099,228.45
"South Korea/거창",벚나무,2002-03-29,2002,88,35.6674,127.9099,228.45
"South Korea/거창",벚나무,2003-04-05,2003,95,35.6674,127.9099,228.45
"South Korea/거창",벚나무,2004-04-01,2004,92,35.6674,127.9099,228.45
"South Korea/거창",벚나무,2005-04-11,2005,101,35.6674,127.9099,228.45
"South Korea/거창",벚나무,2006-04-05,2006,95,35.6674,127.9099,228.45
"South Korea/거창",벚나무,2007-03-30,2007,89,35.6674,127.9099,228.45
"South Korea/거창",벚나무,2008-04-04,2008,95,35.6674,127.9099,228.45
"South Korea/거창",벚나무,2009-04-01,2009,91,35.6674,127.9099,228.45
"South Korea/거창",벚나무,2010-04-11,2010,101,35.6674,127.9099,228.45
"South Korea/거창",벚나무,2011-04-11,2011,101,35.6674,127.9099,228.45
"South Korea/거창",벚나무,2012-04-12,2012,103,35.6674,127.9099,228.45
"South Korea/거창",벚나무,2013-04-03,2013,93,35.6674,127.9099,228.45
"South Korea/거창",벚나무,2014-03-31,2014,90,35.6674,127.9099,228.45
"South Korea/거창",벚나무,2015-03-31,2015,90,35.6674,127.9099,228.45
"South Korea/남해",벚나무,1973-03-31,1973,90,34.8166,127.9264,45.71
"South Korea/남해",벚나무,1974-04-07,1974,97,34.8166,127.9264,45.71
"South Korea/남해",벚나무,1975-04-06,1975,96,34.8166,127.9264,45.71
"South Korea/남해",벚나무,1976-04-04,1976,95,34.8166,127.9264,45.71
"South Korea/남해",벚나무,1977-04-03,1977,93,34.8166,127.9264,45.71
"South Korea/남해",벚나무,1978-04-09,1978,99,34.8166,127.9264,45.71
"South Korea/남해",벚나무,1979-03-29,1979,88,34.8166,127.9264,45.71
"South Korea/남해",벚나무,1980-04-01,1980,92,34.8166,127.9264,45.71
"South Korea/남해",벚나무,1981-03-31,1981,90,34.8166,127.9264,45.71
"South Korea/남해",벚나무,1982-03-26,1982,85,34.8166,127.9264,45.71
"South Korea/남해",벚나무,1983-04-02,1983,92,34.8166,127.9264,45.71
"South Korea/남해",벚나무,1984-04-11,1984,102,34.8166,127.9264,45.71
"South Korea/남해",벚나무,1985-04-07,1985,97,34.8166,127.9264,45.71
"South Korea/남해",벚나무,1986-04-02,1986,92,34.8166,127.9264,45.71
"South Korea/남해",벚나무,1987-03-31,1987,90,34.8166,127.9264,45.71
"South Korea/남해",벚나무,1988-03-28,1988,88,34.8166,127.9264,45.71
"South Korea/남해",벚나무,1989-03-29,1989,88,34.8166,127.9264,45.71
"South Korea/남해",벚나무,1990-03-24,1990,83,34.8166,127.9264,45.71
"South Korea/남해",벚나무,1991-04-06,1991,96,34.8166,127.9264,45.71
"South Korea/남해",벚나무,1992-03-27,1992,87,34.8166,127.9264,45.71
"South Korea/남해",벚나무,1993-04-01,1993,91,34.8166,127.9264,45.71
"South Korea/남해",벚나무,1994-03-28,1994,87,34.8166,127.9264,45.71
"South Korea/남해",벚나무,1995-04-03,1995,93,34.8166,127.9264,45.71
"South Korea/남해",벚나무,1996-04-09,1996,100,34.8166,127.9264,45.71
"South Korea/남해",벚나무,1997-03-28,1997,87,34.8166,127.9264,45.71
"South Korea/남해",벚나무,1998-03-27,1998,86,34.8166,127.9264,45.71
"South Korea/남해",벚나무,1999-04-01,1999,91,34.8166,127.9264,45.71
"South Korea/남해",벚나무,2000-04-02,2000,93,34.8166,127.9264,45.71
"South Korea/남해",벚나무,2001-03-25,2001,84,34.8166,127.9264,45.71
"South Korea/남해",벚나무,2002-03-21,2002,80,34.8166,127.9264,45.71
"South Korea/남해",벚나무,2003-03-28,2003,87,34.8166,127.9264,45.71
"South Korea/남해",벚나무,2004-03-24,2004,84,34.8166,127.9264,45.71
"South Korea/남해",벚나무,2005-04-05,2005,95,34.8166,127.9264,45.71
"South Korea/남해",벚나무,2006-03-30,2006,89,34.8166,127.9264,45.71
"South Korea/남해",벚나무,2007-03-26,2007,85,34.8166,127.9264,45.71
"South Korea/남해",벚나무,2008-03-28,2008,88,34.8166,127.9264,45.71
"South Korea/밀양",벚나무,1973-04-01,1973,91,35.4915,128.7441,8.31
"South Korea/밀양",벚나무,1974-04-08,1974,98,35.4915,128.7441,8.31
"South Korea/밀양",벚나무,1975-04-07,1975,97,35.4915,128.7441,8.31
"South Korea/밀양",벚나무,1976-04-09,1976,100,35.4915,128.7441,8.31
"South Korea/밀양",벚나무,1977-04-05,1977,95,35.4915,128.7441,8.31
"South Korea/밀양",벚나무,1978-04-08,1978,98,35.4915,128.7441,8.31
"South Korea/밀양",벚나무,1979-03-30,1979,89,35.4915,128.7441,8.31
"South Korea/밀양",벚나무,1980-04-05,1980,96,35.4915,128.7441,8.31
"South Korea/밀양",벚나무,1981-04-03,1981,93,35.4915,128.7441,8.31
"South Korea/밀양",벚나무,1982-03-29,1982,88,35.4915,128.7441,8.31
"South Korea/밀양",벚나무,1983-04-05,1983,95,35.4915,128.7441,8.31
"South Korea/밀양",벚나무,1984-04-11,1984,102,35.4915,128.7441,8.31
"South Korea/밀양",벚나무,1985-04-07,1985,97,35.4915,128.7441,8.31
"South Korea/밀양",벚나무,1986-04-02,1986,92,35.4915,128.7441,8.31
"South Korea/밀양",벚나무,1987-04-02,1987,92,35.4915,128.7441,8.31
"South Korea/밀양",벚나무,1988-04-07,1988,98,35.4915,128.7441,8.31
"South Korea/밀양",벚나무,1989-04-01,1989,91,35.4915,128.7441,8.31
"South Korea/밀양",벚나무,1990-03-29,1990,88,35.4915,128.7441,8.31
"South Korea/밀양",벚나무,1991-04-08,1991,98,35.4915,128.7441,8.31
"South Korea/밀양",벚나무,1992-03-31,1992,91,35.4915,128.7441,8.31
"South Korea/밀양",벚나무,1993-03-31,1993,90,35.4915,128.7441,8.31
"South Korea/밀양",벚나무,1994-04-01,1994,91,35.4915,128.7441,8.31
"South Korea/밀양",벚나무,1995-04-03,1995,93,35.4915,128.7441,8.31
"South Korea/밀양",벚나무,1996-04-11,1996,102,35.4915,128.7441,8.31
"South Korea/밀양",벚나무,1997-03-31,1997,90,35.4915,128.7441,8.31
"South Korea/밀양",벚나무,1998-03-29,1998,88,35.4915,128.7441,8.31
"South Korea/밀양",벚나무,1999-04-02,1999,92,35.4915,128.7441,8.31
"South Korea/밀양",벚나무,2000-04-01,2000,92,35.4915,128.7441,8.31
"South Korea/밀양",벚나무,2001-03-27,2001,86,35.4915,128.7441,8.31
"South Korea/밀양",벚나무,2002-03-21,2002,80,35.4915,128.7441,8.31
"South Korea/밀양",벚나무,2003-03-30,2003,89,35.4915,128.7441,8.31
"South Korea/밀양",벚나무,2004-03-26,2004,86,35.4915,128.7441,8.31
"South Korea/밀양",벚나무,2005-04-06,2005,96,35.4915,128.7441,8.31
"South Korea/밀양",벚나무,2006-03-31,2006,90,35.4915,128.7441,8.31
"South Korea/밀양",벚나무,2007-03-27,2007,86,35.4915,128.7441,8.31
"South Korea/밀양",벚나무,2008-03-28,2008,88,35.4915,128.7441,8.31
"South Korea/북창원",벚나무,1991-04-10,1991,100,35.2266,128.6726,50.95
"South Korea/산청",벚나무,1973-03-18,1973,77,35.413,127.8791,138.22
"South Korea/산청",벚나무,1974-04-08,1974,98,35.413,127.8791,138.22
"South Korea/산청",벚나무,1975-04-03,1975,93,35.413,127.8791,138.22
"South Korea/산청",벚나무,1976-04-07,1976,98,35.413,127.8791,138.22
"South Korea/산청",벚나무,1977-04-03,1977,93,35.413,127.8791,138.22
"South Korea/산청",벚나무,1978-04-01,1978,91,35.413,127.8791,138.22
"South Korea/산청",벚나무,1979-03-31,1979,90,35.413,127.8791,138.22
"South Korea/산청",벚나무,1980-04-05,1980,96,35.413,127.8791,138.22
"South Korea/산청",벚나무,1981-04-03,1981,93,35.413,127.8791,138.22
"South Korea/산청",벚나무,1982-03-31,1982,90,35.413,127.8791,138.22
"South Korea/산청",벚나무,1983-04-08,1983,98,35.413,127.8791,138.22
"South Korea/산청",벚나무,1984-04-13,1984,104,35.413,127.8791,138.22
"South Korea/산청",벚나무,1985-04-10,1985,100,35.413,127.8791,138.22
"South Korea/산청",벚나무,1986-04-07,1986,97,35.413,127.8791,138.22
"South Korea/산청",벚나무,1987-04-03,1987,93,35.413,127.8791,138.22
"South Korea/산청",벚나무,1988-04-09,1988,100,35.413,127.8791,138.22
"South Korea/산청",벚나무,1989-04-01,1989,91,35.413,127.8791,138.22
"South Korea/산청",벚나무,1990-03-22,1990,81,35.413,127.8791,138.22
"South Korea/산청",벚나무,1991-04-05,1991,95,35.413,127.8791,138.22
"South Korea/산청",벚나무,1992-04-01,1992,92,35.413,127.8791,138.22
"South Korea/산청",벚나무,1993-04-04,1993,94,35.413,127.8791,138.22
"South Korea/산청",벚나무,1994-04-04,1994,94,35.413,127.8791,138.22
"South Korea/산청",벚나무,1995-04-01,1995,91,35.413,127.8791,138.22
"South Korea/산청",벚나무,1996-04-13,1996,104,35.413,127.8791,138.22
"South Korea/산청",벚나무,1997-04-03,1997,93,35.413,127.8791,138.22
"South Korea/산청",벚나무,1998-03-28,1998,87,35.413,127.8791,138.22
"South Korea/산청",벚나무,1999-04-02,1999,92,35.413,127.8791,138.22
"South Korea/산청",벚나무,2000-04-03,2000,94,35.413,127.8791,138.22
"South Korea/산청",벚나무,2001-04-02,2001,92,35.413,127.8791,138.22
"South Korea/산청",벚나무,2002-03-22,2002,81,35.413,127.8791,138.22
"South Korea/산청",벚나무,2003-03-31,2003,90,35.413,127.8791,138.22
"South Korea/산청",벚나무,2004-03-27,2004,87,35.413,127.8791,138.22
"South Korea/산청",벚나무,2005-04-04,2005,94,35.413,127.8791,138.22
"South Korea/산청",벚나무,2006-03-30,2006,89,35.413,127.8791,138.22
"South Korea/산청",벚나무,2007-03-26,2007,85,35.413,127.8791,138.22
"South Korea/산청",벚나무,2008-03-28,2008,88,35.413,127.8791,138.22
"South Korea/진주",벚나무,1973-04-01,1973,91,35.1638,128.04,29.35
"South Korea/진주",벚나무,1974-04-10,1974,100,35.1638,128.04,29.35
"South Korea/진주",벚나무,1975-04-05,1975,95,35.1638,128.04,29.35
"South Korea/진주",벚나무,1976-04-01,1976,92,35.1638,128.04,29.35
"South Korea/진주",벚나무,1977-04-03,1977,93,35.1638,128.04,29.35
"South Korea/진주",벚나무,1978-04-02,1978,92,35.1638,128.04,29.35
"South Korea/진주",벚나무,1979-03-31,1979,90,35.1638,128.04,29.35
"South Korea/진주",벚나무,1980-04-03,1980,94,35.1638,128.04,29.35
"South Korea/진주",벚나무,1981-03-30,1981,89,35.1638,128.04,29.35
"South Korea/진주",벚나무,1983-04-09,1983,99,35.1638,128.04,29.35
"South Korea/진주",벚나무,1984-04-13,1984,104,35.1638,128.04,29.35
"South Korea/진주",벚나무,1985-04-08,1985,98,35.1638,128.04,29.35
"South Korea/진주",벚나무,1986-04-07,1986,97,35.1638,128.04,29.35
"South Korea/진주",벚나무,1987-04-03,1987,93,35.1638,128.04,29.35
"South Korea/진주",벚나무,1988-04-08,1988,99,35.1638,128.04,29.35
"South Korea/진주",벚나무,1989-04-01,1989,91,35.1638,128.04,29.35
"South Korea/진주",벚나무,1990-03-30,1990,89,35.1638,128.04,29.35
"South Korea/진주",벚나무,1991-04-08,1991,98,35.1638,128.04,29.35
"South Korea/진주",벚나무,1992-03-31,1992,91,35.1638,128.04,29.35
"South Korea/진주",벚나무,1993-04-03,1993,93,35.1638,128.04,29.35
"South Korea/진주",벚나무,1994-04-06,1994,96,35.1638,128.04,29.35
"South Korea/진주",벚나무,1995-04-05,1995,95,35.1638,128.04,29.35
"South Korea/진주",벚나무,1996-04-15,1996,106,35.1638,128.04,29.35
"South Korea/진주",벚나무,1997-04-01,1997,91,35.1638,128.04,29.35
"South Korea/진주",벚나무,1998-03-28,1998,87,35.1638,128.04,29.35
"South Korea/진주",벚나무,1999-04-03,1999,93,35.1638,128.04,29.35
"South Korea/진주",벚나무,2000-04-03,2000,94,35.1638,128.04,29.35
"South Korea/진주",벚나무,2001-03-31,2001,90,35.1638,128.04,29.35
"South Korea/진주",벚나무,2002-03-22,2002,81,35.1638,128.04,29.35
"South Korea/진주",벚나무,2003-03-28,2003,87,35.1638,128.04,29.35
"South Korea/진주",벚나무,2004-03-29,2004,89,35.1638,128.04,29.35
"South Korea/진주",벚나무,2005-04-06,2005,96,35.1638,128.04,29.35
"South Korea/진주",벚나무,2006-03-31,2006,90,35.1638,128.04,29.35
"South Korea/진주",벚나무,2007-03-27,2007,86,35.1638,128.04,29.35
"South Korea/진주",벚나무,2008-03-31,2008,91,35.1638,128.04,29.35
"South Korea/진주",벚나무,2009-03-23,2009,82,35.1638,128.04,29.35
"South Korea/진주",벚나무,2010-04-03,2010,93,35.1638,128.04,29.35
"South Korea/진주",벚나무,2011-04-08,2011,98,35.1638,128.04,29.35
"South Korea/진주",벚나무,2012-04-07,2012,98,35.1638,128.04,29.35
"South Korea/진주",벚나무,2013-03-27,2013,86,35.1638,128.04,29.35
"South Korea/진주",벚나무,2014-03-27,2014,86,35.1638,128.04,29.35
"South Korea/진주",벚나무,2015-03-29,2015,88,35.1638,128.04,29.35
"South Korea/창원",벚나무,1986-04-05,1986,95,35.1702,128.5728,34.97
"South Korea/창원",벚나무,1987-03-30,1987,89,35.1702,128.5728,34.97
"South Korea/창원",벚나무,1988-04-05,1988,96,35.1702,128.5728,34.97
"South Korea/창원",벚나무,1989-03-30,1989,89,35.1702,128.5728,34.97
"South Korea/창원",벚나무,1990-03-24,1990,83,35.1702,128.5728,34.97
"South Korea/창원",벚나무,1991-04-09,1991,99,35.1702,128.5728,34.97
"South Korea/창원",벚나무,1992-03-27,1992,87,35.1702,128.5728,34.97
"South Korea/창원",벚나무,1993-03-29,1993,88,35.1702,128.5728,34.97
"South Korea/창원",벚나무,1994-04-03,1994,93,35.1702,128.5728,34.97
"South Korea/창원",벚나무,1995-03-30,1995,89,35.1702,128.5728,34.97
"South Korea/창원",벚나무,1996-04-07,1996,98,35.1702,128.5728,34.97
"South Korea/창원",벚나무,1997-03-27,1997,86,35.1702,128.5728,34.97
"South Korea/창원",벚나무,1998-03-25,1998,84,35.1702,128.5728,34.97
"South Korea/창원",벚나무,1999-03-29,1999,88,35.1702,128.5728,34.97
"South Korea/창원",벚나무,2000-03-31,2000,91,35.1702,128.5728,34.97
"South Korea/창원",벚나무,2001-03-27,2001,86,35.1702,128.5728,34.97
"South Korea/창원",벚나무,2002-03-21,2002,80,35.1702,128.5728,34.97
"South Korea/창원",벚나무,2003-03-27,2003,86,35.1702,128.5728,34.97
"South Korea/창원",벚나무,2004-03-22,2004,82,35.1702,128.5728,34.97
"South Korea/창원",벚나무,2005-04-06,2005,96,35.1702,128.5728,34.97
"South Korea/창원",벚나무,2006-03-27,2006,86,35.1702,128.5728,34.97
"South Korea/창원",벚나무,2007-03-27,2007,86,35.1702,128.5728,34.97
"South Korea/창원",벚나무,2008-03-27,2008,87,35.1702,128.5728,34.97
"South Korea/창원",벚나무,2009-03-21,2009,80,35.1702,128.5728,34.97
"South Korea/창원",벚나무,2010-03-29,2010,88,35.1702,128.5728,34.97
"South Korea/창원",벚나무,2011-04-01,2011,91,35.1702,128.5728,34.97
"South Korea/창원",벚나무,2012-04-05,2012,96,35.1702,128.5728,34.97
"South Korea/창원",벚나무,2013-03-22,2013,81,35.1702,128.5728,34.97
"South Korea/창원",벚나무,2014-03-26,2014,85,35.1702,128.5728,34.97
"South Korea/창원",벚나무,2015-03-28,2015,87,35.1702,128.5728,34.97
"South Korea/창원",벚나무,2016-03-28,2016,88,35.1702,128.5728,34.97
"South Korea/창원",벚나무,2017-03-27,2017,86,35.1702,128.5728,34.97
"South Korea/창원",벚나무,2018-03-28,2018,87,35.1702,128.5728,34.97
"South Korea/창원",벚나무,2019-03-21,2019,80,35.1702,128.5728,34.97
"South Korea/창원",벚나무,2020-03-23,2020,83,35.1702,128.5728,34.97
"South Korea/창원",벚나무,2021-03-18,2021,77,35.1702,128.5728,34.97
"South Korea/창원",벚나무,2022-03-27,2022,86,35.1702,128.5728,34.97
"South Korea/창원",벚나무,2023-03-21,2023,80,35.1702,128.5728,34.97
"South Korea/창원",벚나무,2024-03-23,2024,83,35.1702,128.5728,34.97
"South Korea/창원",벚나무,2025-03-27,2025,86,35.1702,128.5728,34.97
"South Korea/통영",벚나무,1973-03-30,1973,89,34.8454,128.4356,31.24
"South Korea/통영",벚나무,1974-04-06,1974,96,34.8454,128.4356,31.24
"South Korea/통영",벚나무,1975-04-02,1975,92,34.8454,128.4356,31.24
"South Korea/통영",벚나무,1976-03-30,1976,90,34.8454,128.4356,31.24
"South Korea/통영",벚나무,1977-03-31,1977,90,34.8454,128.4356,31.24
"South Korea/통영",벚나무,1978-04-04,1978,94,34.8454,128.4356,31.24
"South Korea/통영",벚나무,1979-04-06,1979,96,34.8454,128.4356,31.24
"South Korea/통영",벚나무,1980-04-03,1980,94,34.8454,128.4356,31.24
"South Korea/통영",벚나무,1981-04-02,1981,92,34.8454,128.4356,31.24
"South Korea/통영",벚나무,1982-03-24,1982,83,34.8454,128.4356,31.24
"South Korea/통영",벚나무,1983-04-01,1983,91,34.8454,128.4356,31.24
"South Korea/통영",벚나무,1984-04-11,1984,102,34.8454,128.4356,31.24
"South Korea/통영",벚나무,1985-04-04,1985,94,34.8454,128.4356,31.24
"South Korea/통영",벚나무,1986-04-04,1986,94,34.8454,128.4356,31.24
"South Korea/통영",벚나무,1987-03-24,1987,83,34.8454,128.4356,31.24
"South Korea/통영",벚나무,1988-04-05,1988,96,34.8454,128.4356,31.24
"South Korea/통영",벚나무,1989-03-18,1989,77,34.8454,128.4356,31.24
"South Korea/통영",벚나무,1990-03-24,1990,83,34.8454,128.4356,31.24
"South Korea/통영",벚나무,1991-04-06,1991,96,34.8454,128.4356,31.24
"South Korea/통영",벚나무,1992-03-24,1992,84,34.8454,128.4356,31.24
"South Korea/통영",벚나무,1993-03-29,1993,88,34.8454,128.4356,31.24
"South Korea/통영",벚나무,1994-04-03,1994,93,34.8454,128.4356,31.24
"South Korea/통영",벚나무,1995-04-01,1995,91,34.8454,128.4356,31.24
"South Korea/통영",벚나무,1996-04-08,1996,99,34.8454,128.4356,31.24
"South Korea/통영",벚나무,1997-03-27,1997,86,34.8454,128.4356,31.24
"South Korea/통영",벚나무,1998-03-24,1998,83,34.8454,128.4356,31.24
"South Korea/통영",벚나무,1999-03-31,1999,90,34.8454,128.4356,31.24
"South Korea/통영",벚나무,2000-04-02,2000,93,34.8454,128.4356,31.24
"South Korea/통영",벚나무,2001-04-01,2001,91,34.8454,128.4356,31.24
"South Korea/통영",벚나무,2002-03-21,2002,80,34.8454,128.4356,31.24
"South Korea/통영",벚나무,2003-03-28,2003,87,34.8454,128.4356,31.24
"South Korea/통영",벚나무,2004-03-24,2004,84,34.8454,128.4356,31.24
"South Korea/통영",벚나무,2005-04-04,2005,94,34.8454,128.4356,31.24
"South Korea/통영",벚나무,2006-03-26,2006,85,34.8454,128.4356,31.24
"South Korea/통영",벚나무,2007-03-25,2007,84,34.8454,128.4356,31.24
"South Korea/통영",벚나무,2008-03-30,2008,90,34.8454,128.4356,31.24
"South Korea/통영",벚나무,2009-03-23,2009,82,34.8454,128.4356,31.24
"South Korea/통영",벚나무,2010-03-30,2010,89,34.8454,128.4356,31.24
"South Korea/통영",벚나무,2011-03-31,2011,90,34.8454,128.4356,31.24
"South Korea/통영",벚나무,2012-04-05,2012,96,34.8454,128.4356,31.24
"South Korea/통영",벚나무,2013-03-25,2013,84,34.8454,128.4356,31.24
"South Korea/통영",벚나무,2014-03-27,2014,86,34.8454,128.4356,31.24
"South Korea/통영",벚나무,2015-03-28,2015,87,34.8454,128.4356,31.24
"South Korea/합천",벚나무,1973-03-16,1973,75,35.5651,128.1699,26.72
"South Korea/합천",벚나무,1974-04-08,1974,98,35.5651,128.1699,26.72
"South Korea/합천",벚나무,1975-04-05,1975,95,35.5651,128.1699,26.72
"South Korea/합천",벚나무,1976-04-07,1976,98,35.5651,128.1699,26.72
"South Korea/합천",벚나무,1977-04-03,1977,93,35.5651,128.1699,26.72
"South Korea/합천",벚나무,1978-04-06,1978,96,35.5651,128.1699,26.72
"South Korea/합천",벚나무,1979-03-31,1979,90,35.5651,128.1699,26.72
"South Korea/합천",벚나무,1980-04-07,1980,98,35.5651,128.1699,26.72
"South Korea/합천",벚나무,1981-04-04,1981,94,35.5651,128.1699,26.72
"South Korea/합천",벚나무,1982-03-31,1982,90,35.5651,128.1699,26.72
"South Korea/합천",벚나무,1983-04-07,1983,97,35.5651,128.1699,26.72
"South Korea/합천",벚나무,1984-04-14,1984,105,35.5651,128.1699,26.72
"South Korea/합천",벚나무,1985-04-08,1985,98,35.5651,128.1699,26.72
"South Korea/합천",벚나무,1986-04-05,1986,95,35.5651,128.1699,26.72
"South Korea/합천",벚나무,1987-04-02,1987,92,35.5651,128.1699,26.72
"South Korea/합천",벚나무,1988-04-08,1988,99,35.5651,128.1699,26.72
"South Korea/합천",벚나무,1989-04-11,1989,101,35.5651,128.1699,26.72
"South Korea/합천",벚나무,1990-03-27,1990,86,35.5651,128.1699,26.72
"South Korea/합천",벚나무,1991-04-09,1991,99,35.5651,128.1699,26.72
"South Korea/합천",벚나무,1992-03-30,1992,90,35.5651,128.1699,26.72
"South Korea/합천",벚나무,1993-03-29,1993,88,35.5651,128.1699,26.72
"South Korea/합천",벚나무,1994-04-01,1994,91,35.5651,128.1699,26.72
"South Korea/합천",벚나무,1995-03-30,1995,89,35.5651,128.1699,26.72
"South Korea/합천",벚나무,1996-04-09,1996,100,35.5651,128.1699,26.72
"South Korea/합천",벚나무,1997-03-27,1997,86,35.5651,128.1699,26.72
"South Korea/합천",벚나무,1998-03-29,1998,88,35.5651,128.1699,26.72
"South Korea/합천",벚나무,1999-03-30,1999,89,35.5651,128.1699,26.72
"South Korea/합천",벚나무,2000-03-31,2000,91,35.5651,128.1699,26.72
"South Korea/합천",벚나무,2001-03-27,2001,86,35.5651,128.1699,26.72
"South Korea/합천",벚나무,2002-03-19,2002,78,35.5651,128.1699,26.72
"South Korea/합천",벚나무,2003-04-01,2003,91,35.5651,128.1699,26.72
"South Korea/합천",벚나무,2004-03-24,2004,84,35.5651,128.1699,26.72
"South Korea/합천",벚나무,2005-04-02,2005,92,35.5651,128.1699,26.72
"South Korea/합천",벚나무,2006-03-27,2006,86,35.5651,128.1699,26.72
"South Korea/합천",벚나무,2007-03-23,2007,82,35.5651,128.1699,26.72
"South Korea/합천",벚나무,2008-03-26,2008,86,35.5651,128.1699,26.72
"South Korea/구미",벚나무,1974-04-14,1974,104,36.1306,128.3206,49.17
"South Korea/구미",벚나무,1975-04-09,1975,99,36.1306,128.3206,49.17
"South Korea/구미",벚나무,1976-04-10,1976,101,36.1306,128.3206,49.17
"South Korea/구미",벚나무,1977-04-10,1977,100,36.1306,128.3206,49.17
"South Korea/구미",벚나무,1978-04-08,1978,98,36.1306,128.3206,49.17
"South Korea/구미",벚나무,1979-04-06,1979,96,36.1306,128.3206,49.17
"South Korea/구미",벚나무,1980-04-09,1980,100,36.1306,128.3206,49.17
"South Korea/구미",벚나무,1981-04-08,1981,98,36.1306,128.3206,49.17
"South Korea/구미",벚나무,1982-04-03,1982,93,36.1306,128.3206,49.17
"South Korea/구미",벚나무,1983-04-09,1983,99,36.1306,128.3206,49.17
"South Korea/구미",벚나무,1984-04-16,1984,107,36.1306,128.3206,49.17
"South Korea/구미",벚나무,1985-04-11,1985,101,36.1306,128.3206,49.17
"South Korea/구미",벚나무,1986-04-11,1986,101,36.1306,128.3206,49.17
"South Korea/구미",벚나무,1987-04-08,1987,98,36.1306,128.3206,49.17
"South Korea/구미",벚나무,1988-04-13,1988,104,36.1306,128.3206,49.17
"South Korea/구미",벚나무,1989-04-04,1989,94,36.1306,128.3206,49.17
"South Korea/구미",벚나무,1990-03-28,1990,87,36.1306,128.3206,49.17
"South Korea/구미",벚나무,1991-04-11,1991,101,36.1306,128.3206,49.17
"South Korea/구미",벚나무,1992-03-31,1992,91,36.1306,128.3206,49.17
"South Korea/구미",벚나무,1993-04-03,1993,93,36.1306,128.3206,49.17
"South Korea/구미",벚나무,1994-04-06,1994,96,36.1306,128.3206,49.17
"South Korea/구미",벚나무,1995-04-05,1995,95,36.1306,128.3206,49.17
"South Korea/구미",벚나무,1996-04-15,1996,106,36.1306,128.3206,49.17
"South Korea/구미",벚나무,1997-04-01,1997,91,36.1306,128.3206,49.17
"South Korea/구미",벚나무,1998-03-28,1998,87,36.1306,128.3206,49.17
"South Korea/구미",벚나무,1999-04-02,1999,92,36.1306,128.3206,49.17
"South Korea/구미",벚나무,2000-04-12,2000,103,36.1306,128.3206,49.17
"South Korea/구미",벚나무,2001-04-01,2001,91,36.1306,128.3206,49.17
"South Korea/구미",벚나무,2002-03-25,2002,84,36.1306,128.3206,49.17
"South Korea/구미",벚나무,2003-04-01,2003,91,36.1306,128.3206,49.17
"South Korea/구미",벚나무,2004-03-28,2004,88,36.1306,128.3206,49.17
"South Korea/구미",벚나무,2005-04-07,2005,97,36.1306,128.3206,49.17
"South Korea/구미",벚나무,2006-04-03,2006,93,36.1306,128.3206,49.17
"South Korea/구미",벚나무,2007-03-28,2007,87,36.1306,128.3206,49.17
"South Korea/구미",벚나무,2008-04-01,2008,92,36.1306,128.3206,49.17
"South Korea/구미",벚나무,2009-03-25,2009,84,36.1306,128.3206,49.17
"South Korea/구미",벚나무,2010-04-08,2010,98,36.1306,128.3206,49.17
"South Korea/구미",벚나무,2011-04-07,2011,97,36.1306,128.3206,49.17
"South Korea/구미",벚나무,2012-04-09,2012,100,36.1306,128.3206,49.17
"South Korea/구미",벚나무,2013-03-31,2013,90,36.1306,128.3206,49.17
"South Korea/구미",벚나무,2014-03-28,2014,87,36.1306,128.3206,49.17
"South Korea/구미",벚나무,2015-03-28,2015,87,36.1306,128.3206,49.17
"South Korea/문경",벚나무,1973-03-29,1973,88,36.6273,128.1488,173.01
"South Korea/문경",벚나무,1974-04-14,1974,104,36.6273,128.1488,173.01
"South Korea/문경",벚나무,1975-04-17,1975,107,36.6273,128.1488,173.01
"South Korea/문경",벚나무,1976-04-19,1976,110,36.6273,128.1488,173.01
"South Korea/문경",벚나무,1977-04-16,1977,106,36.6273,128.1488,173.01
"South Korea/문경",벚나무,1978-04-13,1978,103,36.6273,128.1488,173.01
"South Korea/문경",벚나무,1979-04-07,1979,97,36.6273,128.1488,173.01
"South Korea/문경",벚나무,1980-04-11,1980,102,36.6273,128.1488,173.01
"South Korea/문경",벚나무,1981-04-08,1981,98,36.6273,128.1488,173.01
"South Korea/문경",벚나무,1982-04-07,1982,97,36.6273,128.1488,173.01
"South Korea/문경",벚나무,1983-04-08,1983,98,36.6273,128.1488,173.01
"South Korea/문경",벚나무,1984-04-17,1984,108,36.6273,128.1488,173.01
"South Korea/문경",벚나무,1985-04-12,1985,102,36.6273,128.1488,173.01
"South Korea/문경",벚나무,1986-04-17,1986,107,36.6273,128.1488,173.01
"South Korea/문경",벚나무,1987-04-10,1987,100,36.6273,128.1488,173.01
"South Korea/문경",벚나무,1988-04-14,1988,105,36.6273,128.1488,173.01
"South Korea/문경",벚나무,1989-04-01,1989,91,36.6273,128.1488,173.01
"South Korea/문경",벚나무,1990-04-06,1990,96,36.6273,128.1488,173.01
"South Korea/문경",벚나무,1991-04-08,1991,98,36.6273,128.1488,173.01
"South Korea/문경",벚나무,1992-04-03,1992,94,36.6273,128.1488,173.01
"South Korea/문경",벚나무,1993-04-13,1993,103,36.6273,128.1488,173.01
"South Korea/문경",벚나무,1994-04-09,1994,99,36.6273,128.1488,173.01
"South Korea/문경",벚나무,1995-04-13,1995,103,36.6273,128.1488,173.01
"South Korea/문경",벚나무,1996-04-18,1996,109,36.6273,128.1488,173.01
"South Korea/문경",벚나무,1997-04-16,1997,106,36.6273,128.1488,173.01
"South Korea/문경",벚나무,1998-04-08,1998,98,36.6273,128.1488,173.01
"South Korea/문경",벚나무,1999-04-09,1999,99,36.6273,128.1488,173.01
"South Korea/문경",벚나무,2000-04-09,2000,100,36.6273,128.1488,173.01
"South Korea/문경",벚나무,2001-04-08,2001,98,36.6273,128.1488,173.01
"South Korea/문경",벚나무,2002-03-25,2002,84,36.6273,128.1488,173.01
"South Korea/문경",벚나무,2003-04-13,2003,103,36.6273,128.1488,173.01
"South Korea/문경",벚나무,2004-04-06,2004,97,36.6273,128.1488,173.01
"South Korea/문경",벚나무,2005-04-15,2005,105,36.6273,128.1488,173.01
"South Korea/문경",벚나무,2006-04-08,2006,98,36.6273,128.1488,173.01
"South Korea/문경",벚나무,2008-04-07,2008,98,36.6273,128.1488,173.01
"South Korea/봉화",벚나무,1988-04-22,1988,113,36.9436,128.9145,324.67
"South Korea/봉화",벚나무,1990-04-08,1990,98,36.9436,128.9145,324.67
"South Korea/봉화",벚나무,1991-04-15,1991,105,36.9436,128.9145,324.67
"South Korea/봉화",벚나무,1992-04-06,1992,97,36.9436,128.9145,324.67
"South Korea/봉화",벚나무,1993-04-16,1993,106,36.9436,128.9145,324.67
"South Korea/봉화",벚나무,1994-04-11,1994,101,36.9436,128.9145,324.67
"South Korea/봉화",벚나무,1995-04-23,1995,113,36.9436,128.9145,324.67
"South Korea/봉화",벚나무,1996-04-27,1996,118,36.9436,128.9145,324.67
"South Korea/봉화",벚나무,1997-04-21,1997,111,36.9436,128.9145,324.67
"South Korea/봉화",벚나무,1998-04-13,1998,103,36.9436,128.9145,324.67
"South Korea/봉화",벚나무,1999-04-20,1999,110,36.9436,128.9145,324.67
"South Korea/봉화",벚나무,2000-04-23,2000,114,36.9436,128.9145,324.67
"South Korea/봉화",벚나무,2001-04-17,2001,107,36.9436,128.9145,324.67
"South Korea/봉화",벚나무,2002-04-07,2002,97,36.9436,128.9145,324.67
"South Korea/봉화",벚나무,2003-04-18,2003,108,36.9436,128.9145,324.67
"South Korea/봉화",벚나무,2004-04-12,2004,103,36.9436,128.9145,324.67
"South Korea/봉화",벚나무,2005-04-19,2005,109,36.9436,128.9145,324.67
"South Korea/봉화",벚나무,2006-04-18,2006,108,36.9436,128.9145,324.67
"South Korea/봉화",벚나무,2007-04-13,2007,103,36.9436,128.9145,324.67
"South Korea/봉화",벚나무,2008-04-16,2008,107,36.9436,128.9145,324.67
"South Korea/상주",벚나무,2002-03-29,2002,88,36.4084,128.1574,96.58
"South Korea/상주",벚나무,2003-04-02,2003,92,36.4084,128.1574,96.58
"South Korea/상주",벚나무,2004-03-30,2004,90,36.4084,128.1574,96.58
"South Korea/상주",벚나무,2005-04-08,2005,98,36.4084,128.1574,96.58
"South Korea/상주",벚나무,2006-04-03,2006,93,36.4084,128.1574,96.58
"South Korea/상주",벚나무,2007-04-01,2007,91,36.4084,128.1574,96.58
"South Korea/상주",벚나무,2008-04-03,2008,94,36.4084,128.1574,96.58
"South Korea/상주",벚나무,2009-03-27,2009,86,36.4084,128.1574,96.58
"South Korea/상주",벚나무,2010-04-12,2010,102,36.4084,128.1574,96.58
"South Korea/상주",벚나무,2011-04-11,2011,101,36.4084,128.1574,96.58
"South Korea/상주",벚나무,2012-04-12,2012,103,36.4084,128.1574,96.58
"South Korea/상주",벚나무,2013-04-05,2013,95,36.4084,128.1574,96.58
"South Korea/상주",벚나무,2014-03-31,2014,90,36.4084,128.1574,96.58
"South Korea/상주",벚나무,2015-03-30,2015,89,36.4084,128.1574,96.58
"South Korea/안동",벚나무,1973-04-08,1973,98,36.5729,128.7073,141.26
"South Korea/안동",벚나무,1974-04-16,1974,106,36.5729,128.7073,141.26
"South Korea/안동",벚나무,1975-04-13,1975,103,36.5729,128.7073,141.26
"South Korea/안동",벚나무,1976-04-14,1976,105,36.5729,128.7073,141.26
"South Korea/안동",벚나무,1977-04-09,1977,99,36.5729,128.7073,141.26
"South Korea/안동",벚나무,1978-04-09,1978,99,36.5729,128.7073,141.26
"South Korea/안동",벚나무,1981-04-06,1981,96,36.5729,128.7073,141.26
"South Korea/안동",벚나무,1983-04-11,1983,101,36.5729,128.7073,141.26
"South Korea/안동",벚나무,1984-04-17,1984,108,36.5729,128.7073,141.26
"South Korea/안동",벚나무,1985-04-12,1985,102,36.5729,128.7073,141.26
"South Korea/안동",벚나무,1986-04-08,1986,98,36.5729,128.7073,141.26
"South Korea/안동",벚나무,1987-04-10,1987,100,36.5729,128.7073,141.26
"South Korea/안동",벚나무,1988-04-15,1988,106,36.5729,128.7073,141.26
"South Korea/안동",벚나무,1989-04-05,1989,95,36.5729,128.7073,141.26
"South Korea/안동",벚나무,1990-04-02,1990,92,36.5729,128.7073,141.26
"South Korea/안동",벚나무,1991-04-11,1991,101,36.5729,128.7073,141.26
"South Korea/안동",벚나무,1992-04-03,1992,94,36.5729,128.7073,141.26
"South Korea/안동",벚나무,1993-04-05,1993,95,36.5729,128.7073,141.26
"South Korea/안동",벚나무,1994-04-05,1994,95,36.5729,128.7073,141.26
"South Korea/안동",벚나무,1995-04-07,1995,97,36.5729,128.7073,141.26
"South Korea/안동",벚나무,1996-04-16,1996,107,36.5729,128.7073,141.26
"South Korea/안동",벚나무,1997-04-09,1997,99,36.5729,128.7073,141.26
"South Korea/안동",벚나무,1998-04-04,1998,94,36.5729,128.7073,141.26
"South Korea/안동",벚나무,1999-04-03,1999,93,36.5729,128.7073,141.26
"South Korea/안동",벚나무,2000-04-08,2000,99,36.5729,128.7073,141.26
"South Korea/안동",벚나무,2001-04-02,2001,92,36.5729,128.7073,141.26
"South Korea/안동",벚나무,2002-03-27,2002,86,36.5729,128.7073,141.26
"South Korea/안동",벚나무,2003-04-01,2003,91,36.5729,128.7073,141.26
"South Korea/안동",벚나무,2004-04-01,2004,92,36.5729,128.7073,141.26
"South Korea/안동",벚나무,2005-04-09,2005,99,36.5729,128.7073,141.26
"South Korea/안동",벚나무,2006-04-07,2006,97,36.5729,128.7073,141.26
"South Korea/안동",벚나무,2007-04-04,2007,94,36.5729,128.7073,141.26
"South Korea/안동",벚나무,2008-04-06,2008,97,36.5729,128.7073,141.26
"South Korea/안동",벚나무,2009-03-29,2009,88,36.5729,128.7073,141.26
"South Korea/안동",벚나무,2010-04-10,2010,100,36.5729,128.7073,141.26
"South Korea/안동",벚나무,2011-04-11,2011,101,36.5729,128.7073,141.26
"South Korea/안동",벚나무,2012-04-11,2012,102,36.5729,128.7073,141.26
"South Korea/안동",벚나무,2013-04-05,2013,95,36.5729,128.7073,141.26
"South Korea/안동",벚나무,2014-04-01,2014,91,36.5729,128.7073,141.26
"South Korea/안동",벚나무,2015-04-01,2015,91,36.5729,128.7073,141.26
"South Korea/안동",벚나무,2016-04-02,2016,93,36.5729,128.7073,141.26
"South Korea/안동",벚나무,2017-04-05,2017,95,36.5729,128.7073,141.26
"South Korea/안동",벚나무,2018-03-30,2018,89,36.5729,128.7073,141.26
"South Korea/안동",벚나무,2019-03-30,2019,89,36.5729,128.7073,141.26
"South Korea/안동",벚나무,2020-03-27,2020,87,36.5729,128.7073,141.26
"South Korea/안동",벚나무,2021-03-26,2021,85,36.5729,128.7073,141.26
"South Korea/안동",벚나무,2022-04-02,2022,92,36.5729,128.7073,141.26
"South Korea/안동",벚나무,2023-03-23,2023,82,36.5729,128.7073,141.26
"South Korea/안동",벚나무,2024-04-01,2024,92,36.5729,128.7073,141.26
"South Korea/안동",벚나무,2025-04-02,2025,92,36.5729,128.7073,141.26
"South Korea/영덕",벚나무,1973-04-08,1973,98,36.5334,129.4093,40.71
"South Korea/영덕",벚나무,1974-04-13,1974,103,36.5334,129.4093,40.71
"South Korea/영덕",벚나무,1975-04-12,1975,102,36.5334,129.4093,40.71
"South Korea/영덕",벚나무,1976-04-14,1976,105,36.5334,129.4093,40.71
"South Korea/영덕",벚나무,1977-04-07,1977,97,36.5334,129.4093,40.71
"South Korea/영덕",벚나무,1978-04-08,1978,98,36.5334,129.4093,40.71
"South Korea/영덕",벚나무,1979-04-17,1979,107,36.5334,129.4093,40.71
"South Korea/영덕",벚나무,1980-04-07,1980,98,36.5334,129.4093,40.71
"South Korea/영덕",벚나무,1981-04-13,1981,103,36.5334,129.4093,40.71
"South Korea/영덕",벚나무,1982-04-02,1982,92,36.5334,129.4093,40.71
"South Korea/영덕",벚나무,1983-04-06,1983,96,36.5334,129.4093,40.71
"South Korea/영덕",벚나무,1984-04-17,1984,108,36.5334,129.4093,40.71
"South Korea/영덕",벚나무,1985-04-11,1985,101,36.5334,129.4093,40.71
"South Korea/영덕",벚나무,1986-04-11,1986,101,36.5334,129.4093,40.71
"South Korea/영덕",벚나무,1987-04-06,1987,96,36.5334,129.4093,40.71
"South Korea/영덕",벚나무,1988-04-15,1988,106,36.5334,129.4093,40.71
"South Korea/영덕",벚나무,1989-04-07,1989,97,36.5334,129.4093,40.71
"South Korea/영덕",벚나무,1990-03-29,1990,88,36.5334,129.4093,40.71
"South Korea/영덕",벚나무,1991-04-14,1991,104,36.5334,129.4093,40.71
"South Korea/영덕",벚나무,1992-04-02,1992,93,36.5334,129.4093,40.71
"South Korea/영덕",벚나무,1993-04-06,1993,96,36.5334,129.4093,40.71
"South Korea/영덕",벚나무,1994-04-03,1994,93,36.5334,129.4093,40.71
"South Korea/영덕",벚나무,1995-04-03,1995,93,36.5334,129.4093,40.71
"South Korea/영덕",벚나무,1996-04-10,1996,101,36.5334,129.4093,40.71
"South Korea/영덕",벚나무,1997-03-31,1997,90,36.5334,129.4093,40.71
"South Korea/영덕",벚나무,1998-03-30,1998,89,36.5334,129.4093,40.71
"South Korea/영덕",벚나무,1999-04-05,1999,95,36.5334,129.4093,40.71
"South Korea/영덕",벚나무,2000-04-05,2000,96,36.5334,129.4093,40.71
"South Korea/영덕",벚나무,2001-04-03,2001,93,36.5334,129.4093,40.71
"South Korea/영덕",벚나무,2002-03-25,2002,84,36.5334,129.4093,40.71
"South Korea/영덕",벚나무,2003-04-05,2003,95,36.5334,129.4093,40.71
"South Korea/영덕",벚나무,2004-03-28,2004,88,36.5334,129.4093,40.71
"South Korea/영덕",벚나무,2005-04-07,2005,97,36.5334,129.4093,40.71
"South Korea/영덕",벚나무,2006-04-01,2006,91,36.5334,129.4093,40.71
"South Korea/영덕",벚나무,2007-03-28,2007,87,36.5334,129.4093,40.71
"South Korea/영덕",벚나무,2008-04-03,2008,94,36.5334,129.4093,40.71
"South Korea/영주",벚나무,1973-04-13,1973,103,36.8718,128.5169,211.32
"South Korea/영주",벚나무,1974-04-20,1974,110,36.8718,128.5169,211.32
"South Korea/영주",벚나무,1975-04-15,1975,105,36.8718,128.5169,211.32
"South Korea/영주",벚나무,1976-04-16,1976,107,36.8718,128.5169,211.32
"South Korea/영주",벚나무,1977-04-20,1977,110,36.8718,128.5169,211.32
"South Korea/영주",벚나무,1978-04-12,1978,102,36.8718,128.5169,211.32
"South Korea/영주",벚나무,1979-04-12,1979,102,36.8718,128.5169,211.32
"South Korea/영주",벚나무,1980-04-14,1980,105,36.8718,128.5169,211.32
"South Korea/영주",벚나무,1981-04-11,1981,101,36.8718,128.5169,211.32
"South Korea/영주",벚나무,1982-04-03,1982,93,36.8718,128.5169,211.32
"South Korea/영주",벚나무,1983-04-08,1983,98,36.8718,128.5169,211.32
"South Korea/영주",벚나무,1984-04-18,1984,109,36.8718,128.5169,211.32
"South Korea/영주",벚나무,1985-04-13,1985,103,36.8718,128.5169,211.32
"South Korea/영주",벚나무,1986-04-15,1986,105,36.8718,128.5169,211.32
"South Korea/영주",벚나무,1987-04-13,1987,103,36.8718,128.5169,211.32
"South Korea/영주",벚나무,1988-04-13,1988,104,36.8718,128.5169,211.32
"South Korea/영주",벚나무,1989-04-07,1989,97,36.8718,128.5169,211.32
"South Korea/영주",벚나무,1990-04-04,1990,94,36.8718,128.5169,211.32
"South Korea/영주",벚나무,1991-04-16,1991,106,36.8718,128.5169,211.32
"South Korea/영주",벚나무,1992-04-05,1992,96,36.8718,128.5169,211.32
"South Korea/영주",벚나무,1993-04-06,1993,96,36.8718,128.5169,211.32
"South Korea/영주",벚나무,1994-04-08,1994,98,36.8718,128.5169,211.32
"South Korea/영주",벚나무,1995-04-14,1995,104,36.8718,128.5169,211.32
"South Korea/영주",벚나무,1996-04-24,1996,115,36.8718,128.5169,211.32
"South Korea/영주",벚나무,1997-04-11,1997,101,36.8718,128.5169,211.32
"South Korea/영주",벚나무,1998-04-06,1998,96,36.8718,128.5169,211.32
"South Korea/영주",벚나무,1999-04-12,1999,102,36.8718,128.5169,211.32
"South Korea/영주",벚나무,2000-04-13,2000,104,36.8718,128.5169,211.32
"South Korea/영주",벚나무,2001-04-10,2001,100,36.8718,128.5169,211.32
"South Korea/영주",벚나무,2002-04-01,2002,91,36.8718,128.5169,211.32
"South Korea/영주",벚나무,2003-04-11,2003,101,36.8718,128.5169,211.32
"South Korea/영주",벚나무,2004-04-08,2004,99,36.8718,128.5169,211.32
"South Korea/영주",벚나무,2005-04-14,2005,104,36.8718,128.5169,211.32
"South Korea/영주",벚나무,2006-04-10,2006,100,36.8718,128.5169,211.32
"South Korea/영주",벚나무,2007-04-08,2007,98,36.8718,128.5169,211.32
"South Korea/영주",벚나무,2008-04-08,2008,99,36.8718,128.5169,211.32
"South Korea/영천",벚나무,1973-04-06,1973,96,35.9774,128.9514,96.12
"South Korea/영천",벚나무,1974-04-11,1974,101,35.9774,128.9514,96.12
"South Korea/영천",벚나무,1975-04-08,1975,98,35.9774,128.9514,96.12
"South Korea/영천",벚나무,1976-04-09,1976,100,35.9774,128.9514,96.12
"South Korea/영천",벚나무,1977-04-07,1977,97,35.9774,128.9514,96.12
"South Korea/영천",벚나무,1978-04-06,1978,96,35.9774,128.9514,96.12
"South Korea/영천",벚나무,1979-04-08,1979,98,35.9774,128.9514,96.12
"South Korea/영천",벚나무,1980-04-10,1980,101,35.9774,128.9514,96.12
"South Korea/영천",벚나무,1981-04-07,1981,97,35.9774,128.9514,96.12
"South Korea/영천",벚나무,1982-04-02,1982,92,35.9774,128.9514,96.12
"South Korea/영천",벚나무,1983-04-09,1983,99,35.9774,128.9514,96.12
"South Korea/영천",벚나무,1984-04-16,1984,107,35.9774,128.9514,96.12
"South Korea/영천",벚나무,1985-04-13,1985,103,35.9774,128.9514,96.12
"South Korea/영천",벚나무,1986-04-10,1986,100,35.9774,128.9514,96.12
"South Korea/영천",벚나무,1987-04-06,1987,96,35.9774,128.9514,96.12
"South Korea/영천",벚나무,1988-04-13,1988,104,35.9774,128.9514,96.12
"South Korea/영천",벚나무,1989-04-03,1989,93,35.9774,128.9514,96.12
"South Korea/영천",벚나무,1990-03-31,1990,90,35.9774,128.9514,96.12
"South Korea/영천",벚나무,1991-04-06,1991,96,35.9774,128.9514,96.12
"South Korea/영천",벚나무,1992-04-04,1992,95,35.9774,128.9514,96.12
"South Korea/영천",벚나무,1993-04-03,1993,93,35.9774,128.9514,96.12
"South Korea/영천",벚나무,1994-04-02,1994,92,35.9774,128.9514,96.12
"South Korea/영천",벚나무,1995-04-09,1995,99,35.9774,128.9514,96.12
"South Korea/영천",벚나무,1996-04-12,1996,103,35.9774,128.9514,96.12
"South Korea/영천",벚나무,1997-03-31,1997,90,35.9774,128.9514,96.12
"South Korea/영천",벚나무,1998-04-02,1998,92,35.9774,128.9514,96.12
"South Korea/영천",벚나무,1999-04-05,1999,95,35.9774,128.9514,96.12
"South Korea/영천",벚나무,2000-04-02,2000,93,35.9774,128.9514,96.12
"South Korea/영천",벚나무,2001-03-31,2001,90,35.9774,128.9514,96.12
"South Korea/영천",벚나무,2002-03-22,2002,81,35.9774,128.9514,96.12
"South Korea/영천",벚나무,2003-04-03,2003,93,35.9774,128.9514,96.12
"South Korea/영천",벚나무,2004-03-28,2004,88,35.9774,128.9514,96.12
"South Korea/영천",벚나무,2005-04-07,2005,97,35.9774,128.9514,96.12
"South Korea/영천",벚나무,2006-04-04,2006,94,35.9774,128.9514,96.12
"South Korea/영천",벚나무,2007-04-01,2007,91,35.9774,128.9514,96.12
"South Korea/영천",벚나무,2008-04-04,2008,95,35.9774,128.9514,96.12
"South Korea/울릉도",벚나무,1973-04-11,1973,101,37.4813,130.8986,221.14
"South Korea/울릉도",벚나무,1974-04-19,1974,109,37.4813,130.8986,221.14
"South Korea/울릉도",벚나무,1975-04-16,1975,106,37.4813,130.8986,221.14
"South Korea/울릉도",벚나무,1976-04-11,1976,102,37.4813,130.8986,221.14
"South Korea/울릉도",벚나무,1977-04-13,1977,103,37.4813,130.8986,221.14
"South Korea/울릉도",벚나무,1978-04-15,1978,105,37.4813,130.8986,221.14
"South Korea/울릉도",벚나무,1979-04-12,1979,102,37.4813,130.8986,221.14
"South Korea/울릉도",벚나무,1980-04-19,1980,110,37.4813,130.8986,221.14
"South Korea/울릉도",벚나무,1981-04-15,1981,105,37.4813,130.8986,221.14
"South Korea/울릉도",벚나무,1982-04-12,1982,102,37.4813,130.8986,221.14
"South Korea/울릉도",벚나무,1983-04-15,1983,105,37.4813,130.8986,221.14
"South Korea/울릉도",벚나무,1984-04-25,1984,116,37.4813,130.8986,221.14
"South Korea/울릉도",벚나무,1985-04-20,1985,110,37.4813,130.8986,221.14
"South Korea/울릉도",벚나무,1986-04-17,1986,107,37.4813,130.8986,221.14
"South Korea/울릉도",벚나무,1987-04-05,1987,95,37.4813,130.8986,221.14
"South Korea/울릉도",벚나무,1988-04-17,1988,108,37.4813,130.8986,221.14
"South Korea/울릉도",벚나무,1989-04-08,1989,98,37.4813,130.8986,221.14
"South Korea/울릉도",벚나무,1990-03-31,1990,90,37.4813,130.8986,221.14
"South Korea/울릉도",벚나무,1991-04-14,1991,104,37.4813,130.8986,221.14
"South Korea/울릉도",벚나무,1992-04-05,1992,96,37.4813,130.8986,221.14
"South Korea/울릉도",벚나무,1993-04-03,1993,93,37.4813,130.8986,221.14
"South Korea/울릉도",벚나무,1994-04-04,1994,94,37.4813,130.8986,221.14
"South Korea/울릉도",벚나무,1995-04-06,1995,96,37.4813,130.8986,221.14
"South Korea/울릉도",벚나무,1996-04-12,1996,103,37.4813,130.8986,221.14
"South Korea/울릉도",벚나무,1997-03-31,1997,90,37.4813,130.8986,221.14
"South Korea/울릉도",벚나무,1998-03-31,1998,90,37.4813,130.8986,221.14
"South Korea/울릉도",벚나무,1999-04-13,1999,103,37.4813,130.8986,221.14
"South Korea/울릉도",벚나무,2000-04-11,2000,102,37.4813,130.8986,221.14
"South Korea/울릉도",벚나무,2001-04-05,2001,95,37.4813,130.8986,221.14
"South Korea/울릉도",벚나무,2002-04-03,2002,93,37.4813,130.8986,221.14
"South Korea/울릉도",벚나무,2003-04-04,2003,94,37.4813,130.8986,221.14
"South Korea/울릉도",벚나무,2004-04-02,2004,93,37.4813,130.8986,221.14
"South Korea/울릉도",벚나무,2005-04-13,2005,103,37.4813,130.8986,221.14
"South Korea/울릉도",벚나무,2006-04-06,2006,96,37.4813,130.8986,221.14
"South Korea/울릉도",벚나무,2007-04-03,2007,93,37.4813,130.8986,221.14
"South Korea/울릉도",벚나무,2008-04-03,2008,94,37.4813,130.8986,221.14
"South Korea/울릉도",벚나무,2009-04-05,2009,95,37.4813,130.8986,221.14
"South Korea/울릉도",벚나무,2010-04-06,2010,96,37.4813,130.8986,221.14
"South Korea/울릉도",벚나무,2011-04-10,2011,100,37.4813,130.8986,221.14
"South Korea/울릉도",벚나무,2012-04-14,2012,105,37.4813,130.8986,221.14
"South Korea/울릉도",벚나무,2013-04-12,2013,102,37.4813,130.8986,221.14
"South Korea/울릉도",벚나무,2014-04-02,2014,92,37.4813,130.8986,221.14
"South Korea/울릉도",벚나무,2015-04-02,2015,92,37.4813,130.8986,221.14
"South Korea/울릉도",벚나무,2016-04-02,2016,93,37.4813,130.8986,221.14
"South Korea/울릉도",벚나무,2017-04-03,2017,93,37.4813,130.8986,221.14
"South Korea/울릉도",벚나무,2018-04-02,2018,92,37.4813,130.8986,221.14
"South Korea/울릉도",벚나무,2019-03-20,2019,79,37.4813,130.8986,221.14
"South Korea/울릉도",벚나무,2020-03-25,2020,85,37.4813,130.8986,221.14
"South Korea/울릉도",벚나무,2021-03-24,2021,83,37.4813,130.8986,221.14
"South Korea/울릉도",벚나무,2022-04-04,2022,94,37.4813,130.8986,221.14
"South Korea/울릉도",벚나무,2023-03-20,2023,79,37.4813,130.8986,221.14
"South Korea/울릉도",벚나무,2024-03-27,2024,87,37.4813,130.8986,221.14
"South Korea/울릉도",벚나무,2025-03-30,2025,89,37.4813,130.8986,221.14
"South Korea/울진",벚나무,1973-04-06,1973,96,36.9918,129.4128,48.98
"South Korea/울진",벚나무,1974-04-18,1974,108,36.9918,129.4128,48.98
"South Korea/울진",벚나무,1975-04-12,1975,102,36.9918,129.4128,48.98
"South Korea/울진",벚나무,1976-04-04,1976,95,36.9918,129.4128,48.98
"South Korea/울진",벚나무,1977-04-10,1977,100,36.9918,129.4128,48.98
"South Korea/울진",벚나무,1978-04-11,1978,101,36.9918,129.4128,48.98
"South Korea/울진",벚나무,1979-04-10,1979,100,36.9918,129.4128,48.98
"South Korea/울진",벚나무,1980-04-17,1980,108,36.9918,129.4128,48.98
"South Korea/울진",벚나무,1981-04-10,1981,100,36.9918,129.4128,48.98
"South Korea/울진",벚나무,1982-04-08,1982,98,36.9918,129.4128,48.98
"South Korea/울진",벚나무,1983-04-14,1983,104,36.9918,129.4128,48.98
"South Korea/울진",벚나무,1984-04-22,1984,113,36.9918,129.4128,48.98
"South Korea/울진",벚나무,1985-04-16,1985,106,36.9918,129.4128,48.98
"South Korea/울진",벚나무,1986-04-13,1986,103,36.9918,129.4128,48.98
"South Korea/울진",벚나무,1987-04-05,1987,95,36.9918,129.4128,48.98
"South Korea/울진",벚나무,1988-04-16,1988,107,36.9918,129.4128,48.98
"South Korea/울진",벚나무,1989-04-03,1989,93,36.9918,129.4128,48.98
"South Korea/울진",벚나무,1990-03-26,1990,85,36.9918,129.4128,48.98
"South Korea/울진",벚나무,1991-04-15,1991,105,36.9918,129.4128,48.98
"South Korea/울진",벚나무,1992-04-02,1992,93,36.9918,129.4128,48.98
"South Korea/울진",벚나무,1993-03-30,1993,89,36.9918,129.4128,48.98
"South Korea/울진",벚나무,1994-04-02,1994,92,36.9918,129.4128,48.98
"South Korea/울진",벚나무,1995-03-28,1995,87,36.9918,129.4128,48.98
"South Korea/울진",벚나무,1996-04-08,1996,99,36.9918,129.4128,48.98
"South Korea/울진",벚나무,1997-03-31,1997,90,36.9918,129.4128,48.98
"South Korea/울진",벚나무,1998-03-29,1998,88,36.9918,129.4128,48.98
"South Korea/울진",벚나무,1999-04-03,1999,93,36.9918,129.4128,48.98
"South Korea/울진",벚나무,2000-04-06,2000,97,36.9918,129.4128,48.98
"South Korea/울진",벚나무,2001-04-03,2001,93,36.9918,129.4128,48.98
"South Korea/울진",벚나무,2002-03-28,2002,87,36.9918,129.4128,48.98
"South Korea/울진",벚나무,2003-04-06,2003,96,36.9918,129.4128,48.98
"South Korea/울진",벚나무,2004-03-30,2004,90,36.9918,129.4128,48.98
"South Korea/울진",벚나무,2005-04-07,2005,97,36.9918,129.4128,48.98
"South Korea/울진",벚나무,2006-04-03,2006,93,36.9918,129.4128,48.98
"South Korea/울진",벚나무,2007-03-30,2007,89,36.9918,129.4128,48.98
"South Korea/울진",벚나무,2008-04-05,2008,96,36.9918,129.4128,48.98
"South Korea/울진",벚나무,2009-03-30,2009,89,36.9918,129.4128,48.98
"South Korea/울진",벚나무,2010-04-17,2010,107,36.9918,129.4128,48.98
"South Korea/울진",벚나무,2011-04-10,2011,100,36.9918,129.4128,48.98
"South Korea/울진",벚나무,2012-04-12,2012,103,36.9918,129.4128,48.98
"South Korea/울진",벚나무,2013-04-03,2013,93,36.9918,129.4128,48.98
"South Korea/울진",벚나무,2014-03-31,2014,90,36.9918,129.4128,48.98
"South Korea/울진",벚나무,2015-03-31,2015,90,36.9918,129.4128,48.98
"South Korea/의성",벚나무,1973-04-07,1973,97,36.3561,128.6886,81.44
"South Korea/의성",벚나무,1974-04-15,1974,105,36.3561,128.6886,81.44
"South Korea/의성",벚나무,1975-04-16,1975,106,36.3561,128.6886,81.44
"South Korea/의성",벚나무,1976-04-13,1976,104,36.3561,128.6886,81.44
"South Korea/의성",벚나무,1977-04-16,1977,106,36.3561,128.6886,81.44
"South Korea/의성",벚나무,1978-04-08,1978,98,36.3561,128.6886,81.44
"South Korea/의성",벚나무,1979-04-10,1979,100,36.3561,128.6886,81.44
"South Korea/의성",벚나무,1980-04-12,1980,103,36.3561,128.6886,81.44
"South Korea/의성",벚나무,1981-04-12,1981,102,36.3561,128.6886,81.44
"South Korea/의성",벚나무,1982-04-11,1982,101,36.3561,128.6886,81.44
"South Korea/의성",벚나무,1983-04-08,1983,98,36.3561,128.6886,81.44
"South Korea/의성",벚나무,1984-04-17,1984,108,36.3561,128.6886,81.44
"South Korea/의성",벚나무,1985-04-12,1985,102,36.3561,128.6886,81.44
"South Korea/의성",벚나무,1986-04-15,1986,105,36.3561,128.6886,81.44
"South Korea/의성",벚나무,1987-04-09,1987,99,36.3561,128.6886,81.44
"South Korea/의성",벚나무,1988-04-17,1988,108,36.3561,128.6886,81.44
"South Korea/의성",벚나무,1989-04-11,1989,101,36.3561,128.6886,81.44
"South Korea/의성",벚나무,1990-04-06,1990,96,36.3561,128.6886,81.44
"South Korea/의성",벚나무,1991-04-12,1991,102,36.3561,128.6886,81.44
"South Korea/의성",벚나무,1992-04-04,1992,95,36.3561,128.6886,81.44
"South Korea/의성",벚나무,1993-04-09,1993,99,36.3561,128.6886,81.44
"South Korea/의성",벚나무,1994-04-08,1994,98,36.3561,128.6886,81.44
"South Korea/의성",벚나무,1995-04-13,1995,103,36.3561,128.6886,81.44
"South Korea/의성",벚나무,1996-04-21,1996,112,36.3561,128.6886,81.44
"South Korea/의성",벚나무,1997-04-15,1997,105,36.3561,128.6886,81.44
"South Korea/의성",벚나무,1998-04-09,1998,99,36.3561,128.6886,81.44
"South Korea/의성",벚나무,1999-04-07,1999,97,36.3561,128.6886,81.44
"South Korea/의성",벚나무,2000-04-13,2000,104,36.3561,128.6886,81.44
"South Korea/의성",벚나무,2001-04-09,2001,99,36.3561,128.6886,81.44
"South Korea/의성",벚나무,2002-04-04,2002,94,36.3561,128.6886,81.44
"South Korea/의성",벚나무,2003-04-07,2003,97,36.3561,128.6886,81.44
"South Korea/의성",벚나무,2004-04-06,2004,97,36.3561,128.6886,81.44
"South Korea/의성",벚나무,2005-04-12,2005,102,36.3561,128.6886,81.44
"South Korea/의성",벚나무,2006-04-11,2006,101,36.3561,128.6886,81.44
"South Korea/의성",벚나무,2007-04-10,2007,100,36.3561,128.6886,81.44
"South Korea/의성",벚나무,2008-04-08,2008,99,36.3561,128.6886,81.44
"South Korea/포항",벚나무,1973-04-03,1973,93,36.032,129.38,3.94
"South Korea/포항",벚나무,1974-04-09,1974,99,36.032,129.38,3.94
"South Korea/포항",벚나무,1975-04-07,1975,97,36.032,129.38,3.94
"South Korea/포항",벚나무,1976-04-02,1976,93,36.032,129.38,3.94
"South Korea/포항",벚나무,1977-04-05,1977,95,36.032,129.38,3.94
"South Korea/포항",벚나무,1978-04-02,1978,92,36.032,129.38,3.94
"South Korea/포항",벚나무,1979-04-01,1979,91,36.032,129.38,3.94
"South Korea/포항",벚나무,1980-04-07,1980,98,36.032,129.38,3.94
"South Korea/포항",벚나무,1981-04-08,1981,98,36.032,129.38,3.94
"South Korea/포항",벚나무,1984-04-15,1984,106,36.032,129.38,3.94
"South Korea/포항",벚나무,1985-04-08,1985,98,36.032,129.38,3.94
"South Korea/포항",벚나무,1986-04-07,1986,97,36.032,129.38,3.94
"South Korea/포항",벚나무,1987-04-02,1987,92,36.032,129.38,3.94
"South Korea/포항",벚나무,1988-04-07,1988,98,36.032,129.38,3.94
"South Korea/포항",벚나무,1989-03-31,1989,90,36.032,129.38,3.94
"South Korea/포항",벚나무,1990-03-27,1990,86,36.032,129.38,3.94
"South Korea/포항",벚나무,1991-04-11,1991,101,36.032,129.38,3.94
"South Korea/포항",벚나무,1992-03-30,1992,90,36.032,129.38,3.94
"South Korea/포항",벚나무,1993-04-02,1993,92,36.032,129.38,3.94
"South Korea/포항",벚나무,1994-04-02,1994,92,36.032,129.38,3.94
"South Korea/포항",벚나무,1995-04-02,1995,92,36.032,129.38,3.94
"South Korea/포항",벚나무,1996-04-07,1996,98,36.032,129.38,3.94
"South Korea/포항",벚나무,1997-03-27,1997,86,36.032,129.38,3.94
"South Korea/포항",벚나무,1998-03-27,1998,86,36.032,129.38,3.94
"South Korea/포항",벚나무,1999-03-31,1999,90,36.032,129.38,3.94
"South Korea/포항",벚나무,2000-03-28,2000,88,36.032,129.38,3.94
"South Korea/포항",벚나무,2001-03-22,2001,81,36.032,129.38,3.94
"South Korea/포항",벚나무,2002-03-16,2002,75,36.032,129.38,3.94
"South Korea/포항",벚나무,2003-03-26,2003,85,36.032,129.38,3.94
"South Korea/포항",벚나무,2004-03-22,2004,82,36.032,129.38,3.94
"South Korea/포항",벚나무,2005-04-05,2005,95,36.032,129.38,3.94
"South Korea/포항",벚나무,2006-03-28,2006,87,36.032,129.38,3.94
"South Korea/포항",벚나무,2007-03-23,2007,82,36.032,129.38,3.94
"South Korea/포항",벚나무,2008-03-28,2008,88,36.032,129.38,3.94
"South Korea/포항",벚나무,2009-03-20,2009,79,36.032,129.38,3.94
"South Korea/포항",벚나무,2010-04-03,2010,93,36.032,129.38,3.94
"South Korea/포항",벚나무,2011-04-02,2011,92,36.032,129.38,3.94
"South Korea/포항",벚나무,2012-04-05,2012,96,36.032,129.38,3.94
"South Korea/포항",벚나무,2013-03-20,2013,79,36.032,129.38,3.94
"South Korea/포항",벚나무,2014-03-27,2014,86,36.032,129.38,3.94
"South Korea/포항",벚나무,2015-03-27,2015,86,36.032,129.38,3.94
"South Korea/포항",벚나무,2016-03-28,2016,88,36.032,129.38,3.94
"South Korea/포항",벚나무,2017-03-27,2017,86,36.032,129.38,3.94
"South Korea/포항",벚나무,2018-03-27,2018,86,36.032,129.38,3.94
"South Korea/포항",벚나무,2019-03-21,2019,80,36.032,129.38,3.94
"South Korea/포항",벚나무,2020-03-23,2020,83,36.032,129.38,3.94
"South Korea/포항",벚나무,2021-03-23,2021,82,36.032,129.38,3.94
"South Korea/포항",벚나무,2022-03-27,2022,86,36.032,129.38,3.94
"South Korea/포항",벚나무,2023-03-16,2023,75,36.032,129.38,3.94
"South Korea/포항",벚나무,2024-03-29,2024,89,36.032,129.38,3.94
"South Korea/포항",벚나무,2025-03-26,2025,85,36.032,129.38,3.94
"South Korea/광주",벚나무,1973-04-02,1973,92,35.1729,126.8916,70.28
"South Korea/광주",벚나무,1974-04-08,1974,98,35.1729,126.8916,70.28
"South Korea/광주",벚나무,1975-04-09,1975,99,35.1729,126.8916,70.28
"South Korea/광주",벚나무,1976-04-03,1976,94,35.1729,126.8916,70.28
"South Korea/광주",벚나무,1977-04-09,1977,99,35.1729,126.8916,70.28
"South Korea/광주",벚나무,1978-04-08,1978,98,35.1729,126.8916,70.28
"South Korea/광주",벚나무,1979-03-30,1979,89,35.1729,126.8916,70.28
"South Korea/광주",벚나무,1980-04-07,1980,98,35.1729,126.8916,70.28
"South Korea/광주",벚나무,1981-04-01,1981,91,35.1729,126.8916,70.28
"South Korea/광주",벚나무,1982-03-31,1982,90,35.1729,126.8916,70.28
"South Korea/광주",벚나무,1983-04-04,1983,94,35.1729,126.8916,70.28
"South Korea/광주",벚나무,1984-04-11,1984,102,35.1729,126.8916,70.28
"South Korea/광주",벚나무,1985-04-08,1985,98,35.1729,126.8916,70.28
"South Korea/광주",벚나무,1986-04-06,1986,96,35.1729,126.8916,70.28
"South Korea/광주",벚나무,1987-04-05,1987,95,35.1729,126.8916,70.28
"South Korea/광주",벚나무,1988-04-08,1988,99,35.1729,126.8916,70.28
"South Korea/광주",벚나무,1989-04-02,1989,92,35.1729,126.8916,70.28
"South Korea/광주",벚나무,1990-03-28,1990,87,35.1729,126.8916,70.28
"South Korea/광주",벚나무,1991-04-08,1991,98,35.1729,126.8916,70.28
"South Korea/광주",벚나무,1992-03-26,1992,86,35.1729,126.8916,70.28
"South Korea/광주",벚나무,1993-04-03,1993,93,35.1729,126.8916,70.28
"South Korea/광주",벚나무,1994-04-05,1994,95,35.1729,126.8916,70.28
"South Korea/광주",벚나무,1995-04-05,1995,95,35.1729,126.8916,70.28
"South Korea/광주",벚나무,1996-04-14,1996,105,35.1729,126.8916,70.28
"South Korea/광주",벚나무,1997-03-28,1997,87,35.1729,126.8916,70.28
"South Korea/광주",벚나무,1998-03-26,1998,85,35.1729,126.8916,70.28
"South Korea/광주",벚나무,1999-03-30,1999,89,35.1729,126.8916,70.28
"South Korea/광주",벚나무,2000-04-02,2000,93,35.1729,126.8916,70.28
"South Korea/광주",벚나무,2001-04-02,2001,92,35.1729,126.8916,70.28
"South Korea/광주",벚나무,2002-03-22,2002,81,35.1729,126.8916,70.28
"South Korea/광주",벚나무,2003-03-31,2003,90,35.1729,126.8916,70.28
"South Korea/광주",벚나무,2004-03-27,2004,87,35.1729,126.8916,70.28
"South Korea/광주",벚나무,2005-04-07,2005,97,35.1729,126.8916,70.28
"South Korea/광주",벚나무,2006-03-30,2006,89,35.1729,126.8916,70.28
"South Korea/광주",벚나무,2007-03-25,2007,84,35.1729,126.8916,70.28
"South Korea/광주",벚나무,2008-03-31,2008,91,35.1729,126.8916,70.28
"South Korea/광주",벚나무,2009-03-22,2009,81,35.1729,126.8916,70.28
"South Korea/광주",벚나무,2010-03-31,2010,90,35.1729,126.8916,70.28
"South Korea/광주",벚나무,2011-04-06,2011,96,35.1729,126.8916,70.28
"South Korea/광주",벚나무,2012-04-08,2012,99,35.1729,126.8916,70.28
"South Korea/광주",벚나무,2013-03-29,2013,88,35.1729,126.8916,70.28
"South Korea/광주",벚나무,2014-03-28,2014,87,35.1729,126.8916,70.28
"South Korea/광주",벚나무,2015-03-29,2015,88,35.1729,126.8916,70.28
"South Korea/광주",벚나무,2016-03-29,2016,89,35.1729,126.8916,70.28
"South Korea/광주",벚나무,2017-04-02,2017,92,35.1729,126.8916,70.28
"South Korea/광주",벚나무,2018-03-27,2018,86,35.1729,126.8916,70.28
"South Korea/광주",벚나무,2019-03-27,2019,86,35.1729,126.8916,70.28
"South Korea/광주",벚나무,2020-03-23,2020,83,35.1729,126.8916,70.28
"South Korea/광주",벚나무,2021-03-18,2021,77,35.1729,126.8916,70.28
"South Korea/광주",벚나무,2022-03-25,2022,84,35.1729,126.8916,70.28
"South Korea/광주",벚나무,2023-03-23,2023,82,35.1729,126.8916,70.28
"South Korea/광주",벚나무,2024-03-27,2024,87,35.1729,126.8916,70.28
"South Korea/광주",벚나무,2025-03-27,2025,86,35.1729,126.8916,70.28
"South Korea/대구",벚나무,1973-03-31,1973,90,35.878,128.653,54.27
"South Korea/대구",벚나무,1974-04-07,1974,97,35.878,128.653,54.27
"South Korea/대구",벚나무,1975-04-07,1975,97,35.878,128.653,54.27
"South Korea/대구",벚나무,1976-04-05,1976,96,35.878,128.653,54.27
"South Korea/대구",벚나무,1977-04-01,1977,91,35.878,128.653,54.27
"South Korea/대구",벚나무,1978-04-06,1978,96,35.878,128.653,54.27
"South Korea/대구",벚나무,1979-03-31,1979,90,35.878,128.653,54.27
"South Korea/대구",벚나무,1980-04-04,1980,95,35.878,128.653,54.27
"South Korea/대구",벚나무,1981-04-03,1981,93,35.878,128.653,54.27
"South Korea/대구",벚나무,1982-03-29,1982,88,35.878,128.653,54.27
"South Korea/대구",벚나무,1983-04-02,1983,92,35.878,128.653,54.27
"South Korea/대구",벚나무,1984-04-11,1984,102,35.878,128.653,54.27
"South Korea/대구",벚나무,1985-04-04,1985,94,35.878,128.653,54.27
"South Korea/대구",벚나무,1986-04-05,1986,95,35.878,128.653,54.27
"South Korea/대구",벚나무,1987-04-02,1987,92,35.878,128.653,54.27
"South Korea/대구",벚나무,1988-04-06,1988,97,35.878,128.653,54.27
"South Korea/대구",벚나무,1989-03-31,1989,90,35.878,128.653,54.27
"South Korea/대구",벚나무,1990-03-25,1990,84,35.878,128.653,54.27
"South Korea/대구",벚나무,1991-04-03,1991,93,35.878,128.653,54.27
"South Korea/대구",벚나무,1992-03-30,1992,90,35.878,128.653,54.27
"South Korea/대구",벚나무,1993-03-31,1993,90,35.878,128.653,54.27
"South Korea/대구",벚나무,1994-04-03,1994,93,35.878,128.653,54.27
"South Korea/대구",벚나무,1995-04-03,1995,93,35.878,128.653,54.27
"South Korea/대구",벚나무,1996-04-09,1996,100,35.878,128.653,54.27
"South Korea/대구",벚나무,1997-03-28,1997,87,35.878,128.653,54.27
"South Korea/대구",벚나무,1998-03-28,1998,87,35.878,128.653,54.27
"South Korea/대구",벚나무,1999-03-31,1999,90,35.878,128.653,54.27
"South Korea/대구",벚나무,2000-03-31,2000,91,35.878,128.653,54.27
"South Korea/대구",벚나무,2001-03-25,2001,84,35.878,128.653,54.27
"South Korea/대구",벚나무,2002-03-20,2002,79,35.878,128.653,54.27
"South Korea/대구",벚나무,2003-03-28,2003,87,35.878,128.653,54.27
"South Korea/대구",벚나무,2004-03-23,2004,83,35.878,128.653,54.27
"South Korea/대구",벚나무,2005-04-04,2005,94,35.878,128.653,54.27
"South Korea/대구",벚나무,2006-03-28,2006,87,35.878,128.653,54.27
"South Korea/대구",벚나무,2007-03-24,2007,83,35.878,128.653,54.27
"South Korea/대구",벚나무,2008-03-27,2008,87,35.878,128.653,54.27
"South Korea/대구",벚나무,2009-03-22,2009,81,35.878,128.653,54.27
"South Korea/대구",벚나무,2010-04-05,2010,95,35.878,128.653,54.27
"South Korea/대구",벚나무,2011-04-02,2011,92,35.878,128.653,54.27
"South Korea/대구",벚나무,2012-04-04,2012,95,35.878,128.653,54.27
"South Korea/대구",벚나무,2013-03-23,2013,82,35.878,128.653,54.27
"South Korea/대구",벚나무,2014-03-27,2014,86,35.878,128.653,54.27
"South Korea/대구",벚나무,2015-03-28,2015,87,35.878,128.653,54.27
"South Korea/대구",벚나무,2016-03-25,2016,85,35.878,128.653,54.27
"South Korea/대구",벚나무,2017-03-29,2017,88,35.878,128.653,54.27
"South Korea/대구",벚나무,2018-03-27,2018,86,35.878,128.653,54.27
"South Korea/대구",벚나무,2019-03-21,2019,80,35.878,128.653,54.27
"South Korea/대구",벚나무,2020-03-21,2020,81,35.878,128.653,54.27
"South Korea/대구",벚나무,2021-03-23,2021,82,35.878,128.653,54.27
"South Korea/대구",벚나무,2022-03-26,2022,85,35.878,128.653,54.27
"South Korea/대구",벚나무,2023-03-21,2023,80,35.878,128.653,54.27
"South Korea/대구",벚나무,2024-03-27,2024,87,35.878,128.653,54.27
"South Korea/대구",벚나무,2025-03-26,2025,85,35.878,128.653,54.27
"South Korea/대구(기)",벚나무,2014-03-27,2014,86,nan,nan,nan
"South Korea/대구(기)",벚나무,2015-03-28,2015,87,nan,nan,nan
"South Korea/대전",벚나무,1973-04-09,1973,99,36.372,127.3721,67.79
"South Korea/대전",벚나무,1974-04-09,1974,99,36.372,127.3721,67.79
"South Korea/대전",벚나무,1975-04-16,1975,106,36.372,127.3721,67.79
"South Korea/대전",벚나무,1977-04-13,1977,103,36.372,127.3721,67.79
"South Korea/대전",벚나무,1978-04-10,1978,100,36.372,127.3721,67.79
"South Korea/대전",벚나무,1979-04-03,1979,93,36.372,127.3721,67.79
"South Korea/대전",벚나무,1980-04-09,1980,100,36.372,127.3721,67.79
"South Korea/대전",벚나무,1981-04-08,1981,98,36.372,127.3721,67.79
"South Korea/대전",벚나무,1982-04-03,1982,93,36.372,127.3721,67.79
"South Korea/대전",벚나무,1983-04-05,1983,95,36.372,127.3721,67.79
"South Korea/대전",벚나무,1984-04-14,1984,105,36.372,127.3721,67.79
"South Korea/대전",벚나무,1985-04-09,1985,99,36.372,127.3721,67.79
"South Korea/대전",벚나무,1986-04-07,1986,97,36.372,127.3721,67.79
"South Korea/대전",벚나무,1987-04-06,1987,96,36.372,127.3721,67.79
"South Korea/대전",벚나무,1988-04-08,1988,99,36.372,127.3721,67.79
"South Korea/대전",벚나무,1989-04-02,1989,92,36.372,127.3721,67.79
"South Korea/대전",벚나무,1990-03-30,1990,89,36.372,127.3721,67.79
"South Korea/대전",벚나무,1991-04-08,1991,98,36.372,127.3721,67.79
"South Korea/대전",벚나무,1992-03-30,1992,90,36.372,127.3721,67.79
"South Korea/대전",벚나무,1993-04-02,1993,92,36.372,127.3721,67.79
"South Korea/대전",벚나무,1994-04-05,1994,95,36.372,127.3721,67.79
"South Korea/대전",벚나무,1995-04-05,1995,95,36.372,127.3721,67.79
"South Korea/대전",벚나무,1996-04-11,1996,102,36.372,127.3721,67.79
"South Korea/대전",벚나무,1997-04-04,1997,94,36.372,127.3721,67.79
"South Korea/대전",벚나무,1998-03-31,1998,90,36.372,127.3721,67.79
"South Korea/대전",벚나무,1999-04-06,1999,96,36.372,127.3721,67.79
"South Korea/대전",벚나무,2000-04-05,2000,96,36.372,127.3721,67.79
"South Korea/대전",벚나무,2001-04-05,2001,95,36.372,127.3721,67.79
"South Korea/대전",벚나무,2002-03-30,2002,89,36.372,127.3721,67.79
"South Korea/대전",벚나무,2003-04-01,2003,91,36.372,127.3721,67.79
"South Korea/대전",벚나무,2004-03-30,2004,90,36.372,127.3721,67.79
"South Korea/대전",벚나무,2005-04-08,2005,98,36.372,127.3721,67.79
"South Korea/대전",벚나무,2006-04-08,2006,98,36.372,127.3721,67.79
"South Korea/대전",벚나무,2007-03-31,2007,90,36.372,127.3721,67.79
"South Korea/대전",벚나무,2008-04-03,2008,94,36.372,127.3721,67.79
"South Korea/대전",벚나무,2009-03-30,2009,89,36.372,127.3721,67.79
"South Korea/대전",벚나무,2010-04-16,2010,106,36.372,127.3721,67.79
"South Korea/대전",벚나무,2011-04-12,2011,102,36.372,127.3721,67.79
"South Korea/대전",벚나무,2012-04-11,2012,102,36.372,127.3721,67.79
"South Korea/대전",벚나무,2013-04-03,2013,93,36.372,127.3721,67.79
"South Korea/대전",벚나무,2014-03-28,2014,87,36.372,127.3721,67.79
"South Korea/대전",벚나무,2015-03-29,2015,88,36.372,127.3721,67.79
"South Korea/대전",벚나무,2016-03-31,2016,91,36.372,127.3721,67.79
"South Korea/대전",벚나무,2017-04-03,2017,93,36.372,127.3721,67.79
"South Korea/대전",벚나무,2018-03-31,2018,90,36.372,127.3721,67.79
"South Korea/대전",벚나무,2019-03-29,2019,88,36.372,127.3721,67.79
"South Korea/대전",벚나무,2020-03-24,2020,84,36.372,127.3721,67.79
"South Korea/대전",벚나무,2021-03-23,2021,82,36.372,127.3721,67.79
"South Korea/대전",벚나무,2022-03-31,2022,90,36.372,127.3721,67.79
"South Korea/대전",벚나무,2023-03-22,2023,81,36.372,127.3721,67.79
"South Korea/대전",벚나무,2024-03-30,2024,90,36.372,127.3721,67.79
"South Korea/대전",벚나무,2025-04-01,2025,91,36.372,127.3721,67.79
"South Korea/부산",벚나무,1973-03-30,1973,89,35.1047,129.032,69.56
"South Korea/부산",벚나무,1974-04-06,1974,96,35.1047,129.032,69.56
"South Korea/부산",벚나무,1975-03-30,1975,89,35.1047,129.032,69.56
"South Korea/부산",벚나무,1976-03-27,1976,87,35.1047,129.032,69.56
"South Korea/부산",벚나무,1977-03-30,1977,89,35.1047,129.032,69.56
"South Korea/부산",벚나무,1978-04-04,1978,94,35.1047,129.032,69.56
"South Korea/부산",벚나무,1979-03-27,1979,86,35.1047,129.032,69.56
"South Korea/부산",벚나무,1980-04-01,1980,92,35.1047,129.032,69.56
"South Korea/부산",벚나무,1981-03-31,1981,90,35.1047,129.032,69.56
"South Korea/부산",벚나무,1982-03-23,1982,82,35.1047,129.032,69.56
"South Korea/부산",벚나무,1983-03-31,1983,90,35.1047,129.032,69.56
"South Korea/부산",벚나무,1984-04-10,1984,101,35.1047,129.032,69.56
"South Korea/부산",벚나무,1985-04-04,1985,94,35.1047,129.032,69.56
"South Korea/부산",벚나무,1986-04-02,1986,92,35.1047,129.032,69.56
"South Korea/부산",벚나무,1987-03-29,1987,88,35.1047,129.032,69.56
"South Korea/부산",벚나무,1988-04-04,1988,95,35.1047,129.032,69.56
"South Korea/부산",벚나무,1989-03-29,1989,88,35.1047,129.032,69.56
"South Korea/부산",벚나무,1990-03-21,1990,80,35.1047,129.032,69.56
"South Korea/부산",벚나무,1991-04-05,1991,95,35.1047,129.032,69.56
"South Korea/부산",벚나무,1992-03-25,1992,85,35.1047,129.032,69.56
"South Korea/부산",벚나무,1993-03-29,1993,88,35.1047,129.032,69.56
"South Korea/부산",벚나무,1994-03-31,1994,90,35.1047,129.032,69.56
"South Korea/부산",벚나무,1995-03-26,1995,85,35.1047,129.032,69.56
"South Korea/부산",벚나무,1996-04-07,1996,98,35.1047,129.032,69.56
"South Korea/부산",벚나무,1997-03-23,1997,82,35.1047,129.032,69.56
"South Korea/부산",벚나무,1998-03-24,1998,83,35.1047,129.032,69.56
"South Korea/부산",벚나무,1999-03-28,1999,87,35.1047,129.032,69.56
"South Korea/부산",벚나무,2000-03-31,2000,91,35.1047,129.032,69.56
"South Korea/부산",벚나무,2001-03-25,2001,84,35.1047,129.032,69.56
"South Korea/부산",벚나무,2002-03-21,2002,80,35.1047,129.032,69.56
"South Korea/부산",벚나무,2003-03-26,2003,85,35.1047,129.032,69.56
"South Korea/부산",벚나무,2004-03-21,2004,81,35.1047,129.032,69.56
"South Korea/부산",벚나무,2005-04-03,2005,93,35.1047,129.032,69.56
"South Korea/부산",벚나무,2006-03-27,2006,86,35.1047,129.032,69.56
"South Korea/부산",벚나무,2007-03-25,2007,84,35.1047,129.032,69.56
"South Korea/부산",벚나무,2008-03-25,2008,85,35.1047,129.032,69.56
"South Korea/부산",벚나무,2009-03-20,2009,79,35.1047,129.032,69.56
"South Korea/부산",벚나무,2010-03-30,2010,89,35.1047,129.032,69.56
"South Korea/부산",벚나무,2011-04-01,2011,91,35.1047,129.032,69.56
"South Korea/부산",벚나무,2012-04-05,2012,96,35.1047,129.032,69.56
"South Korea/부산",벚나무,2013-03-21,2013,80,35.1047,129.032,69.56
"South Korea/부산",벚나무,2014-03-25,2014,84,35.1047,129.032,69.56
"South Korea/부산",벚나무,2015-03-28,2015,87,35.1047,129.032,69.56
"South Korea/부산",벚나무,2016-03-28,2016,88,35.1047,129.032,69.56
"South Korea/부산",벚나무,2017-03-28,2017,87,35.1047,129.032,69.56
"South Korea/부산",벚나무,2018-03-27,2018,86,35.1047,129.032,69.56
"South Korea/부산",벚나무,2019-03-22,2019,81,35.1047,129.032,69.56
"South Korea/부산",벚나무,2020-03-23,2020,83,35.1047,129.032,69.56
"South Korea/부산",벚나무,2021-03-22,2021,81,35.1047,129.032,69.56
"South Korea/부산",벚나무,2022-03-28,2022,87,35.1047,129.032,69.56
"South Korea/부산",벚나무,2023-03-19,2023,78,35.1047,129.032,69.56
"South Korea/부산",벚나무,2024-03-25,2024,85,35.1047,129.032,69.56
"South Korea/부산",벚나무,2025-03-28,2025,87,35.1047,129.032,69.56
"South Korea/서울",벚나무,1973-04-08,1973,98,37.5714,126.9658,85.67
"South Korea/서울",벚나무,1974-04-15,1974,105,37.5714,126.9658,85.67
"South Korea/서울",벚나무,1975-04-15,1975,105,37.5714,126.9658,85.67
"South Korea/서울",벚나무,1976-04-11,1976,102,37.5714,126.9658,85.67
"South Korea/서울",벚나무,1977-04-07,1977,97,37.5714,126.9658,85.67
"South Korea/서울",벚나무,1978-04-12,1978,102,37.5714,126.9658,85.67
"South Korea/서울",벚나무,1979-04-04,1979,94,37.5714,126.9658,85.67
"South Korea/서울",벚나무,1980-04-11,1980,102,37.5714,126.9658,85.67
"South Korea/서울",벚나무,1981-04-11,1981,101,37.5714,126.9658,85.67
"South Korea/서울",벚나무,1982-04-08,1982,98,37.5714,126.9658,85.67
"South Korea/서울",벚나무,1983-04-08,1983,98,37.5714,126.9658,85.67
"South Korea/서울",벚나무,1984-04-19,1984,110,37.5714,126.9658,85.67
"South Korea/서울",벚나무,1985-04-14,1985,104,37.5714,126.9658,85.67
"South Korea/서울",벚나무,1986-04-15,1986,105,37.5714,126.9658,85.67
"South Korea/서울",벚나무,1987-04-16,1987,106,37.5714,126.9658,85.67
"South Korea/서울",벚나무,1988-04-13,1988,104,37.5714,126.9658,85.67
"South Korea/서울",벚나무,1989-04-06,1989,96,37.5714,126.9658,85.67
"South Korea/서울",벚나무,1990-04-06,1990,96,37.5714,126.9658,85.67
"South Korea/서울",벚나무,1991-04-11,1991,101,37.5714,126.9658,85.67
"South Korea/서울",벚나무,1992-04-02,1992,93,37.5714,126.9658,85.67
"South Korea/서울",벚나무,1993-04-15,1993,105,37.5714,126.9658,85.67
"South Korea/서울",벚나무,1994-04-08,1994,98,37.5714,126.9658,85.67
"South Korea/서울",벚나무,1995-04-13,1995,103,37.5714,126.9658,85.67
"South Korea/서울",벚나무,1996-04-20,1996,111,37.5714,126.9658,85.67
"South Korea/서울",벚나무,1997-04-08,1997,98,37.5714,126.9658,85.67
"South Korea/서울",벚나무,1998-04-03,1998,93,37.5714,126.9658,85.67
"South Korea/서울",벚나무,1999-04-08,1999,98,37.5714,126.9658,85.67
"South Korea/서울",벚나무,2000-04-10,2000,101,37.5714,126.9658,85.67
"South Korea/서울",벚나무,2001-04-10,2001,100,37.5714,126.9658,85.67
"South Korea/서울",벚나무,2002-04-02,2002,92,37.5714,126.9658,85.67
"South Korea/서울",벚나무,2003-04-05,2003,95,37.5714,126.9658,85.67
"South Korea/서울",벚나무,2004-04-05,2004,96,37.5714,126.9658,85.67
"South Korea/서울",벚나무,2005-04-12,2005,102,37.5714,126.9658,85.67
"South Korea/서울",벚나무,2006-04-10,2006,100,37.5714,126.9658,85.67
"South Korea/서울",벚나무,2007-04-03,2007,93,37.5714,126.9658,85.67
"South Korea/서울",벚나무,2008-04-06,2008,97,37.5714,126.9658,85.67
"South Korea/서울",벚나무,2009-04-06,2009,96,37.5714,126.9658,85.67
"South Korea/서울",벚나무,2010-04-12,2010,102,37.5714,126.9658,85.67
"South Korea/서울",벚나무,2011-04-13,2011,103,37.5714,126.9658,85.67
"South Korea/서울",벚나무,2012-04-15,2012,106,37.5714,126.9658,85.67
"South Korea/서울",벚나무,2013-04-15,2013,105,37.5714,126.9658,85.67
"South Korea/서울",벚나무,2014-03-28,2014,87,37.5714,126.9658,85.67
"South Korea/서울",벚나무,2015-04-03,2015,93,37.5714,126.9658,85.67
"South Korea/서울",벚나무,2016-04-02,2016,93,37.5714,126.9658,85.67
"South Korea/서울",벚나무,2017-04-06,2017,96,37.5714,126.9658,85.67
"South Korea/서울",벚나무,2018-04-02,2018,92,37.5714,126.9658,85.67
"South Korea/서울",벚나무,2019-04-03,2019,93,37.5714,126.9658,85.67
"South Korea/서울",벚나무,2020-03-27,2020,87,37.5714,126.9658,85.67
"South Korea/서울",벚나무,2021-03-24,2021,83,37.5714,126.9658,85.67
"South Korea/서울",벚나무,2022-04-04,2022,94,37.5714,126.9658,85.67
"South Korea/서울",벚나무,2023-03-25,2023,84,37.5714,126.9658,85.67
"South Korea/서울",벚나무,2024-04-01,2024,92,37.5714,126.9658,85.67
"South Korea/서울",벚나무,2025-04-04,2025,94,37.5714,126.9658,85.67
"South Korea/울산",벚나무,1973-04-06,1973,96,35.5824,129.3347,81.14
"South Korea/울산",벚나무,1975-04-02,1975,92,35.5824,129.3347,81.14
"South Korea/울산",벚나무,1976-04-03,1976,94,35.5824,129.3347,81.14
"South Korea/울산",벚나무,1977-04-02,1977,92,35.5824,129.3347,81.14
"South Korea/울산",벚나무,1978-04-05,1978,95,35.5824,129.3347,81.14
"South Korea/울산",벚나무,1979-03-29,1979,88,35.5824,129.3347,81.14
"South Korea/울산",벚나무,1980-04-04,1980,95,35.5824,129.3347,81.14
"South Korea/울산",벚나무,1981-04-06,1981,96,35.5824,129.3347,81.14
"South Korea/울산",벚나무,1982-03-29,1982,88,35.5824,129.3347,81.14
"South Korea/울산",벚나무,1983-04-06,1983,96,35.5824,129.3347,81.14
"South Korea/울산",벚나무,1984-04-13,1984,104,35.5824,129.3347,81.14
"South Korea/울산",벚나무,1985-04-08,1985,98,35.5824,129.3347,81.14
"South Korea/울산",벚나무,1986-04-05,1986,95,35.5824,129.3347,81.14
"South Korea/울산",벚나무,1987-03-31,1987,90,35.5824,129.3347,81.14
"South Korea/울산",벚나무,1988-04-09,1988,100,35.5824,129.3347,81.14
"South Korea/울산",벚나무,1989-03-29,1989,88,35.5824,129.3347,81.14
"South Korea/울산",벚나무,1990-03-24,1990,83,35.5824,129.3347,81.14
"South Korea/울산",벚나무,1991-04-08,1991,98,35.5824,129.3347,81.14
"South Korea/울산",벚나무,1992-03-29,1992,89,35.5824,129.3347,81.14
"South Korea/울산",벚나무,1993-03-29,1993,88,35.5824,129.3347,81.14
"South Korea/울산",벚나무,1994-04-02,1994,92,35.5824,129.3347,81.14
"South Korea/울산",벚나무,1995-03-31,1995,90,35.5824,129.3347,81.14
"South Korea/울산",벚나무,1996-04-06,1996,97,35.5824,129.3347,81.14
"South Korea/울산",벚나무,1997-03-26,1997,85,35.5824,129.3347,81.14
"South Korea/울산",벚나무,1998-03-27,1998,86,35.5824,129.3347,81.14
"South Korea/울산",벚나무,1999-04-01,1999,91,35.5824,129.3347,81.14
"South Korea/울산",벚나무,2000-03-31,2000,91,35.5824,129.3347,81.14
"South Korea/울산",벚나무,2001-03-25,2001,84,35.5824,129.3347,81.14
"South Korea/울산",벚나무,2002-03-20,2002,79,35.5824,129.3347,81.14
"South Korea/울산",벚나무,2003-03-28,2003,87,35.5824,129.3347,81.14
"South Korea/울산",벚나무,2004-03-24,2004,84,35.5824,129.3347,81.14
"South Korea/울산",벚나무,2005-04-05,2005,95,35.5824,129.3347,81.14
"South Korea/울산",벚나무,2006-03-27,2006,86,35.5824,129.3347,81.14
"South Korea/울산",벚나무,2007-03-22,2007,81,35.5824,129.3347,81.14
"South Korea/울산",벚나무,2008-03-26,2008,86,35.5824,129.3347,81.14
"South Korea/울산",벚나무,2009-03-22,2009,81,35.5824,129.3347,81.14
"South Korea/울산",벚나무,2010-04-03,2010,93,35.5824,129.3347,81.14
"South Korea/울산",벚나무,2011-04-02,2011,92,35.5824,129.3347,81.14
"South Korea/울산",벚나무,2012-04-06,2012,97,35.5824,129.3347,81.14
"South Korea/울산",벚나무,2013-03-21,2013,80,35.5824,129.3347,81.14
"South Korea/울산",벚나무,2014-03-28,2014,87,35.5824,129.3347,81.14
"South Korea/울산",벚나무,2015-03-28,2015,87,35.5824,129.3347,81.14
"South Korea/울산",벚나무,2016-03-28,2016,88,35.5824,129.3347,81.14
"South Korea/울산",벚나무,2017-03-29,2017,88,35.5824,129.3347,81.14
"South Korea/울산",벚나무,2018-03-29,2018,88,35.5824,129.3347,81.14
"South Korea/울산",벚나무,2019-03-23,2019,82,35.5824,129.3347,81.14
"South Korea/울산",벚나무,2020-03-23,2020,83,35.5824,129.3347,81.14
"South Korea/울산",벚나무,2021-03-21,2021,80,35.5824,129.3347,81.14
"South Korea/울산",벚나무,2022-03-28,2022,87,35.5824,129.3347,81.14
"South Korea/울산",벚나무,2023-03-22,2023,81,35.5824,129.3347,81.14
"South Korea/울산",벚나무,2024-03-28,2024,88,35.5824,129.3347,81.14
"South Korea/울산",벚나무,2025-03-27,2025,86,35.5824,129.3347,81.14
"South Korea/강화",벚나무,1976-04-08,1976,99,37.7074,126.4463,47.84
"South Korea/강화",벚나무,1977-04-12,1977,102,37.7074,126.4463,47.84
"South Korea/강화",벚나무,1978-04-13,1978,103,37.7074,126.4463,47.84
"South Korea/강화",벚나무,1979-04-09,1979,99,37.7074,126.4463,47.84
"South Korea/강화",벚나무,1980-04-18,1980,109,37.7074,126.4463,47.84
"South Korea/강화",벚나무,1981-04-20,1981,110,37.7074,126.4463,47.84
"South Korea/강화",벚나무,1982-04-16,1982,106,37.7074,126.4463,47.84
"South Korea/강화",벚나무,1983-04-15,1983,105,37.7074,126.4463,47.84
"South Korea/강화",벚나무,1984-04-17,1984,108,37.7074,126.4463,47.84
"South Korea/강화",벚나무,1985-04-16,1985,106,37.7074,126.4463,47.84
"South Korea/강화",벚나무,1986-04-21,1986,111,37.7074,126.4463,47.84
"South Korea/강화",벚나무,1987-04-22,1987,112,37.7074,126.4463,47.84
"South Korea/강화",벚나무,1988-04-16,1988,107,37.7074,126.4463,47.84
"South Korea/강화",벚나무,1989-04-15,1989,105,37.7074,126.4463,47.84
"South Korea/강화",벚나무,1990-04-13,1990,103,37.7074,126.4463,47.84
"South Korea/강화",벚나무,1991-04-10,1991,100,37.7074,126.4463,47.84
"South Korea/강화",벚나무,1992-04-05,1992,96,37.7074,126.4463,47.84
"South Korea/강화",벚나무,1993-04-06,1993,96,37.7074,126.4463,47.84
"South Korea/강화",벚나무,1994-04-12,1994,102,37.7074,126.4463,47.84
"South Korea/강화",벚나무,1995-04-19,1995,109,37.7074,126.4463,47.84
"South Korea/강화",벚나무,1996-04-27,1996,118,37.7074,126.4463,47.84
"South Korea/강화",벚나무,1997-04-09,1997,99,37.7074,126.4463,47.84
"South Korea/강화",벚나무,1998-04-09,1998,99,37.7074,126.4463,47.84
"South Korea/강화",벚나무,1999-04-17,1999,107,37.7074,126.4463,47.84
"South Korea/강화",벚나무,2000-04-17,2000,108,37.7074,126.4463,47.84
"South Korea/강화",벚나무,2001-04-20,2001,110,37.7074,126.4463,47.84
"South Korea/강화",벚나무,2002-04-06,2002,96,37.7074,126.4463,47.84
"South Korea/강화",벚나무,2003-04-08,2003,98,37.7074,126.4463,47.84
"South Korea/강화",벚나무,2004-04-11,2004,102,37.7074,126.4463,47.84
"South Korea/강화",벚나무,2005-04-19,2005,109,37.7074,126.4463,47.84
"South Korea/강화",벚나무,2006-04-16,2006,106,37.7074,126.4463,47.84
"South Korea/강화",벚나무,2007-04-14,2007,104,37.7074,126.4463,47.84
"South Korea/강화",벚나무,2008-04-14,2008,105,37.7074,126.4463,47.84
"South Korea/백령도",벚나무,2001-04-18,2001,108,37.974,124.7124,36.0
"South Korea/백령도",벚나무,2002-04-17,2002,107,37.974,124.7124,36.0
"South Korea/백령도",벚나무,2003-04-08,2003,98,37.974,124.7124,36.0
"South Korea/백령도",벚나무,2004-04-15,2004,106,37.974,124.7124,36.0
"South Korea/백령도",벚나무,2005-04-28,2005,118,37.974,124.7124,36.0
"South Korea/백령도",벚나무,2006-04-24,2006,114,37.974,124.7124,36.0
"South Korea/백령도",벚나무,2007-04-13,2007,103,37.974,124.7124,36.0
"South Korea/백령도",벚나무,2008-04-15,2008,106,37.974,124.7124,36.0
"South Korea/백령도",벚나무,2009-04-18,2009,108,37.974,124.7124,36.0
"South Korea/백령도",벚나무,2010-04-30,2010,120,37.974,124.7124,36.0
"South Korea/백령도",벚나무,2011-04-28,2011,118,37.974,124.7124,36.0
"South Korea/백령도",벚나무,2012-04-27,2012,118,37.974,124.7124,36.0
"South Korea/백령도",벚나무,2013-04-26,2013,116,37.974,124.7124,36.0
"South Korea/백령도",벚나무,2014-04-11,2014,101,37.974,124.7124,36.0
"South Korea/백령도",벚나무,2015-04-20,2015,110,37.974,124.7124,36.0
"South Korea/백령도",벚나무,2016-04-17,2016,108,37.974,124.7124,36.0
"South Korea/백령도",벚나무,2017-04-13,2017,103,37.974,124.7124,36.0
"South Korea/백령도",벚나무,2018-04-23,2018,113,37.974,124.7124,36.0
"South Korea/백령도",벚나무,2019-04-15,2019,105,37.974,124.7124,36.0
"South Korea/백령도",벚나무,2020-04-13,2020,104,37.974,124.7124,36.0
"South Korea/백령도",벚나무,2021-04-13,2021,103,37.974,124.7124,36.0
"South Korea/백령도",벚나무,2022-04-21,2022,111,37.974,124.7124,36.0
"South Korea/백령도",벚나무,2023-04-10,2023,100,37.974,124.7124,36.0
"South Korea/백령도",벚나무,2024-04-14,2024,105,37.974,124.7124,36.0
"South Korea/백령도",벚나무,2025-04-21,2025,111,37.974,124.7124,36.0
"South Korea/인천",벚나무,1973-04-17,1973,107,37.4777,126.6249,68.99
"South Korea/인천",벚나무,1974-04-22,1974,112,37.4777,126.6249,68.99
"South Korea/인천",벚나무,1975-04-18,1975,108,37.4777,126.6249,68.99
"South Korea/인천",벚나무,1976-04-20,1976,111,37.4777,126.6249,68.99
"South Korea/인천",벚나무,1977-04-16,1977,106,37.4777,126.6249,68.99
"South Korea/인천",벚나무,1978-04-21,1978,111,37.4777,126.6249,68.99
"South Korea/인천",벚나무,1979-04-14,1979,104,37.4777,126.6249,68.99
"South Korea/인천",벚나무,1980-04-20,1980,111,37.4777,126.6249,68.99
"South Korea/인천",벚나무,1981-04-15,1981,105,37.4777,126.6249,68.99
"South Korea/인천",벚나무,1982-04-10,1982,100,37.4777,126.6249,68.99
"South Korea/인천",벚나무,1983-04-06,1983,96,37.4777,126.6249,68.99
"South Korea/인천",벚나무,1985-04-18,1985,108,37.4777,126.6249,68.99
"South Korea/인천",벚나무,1986-04-20,1986,110,37.4777,126.6249,68.99
"South Korea/인천",벚나무,1987-04-16,1987,106,37.4777,126.6249,68.99
"South Korea/인천",벚나무,1988-04-17,1988,108,37.4777,126.6249,68.99
"South Korea/인천",벚나무,1989-04-05,1989,95,37.4777,126.6249,68.99
"South Korea/인천",벚나무,1990-04-12,1990,102,37.4777,126.6249,68.99
"South Korea/인천",벚나무,1991-04-11,1991,101,37.4777,126.6249,68.99
"South Korea/인천",벚나무,1992-04-04,1992,95,37.4777,126.6249,68.99
"South Korea/인천",벚나무,1993-04-20,1993,110,37.4777,126.6249,68.99
"South Korea/인천",벚나무,1994-04-10,1994,100,37.4777,126.6249,68.99
"South Korea/인천",벚나무,1995-04-15,1995,105,37.4777,126.6249,68.99
"South Korea/인천",벚나무,1996-04-21,1996,112,37.4777,126.6249,68.99
"South Korea/인천",벚나무,1997-04-14,1997,104,37.4777,126.6249,68.99
"South Korea/인천",벚나무,1998-04-09,1998,99,37.4777,126.6249,68.99
"South Korea/인천",벚나무,1999-04-13,1999,103,37.4777,126.6249,68.99
"South Korea/인천",벚나무,2000-04-15,2000,106,37.4777,126.6249,68.99
"South Korea/인천",벚나무,2001-04-15,2001,105,37.4777,126.6249,68.99
"South Korea/인천",벚나무,2002-04-04,2002,94,37.4777,126.6249,68.99
"South Korea/인천",벚나무,2003-04-07,2003,97,37.4777,126.6249,68.99
"South Korea/인천",벚나무,2004-04-09,2004,100,37.4777,126.6249,68.99
"South Korea/인천",벚나무,2005-04-16,2005,106,37.4777,126.6249,68.99
"South Korea/인천",벚나무,2006-04-14,2006,104,37.4777,126.6249,68.99
"South Korea/인천",벚나무,2007-04-10,2007,100,37.4777,126.6249,68.99
"South Korea/인천",벚나무,2008-04-08,2008,99,37.4777,126.6249,68.99
"South Korea/인천",벚나무,2009-04-09,2009,99,37.4777,126.6249,68.99
"South Korea/인천",벚나무,2010-04-20,2010,110,37.4777,126.6249,68.99
"South Korea/인천",벚나무,2011-04-20,2011,110,37.4777,126.6249,68.99
"South Korea/인천",벚나무,2012-04-19,2012,110,37.4777,126.6249,68.99
"South Korea/인천",벚나무,2013-04-17,2013,107,37.4777,126.6249,68.99
"South Korea/인천",벚나무,2014-03-30,2014,89,37.4777,126.6249,68.99
"South Korea/인천",벚나무,2015-04-08,2015,98,37.4777,126.6249,68.99
"South Korea/인천",벚나무,2016-04-06,2016,97,37.4777,126.6249,68.99
"South Korea/인천",벚나무,2017-04-10,2017,100,37.4777,126.6249,68.99
"South Korea/인천",벚나무,2018-04-06,2018,96,37.4777,126.6249,68.99
"South Korea/인천",벚나무,2019-04-08,2019,98,37.4777,126.6249,68.99
"South Korea/인천",벚나무,2020-03-30,2020,90,37.4777,126.6249,68.99
"South Korea/인천",벚나무,2021-03-31,2021,90,37.4777,126.6249,68.99
"South Korea/인천",벚나무,2022-04-09,2022,99,37.4777,126.6249,68.99
"South Korea/인천",벚나무,2023-04-02,2023,92,37.4777,126.6249,68.99
"South Korea/인천",벚나무,2024-04-03,2024,94,37.4777,126.6249,68.99
"South Korea/인천",벚나무,2025-04-11,2025,101,37.4777,126.6249,68.99
"South Korea/고흥",벚나무,1975-04-07,1975,97,34.6183,127.2757,51.91
"South Korea/고흥",벚나무,1976-04-05,1976,96,34.6183,127.2757,51.91
"South Korea/고흥",벚나무,1977-04-06,1977,96,34.6183,127.2757,51.91
"South Korea/고흥",벚나무,1978-04-10,1978,100,34.6183,127.2757,51.91
"South Korea/고흥",벚나무,1979-04-07,1979,97,34.6183,127.2757,51.91
"South Korea/고흥",벚나무,1980-04-16,1980,107,34.6183,127.2757,51.91
"South Korea/고흥",벚나무,1981-04-14,1981,104,34.6183,127.2757,51.91
"South Korea/고흥",벚나무,1982-04-11,1982,101,34.6183,127.2757,51.91
"South Korea/고흥",벚나무,1983-04-13,1983,103,34.6183,127.2757,51.91
"South Korea/고흥",벚나무,1984-04-16,1984,107,34.6183,127.2757,51.91
"South Korea/고흥",벚나무,1985-04-08,1985,98,34.6183,127.2757,51.91
"South Korea/고흥",벚나무,1986-04-07,1986,97,34.6183,127.2757,51.91
"South Korea/고흥",벚나무,1987-04-07,1987,97,34.6183,127.2757,51.91
"South Korea/고흥",벚나무,1988-04-11,1988,102,34.6183,127.2757,51.91
"South Korea/고흥",벚나무,1989-03-31,1989,90,34.6183,127.2757,51.91
"South Korea/고흥",벚나무,1990-03-26,1990,85,34.6183,127.2757,51.91
"South Korea/고흥",벚나무,1991-03-29,1991,88,34.6183,127.2757,51.91
"South Korea/고흥",벚나무,1992-03-20,1992,80,34.6183,127.2757,51.91
"South Korea/고흥",벚나무,1993-03-31,1993,90,34.6183,127.2757,51.91
"South Korea/고흥",벚나무,1994-04-06,1994,96,34.6183,127.2757,51.91
"South Korea/고흥",벚나무,1995-04-05,1995,95,34.6183,127.2757,51.91
"South Korea/고흥",벚나무,1996-04-10,1996,101,34.6183,127.2757,51.91
"South Korea/고흥",벚나무,1997-03-31,1997,90,34.6183,127.2757,51.91
"South Korea/고흥",벚나무,1998-03-28,1998,87,34.6183,127.2757,51.91
"South Korea/고흥",벚나무,1999-03-29,1999,88,34.6183,127.2757,51.91
"South Korea/고흥",벚나무,2000-03-30,2000,90,34.6183,127.2757,51.91
"South Korea/고흥",벚나무,2001-04-03,2001,93,34.6183,127.2757,51.91
"South Korea/고흥",벚나무,2002-03-30,2002,89,34.6183,127.2757,51.91
"South Korea/고흥",벚나무,2003-03-31,2003,90,34.6183,127.2757,51.91
"South Korea/고흥",벚나무,2004-03-29,2004,89,34.6183,127.2757,51.91
"South Korea/고흥",벚나무,2005-04-08,2005,98,34.6183,127.2757,51.91
"South Korea/고흥",벚나무,2006-04-01,2006,91,34.6183,127.2757,51.91
"South Korea/고흥",벚나무,2007-03-27,2007,86,34.6183,127.2757,51.91
"South Korea/고흥",벚나무,2008-03-28,2008,88,34.6183,127.2757,51.91
"South Korea/목포",벚나무,1973-04-04,1973,94,34.8173,126.3815,44.7
"South Korea/목포",벚나무,1974-04-07,1974,97,34.8173,126.3815,44.7
"South Korea/목포",벚나무,1975-04-09,1975,99,34.8173,126.3815,44.7
"South Korea/목포",벚나무,1976-04-12,1976,103,34.8173,126.3815,44.7
"South Korea/목포",벚나무,1977-04-04,1977,94,34.8173,126.3815,44.7
"South Korea/목포",벚나무,1978-04-10,1978,100,34.8173,126.3815,44.7
"South Korea/목포",벚나무,1979-04-04,1979,94,34.8173,126.3815,44.7
"South Korea/목포",벚나무,1980-04-08,1980,99,34.8173,126.3815,44.7
"South Korea/목포",벚나무,1981-04-06,1981,96,34.8173,126.3815,44.7
"South Korea/목포",벚나무,1982-04-03,1982,93,34.8173,126.3815,44.7
"South Korea/목포",벚나무,1984-04-15,1984,106,34.8173,126.3815,44.7
"South Korea/목포",벚나무,1985-04-13,1985,103,34.8173,126.3815,44.7
"South Korea/목포",벚나무,1986-04-10,1986,100,34.8173,126.3815,44.7
"South Korea/목포",벚나무,1987-04-09,1987,99,34.8173,126.3815,44.7
"South Korea/목포",벚나무,1988-04-15,1988,106,34.8173,126.3815,44.7
"South Korea/목포",벚나무,1989-04-04,1989,94,34.8173,126.3815,44.7
"South Korea/목포",벚나무,1990-03-28,1990,87,34.8173,126.3815,44.7
"South Korea/목포",벚나무,1991-04-10,1991,100,34.8173,126.3815,44.7
"South Korea/목포",벚나무,1992-03-28,1992,88,34.8173,126.3815,44.7
"South Korea/목포",벚나무,1993-04-13,1993,103,34.8173,126.3815,44.7
"South Korea/목포",벚나무,1994-03-30,1994,89,34.8173,126.3815,44.7
"South Korea/목포",벚나무,1995-03-30,1995,89,34.8173,126.3815,44.7
"South Korea/목포",벚나무,1996-04-16,1996,107,34.8173,126.3815,44.7
"South Korea/목포",벚나무,1997-03-31,1997,90,34.8173,126.3815,44.7
"South Korea/목포",벚나무,1998-03-24,1998,83,34.8173,126.3815,44.7
"South Korea/목포",벚나무,1999-04-03,1999,93,34.8173,126.3815,44.7
"South Korea/목포",벚나무,2000-04-09,2000,100,34.8173,126.3815,44.7
"South Korea/목포",벚나무,2001-04-04,2001,94,34.8173,126.3815,44.7
"South Korea/목포",벚나무,2002-03-29,2002,88,34.8173,126.3815,44.7
"South Korea/목포",벚나무,2003-03-30,2003,89,34.8173,126.3815,44.7
"South Korea/목포",벚나무,2004-04-01,2004,92,34.8173,126.3815,44.7
"South Korea/목포",벚나무,2005-04-11,2005,101,34.8173,126.3815,44.7
"South Korea/목포",벚나무,2006-04-07,2006,97,34.8173,126.3815,44.7
"South Korea/목포",벚나무,2007-03-31,2007,90,34.8173,126.3815,44.7
"South Korea/목포",벚나무,2008-03-31,2008,91,34.8173,126.3815,44.7
"South Korea/목포",벚나무,2009-04-03,2009,93,34.8173,126.3815,44.7
"South Korea/목포",벚나무,2010-04-05,2010,95,34.8173,126.3815,44.7
"South Korea/목포",벚나무,2011-04-09,2011,99,34.8173,126.3815,44.7
"South Korea/목포",벚나무,2012-04-11,2012,102,34.8173,126.3815,44.7
"South Korea/목포",벚나무,2013-03-31,2013,90,34.8173,126.3815,44.7
"South Korea/목포",벚나무,2014-03-28,2014,87,34.8173,126.3815,44.7
"South Korea/목포",벚나무,2015-03-26,2015,85,34.8173,126.3815,44.7
"South Korea/목포",벚나무,2016-03-31,2016,91,34.8173,126.3815,44.7
"South Korea/목포",벚나무,2017-04-02,2017,92,34.8173,126.3815,44.7
"South Korea/목포",벚나무,2018-03-29,2018,88,34.8173,126.3815,44.7
"South Korea/목포",벚나무,2019-03-31,2019,90,34.8173,126.3815,44.7
"South Korea/목포",벚나무,2020-03-26,2020,86,34.8173,126.3815,44.7
"South Korea/목포",벚나무,2021-03-24,2021,83,34.8173,126.3815,44.7
"South Korea/목포",벚나무,2022-03-31,2022,90,34.8173,126.3815,44.7
"South Korea/목포",벚나무,2023-03-26,2023,85,34.8173,126.3815,44.7
"South Korea/목포",벚나무,2024-03-29,2024,89,34.8173,126.3815,44.7
"South Korea/목포",벚나무,2025-03-27,2025,86,34.8173,126.3815,44.7
"South Korea/무안",벚나무,1993-04-13,1993,103,nan,nan,nan
"South Korea/무안",벚나무,1994-04-09,1994,99,nan,nan,nan
"South Korea/무안",벚나무,1995-04-07,1995,97,nan,nan,nan
"South Korea/무안",벚나무,1996-04-21,1996,112,nan,nan,nan
"South Korea/무안",벚나무,1997-04-08,1997,98,nan,nan,nan
"South Korea/무안",벚나무,1998-04-06,1998,96,nan,nan,nan
"South Korea/무안",벚나무,1999-04-03,1999,93,nan,nan,nan
"South Korea/무안",벚나무,2000-04-05,2000,96,nan,nan,nan
"South Korea/순천",벚나무,2011-04-08,2011,98,35.0204,127.3694,165.0
"South Korea/순천",벚나무,2012-04-11,2012,102,35.0204,127.3694,165.0
"South Korea/순천",벚나무,2013-04-03,2013,93,35.0204,127.3694,165.0
"South Korea/순천",벚나무,2014-03-30,2014,89,35.0204,127.3694,165.0
"South Korea/순천",벚나무,2015-03-27,2015,86,35.0204,127.3694,165.0
"South Korea/여수",벚나무,1973-04-03,1973,93,34.7393,127.7406,65.93
"South Korea/여수",벚나무,1974-04-10,1974,100,34.7393,127.7406,65.93
"South Korea/여수",벚나무,1975-04-08,1975,98,34.7393,127.7406,65.93
"South Korea/여수",벚나무,1976-04-11,1976,102,34.7393,127.7406,65.93
"South Korea/여수",벚나무,1977-04-02,1977,92,34.7393,127.7406,65.93
"South Korea/여수",벚나무,1978-04-09,1978,99,34.7393,127.7406,65.93
"South Korea/여수",벚나무,1979-04-02,1979,92,34.7393,127.7406,65.93
"South Korea/여수",벚나무,1980-04-06,1980,97,34.7393,127.7406,65.93
"South Korea/여수",벚나무,1981-04-07,1981,97,34.7393,127.7406,65.93
"South Korea/여수",벚나무,1982-04-02,1982,92,34.7393,127.7406,65.93
"South Korea/여수",벚나무,1983-04-03,1983,93,34.7393,127.7406,65.93
"South Korea/여수",벚나무,1984-04-13,1984,104,34.7393,127.7406,65.93
"South Korea/여수",벚나무,1985-04-10,1985,100,34.7393,127.7406,65.93
"South Korea/여수",벚나무,1986-04-07,1986,97,34.7393,127.7406,65.93
"South Korea/여수",벚나무,1987-04-04,1987,94,34.7393,127.7406,65.93
"South Korea/여수",벚나무,1988-04-09,1988,100,34.7393,127.7406,65.93
"South Korea/여수",벚나무,1989-04-01,1989,91,34.7393,127.7406,65.93
"South Korea/여수",벚나무,1990-03-27,1990,86,34.7393,127.7406,65.93
"South Korea/여수",벚나무,1991-04-11,1991,101,34.7393,127.7406,65.93
"South Korea/여수",벚나무,1992-03-31,1992,91,34.7393,127.7406,65.93
"South Korea/여수",벚나무,1993-04-03,1993,93,34.7393,127.7406,65.93
"South Korea/여수",벚나무,1994-04-05,1994,95,34.7393,127.7406,65.93
"South Korea/여수",벚나무,1995-04-06,1995,96,34.7393,127.7406,65.93
"South Korea/여수",벚나무,1996-04-10,1996,101,34.7393,127.7406,65.93
"South Korea/여수",벚나무,1997-04-03,1997,93,34.7393,127.7406,65.93
"South Korea/여수",벚나무,1998-03-28,1998,87,34.7393,127.7406,65.93
"South Korea/여수",벚나무,1999-04-02,1999,92,34.7393,127.7406,65.93
"South Korea/여수",벚나무,2000-04-01,2000,92,34.7393,127.7406,65.93
"South Korea/여수",벚나무,2001-03-30,2001,89,34.7393,127.7406,65.93
"South Korea/여수",벚나무,2002-03-26,2002,85,34.7393,127.7406,65.93
"South Korea/여수",벚나무,2003-03-25,2003,84,34.7393,127.7406,65.93
"South Korea/여수",벚나무,2004-03-26,2004,86,34.7393,127.7406,65.93
"South Korea/여수",벚나무,2005-04-07,2005,97,34.7393,127.7406,65.93
"South Korea/여수",벚나무,2006-03-31,2006,90,34.7393,127.7406,65.93
"South Korea/여수",벚나무,2007-03-26,2007,85,34.7393,127.7406,65.93
"South Korea/여수",벚나무,2008-03-30,2008,90,34.7393,127.7406,65.93
"South Korea/여수",벚나무,2009-03-24,2009,83,34.7393,127.7406,65.93
"South Korea/여수",벚나무,2010-04-04,2010,94,34.7393,127.7406,65.93
"South Korea/여수",벚나무,2011-04-05,2011,95,34.7393,127.7406,65.93
"South Korea/여수",벚나무,2012-04-06,2012,97,34.7393,127.7406,65.93
"South Korea/여수",벚나무,2013-03-25,2013,84,34.7393,127.7406,65.93
"South Korea/여수",벚나무,2014-03-26,2014,85,34.7393,127.7406,65.93
"South Korea/여수",벚나무,2015-03-28,2015,87,34.7393,127.7406,65.93
"South Korea/여수",벚나무,2016-03-27,2016,87,34.7393,127.7406,65.93
"South Korea/여수",벚나무,2017-03-31,2017,90,34.7393,127.7406,65.93
"South Korea/여수",벚나무,2018-03-29,2018,88,34.7393,127.7406,65.93
"South Korea/여수",벚나무,2019-03-26,2019,85,34.7393,127.7406,65.93
"South Korea/여수",벚나무,2020-03-25,2020,85,34.7393,127.7406,65.93
"South Korea/여수",벚나무,2021-03-21,2021,80,34.7393,127.7406,65.93
"South Korea/여수",벚나무,2022-03-29,2022,88,34.7393,127.7406,65.93
"South Korea/여수",벚나무,2023-03-23,2023,82,34.7393,127.7406,65.93
"South Korea/여수",벚나무,2024-03-26,2024,86,34.7393,127.7406,65.93
"South Korea/여수",벚나무,2025-03-30,2025,89,34.7393,127.7406,65.93
"South Korea/완도",벚나무,1976-03-27,1976,87,34.3959,126.7018,35.37
"South Korea/완도",벚나무,1977-04-01,1977,91,34.3959,126.7018,35.37
"South Korea/완도",벚나무,1978-04-01,1978,91,34.3959,126.7018,35.37
"South Korea/완도",벚나무,1979-03-27,1979,86,34.3959,126.7018,35.37
"South Korea/완도",벚나무,1980-04-08,1980,99,34.3959,126.7018,35.37
"South Korea/완도",벚나무,1981-04-04,1981,94,34.3959,126.7018,35.37
"South Korea/완도",벚나무,1982-04-05,1982,95,34.3959,126.7018,35.37
"South Korea/완도",벚나무,1983-04-05,1983,95,34.3959,126.7018,35.37
"South Korea/완도",벚나무,1984-04-14,1984,105,34.3959,126.7018,35.37
"South Korea/완도",벚나무,1985-04-07,1985,97,34.3959,126.7018,35.37
"South Korea/완도",벚나무,1986-04-06,1986,96,34.3959,126.7018,35.37
"South Korea/완도",벚나무,1987-04-03,1987,93,34.3959,126.7018,35.37
"South Korea/완도",벚나무,1988-03-25,1988,85,34.3959,126.7018,35.37
"South Korea/완도",벚나무,1989-03-14,1989,73,34.3959,126.7018,35.37
"South Korea/완도",벚나무,1990-03-22,1990,81,34.3959,126.7018,35.37
"South Korea/완도",벚나무,1991-04-02,1991,92,34.3959,126.7018,35.37
"South Korea/완도",벚나무,1992-03-30,1992,90,34.3959,126.7018,35.37
"South Korea/완도",벚나무,1993-03-30,1993,89,34.3959,126.7018,35.37
"South Korea/완도",벚나무,1994-03-28,1994,87,34.3959,126.7018,35.37
"South Korea/완도",벚나무,1995-04-05,1995,95,34.3959,126.7018,35.37
"South Korea/완도",벚나무,1996-04-12,1996,103,34.3959,126.7018,35.37
"South Korea/완도",벚나무,1997-03-28,1997,87,34.3959,126.7018,35.37
"South Korea/완도",벚나무,1998-03-20,1998,79,34.3959,126.7018,35.37
"South Korea/완도",벚나무,1999-04-01,1999,91,34.3959,126.7018,35.37
"South Korea/완도",벚나무,2000-04-03,2000,94,34.3959,126.7018,35.37
"South Korea/완도",벚나무,2001-04-02,2001,92,34.3959,126.7018,35.37
"South Korea/완도",벚나무,2002-03-25,2002,84,34.3959,126.7018,35.37
"South Korea/완도",벚나무,2003-03-30,2003,89,34.3959,126.7018,35.37
"South Korea/완도",벚나무,2004-03-26,2004,86,34.3959,126.7018,35.37
"South Korea/완도",벚나무,2005-04-08,2005,98,34.3959,126.7018,35.37
"South Korea/완도",벚나무,2006-04-02,2006,92,34.3959,126.7018,35.37
"South Korea/완도",벚나무,2007-03-28,2007,87,34.3959,126.7018,35.37
"South Korea/완도",벚나무,2008-03-31,2008,91,34.3959,126.7018,35.37
"South Korea/완도",벚나무,2009-03-29,2009,88,34.3959,126.7018,35.37
"South Korea/완도",벚나무,2010-04-03,2010,93,34.3959,126.7018,35.37
"South Korea/완도",벚나무,2011-04-04,2011,94,34.3959,126.7018,35.37
"South Korea/완도",벚나무,2012-04-10,2012,101,34.3959,126.7018,35.37
"South Korea/완도",벚나무,2013-04-01,2013,91,34.3959,126.7018,35.37
"South Korea/완도",벚나무,2014-03-30,2014,89,34.3959,126.7018,35.37
"South Korea/완도",벚나무,2015-03-31,2015,90,34.3959,126.7018,35.37
"South Korea/장흥",벚나무,1974-04-04,1974,94,34.6889,126.9195,43.99
"South Korea/장흥",벚나무,1975-04-02,1975,92,34.6889,126.9195,43.99
"South Korea/장흥",벚나무,1976-04-01,1976,92,34.6889,126.9195,43.99
"South Korea/장흥",벚나무,1977-04-04,1977,94,34.6889,126.9195,43.99
"South Korea/장흥",벚나무,1978-04-08,1978,98,34.6889,126.9195,43.99
"South Korea/장흥",벚나무,1979-04-09,1979,99,34.6889,126.9195,43.99
"South Korea/장흥",벚나무,1980-04-08,1980,99,34.6889,126.9195,43.99
"South Korea/장흥",벚나무,1981-04-06,1981,96,34.6889,126.9195,43.99
"South Korea/장흥",벚나무,1982-04-03,1982,93,34.6889,126.9195,43.99
"South Korea/장흥",벚나무,1983-04-07,1983,97,34.6889,126.9195,43.99
"South Korea/장흥",벚나무,1984-04-14,1984,105,34.6889,126.9195,43.99
"South Korea/장흥",벚나무,1985-04-10,1985,100,34.6889,126.9195,43.99
"South Korea/장흥",벚나무,1986-04-08,1986,98,34.6889,126.9195,43.99
"South Korea/장흥",벚나무,1987-04-04,1987,94,34.6889,126.9195,43.99
"South Korea/장흥",벚나무,1988-04-01,1988,92,34.6889,126.9195,43.99
"South Korea/장흥",벚나무,1989-04-01,1989,91,34.6889,126.9195,43.99
"South Korea/장흥",벚나무,1990-03-29,1990,88,34.6889,126.9195,43.99
"South Korea/장흥",벚나무,1991-04-04,1991,94,34.6889,126.9195,43.99
"South Korea/장흥",벚나무,1992-04-01,1992,92,34.6889,126.9195,43.99
"South Korea/장흥",벚나무,1993-04-03,1993,93,34.6889,126.9195,43.99
"South Korea/장흥",벚나무,1994-04-06,1994,96,34.6889,126.9195,43.99
"South Korea/장흥",벚나무,1995-04-06,1995,96,34.6889,126.9195,43.99
"South Korea/장흥",벚나무,1996-04-10,1996,101,34.6889,126.9195,43.99
"South Korea/장흥",벚나무,1997-04-05,1997,95,34.6889,126.9195,43.99
"South Korea/장흥",벚나무,1998-03-31,1998,90,34.6889,126.9195,43.99
"South Korea/장흥",벚나무,1999-04-05,1999,95,34.6889,126.9195,43.99
"South Korea/장흥",벚나무,2000-04-05,2000,96,34.6889,126.9195,43.99
"South Korea/장흥",벚나무,2001-04-03,2001,93,34.6889,126.9195,43.99
"South Korea/장흥",벚나무,2002-03-27,2002,86,34.6889,126.9195,43.99
"South Korea/장흥",벚나무,2003-03-30,2003,89,34.6889,126.9195,43.99
"South Korea/장흥",벚나무,2004-03-26,2004,86,34.6889,126.9195,43.99
"South Korea/장흥",벚나무,2005-04-07,2005,97,34.6889,126.9195,43.99
"South Korea/장흥",벚나무,2006-04-02,2006,92,34.6889,126.9195,43.99
"South Korea/장흥",벚나무,2007-03-27,2007,86,34.6889,126.9195,43.99
"South Korea/장흥",벚나무,2008-03-28,2008,88,34.6889,126.9195,43.99
"South Korea/주암",벚나무,1973-04-01,1973,91,nan,nan,nan
"South Korea/주암",벚나무,1975-04-07,1975,97,nan,nan,nan
"South Korea/주암",벚나무,1976-04-06,1976,97,nan,nan,nan
"South Korea/주암",벚나무,1977-04-04,1977,94,nan,nan,nan
"South Korea/주암",벚나무,1978-04-09,1978,99,nan,nan,nan
"South Korea/주암",벚나무,1979-04-05,1979,95,nan,nan,nan
"South Korea/주암",벚나무,1980-04-08,1980,99,nan,nan,nan
"South Korea/주암",벚나무,1981-04-06,1981,96,nan,nan,nan
"South Korea/주암",벚나무,1982-04-03,1982,93,nan,nan,nan
"South Korea/주암",벚나무,1983-04-06,1983,96,nan,nan,nan
"South Korea/주암",벚나무,1984-04-13,1984,104,nan,nan,nan
"South Korea/주암",벚나무,1985-04-10,1985,100,nan,nan,nan
"South Korea/주암",벚나무,1986-04-09,1986,99,nan,nan,nan
"South Korea/주암",벚나무,1987-04-06,1987,96,nan,nan,nan
"South Korea/주암",벚나무,1988-04-12,1988,103,nan,nan,nan
"South Korea/주암",벚나무,1989-04-05,1989,95,nan,nan,nan
"South Korea/주암",벚나무,1990-04-02,1990,92,nan,nan,nan
"South Korea/주암",벚나무,1991-04-07,1991,97,nan,nan,nan
"South Korea/주암",벚나무,1992-03-31,1992,91,nan,nan,nan
"South Korea/주암",벚나무,1993-04-04,1993,94,nan,nan,nan
"South Korea/주암",벚나무,1994-04-07,1994,97,nan,nan,nan
"South Korea/주암",벚나무,1995-04-06,1995,96,nan,nan,nan
"South Korea/주암",벚나무,1996-04-16,1996,107,nan,nan,nan
"South Korea/주암",벚나무,1997-04-03,1997,93,nan,nan,nan
"South Korea/주암",벚나무,1998-03-30,1998,89,nan,nan,nan
"South Korea/주암",벚나무,1999-04-05,1999,95,nan,nan,nan
"South Korea/주암",벚나무,2000-04-05,2000,96,nan,nan,nan
"South Korea/주암",벚나무,2001-04-05,2001,95,nan,nan,nan
"South Korea/주암",벚나무,2002-03-26,2002,85,nan,nan,nan
"South Korea/주암",벚나무,2003-04-02,2003,92,nan,nan,nan
"South Korea/주암",벚나무,2004-03-29,2004,89,nan,nan,nan
"South Korea/주암",벚나무,2005-04-09,2005,99,nan,nan,nan
"South Korea/주암",벚나무,2006-04-01,2006,91,nan,nan,nan
"South Korea/주암",벚나무,2007-03-29,2007,88,nan,nan,nan
"South Korea/주암",벚나무,2008-04-02,2008,93,nan,nan,nan
"South Korea/주암",벚나무,2009-03-30,2009,89,nan,nan,nan
"South Korea/주암",벚나무,2010-04-05,2010,95,nan,nan,nan
"South Korea/진도(첨찰산)",벚나무,2002-03-28,2002,87,nan,nan,nan
"South Korea/진도(첨찰산)",벚나무,2003-04-01,2003,91,nan,nan,nan
"South Korea/진도(첨찰산)",벚나무,2004-03-21,2004,81,nan,nan,nan
"South Korea/진도(첨찰산)",벚나무,2005-04-11,2005,101,nan,nan,nan
"South Korea/진도(첨찰산)",벚나무,2006-04-05,2006,95,nan,nan,nan
"South Korea/진도(첨찰산)",벚나무,2007-03-26,2007,85,nan,nan,nan
"South Korea/진도(첨찰산)",벚나무,2008-03-31,2008,91,nan,nan,nan
"South Korea/진도(첨찰산)",벚나무,2009-03-23,2009,82,nan,nan,nan
"South Korea/진도(첨찰산)",벚나무,2010-04-06,2010,96,nan,nan,nan
"South Korea/진도(첨찰산)",벚나무,2011-04-07,2011,97,nan,nan,nan
"South Korea/진도(첨찰산)",벚나무,2012-04-12,2012,103,nan,nan,nan
"South Korea/진도(첨찰산)",벚나무,2013-04-01,2013,91,nan,nan,nan
"South Korea/진도(첨찰산)",벚나무,2014-03-29,2014,88,nan,nan,nan
"South Korea/진도(첨찰산)",벚나무,2015-03-26,2015,85,nan,nan,nan
"South Korea/해남",벚나무,1973-03-30,1973,89,34.5538,126.5691,16.36
"South Korea/해남",벚나무,1974-04-05,1974,95,34.5538,126.5691,16.36
"South Korea/해남",벚나무,1975-04-06,1975,96,34.5538,126.5691,16.36
"South Korea/해남",벚나무,1976-04-06,1976,97,34.5538,126.5691,16.36
"South Korea/해남",벚나무,1977-04-09,1977,99,34.5538,126.5691,16.36
"South Korea/해남",벚나무,1978-04-10,1978,100,34.5538,126.5691,16.36
"South Korea/해남",벚나무,1979-03-28,1979,87,34.5538,126.5691,16.36
"South Korea/해남",벚나무,1980-04-07,1980,98,34.5538,126.5691,16.36
"South Korea/해남",벚나무,1981-04-06,1981,96,34.5538,126.5691,16.36
"South Korea/해남",벚나무,1982-04-01,1982,91,34.5538,126.5691,16.36
"South Korea/해남",벚나무,1983-04-05,1983,95,34.5538,126.5691,16.36
"South Korea/해남",벚나무,1984-04-12,1984,103,34.5538,126.5691,16.36
"South Korea/해남",벚나무,1985-04-01,1985,91,34.5538,126.5691,16.36
"South Korea/해남",벚나무,1986-04-06,1986,96,34.5538,126.5691,16.36
"South Korea/해남",벚나무,1987-04-03,1987,93,34.5538,126.5691,16.36
"South Korea/해남",벚나무,1988-04-09,1988,100,34.5538,126.5691,16.36
"South Korea/해남",벚나무,1989-03-14,1989,73,34.5538,126.5691,16.36
"South Korea/해남",벚나무,1990-03-26,1990,85,34.5538,126.5691,16.36
"South Korea/해남",벚나무,1991-04-08,1991,98,34.5538,126.5691,16.36
"South Korea/해남",벚나무,1992-03-30,1992,90,34.5538,126.5691,16.36
"South Korea/해남",벚나무,1993-04-03,1993,93,34.5538,126.5691,16.36
"South Korea/해남",벚나무,1994-04-07,1994,97,34.5538,126.5691,16.36
"South Korea/해남",벚나무,1995-04-06,1995,96,34.5538,126.5691,16.36
"South Korea/해남",벚나무,1996-04-15,1996,106,34.5538,126.5691,16.36
"South Korea/해남",벚나무,1997-04-03,1997,93,34.5538,126.5691,16.36
"South Korea/해남",벚나무,1998-04-01,1998,91,34.5538,126.5691,16.36
"South Korea/해남",벚나무,1999-04-05,1999,95,34.5538,126.5691,16.36
"South Korea/해남",벚나무,2000-04-09,2000,100,34.5538,126.5691,16.36
"South Korea/해남",벚나무,2001-04-06,2001,96,34.5538,126.5691,16.36
"South Korea/해남",벚나무,2002-03-30,2002,89,34.5538,126.5691,16.36
"South Korea/해남",벚나무,2003-04-01,2003,91,34.5538,126.5691,16.36
"South Korea/해남",벚나무,2004-03-29,2004,89,34.5538,126.5691,16.36
"South Korea/해남",벚나무,2005-04-09,2005,99,34.5538,126.5691,16.36
"South Korea/해남",벚나무,2006-04-05,2006,95,34.5538,126.5691,16.36
"South Korea/해남",벚나무,2007-03-30,2007,89,34.5538,126.5691,16.36
"South Korea/해남",벚나무,2008-04-03,2008,94,34.5538,126.5691,16.36
"South Korea/흑산도",벚나무,1997-03-24,1997,83,34.6872,125.4511,75.12
"South Korea/흑산도",벚나무,1998-04-07,1998,97,34.6872,125.4511,75.12
"South Korea/흑산도",벚나무,1999-04-11,1999,101,34.6872,125.4511,75.12
"South Korea/흑산도",벚나무,2000-04-12,2000,103,34.6872,125.4511,75.12
"South Korea/흑산도",벚나무,2001-04-08,2001,98,34.6872,125.4511,75.12
"South Korea/흑산도",벚나무,2002-04-01,2002,91,34.6872,125.4511,75.12
"South Korea/흑산도",벚나무,2003-03-30,2003,89,34.6872,125.4511,75.12
"South Korea/흑산도",벚나무,2004-03-26,2004,86,34.6872,125.4511,75.12
"South Korea/흑산도",벚나무,2005-04-12,2005,102,34.6872,125.4511,75.12
"South Korea/흑산도",벚나무,2006-04-09,2006,99,34.6872,125.4511,75.12
"South Korea/흑산도",벚나무,2007-04-05,2007,95,34.6872,125.4511,75.12
"South Korea/흑산도",벚나무,2008-04-01,2008,92,34.6872,125.4511,75.12
"South Korea/흑산도",벚나무,2009-04-02,2009,92,34.6872,125.4511,75.12
"South Korea/흑산도",벚나무,2010-04-04,2010,94,34.6872,125.4511,75.12
"South Korea/흑산도",벚나무,2011-04-13,2011,103,34.6872,125.4511,75.12
"South Korea/흑산도",벚나무,2012-04-17,2012,108,34.6872,125.4511,75.12
"South Korea/흑산도",벚나무,2013-04-10,2013,100,34.6872,125.4511,75.12
"South Korea/흑산도",벚나무,2014-04-03,2014,93,34.6872,125.4511,75.12
"South Korea/흑산도",벚나무,2015-03-31,2015,90,34.6872,125.4511,75.12
"South Korea/흑산도",벚나무,2016-04-03,2016,94,34.6872,125.4511,75.12
"South Korea/흑산도",벚나무,2017-04-06,2017,96,34.6872,125.4511,75.12
"South Korea/흑산도",벚나무,2018-04-05,2018,95,34.6872,125.4511,75.12
"South Korea/흑산도",벚나무,2019-04-04,2019,94,34.6872,125.4511,75.12
"South Korea/흑산도",벚나무,2020-04-08,2020,99,34.6872,125.4511,75.12
"South Korea/흑산도",벚나무,2021-04-01,2021,91,34.6872,125.4511,75.12
"South Korea/흑산도",벚나무,2022-04-08,2022,98,34.6872,125.4511,75.12
"South Korea/흑산도",벚나무,2023-04-02,2023,92,34.6872,125.4511,75.12
"South Korea/흑산도",벚나무,2024-03-31,2024,91,34.6872,125.4511,75.12
"South Korea/흑산도",벚나무,2025-04-06,2025,96,34.6872,125.4511,75.12
"South Korea/고창",벚나무,2011-04-11,2011,101,35.3482,126.599,52.42
"South Korea/고창",벚나무,2012-04-15,2012,106,35.3482,126.599,52.42
"South Korea/고창",벚나무,2013-04-09,2013,99,35.3482,126.599,52.42
"South Korea/고창",벚나무,2014-03-31,2014,90,35.3482,126.599,52.42
"South Korea/고창",벚나무,2015-04-03,2015,93,35.3482,126.599,52.42
"South Korea/고창군",벚나무,2009-04-01,2009,91,35.4266,126.697,58.84
"South Korea/고창군",벚나무,2010-04-06,2010,96,35.4266,126.697,58.84
"South Korea/군산",벚나무,1973-04-10,1973,100,36.0053,126.7614,27.85
"South Korea/군산",벚나무,1974-04-13,1974,103,36.0053,126.7614,27.85
"South Korea/군산",벚나무,1975-04-15,1975,105,36.0053,126.7614,27.85
"South Korea/군산",벚나무,1976-04-13,1976,104,36.0053,126.7614,27.85
"South Korea/군산",벚나무,1977-04-11,1977,101,36.0053,126.7614,27.85
"South Korea/군산",벚나무,1978-04-12,1978,102,36.0053,126.7614,27.85
"South Korea/군산",벚나무,1979-04-07,1979,97,36.0053,126.7614,27.85
"South Korea/군산",벚나무,1980-04-14,1980,105,36.0053,126.7614,27.85
"South Korea/군산",벚나무,1981-04-14,1981,104,36.0053,126.7614,27.85
"South Korea/군산",벚나무,1982-04-14,1982,104,36.0053,126.7614,27.85
"South Korea/군산",벚나무,1983-04-10,1983,100,36.0053,126.7614,27.85
"South Korea/군산",벚나무,1984-04-17,1984,108,36.0053,126.7614,27.85
"South Korea/군산",벚나무,1985-04-16,1985,106,36.0053,126.7614,27.85
"South Korea/군산",벚나무,1986-04-17,1986,107,36.0053,126.7614,27.85
"South Korea/군산",벚나무,1987-04-15,1987,105,36.0053,126.7614,27.85
"South Korea/군산",벚나무,1988-04-17,1988,108,36.0053,126.7614,27.85
"South Korea/군산",벚나무,1989-04-09,1989,99,36.0053,126.7614,27.85
"South Korea/군산",벚나무,1990-04-07,1990,97,36.0053,126.7614,27.85
"South Korea/군산",벚나무,1991-04-13,1991,103,36.0053,126.7614,27.85
"South Korea/군산",벚나무,1992-04-05,1992,96,36.0053,126.7614,27.85
"South Korea/군산",벚나무,1993-04-16,1993,106,36.0053,126.7614,27.85
"South Korea/군산",벚나무,1994-04-13,1994,103,36.0053,126.7614,27.85
"South Korea/군산",벚나무,1995-04-22,1995,112,36.0053,126.7614,27.85
"South Korea/군산",벚나무,1996-04-23,1996,114,36.0053,126.7614,27.85
"South Korea/군산",벚나무,1997-04-10,1997,100,36.0053,126.7614,27.85
"South Korea/군산",벚나무,1998-04-05,1998,95,36.0053,126.7614,27.85
"South Korea/군산",벚나무,1999-04-10,1999,100,36.0053,126.7614,27.85
"South Korea/군산",벚나무,2000-04-12,2000,103,36.0053,126.7614,27.85
"South Korea/군산",벚나무,2001-04-10,2001,100,36.0053,126.7614,27.85
"South Korea/군산",벚나무,2002-04-05,2002,95,36.0053,126.7614,27.85
"South Korea/군산",벚나무,2003-04-05,2003,95,36.0053,126.7614,27.85
"South Korea/군산",벚나무,2004-04-06,2004,97,36.0053,126.7614,27.85
"South Korea/군산",벚나무,2005-04-16,2005,106,36.0053,126.7614,27.85
"South Korea/군산",벚나무,2006-04-10,2006,100,36.0053,126.7614,27.85
"South Korea/군산",벚나무,2007-04-05,2007,95,36.0053,126.7614,27.85
"South Korea/군산",벚나무,2008-04-06,2008,97,36.0053,126.7614,27.85
"South Korea/군산",벚나무,2009-04-06,2009,96,36.0053,126.7614,27.85
"South Korea/군산",벚나무,2010-04-06,2010,96,36.0053,126.7614,27.85
"South Korea/군산",벚나무,2011-04-18,2011,108,36.0053,126.7614,27.85
"South Korea/군산",벚나무,2012-04-16,2012,107,36.0053,126.7614,27.85
"South Korea/군산",벚나무,2013-04-12,2013,102,36.0053,126.7614,27.85
"South Korea/군산",벚나무,2014-04-01,2014,91,36.0053,126.7614,27.85
"South Korea/군산",벚나무,2015-04-05,2015,95,36.0053,126.7614,27.85
"South Korea/남원",벚나무,1974-04-09,1974,99,35.4213,127.3965,133.49
"South Korea/남원",벚나무,1975-04-09,1975,99,35.4213,127.3965,133.49
"South Korea/남원",벚나무,1976-04-09,1976,100,35.4213,127.3965,133.49
"South Korea/남원",벚나무,1977-04-05,1977,95,35.4213,127.3965,133.49
"South Korea/남원",벚나무,1978-04-09,1978,99,35.4213,127.3965,133.49
"South Korea/남원",벚나무,1979-04-11,1979,101,35.4213,127.3965,133.49
"South Korea/남원",벚나무,1980-04-08,1980,99,35.4213,127.3965,133.49
"South Korea/남원",벚나무,1981-04-07,1981,97,35.4213,127.3965,133.49
"South Korea/남원",벚나무,1982-04-04,1982,94,35.4213,127.3965,133.49
"South Korea/남원",벚나무,1984-04-12,1984,103,35.4213,127.3965,133.49
"South Korea/남원",벚나무,1985-04-08,1985,98,35.4213,127.3965,133.49
"South Korea/남원",벚나무,1986-04-06,1986,96,35.4213,127.3965,133.49
"South Korea/남원",벚나무,1987-04-08,1987,98,35.4213,127.3965,133.49
"South Korea/남원",벚나무,1988-04-10,1988,101,35.4213,127.3965,133.49
"South Korea/남원",벚나무,1989-04-01,1989,91,35.4213,127.3965,133.49
"South Korea/남원",벚나무,1990-03-27,1990,86,35.4213,127.3965,133.49
"South Korea/남원",벚나무,1991-04-08,1991,98,35.4213,127.3965,133.49
"South Korea/남원",벚나무,1992-04-01,1992,92,35.4213,127.3965,133.49
"South Korea/남원",벚나무,1993-04-05,1993,95,35.4213,127.3965,133.49
"South Korea/남원",벚나무,1994-04-07,1994,97,35.4213,127.3965,133.49
"South Korea/남원",벚나무,1995-04-03,1995,93,35.4213,127.3965,133.49
"South Korea/남원",벚나무,1996-04-16,1996,107,35.4213,127.3965,133.49
"South Korea/남원",벚나무,1997-04-07,1997,97,35.4213,127.3965,133.49
"South Korea/남원",벚나무,1998-04-03,1998,93,35.4213,127.3965,133.49
"South Korea/남원",벚나무,1999-04-07,1999,97,35.4213,127.3965,133.49
"South Korea/남원",벚나무,2000-04-07,2000,98,35.4213,127.3965,133.49
"South Korea/남원",벚나무,2001-04-08,2001,98,35.4213,127.3965,133.49
"South Korea/남원",벚나무,2002-03-30,2002,89,35.4213,127.3965,133.49
"South Korea/남원",벚나무,2003-04-02,2003,92,35.4213,127.3965,133.49
"South Korea/남원",벚나무,2004-03-31,2004,91,35.4213,127.3965,133.49
"South Korea/남원",벚나무,2005-04-11,2005,101,35.4213,127.3965,133.49
"South Korea/남원",벚나무,2006-04-08,2006,98,35.4213,127.3965,133.49
"South Korea/남원",벚나무,2007-03-31,2007,90,35.4213,127.3965,133.49
"South Korea/남원",벚나무,2008-04-04,2008,95,35.4213,127.3965,133.49
"South Korea/남원",벚나무,2009-03-28,2009,87,35.4213,127.3965,133.49
"South Korea/남원",벚나무,2010-04-08,2010,98,35.4213,127.3965,133.49
"South Korea/남원",벚나무,2011-04-12,2011,102,35.4213,127.3965,133.49
"South Korea/남원",벚나무,2012-04-12,2012,103,35.4213,127.3965,133.49
"South Korea/남원",벚나무,2013-04-03,2013,93,35.4213,127.3965,133.49
"South Korea/남원",벚나무,2014-03-30,2014,89,35.4213,127.3965,133.49
"South Korea/남원",벚나무,2015-04-01,2015,91,35.4213,127.3965,133.49
"South Korea/부안",벚나무,1973-04-06,1973,96,35.7296,126.7166,12.2
"South Korea/부안",벚나무,1974-04-11,1974,101,35.7296,126.7166,12.2
"South Korea/부안",벚나무,1975-04-14,1975,104,35.7296,126.7166,12.2
"South Korea/부안",벚나무,1976-04-14,1976,105,35.7296,126.7166,12.2
"South Korea/부안",벚나무,1977-04-14,1977,104,35.7296,126.7166,12.2
"South Korea/부안",벚나무,1978-04-13,1978,103,35.7296,126.7166,12.2
"South Korea/부안",벚나무,1979-04-07,1979,97,35.7296,126.7166,12.2
"South Korea/부안",벚나무,1980-04-17,1980,108,35.7296,126.7166,12.2
"South Korea/부안",벚나무,1981-04-15,1981,105,35.7296,126.7166,12.2
"South Korea/부안",벚나무,1984-04-16,1984,107,35.7296,126.7166,12.2
"South Korea/부안",벚나무,1985-04-12,1985,102,35.7296,126.7166,12.2
"South Korea/부안",벚나무,1986-04-13,1986,103,35.7296,126.7166,12.2
"South Korea/부안",벚나무,1987-04-07,1987,97,35.7296,126.7166,12.2
"South Korea/부안",벚나무,1988-04-11,1988,102,35.7296,126.7166,12.2
"South Korea/부안",벚나무,1989-04-07,1989,97,35.7296,126.7166,12.2
"South Korea/부안",벚나무,1990-04-05,1990,95,35.7296,126.7166,12.2
"South Korea/부안",벚나무,1991-04-13,1991,103,35.7296,126.7166,12.2
"South Korea/부안",벚나무,1992-04-02,1992,93,35.7296,126.7166,12.2
"South Korea/부안",벚나무,1993-04-06,1993,96,35.7296,126.7166,12.2
"South Korea/부안",벚나무,1994-04-09,1994,99,35.7296,126.7166,12.2
"South Korea/부안",벚나무,1995-04-10,1995,100,35.7296,126.7166,12.2
"South Korea/부안",벚나무,1996-04-20,1996,111,35.7296,126.7166,12.2
"South Korea/부안",벚나무,1997-04-07,1997,97,35.7296,126.7166,12.2
"South Korea/부안",벚나무,1998-04-05,1998,95,35.7296,126.7166,12.2
"South Korea/부안",벚나무,1999-04-08,1999,98,35.7296,126.7166,12.2
"South Korea/부안",벚나무,2000-04-08,2000,99,35.7296,126.7166,12.2
"South Korea/부안",벚나무,2001-04-06,2001,96,35.7296,126.7166,12.2
"South Korea/부안",벚나무,2002-03-31,2002,90,35.7296,126.7166,12.2
"South Korea/부안",벚나무,2003-04-01,2003,91,35.7296,126.7166,12.2
"South Korea/부안",벚나무,2004-04-05,2004,96,35.7296,126.7166,12.2
"South Korea/부안",벚나무,2005-04-06,2005,96,35.7296,126.7166,12.2
"South Korea/부안",벚나무,2006-04-06,2006,96,35.7296,126.7166,12.2
"South Korea/부안",벚나무,2007-03-30,2007,89,35.7296,126.7166,12.2
"South Korea/부안",벚나무,2008-04-07,2008,98,35.7296,126.7166,12.2
"South Korea/임실",벚나무,1974-04-12,1974,102,35.612,127.2856,247.04
"South Korea/임실",벚나무,1975-04-14,1975,104,35.612,127.2856,247.04
"South Korea/임실",벚나무,1976-04-14,1976,105,35.612,127.2856,247.04
"South Korea/임실",벚나무,1977-04-09,1977,99,35.612,127.2856,247.04
"South Korea/임실",벚나무,1978-04-10,1978,100,35.612,127.2856,247.04
"South Korea/임실",벚나무,1979-04-07,1979,97,35.612,127.2856,247.04
"South Korea/임실",벚나무,1980-04-10,1980,101,35.612,127.2856,247.04
"South Korea/임실",벚나무,1981-04-08,1981,98,35.612,127.2856,247.04
"South Korea/임실",벚나무,1982-04-08,1982,98,35.612,127.2856,247.04
"South Korea/임실",벚나무,1983-04-12,1983,102,35.612,127.2856,247.04
"South Korea/임실",벚나무,1984-04-20,1984,111,35.612,127.2856,247.04
"South Korea/임실",벚나무,1985-04-15,1985,105,35.612,127.2856,247.04
"South Korea/임실",벚나무,1986-04-16,1986,106,35.612,127.2856,247.04
"South Korea/임실",벚나무,1987-04-14,1987,104,35.612,127.2856,247.04
"South Korea/임실",벚나무,1988-04-14,1988,105,35.612,127.2856,247.04
"South Korea/임실",벚나무,1989-04-06,1989,96,35.612,127.2856,247.04
"South Korea/임실",벚나무,1990-04-03,1990,93,35.612,127.2856,247.04
"South Korea/임실",벚나무,1991-04-13,1991,103,35.612,127.2856,247.04
"South Korea/임실",벚나무,1992-04-10,1992,101,35.612,127.2856,247.04
"South Korea/임실",벚나무,1993-04-19,1993,109,35.612,127.2856,247.04
"South Korea/임실",벚나무,1994-04-16,1994,106,35.612,127.2856,247.04
"South Korea/임실",벚나무,1995-04-18,1995,108,35.612,127.2856,247.04
"South Korea/임실",벚나무,1996-04-23,1996,114,35.612,127.2856,247.04
"South Korea/임실",벚나무,1997-04-08,1997,98,35.612,127.2856,247.04
"South Korea/임실",벚나무,1998-04-06,1998,96,35.612,127.2856,247.04
"South Korea/임실",벚나무,1999-04-11,1999,101,35.612,127.2856,247.04
"South Korea/임실",벚나무,2000-04-10,2000,101,35.612,127.2856,247.04
"South Korea/임실",벚나무,2001-04-08,2001,98,35.612,127.2856,247.04
"South Korea/임실",벚나무,2002-04-01,2002,91,35.612,127.2856,247.04
"South Korea/임실",벚나무,2003-04-04,2003,94,35.612,127.2856,247.04
"South Korea/임실",벚나무,2004-04-09,2004,100,35.612,127.2856,247.04
"South Korea/임실",벚나무,2005-04-12,2005,102,35.612,127.2856,247.04
"South Korea/임실",벚나무,2006-04-14,2006,104,35.612,127.2856,247.04
"South Korea/임실",벚나무,2007-04-08,2007,98,35.612,127.2856,247.04
"South Korea/임실",벚나무,2008-04-04,2008,95,35.612,127.2856,247.04
"South Korea/장수",벚나무,1988-04-21,1988,112,35.657,127.5203,406.87
"South Korea/장수",벚나무,1989-04-13,1989,103,35.657,127.5203,406.87
"South Korea/장수",벚나무,1990-04-10,1990,100,35.657,127.5203,406.87
"South Korea/장수",벚나무,1991-04-16,1991,106,35.657,127.5203,406.87
"South Korea/장수",벚나무,1992-04-09,1992,100,35.657,127.5203,406.87
"South Korea/장수",벚나무,1993-04-19,1993,109,35.657,127.5203,406.87
"South Korea/장수",벚나무,1994-04-14,1994,104,35.657,127.5203,406.87
"South Korea/장수",벚나무,1995-04-19,1995,109,35.657,127.5203,406.87
"South Korea/장수",벚나무,1996-04-23,1996,114,35.657,127.5203,406.87
"South Korea/장수",벚나무,1997-04-11,1997,101,35.657,127.5203,406.87
"South Korea/장수",벚나무,1998-04-06,1998,96,35.657,127.5203,406.87
"South Korea/장수",벚나무,1999-04-16,1999,106,35.657,127.5203,406.87
"South Korea/장수",벚나무,2000-04-14,2000,105,35.657,127.5203,406.87
"South Korea/장수",벚나무,2001-04-09,2001,99,35.657,127.5203,406.87
"South Korea/장수",벚나무,2002-04-02,2002,92,35.657,127.5203,406.87
"South Korea/장수",벚나무,2003-04-09,2003,99,35.657,127.5203,406.87
"South Korea/장수",벚나무,2004-04-09,2004,100,35.657,127.5203,406.87
"South Korea/장수",벚나무,2005-04-17,2005,107,35.657,127.5203,406.87
"South Korea/장수",벚나무,2006-04-12,2006,102,35.657,127.5203,406.87
"South Korea/장수",벚나무,2007-04-08,2007,98,35.657,127.5203,406.87
"South Korea/장수",벚나무,2008-04-11,2008,102,35.657,127.5203,406.87
"South Korea/전주",벚나무,1973-04-08,1973,98,35.8409,127.1172,60.44
"South Korea/전주",벚나무,1974-04-12,1974,102,35.8409,127.1172,60.44
"South Korea/전주",벚나무,1975-04-12,1975,102,35.8409,127.1172,60.44
"South Korea/전주",벚나무,1976-04-12,1976,103,35.8409,127.1172,60.44
"South Korea/전주",벚나무,1977-04-12,1977,102,35.8409,127.1172,60.44
"South Korea/전주",벚나무,1978-04-03,1978,93,35.8409,127.1172,60.44
"South Korea/전주",벚나무,1979-04-05,1979,95,35.8409,127.1172,60.44
"South Korea/전주",벚나무,1980-04-10,1980,101,35.8409,127.1172,60.44
"South Korea/전주",벚나무,1981-04-10,1981,100,35.8409,127.1172,60.44
"South Korea/전주",벚나무,1982-04-08,1982,98,35.8409,127.1172,60.44
"South Korea/전주",벚나무,1983-04-05,1983,95,35.8409,127.1172,60.44
"South Korea/전주",벚나무,1984-04-15,1984,106,35.8409,127.1172,60.44
"South Korea/전주",벚나무,1985-04-10,1985,100,35.8409,127.1172,60.44
"South Korea/전주",벚나무,1986-04-09,1986,99,35.8409,127.1172,60.44
"South Korea/전주",벚나무,1987-04-10,1987,100,35.8409,127.1172,60.44
"South Korea/전주",벚나무,1988-04-11,1988,102,35.8409,127.1172,60.44
"South Korea/전주",벚나무,1989-04-03,1989,93,35.8409,127.1172,60.44
"South Korea/전주",벚나무,1990-03-31,1990,90,35.8409,127.1172,60.44
"South Korea/전주",벚나무,1991-04-09,1991,99,35.8409,127.1172,60.44
"South Korea/전주",벚나무,1992-03-28,1992,88,35.8409,127.1172,60.44
"South Korea/전주",벚나무,1993-04-03,1993,93,35.8409,127.1172,60.44
"South Korea/전주",벚나무,1994-04-06,1994,96,35.8409,127.1172,60.44
"South Korea/전주",벚나무,1995-04-07,1995,97,35.8409,127.1172,60.44
"South Korea/전주",벚나무,1996-04-16,1996,107,35.8409,127.1172,60.44
"South Korea/전주",벚나무,1997-04-04,1997,94,35.8409,127.1172,60.44
"South Korea/전주",벚나무,1998-03-31,1998,90,35.8409,127.1172,60.44
"South Korea/전주",벚나무,1999-04-04,1999,94,35.8409,127.1172,60.44
"South Korea/전주",벚나무,2000-04-09,2000,100,35.8409,127.1172,60.44
"South Korea/전주",벚나무,2001-04-07,2001,97,35.8409,127.1172,60.44
"South Korea/전주",벚나무,2002-03-30,2002,89,35.8409,127.1172,60.44
"South Korea/전주",벚나무,2003-03-31,2003,90,35.8409,127.1172,60.44
"South Korea/전주",벚나무,2004-03-31,2004,91,35.8409,127.1172,60.44
"South Korea/전주",벚나무,2005-04-09,2005,99,35.8409,127.1172,60.44
"South Korea/전주",벚나무,2006-04-05,2006,95,35.8409,127.1172,60.44
"South Korea/전주",벚나무,2007-03-27,2007,86,35.8409,127.1172,60.44
"South Korea/전주",벚나무,2008-04-02,2008,93,35.8409,127.1172,60.44
"South Korea/전주",벚나무,2009-03-31,2009,90,35.8409,127.1172,60.44
"South Korea/전주",벚나무,2010-04-05,2010,95,35.8409,127.1172,60.44
"South Korea/전주",벚나무,2011-04-10,2011,100,35.8409,127.1172,60.44
"South Korea/전주",벚나무,2012-04-10,2012,101,35.8409,127.1172,60.44
"South Korea/전주",벚나무,2013-04-03,2013,93,35.8409,127.1172,60.44
"South Korea/전주",벚나무,2014-03-28,2014,87,35.8409,127.1172,60.44
"South Korea/전주",벚나무,2015-03-30,2015,89,35.8409,127.1172,60.44
"South Korea/전주",벚나무,2016-03-27,2016,87,35.8409,127.1172,60.44
"South Korea/전주",벚나무,2017-04-02,2017,92,35.8409,127.1172,60.44
"South Korea/전주",벚나무,2018-03-27,2018,86,35.8409,127.1172,60.44
"South Korea/전주",벚나무,2019-03-29,2019,88,35.8409,127.1172,60.44
"South Korea/전주",벚나무,2020-03-26,2020,86,35.8409,127.1172,60.44
"South Korea/전주",벚나무,2021-03-18,2021,77,35.8409,127.1172,60.44
"South Korea/전주",벚나무,2022-03-30,2022,89,35.8409,127.1172,60.44
"South Korea/전주",벚나무,2023-03-22,2023,81,35.8409,127.1172,60.44
"South Korea/전주",벚나무,2024-03-26,2024,86,35.8409,127.1172,60.44
"South Korea/전주",벚나무,2025-03-27,2025,86,35.8409,127.1172,60.44
"South Korea/정읍",벚나무,1974-04-05,1974,95,35.5634,126.839,68.7
"South Korea/정읍",벚나무,1975-04-16,1975,106,35.5634,126.839,68.7
"South Korea/정읍",벚나무,1976-04-14,1976,105,35.5634,126.839,68.7
"South Korea/정읍",벚나무,1977-04-15,1977,105,35.5634,126.839,68.7
"South Korea/정읍",벚나무,1978-04-17,1978,107,35.5634,126.839,68.7
"South Korea/정읍",벚나무,1979-04-08,1979,98,35.5634,126.839,68.7
"South Korea/정읍",벚나무,1980-04-12,1980,103,35.5634,126.839,68.7
"South Korea/정읍",벚나무,1981-04-10,1981,100,35.5634,126.839,68.7
"South Korea/정읍",벚나무,1982-04-07,1982,97,35.5634,126.839,68.7
"South Korea/정읍",벚나무,1983-04-05,1983,95,35.5634,126.839,68.7
"South Korea/정읍",벚나무,1984-04-16,1984,107,35.5634,126.839,68.7
"South Korea/정읍",벚나무,1985-04-12,1985,102,35.5634,126.839,68.7
"South Korea/정읍",벚나무,1986-04-11,1986,101,35.5634,126.839,68.7
"South Korea/정읍",벚나무,1987-04-09,1987,99,35.5634,126.839,68.7
"South Korea/정읍",벚나무,1988-04-12,1988,103,35.5634,126.839,68.7
"South Korea/정읍",벚나무,1989-03-31,1989,90,35.5634,126.839,68.7
"South Korea/정읍",벚나무,1990-04-03,1990,93,35.5634,126.839,68.7
"South Korea/정읍",벚나무,1991-04-06,1991,96,35.5634,126.839,68.7
"South Korea/정읍",벚나무,1992-03-29,1992,89,35.5634,126.839,68.7
"South Korea/정읍",벚나무,1993-04-08,1993,98,35.5634,126.839,68.7
"South Korea/정읍",벚나무,1994-04-09,1994,99,35.5634,126.839,68.7
"South Korea/정읍",벚나무,1995-04-04,1995,94,35.5634,126.839,68.7
"South Korea/정읍",벚나무,1996-04-17,1996,108,35.5634,126.839,68.7
"South Korea/정읍",벚나무,1997-04-05,1997,95,35.5634,126.839,68.7
"South Korea/정읍",벚나무,1998-04-02,1998,92,35.5634,126.839,68.7
"South Korea/정읍",벚나무,1999-04-09,1999,99,35.5634,126.839,68.7
"South Korea/정읍",벚나무,2000-04-06,2000,97,35.5634,126.839,68.7
"South Korea/정읍",벚나무,2001-04-08,2001,98,35.5634,126.839,68.7
"South Korea/정읍",벚나무,2002-03-30,2002,89,35.5634,126.839,68.7
"South Korea/정읍",벚나무,2003-04-02,2003,92,35.5634,126.839,68.7
"South Korea/정읍",벚나무,2004-03-30,2004,90,35.5634,126.839,68.7
"South Korea/정읍",벚나무,2005-04-09,2005,99,35.5634,126.839,68.7
"South Korea/정읍",벚나무,2006-04-07,2006,97,35.5634,126.839,68.7
"South Korea/정읍",벚나무,2007-03-29,2007,88,35.5634,126.839,68.7
"South Korea/정읍",벚나무,2008-04-04,2008,95,35.5634,126.839,68.7
"South Korea/정읍",벚나무,2009-04-01,2009,91,35.5634,126.839,68.7
"South Korea/정읍",벚나무,2010-04-06,2010,96,35.5634,126.839,68.7
"South Korea/정읍",벚나무,2011-04-11,2011,101,35.5634,126.839,68.7
"South Korea/정읍",벚나무,2012-04-12,2012,103,35.5634,126.839,68.7
"South Korea/정읍",벚나무,2013-04-05,2013,95,35.5634,126.839,68.7
"South Korea/정읍",벚나무,2014-03-31,2014,90,35.5634,126.839,68.7
"South Korea/정읍",벚나무,2015-04-02,2015,92,35.5634,126.839,68.7
"South Korea/고산",벚나무,1999-03-26,1999,85,33.2938,126.1628,71.39
"South Korea/고산",벚나무,2000-04-01,2000,92,33.2938,126.1628,71.39
"South Korea/고산",벚나무,2001-03-26,2001,85,33.2938,126.1628,71.39
"South Korea/고산",벚나무,2002-03-21,2002,80,33.2938,126.1628,71.39
"South Korea/고산",벚나무,2003-03-24,2003,83,33.2938,126.1628,71.39
"South Korea/고산",벚나무,2004-03-24,2004,84,33.2938,126.1628,71.39
"South Korea/고산",벚나무,2005-04-04,2005,94,33.2938,126.1628,71.39
"South Korea/고산",벚나무,2006-03-26,2006,85,33.2938,126.1628,71.39
"South Korea/고산",벚나무,2007-03-21,2007,80,33.2938,126.1628,71.39
"South Korea/고산",벚나무,2008-03-25,2008,85,33.2938,126.1628,71.39
"South Korea/고산",벚나무,2009-03-20,2009,79,33.2938,126.1628,71.39
"South Korea/고산",벚나무,2010-03-22,2010,81,33.2938,126.1628,71.39
"South Korea/고산",벚나무,2011-03-28,2011,87,33.2938,126.1628,71.39
"South Korea/고산",벚나무,2012-04-05,2012,96,33.2938,126.1628,71.39
"South Korea/고산",벚나무,2013-03-27,2013,86,33.2938,126.1628,71.39
"South Korea/고산",벚나무,2014-03-28,2014,87,33.2938,126.1628,71.39
"South Korea/고산",벚나무,2015-03-30,2015,89,33.2938,126.1628,71.39
"South Korea/서귀포",벚나무,1973-03-28,1973,87,33.2462,126.5653,51.86
"South Korea/서귀포",벚나무,1974-03-30,1974,89,33.2462,126.5653,51.86
"South Korea/서귀포",벚나무,1975-03-29,1975,88,33.2462,126.5653,51.86
"South Korea/서귀포",벚나무,1976-03-29,1976,89,33.2462,126.5653,51.86
"South Korea/서귀포",벚나무,1977-03-24,1977,83,33.2462,126.5653,51.86
"South Korea/서귀포",벚나무,1978-03-31,1978,90,33.2462,126.5653,51.86
"South Korea/서귀포",벚나무,1979-04-01,1979,91,33.2462,126.5653,51.86
"South Korea/서귀포",벚나무,1980-03-30,1980,90,33.2462,126.5653,51.86
"South Korea/서귀포",벚나무,1981-03-25,1981,84,33.2462,126.5653,51.86
"South Korea/서귀포",벚나무,1982-03-25,1982,84,33.2462,126.5653,51.86
"South Korea/서귀포",벚나무,1983-03-30,1983,89,33.2462,126.5653,51.86
"South Korea/서귀포",벚나무,1984-04-01,1984,92,33.2462,126.5653,51.86
"South Korea/서귀포",벚나무,1985-04-01,1985,91,33.2462,126.5653,51.86
"South Korea/서귀포",벚나무,1986-03-29,1986,88,33.2462,126.5653,51.86
"South Korea/서귀포",벚나무,1987-04-06,1987,96,33.2462,126.5653,51.86
"South Korea/서귀포",벚나무,1988-04-02,1988,93,33.2462,126.5653,51.86
"South Korea/서귀포",벚나무,1989-03-22,1989,81,33.2462,126.5653,51.86
"South Korea/서귀포",벚나무,1990-03-06,1990,65,33.2462,126.5653,51.86
"South Korea/서귀포",벚나무,1991-03-14,1991,73,33.2462,126.5653,51.86
"South Korea/서귀포",벚나무,1992-03-07,1992,67,33.2462,126.5653,51.86
"South Korea/서귀포",벚나무,1993-04-02,1993,92,33.2462,126.5653,51.86
"South Korea/서귀포",벚나무,1994-03-30,1994,89,33.2462,126.5653,51.86
"South Korea/서귀포",벚나무,1995-03-29,1995,88,33.2462,126.5653,51.86
"South Korea/서귀포",벚나무,1996-04-01,1996,92,33.2462,126.5653,51.86
"South Korea/서귀포",벚나무,1997-03-22,1997,81,33.2462,126.5653,51.86
"South Korea/서귀포",벚나무,1998-03-12,1998,71,33.2462,126.5653,51.86
"South Korea/서귀포",벚나무,1999-03-27,1999,86,33.2462,126.5653,51.86
"South Korea/서귀포",벚나무,2000-03-26,2000,86,33.2462,126.5653,51.86
"South Korea/서귀포",벚나무,2001-03-26,2001,85,33.2462,126.5653,51.86
"South Korea/서귀포",벚나무,2002-03-18,2002,77,33.2462,126.5653,51.86
"South Korea/서귀포",벚나무,2003-03-18,2003,77,33.2462,126.5653,51.86
"South Korea/서귀포",벚나무,2004-03-21,2004,81,33.2462,126.5653,51.86
"South Korea/서귀포",벚나무,2005-04-01,2005,91,33.2462,126.5653,51.86
"South Korea/서귀포",벚나무,2006-03-25,2006,84,33.2462,126.5653,51.86
"South Korea/서귀포",벚나무,2007-03-23,2007,82,33.2462,126.5653,51.86
"South Korea/서귀포",벚나무,2008-03-22,2008,82,33.2462,126.5653,51.86
"South Korea/서귀포",벚나무,2009-03-19,2009,78,33.2462,126.5653,51.86
"South Korea/서귀포",벚나무,2010-03-17,2010,76,33.2462,126.5653,51.86
"South Korea/서귀포",벚나무,2011-03-28,2011,87,33.2462,126.5653,51.86
"South Korea/서귀포",벚나무,2012-03-29,2012,89,33.2462,126.5653,51.86
"South Korea/서귀포",벚나무,2013-03-17,2013,76,33.2462,126.5653,51.86
"South Korea/서귀포",벚나무,2014-03-25,2014,84,33.2462,126.5653,51.86
"South Korea/서귀포",벚나무,2015-03-25,2015,84,33.2462,126.5653,51.86
"South Korea/서귀포",벚나무,2019-03-25,2019,84,33.2462,126.5653,51.86
"South Korea/서귀포",벚나무,2020-03-26,2020,86,33.2462,126.5653,51.86
"South Korea/서귀포",벚나무,2021-03-18,2021,77,33.2462,126.5653,51.86
"South Korea/서귀포",벚나무,2022-03-25,2022,84,33.2462,126.5653,51.86
"South Korea/서귀포",벚나무,2023-03-24,2023,83,33.2462,126.5653,51.86
"South Korea/서귀포",벚나무,2024-03-30,2024,90,33.2462,126.5653,51.86
"South Korea/서귀포",벚나무,2025-03-27,2025,86,33.2462,126.5653,51.86
"South Korea/성산",벚나무,1973-03-27,1973,86,33.3868,126.8802,20.34
"South Korea/성산",벚나무,1974-03-31,1974,90,33.3868,126.8802,20.34
"South Korea/성산",벚나무,1975-04-03,1975,93,33.3868,126.8802,20.34
"South Korea/성산",벚나무,1976-02-29,1976,60,33.3868,126.8802,20.34
"South Korea/성산",벚나무,1977-03-24,1977,83,33.3868,126.8802,20.34
"South Korea/성산",벚나무,1978-03-29,1978,88,33.3868,126.8802,20.34
"South Korea/성산",벚나무,1979-03-22,1979,81,33.3868,126.8802,20.34
"South Korea/성산",벚나무,1980-03-31,1980,91,33.3868,126.8802,20.34
"South Korea/성산",벚나무,1981-03-27,1981,86,33.3868,126.8802,20.34
"South Korea/성산",벚나무,1982-04-02,1982,92,33.3868,126.8802,20.34
"South Korea/성산",벚나무,1983-03-31,1983,90,33.3868,126.8802,20.34
"South Korea/성산",벚나무,1984-03-31,1984,91,33.3868,126.8802,20.34
"South Korea/성산",벚나무,1985-04-02,1985,92,33.3868,126.8802,20.34
"South Korea/성산",벚나무,1986-03-24,1986,83,33.3868,126.8802,20.34
"South Korea/성산",벚나무,1987-03-27,1987,86,33.3868,126.8802,20.34
"South Korea/성산",벚나무,1988-03-29,1988,89,33.3868,126.8802,20.34
"South Korea/성산",벚나무,1989-03-25,1989,84,33.3868,126.8802,20.34
"South Korea/성산",벚나무,1990-03-17,1990,76,33.3868,126.8802,20.34
"South Korea/성산",벚나무,1991-04-05,1991,95,33.3868,126.8802,20.34
"South Korea/성산",벚나무,1992-03-27,1992,87,33.3868,126.8802,20.34
"South Korea/성산",벚나무,1993-03-31,1993,90,33.3868,126.8802,20.34
"South Korea/성산",벚나무,1994-04-02,1994,92,33.3868,126.8802,20.34
"South Korea/성산",벚나무,1995-03-25,1995,84,33.3868,126.8802,20.34
"South Korea/성산",벚나무,1996-03-30,1996,90,33.3868,126.8802,20.34
"South Korea/성산",벚나무,1997-03-23,1997,82,33.3868,126.8802,20.34
"South Korea/성산",벚나무,1998-03-17,1998,76,33.3868,126.8802,20.34
"South Korea/성산",벚나무,1999-03-21,1999,80,33.3868,126.8802,20.34
"South Korea/성산",벚나무,2000-03-30,2000,90,33.3868,126.8802,20.34
"South Korea/성산",벚나무,2001-03-26,2001,85,33.3868,126.8802,20.34
"South Korea/성산",벚나무,2002-03-19,2002,78,33.3868,126.8802,20.34
"South Korea/성산",벚나무,2003-03-31,2003,90,33.3868,126.8802,20.34
"South Korea/성산",벚나무,2004-03-23,2004,83,33.3868,126.8802,20.34
"South Korea/성산",벚나무,2005-04-06,2005,96,33.3868,126.8802,20.34
"South Korea/성산",벚나무,2006-03-27,2006,86,33.3868,126.8802,20.34
"South Korea/성산",벚나무,2007-03-21,2007,80,33.3868,126.8802,20.34
"South Korea/성산",벚나무,2008-03-23,2008,83,33.3868,126.8802,20.34
"South Korea/성산",벚나무,2009-03-20,2009,79,33.3868,126.8802,20.34
"South Korea/성산",벚나무,2010-03-22,2010,81,33.3868,126.8802,20.34
"South Korea/성산",벚나무,2011-03-31,2011,90,33.3868,126.8802,20.34
"South Korea/성산",벚나무,2012-04-01,2012,92,33.3868,126.8802,20.34
"South Korea/성산",벚나무,2013-03-26,2013,85,33.3868,126.8802,20.34
"South Korea/성산",벚나무,2014-03-21,2014,80,33.3868,126.8802,20.34
"South Korea/성산",벚나무,2015-03-27,2015,86,33.3868,126.8802,20.34
"South Korea/성산",벚나무,2008-03-23,2008,83,33.3868,126.8802,20.34
"South Korea/성산포",벚나무,1973-03-27,1973,86,nan,nan,nan
"South Korea/성산포",벚나무,1974-03-31,1974,90,nan,nan,nan
"South Korea/성산포",벚나무,1975-04-03,1975,93,nan,nan,nan
"South Korea/성산포",벚나무,1976-02-29,1976,60,nan,nan,nan
"South Korea/성산포",벚나무,1977-03-24,1977,83,nan,nan,nan
"South Korea/성산포",벚나무,1978-03-29,1978,88,nan,nan,nan
"South Korea/성산포",벚나무,1979-03-22,1979,81,nan,nan,nan
"South Korea/성산포",벚나무,1980-03-31,1980,91,nan,nan,nan
"South Korea/성산포",벚나무,1981-03-27,1981,86,nan,nan,nan
"South Korea/성산포",벚나무,1982-04-02,1982,92,nan,nan,nan
"South Korea/성산포",벚나무,1983-03-31,1983,90,nan,nan,nan
"South Korea/성산포",벚나무,1984-03-31,1984,91,nan,nan,nan
"South Korea/성산포",벚나무,1985-04-02,1985,92,nan,nan,nan
"South Korea/성산포",벚나무,1986-03-24,1986,83,nan,nan,nan
"South Korea/성산포",벚나무,1987-03-27,1987,86,nan,nan,nan
"South Korea/성산포",벚나무,1988-03-29,1988,89,nan,nan,nan
"South Korea/성산포",벚나무,1989-03-25,1989,84,nan,nan,nan
"South Korea/성산포",벚나무,1990-03-17,1990,76,nan,nan,nan
"South Korea/성산포",벚나무,1991-04-05,1991,95,nan,nan,nan
"South Korea/성산포",벚나무,1992-03-27,1992,87,nan,nan,nan
"South Korea/성산포",벚나무,1993-03-31,1993,90,nan,nan,nan
"South Korea/성산포",벚나무,1994-04-02,1994,92,nan,nan,nan
"South Korea/성산포",벚나무,1995-03-25,1995,84,nan,nan,nan
"South Korea/성산포",벚나무,1996-03-30,1996,90,nan,nan,nan
"South Korea/성산포",벚나무,1997-03-23,1997,82,nan,nan,nan
"South Korea/성산포",벚나무,1998-03-17,1998,76,nan,nan,nan
"South Korea/성산포",벚나무,1999-03-21,1999,80,nan,nan,nan
"South Korea/성산포",벚나무,2000-03-30,2000,90,nan,nan,nan
"South Korea/성산포",벚나무,2001-03-26,2001,85,nan,nan,nan
"South Korea/성산포",벚나무,2002-03-19,2002,78,nan,nan,nan
"South Korea/성산포",벚나무,2003-03-31,2003,90,nan,nan,nan
"South Korea/성산포",벚나무,2004-03-23,2004,83,nan,nan,nan
"South Korea/성산포",벚나무,2005-04-06,2005,96,nan,nan,nan
"South Korea/성산포",벚나무,2006-03-27,2006,86,nan,nan,nan
"South Korea/성산포",벚나무,2007-03-21,2007,80,nan,nan,nan
"South Korea/제주",벚나무,1973-03-29,1973,88,33.5141,126.5297,20.79
"South Korea/제주",벚나무,1974-03-31,1974,90,33.5141,126.5297,20.79
"South Korea/제주",벚나무,1975-03-30,1975,89,33.5141,126.5297,20.79
"South Korea/제주",벚나무,1976-03-27,1976,87,33.5141,126.5297,20.79
"South Korea/제주",벚나무,1977-03-26,1977,85,33.5141,126.5297,20.79
"South Korea/제주",벚나무,1978-04-03,1978,93,33.5141,126.5297,20.79
"South Korea/제주",벚나무,1979-03-29,1979,88,33.5141,126.5297,20.79
"South Korea/제주",벚나무,1980-04-01,1980,92,33.5141,126.5297,20.79
"South Korea/제주",벚나무,1981-03-28,1981,87,33.5141,126.5297,20.79
"South Korea/제주",벚나무,1982-03-25,1982,84,33.5141,126.5297,20.79
"South Korea/제주",벚나무,1984-04-04,1984,95,33.5141,126.5297,20.79
"South Korea/제주",벚나무,1985-04-05,1985,95,33.5141,126.5297,20.79
"South Korea/제주",벚나무,1986-04-02,1986,92,33.5141,126.5297,20.79
"South Korea/제주",벚나무,1987-03-23,1987,82,33.5141,126.5297,20.79
"South Korea/제주",벚나무,1988-04-05,1988,96,33.5141,126.5297,20.79
"South Korea/제주",벚나무,1989-03-23,1989,82,33.5141,126.5297,20.79
"South Korea/제주",벚나무,1990-03-12,1990,71,33.5141,126.5297,20.79
"South Korea/제주",벚나무,1991-04-02,1991,92,33.5141,126.5297,20.79
"South Korea/제주",벚나무,1992-03-09,1992,69,33.5141,126.5297,20.79
"South Korea/제주",벚나무,1993-03-29,1993,88,33.5141,126.5297,20.79
"South Korea/제주",벚나무,1994-03-30,1994,89,33.5141,126.5297,20.79
"South Korea/제주",벚나무,1995-03-30,1995,89,33.5141,126.5297,20.79
"South Korea/제주",벚나무,1996-04-04,1996,95,33.5141,126.5297,20.79
"South Korea/제주",벚나무,1997-03-21,1997,80,33.5141,126.5297,20.79
"South Korea/제주",벚나무,1998-03-16,1998,75,33.5141,126.5297,20.79
"South Korea/제주",벚나무,1999-03-25,1999,84,33.5141,126.5297,20.79
"South Korea/제주",벚나무,2000-03-28,2000,88,33.5141,126.5297,20.79
"South Korea/제주",벚나무,2001-03-22,2001,81,33.5141,126.5297,20.79
"South Korea/제주",벚나무,2002-03-18,2002,77,33.5141,126.5297,20.79
"South Korea/제주",벚나무,2003-03-23,2003,82,33.5141,126.5297,20.79
"South Korea/제주",벚나무,2004-03-17,2004,77,33.5141,126.5297,20.79
"South Korea/제주",벚나무,2005-04-03,2005,93,33.5141,126.5297,20.79
"South Korea/제주",벚나무,2006-03-25,2006,84,33.5141,126.5297,20.79
"South Korea/제주",벚나무,2007-03-22,2007,81,33.5141,126.5297,20.79
"South Korea/제주",벚나무,2008-03-23,2008,83,33.5141,126.5297,20.79
"South Korea/제주",벚나무,2009-03-19,2009,78,33.5141,126.5297,20.79
"South Korea/제주",벚나무,2010-03-19,2010,78,33.5141,126.5297,20.79
"South Korea/제주",벚나무,2011-03-28,2011,87,33.5141,126.5297,20.79
"South Korea/제주",벚나무,2012-03-30,2012,90,33.5141,126.5297,20.79
"South Korea/제주",벚나무,2013-03-18,2013,77,33.5141,126.5297,20.79
"South Korea/제주",벚나무,2014-03-25,2014,84,33.5141,126.5297,20.79
"South Korea/제주",벚나무,2015-03-25,2015,84,33.5141,126.5297,20.79
"South Korea/제주",벚나무,2016-03-21,2016,81,33.5141,126.5297,20.79
"South Korea/제주",벚나무,2017-03-28,2017,87,33.5141,126.5297,20.79
"South Korea/제주",벚나무,2018-03-22,2018,81,33.5141,126.5297,20.79
"South Korea/제주",벚나무,2019-03-25,2019,84,33.5141,126.5297,20.79
"South Korea/제주",벚나무,2020-03-24,2020,84,33.5141,126.5297,20.79
"South Korea/제주",벚나무,2021-03-17,2021,76,33.5141,126.5297,20.79
"South Korea/제주",벚나무,2022-03-25,2022,84,33.5141,126.5297,20.79
"South Korea/제주",벚나무,2023-03-22,2023,81,33.5141,126.5297,20.79
"South Korea/제주",벚나무,2024-03-23,2024,83,33.5141,126.5297,20.79
"South Korea/제주",벚나무,2025-03-26,2025,85,33.5141,126.5297,20.79
"South Korea/금산",벚나무,1977-04-11,1977,101,36.1056,127.4818,172.69
"South Korea/금산",벚나무,1978-04-10,1978,100,36.1056,127.4818,172.69
"South Korea/금산",벚나무,1979-04-09,1979,99,36.1056,127.4818,172.69
"South Korea/금산",벚나무,1980-04-11,1980,102,36.1056,127.4818,172.69
"South Korea/금산",벚나무,1981-04-10,1981,100,36.1056,127.4818,172.69
"South Korea/금산",벚나무,1982-04-10,1982,100,36.1056,127.4818,172.69
"South Korea/금산",벚나무,1983-04-11,1983,101,36.1056,127.4818,172.69
"South Korea/금산",벚나무,1984-04-18,1984,109,36.1056,127.4818,172.69
"South Korea/금산",벚나무,1985-04-15,1985,105,36.1056,127.4818,172.69
"South Korea/금산",벚나무,1986-04-14,1986,104,36.1056,127.4818,172.69
"South Korea/금산",벚나무,1987-04-10,1987,100,36.1056,127.4818,172.69
"South Korea/금산",벚나무,1988-04-16,1988,107,36.1056,127.4818,172.69
"South Korea/금산",벚나무,1989-04-06,1989,96,36.1056,127.4818,172.69
"South Korea/금산",벚나무,1990-04-07,1990,97,36.1056,127.4818,172.69
"South Korea/금산",벚나무,1991-04-11,1991,101,36.1056,127.4818,172.69
"South Korea/금산",벚나무,1992-04-04,1992,95,36.1056,127.4818,172.69
"South Korea/금산",벚나무,1993-04-14,1993,104,36.1056,127.4818,172.69
"South Korea/금산",벚나무,1994-04-08,1994,98,36.1056,127.4818,172.69
"South Korea/금산",벚나무,1995-04-14,1995,104,36.1056,127.4818,172.69
"South Korea/금산",벚나무,1996-04-22,1996,113,36.1056,127.4818,172.69
"South Korea/금산",벚나무,1997-04-11,1997,101,36.1056,127.4818,172.69
"South Korea/금산",벚나무,1998-04-06,1998,96,36.1056,127.4818,172.69
"South Korea/금산",벚나무,1999-04-10,1999,100,36.1056,127.4818,172.69
"South Korea/금산",벚나무,2000-04-12,2000,103,36.1056,127.4818,172.69
"South Korea/금산",벚나무,2001-04-09,2001,99,36.1056,127.4818,172.69
"South Korea/금산",벚나무,2002-03-31,2002,90,36.1056,127.4818,172.69
"South Korea/금산",벚나무,2003-04-06,2003,96,36.1056,127.4818,172.69
"South Korea/금산",벚나무,2004-04-02,2004,93,36.1056,127.4818,172.69
"South Korea/금산",벚나무,2005-04-11,2005,101,36.1056,127.4818,172.69
"South Korea/금산",벚나무,2006-04-09,2006,99,36.1056,127.4818,172.69
"South Korea/금산",벚나무,2007-04-05,2007,95,36.1056,127.4818,172.69
"South Korea/금산",벚나무,2008-04-06,2008,97,36.1056,127.4818,172.69
"South Korea/보령",벚나무,1973-04-03,1973,93,36.3272,126.5574,9.98
"South Korea/보령",벚나무,1977-04-08,1977,98,36.3272,126.5574,9.98
"South Korea/보령",벚나무,1978-04-13,1978,103,36.3272,126.5574,9.98
"South Korea/보령",벚나무,1979-04-05,1979,95,36.3272,126.5574,9.98
"South Korea/보령",벚나무,1980-04-11,1980,102,36.3272,126.5574,9.98
"South Korea/보령",벚나무,1981-04-11,1981,101,36.3272,126.5574,9.98
"South Korea/보령",벚나무,1982-04-07,1982,97,36.3272,126.5574,9.98
"South Korea/보령",벚나무,1983-04-08,1983,98,36.3272,126.5574,9.98
"South Korea/보령",벚나무,1984-04-16,1984,107,36.3272,126.5574,9.98
"South Korea/보령",벚나무,1985-04-14,1985,104,36.3272,126.5574,9.98
"South Korea/보령",벚나무,1986-04-15,1986,105,36.3272,126.5574,9.98
"South Korea/보령",벚나무,1987-04-13,1987,103,36.3272,126.5574,9.98
"South Korea/보령",벚나무,1988-04-19,1988,110,36.3272,126.5574,9.98
"South Korea/보령",벚나무,1989-04-08,1989,98,36.3272,126.5574,9.98
"South Korea/보령",벚나무,1990-04-09,1990,99,36.3272,126.5574,9.98
"South Korea/보령",벚나무,1991-04-11,1991,101,36.3272,126.5574,9.98
"South Korea/보령",벚나무,1992-04-03,1992,94,36.3272,126.5574,9.98
"South Korea/보령",벚나무,1993-04-16,1993,106,36.3272,126.5574,9.98
"South Korea/보령",벚나무,1994-04-11,1994,101,36.3272,126.5574,9.98
"South Korea/보령",벚나무,1995-04-11,1995,101,36.3272,126.5574,9.98
"South Korea/보령",벚나무,1996-04-24,1996,115,36.3272,126.5574,9.98
"South Korea/보령",벚나무,1997-04-11,1997,101,36.3272,126.5574,9.98
"South Korea/보령",벚나무,1998-04-04,1998,94,36.3272,126.5574,9.98
"South Korea/보령",벚나무,1999-04-11,1999,101,36.3272,126.5574,9.98
"South Korea/보령",벚나무,2000-04-12,2000,103,36.3272,126.5574,9.98
"South Korea/보령",벚나무,2001-04-10,2001,100,36.3272,126.5574,9.98
"South Korea/보령",벚나무,2002-04-01,2002,91,36.3272,126.5574,9.98
"South Korea/보령",벚나무,2003-04-04,2003,94,36.3272,126.5574,9.98
"South Korea/보령",벚나무,2004-04-06,2004,97,36.3272,126.5574,9.98
"South Korea/보령",벚나무,2005-04-14,2005,104,36.3272,126.5574,9.98
"South Korea/보령",벚나무,2006-04-09,2006,99,36.3272,126.5574,9.98
"South Korea/보령",벚나무,2007-04-05,2007,95,36.3272,126.5574,9.98
"South Korea/보령",벚나무,2008-04-08,2008,99,36.3272,126.5574,9.98
"South Korea/보령",벚나무,2009-04-07,2009,97,36.3272,126.5574,9.98
"South Korea/보령",벚나무,2010-04-09,2010,99,36.3272,126.5574,9.98
"South Korea/보령",벚나무,2011-04-15,2011,105,36.3272,126.5574,9.98
"South Korea/보령",벚나무,2012-04-16,2012,107,36.3272,126.5574,9.98
"South Korea/보령",벚나무,2013-04-15,2013,105,36.3272,126.5574,9.98
"South Korea/보령",벚나무,2014-04-03,2014,93,36.3272,126.5574,9.98
"South Korea/보령",벚나무,2015-04-09,2015,99,36.3272,126.5574,9.98
"South Korea/부여",벚나무,1973-04-09,1973,99,36.2724,126.9208,13.42
"South Korea/부여",벚나무,1976-04-10,1976,101,36.2724,126.9208,13.42
"South Korea/부여",벚나무,1977-04-10,1977,100,36.2724,126.9208,13.42
"South Korea/부여",벚나무,1978-04-13,1978,103,36.2724,126.9208,13.42
"South Korea/부여",벚나무,1979-04-09,1979,99,36.2724,126.9208,13.42
"South Korea/부여",벚나무,1980-04-11,1980,102,36.2724,126.9208,13.42
"South Korea/부여",벚나무,1982-04-08,1982,98,36.2724,126.9208,13.42
"South Korea/부여",벚나무,1983-04-09,1983,99,36.2724,126.9208,13.42
"South Korea/부여",벚나무,1984-04-16,1984,107,36.2724,126.9208,13.42
"South Korea/부여",벚나무,1985-04-13,1985,103,36.2724,126.9208,13.42
"South Korea/부여",벚나무,1986-04-14,1986,104,36.2724,126.9208,13.42
"South Korea/부여",벚나무,1987-04-10,1987,100,36.2724,126.9208,13.42
"South Korea/부여",벚나무,1988-04-14,1988,105,36.2724,126.9208,13.42
"South Korea/부여",벚나무,1989-04-07,1989,97,36.2724,126.9208,13.42
"South Korea/부여",벚나무,1990-04-06,1990,96,36.2724,126.9208,13.42
"South Korea/부여",벚나무,1991-04-11,1991,101,36.2724,126.9208,13.42
"South Korea/부여",벚나무,1992-04-03,1992,94,36.2724,126.9208,13.42
"South Korea/부여",벚나무,1993-04-09,1993,99,36.2724,126.9208,13.42
"South Korea/부여",벚나무,1994-04-08,1994,98,36.2724,126.9208,13.42
"South Korea/부여",벚나무,1995-04-14,1995,104,36.2724,126.9208,13.42
"South Korea/부여",벚나무,1996-04-17,1996,108,36.2724,126.9208,13.42
"South Korea/부여",벚나무,1997-04-08,1997,98,36.2724,126.9208,13.42
"South Korea/부여",벚나무,1998-04-04,1998,94,36.2724,126.9208,13.42
"South Korea/부여",벚나무,1999-04-10,1999,100,36.2724,126.9208,13.42
"South Korea/부여",벚나무,2000-04-11,2000,102,36.2724,126.9208,13.42
"South Korea/부여",벚나무,2001-04-10,2001,100,36.2724,126.9208,13.42
"South Korea/부여",벚나무,2002-04-04,2002,94,36.2724,126.9208,13.42
"South Korea/부여",벚나무,2003-04-02,2003,92,36.2724,126.9208,13.42
"South Korea/부여",벚나무,2004-03-31,2004,91,36.2724,126.9208,13.42
"South Korea/부여",벚나무,2005-04-09,2005,99,36.2724,126.9208,13.42
"South Korea/부여",벚나무,2006-04-09,2006,99,36.2724,126.9208,13.42
"South Korea/부여",벚나무,2007-03-30,2007,89,36.2724,126.9208,13.42
"South Korea/부여",벚나무,2008-04-03,2008,94,36.2724,126.9208,13.42
"South Korea/서산",벚나무,1973-04-11,1973,101,36.7766,126.4939,25.25
"South Korea/서산",벚나무,1974-04-15,1974,105,36.7766,126.4939,25.25
"South Korea/서산",벚나무,1975-04-15,1975,105,36.7766,126.4939,25.25
"South Korea/서산",벚나무,1976-04-14,1976,105,36.7766,126.4939,25.25
"South Korea/서산",벚나무,1977-04-12,1977,102,36.7766,126.4939,25.25
"South Korea/서산",벚나무,1978-04-15,1978,105,36.7766,126.4939,25.25
"South Korea/서산",벚나무,1979-04-12,1979,102,36.7766,126.4939,25.25
"South Korea/서산",벚나무,1980-04-12,1980,103,36.7766,126.4939,25.25
"South Korea/서산",벚나무,1981-04-11,1981,101,36.7766,126.4939,25.25
"South Korea/서산",벚나무,1982-04-12,1982,102,36.7766,126.4939,25.25
"South Korea/서산",벚나무,1983-04-11,1983,101,36.7766,126.4939,25.25
"South Korea/서산",벚나무,1984-04-21,1984,112,36.7766,126.4939,25.25
"South Korea/서산",벚나무,1985-04-16,1985,106,36.7766,126.4939,25.25
"South Korea/서산",벚나무,1986-04-14,1986,104,36.7766,126.4939,25.25
"South Korea/서산",벚나무,1987-04-14,1987,104,36.7766,126.4939,25.25
"South Korea/서산",벚나무,1988-04-12,1988,103,36.7766,126.4939,25.25
"South Korea/서산",벚나무,1989-04-08,1989,98,36.7766,126.4939,25.25
"South Korea/서산",벚나무,1990-04-10,1990,100,36.7766,126.4939,25.25
"South Korea/서산",벚나무,1991-04-13,1991,103,36.7766,126.4939,25.25
"South Korea/서산",벚나무,1992-04-05,1992,96,36.7766,126.4939,25.25
"South Korea/서산",벚나무,1993-04-16,1993,106,36.7766,126.4939,25.25
"South Korea/서산",벚나무,1994-04-11,1994,101,36.7766,126.4939,25.25
"South Korea/서산",벚나무,1995-04-14,1995,104,36.7766,126.4939,25.25
"South Korea/서산",벚나무,1996-04-22,1996,113,36.7766,126.4939,25.25
"South Korea/서산",벚나무,1997-04-10,1997,100,36.7766,126.4939,25.25
"South Korea/서산",벚나무,1998-04-06,1998,96,36.7766,126.4939,25.25
"South Korea/서산",벚나무,1999-04-11,1999,101,36.7766,126.4939,25.25
"South Korea/서산",벚나무,2000-04-15,2000,106,36.7766,126.4939,25.25
"South Korea/서산",벚나무,2001-04-11,2001,101,36.7766,126.4939,25.25
"South Korea/서산",벚나무,2002-04-02,2002,92,36.7766,126.4939,25.25
"South Korea/서산",벚나무,2003-04-07,2003,97,36.7766,126.4939,25.25
"South Korea/서산",벚나무,2004-04-07,2004,98,36.7766,126.4939,25.25
"South Korea/서산",벚나무,2005-04-13,2005,103,36.7766,126.4939,25.25
"South Korea/서산",벚나무,2006-04-09,2006,99,36.7766,126.4939,25.25
"South Korea/서산",벚나무,2007-04-09,2007,99,36.7766,126.4939,25.25
"South Korea/서산",벚나무,2008-04-06,2008,97,36.7766,126.4939,25.25
"South Korea/서산",벚나무,2009-04-05,2009,95,36.7766,126.4939,25.25
"South Korea/서산",벚나무,2010-04-14,2010,104,36.7766,126.4939,25.25
"South Korea/서산",벚나무,2011-04-14,2011,104,36.7766,126.4939,25.25
"South Korea/서산",벚나무,2012-04-16,2012,107,36.7766,126.4939,25.25
"South Korea/서산",벚나무,2013-04-20,2013,110,36.7766,126.4939,25.25
"South Korea/서산",벚나무,2014-04-03,2014,93,36.7766,126.4939,25.25
"South Korea/서산",벚나무,2015-04-07,2015,97,36.7766,126.4939,25.25
"South Korea/서산",벚나무,2016-04-06,2016,97,36.7766,126.4939,25.25
"South Korea/서산",벚나무,2017-04-10,2017,100,36.7766,126.4939,25.25
"South Korea/천안",벚나무,1974-04-19,1974,109,36.7622,127.2928,84.78
"South Korea/천안",벚나무,1975-04-17,1975,107,36.7622,127.2928,84.78
"South Korea/천안",벚나무,1976-04-13,1976,104,36.7622,127.2928,84.78
"South Korea/천안",벚나무,1977-04-11,1977,101,36.7622,127.2928,84.78
"South Korea/천안",벚나무,1978-04-15,1978,105,36.7622,127.2928,84.78
"South Korea/천안",벚나무,1979-04-12,1979,102,36.7622,127.2928,84.78
"South Korea/천안",벚나무,1980-04-17,1980,108,36.7622,127.2928,84.78
"South Korea/천안",벚나무,1981-04-14,1981,104,36.7622,127.2928,84.78
"South Korea/천안",벚나무,1982-04-13,1982,103,36.7622,127.2928,84.78
"South Korea/천안",벚나무,1983-04-11,1983,101,36.7622,127.2928,84.78
"South Korea/천안",벚나무,1984-04-15,1984,106,36.7622,127.2928,84.78
"South Korea/천안",벚나무,1985-04-11,1985,101,36.7622,127.2928,84.78
"South Korea/천안",벚나무,1986-04-12,1986,102,36.7622,127.2928,84.78
"South Korea/천안",벚나무,1987-04-13,1987,103,36.7622,127.2928,84.78
"South Korea/천안",벚나무,1988-04-12,1988,103,36.7622,127.2928,84.78
"South Korea/천안",벚나무,1989-04-08,1989,98,36.7622,127.2928,84.78
"South Korea/천안",벚나무,1990-04-06,1990,96,36.7622,127.2928,84.78
"South Korea/천안",벚나무,1991-04-12,1991,102,36.7622,127.2928,84.78
"South Korea/천안",벚나무,1992-04-04,1992,95,36.7622,127.2928,84.78
"South Korea/천안",벚나무,1993-04-09,1993,99,36.7622,127.2928,84.78
"South Korea/천안",벚나무,1994-04-11,1994,101,36.7622,127.2928,84.78
"South Korea/천안",벚나무,1995-04-10,1995,100,36.7622,127.2928,84.78
"South Korea/천안",벚나무,1996-04-22,1996,113,36.7622,127.2928,84.78
"South Korea/천안",벚나무,1997-04-09,1997,99,36.7622,127.2928,84.78
"South Korea/천안",벚나무,1998-04-06,1998,96,36.7622,127.2928,84.78
"South Korea/천안",벚나무,1999-04-11,1999,101,36.7622,127.2928,84.78
"South Korea/천안",벚나무,2000-04-15,2000,106,36.7622,127.2928,84.78
"South Korea/천안",벚나무,2001-04-09,2001,99,36.7622,127.2928,84.78
"South Korea/천안",벚나무,2002-03-30,2002,89,36.7622,127.2928,84.78
"South Korea/천안",벚나무,2003-04-07,2003,97,36.7622,127.2928,84.78
"South Korea/천안",벚나무,2004-04-05,2004,96,36.7622,127.2928,84.78
"South Korea/천안",벚나무,2005-04-10,2005,100,36.7622,127.2928,84.78
"South Korea/천안",벚나무,2006-04-10,2006,100,36.7622,127.2928,84.78
"South Korea/천안",벚나무,2007-04-06,2007,96,36.7622,127.2928,84.78
"South Korea/천안",벚나무,2008-04-14,2008,105,36.7622,127.2928,84.78
"South Korea/천안",벚나무,2009-04-04,2009,94,36.7622,127.2928,84.78
"South Korea/천안",벚나무,2010-04-10,2010,100,36.7622,127.2928,84.78
"South Korea/천안",벚나무,2011-04-13,2011,103,36.7622,127.2928,84.78
"South Korea/천안",벚나무,2012-04-16,2012,107,36.7622,127.2928,84.78
"South Korea/천안",벚나무,2013-04-15,2013,105,36.7622,127.2928,84.78
"South Korea/천안",벚나무,2014-03-31,2014,90,36.7622,127.2928,84.78
"South Korea/천안",벚나무,2015-04-08,2015,98,36.7622,127.2928,84.78
"South Korea/홍성",벚나무,2018-04-04,2018,94,36.6576,126.6877,27.74
"South Korea/홍성",벚나무,2019-04-07,2019,97,36.6576,126.6877,27.74
"South Korea/홍성",벚나무,2020-04-01,2020,92,36.6576,126.6877,27.74
"South Korea/홍성",벚나무,2021-03-31,2021,90,36.6576,126.6877,27.74
"South Korea/홍성",벚나무,2022-04-08,2022,98,36.6576,126.6877,27.74
"South Korea/홍성",벚나무,2023-03-30,2023,89,36.6576,126.6877,27.74
"South Korea/홍성",벚나무,2024-04-07,2024,98,36.6576,126.6877,27.74
"South Korea/홍성",벚나무,2025-04-07,2025,97,36.6576,126.6877,27.74
"South Korea/보은",벚나무,1973-04-17,1973,107,36.4876,127.7342,171.31
"South Korea/보은",벚나무,1974-04-11,1974,101,36.4876,127.7342,171.31
"South Korea/보은",벚나무,1975-04-15,1975,105,36.4876,127.7342,171.31
"South Korea/보은",벚나무,1976-04-15,1976,106,36.4876,127.7342,171.31
"South Korea/보은",벚나무,1977-04-13,1977,103,36.4876,127.7342,171.31
"South Korea/보은",벚나무,1978-04-15,1978,105,36.4876,127.7342,171.31
"South Korea/보은",벚나무,1979-04-13,1979,103,36.4876,127.7342,171.31
"South Korea/보은",벚나무,1980-04-15,1980,106,36.4876,127.7342,171.31
"South Korea/보은",벚나무,1981-04-14,1981,104,36.4876,127.7342,171.31
"South Korea/보은",벚나무,1982-04-12,1982,102,36.4876,127.7342,171.31
"South Korea/보은",벚나무,1983-04-13,1983,103,36.4876,127.7342,171.31
"South Korea/보은",벚나무,1984-04-20,1984,111,36.4876,127.7342,171.31
"South Korea/보은",벚나무,1985-04-17,1985,107,36.4876,127.7342,171.31
"South Korea/보은",벚나무,1986-04-18,1986,108,36.4876,127.7342,171.31
"South Korea/보은",벚나무,1987-04-16,1987,106,36.4876,127.7342,171.31
"South Korea/보은",벚나무,1988-04-14,1988,105,36.4876,127.7342,171.31
"South Korea/보은",벚나무,1989-04-10,1989,100,36.4876,127.7342,171.31
"South Korea/보은",벚나무,1990-04-10,1990,100,36.4876,127.7342,171.31
"South Korea/보은",벚나무,1991-04-14,1991,104,36.4876,127.7342,171.31
"South Korea/보은",벚나무,1992-04-07,1992,98,36.4876,127.7342,171.31
"South Korea/보은",벚나무,1993-04-18,1993,108,36.4876,127.7342,171.31
"South Korea/보은",벚나무,1994-04-12,1994,102,36.4876,127.7342,171.31
"South Korea/보은",벚나무,1995-04-17,1995,107,36.4876,127.7342,171.31
"South Korea/보은",벚나무,1996-04-24,1996,115,36.4876,127.7342,171.31
"South Korea/보은",벚나무,1997-04-13,1997,103,36.4876,127.7342,171.31
"South Korea/보은",벚나무,1998-04-07,1998,97,36.4876,127.7342,171.31
"South Korea/보은",벚나무,1999-04-14,1999,104,36.4876,127.7342,171.31
"South Korea/보은",벚나무,2000-04-15,2000,106,36.4876,127.7342,171.31
"South Korea/보은",벚나무,2001-04-11,2001,101,36.4876,127.7342,171.31
"South Korea/보은",벚나무,2002-04-03,2002,93,36.4876,127.7342,171.31
"South Korea/보은",벚나무,2003-04-10,2003,100,36.4876,127.7342,171.31
"South Korea/보은",벚나무,2004-04-09,2004,100,36.4876,127.7342,171.31
"South Korea/보은",벚나무,2005-04-15,2005,105,36.4876,127.7342,171.31
"South Korea/보은",벚나무,2006-04-12,2006,102,36.4876,127.7342,171.31
"South Korea/보은",벚나무,2007-04-09,2007,99,36.4876,127.7342,171.31
"South Korea/보은",벚나무,2008-04-07,2008,98,36.4876,127.7342,171.31
"South Korea/제천",벚나무,1973-04-05,1973,95,37.1593,128.1943,264.62
"South Korea/제천",벚나무,1975-04-17,1975,107,37.1593,128.1943,264.62
"South Korea/제천",벚나무,1976-04-17,1976,108,37.1593,128.1943,264.62
"South Korea/제천",벚나무,1977-04-15,1977,105,37.1593,128.1943,264.62
"South Korea/제천",벚나무,1978-04-14,1978,104,37.1593,128.1943,264.62
"South Korea/제천",벚나무,1979-04-14,1979,104,37.1593,128.1943,264.62
"South Korea/제천",벚나무,1980-04-15,1980,106,37.1593,128.1943,264.62
"South Korea/제천",벚나무,1981-04-11,1981,101,37.1593,128.1943,264.62
"South Korea/제천",벚나무,1982-04-14,1982,104,37.1593,128.1943,264.62
"South Korea/제천",벚나무,1983-04-15,1983,105,37.1593,128.1943,264.62
"South Korea/제천",벚나무,1984-04-22,1984,113,37.1593,128.1943,264.62
"South Korea/제천",벚나무,1985-04-14,1985,104,37.1593,128.1943,264.62
"South Korea/제천",벚나무,1986-04-14,1986,104,37.1593,128.1943,264.62
"South Korea/제천",벚나무,1987-04-15,1987,105,37.1593,128.1943,264.62
"South Korea/제천",벚나무,1988-04-17,1988,108,37.1593,128.1943,264.62
"South Korea/제천",벚나무,1989-04-07,1989,97,37.1593,128.1943,264.62
"South Korea/제천",벚나무,1990-04-06,1990,96,37.1593,128.1943,264.62
"South Korea/제천",벚나무,1991-04-12,1991,102,37.1593,128.1943,264.62
"South Korea/제천",벚나무,1992-04-05,1992,96,37.1593,128.1943,264.62
"South Korea/제천",벚나무,1993-04-17,1993,107,37.1593,128.1943,264.62
"South Korea/제천",벚나무,1994-04-10,1994,100,37.1593,128.1943,264.62
"South Korea/제천",벚나무,1995-04-18,1995,108,37.1593,128.1943,264.62
"South Korea/제천",벚나무,1996-04-26,1996,117,37.1593,128.1943,264.62
"South Korea/제천",벚나무,1997-04-12,1997,102,37.1593,128.1943,264.62
"South Korea/제천",벚나무,1998-04-06,1998,96,37.1593,128.1943,264.62
"South Korea/제천",벚나무,1999-04-14,1999,104,37.1593,128.1943,264.62
"South Korea/제천",벚나무,2000-04-15,2000,106,37.1593,128.1943,264.62
"South Korea/제천",벚나무,2001-04-14,2001,104,37.1593,128.1943,264.62
"South Korea/제천",벚나무,2002-04-04,2002,94,37.1593,128.1943,264.62
"South Korea/제천",벚나무,2003-04-11,2003,101,37.1593,128.1943,264.62
"South Korea/제천",벚나무,2004-04-09,2004,100,37.1593,128.1943,264.62
"South Korea/제천",벚나무,2005-04-13,2005,103,37.1593,128.1943,264.62
"South Korea/제천",벚나무,2006-04-11,2006,101,37.1593,128.1943,264.62
"South Korea/제천",벚나무,2007-04-10,2007,100,37.1593,128.1943,264.62
"South Korea/제천",벚나무,2008-04-11,2008,102,37.1593,128.1943,264.62
"South Korea/청주",벚나무,1973-04-10,1973,100,36.6392,127.4407,58.7
"South Korea/청주",벚나무,1974-04-16,1974,106,36.6392,127.4407,58.7
"South Korea/청주",벚나무,1975-04-16,1975,106,36.6392,127.4407,58.7
"South Korea/청주",벚나무,1976-04-16,1976,107,36.6392,127.4407,58.7
"South Korea/청주",벚나무,1977-04-08,1977,98,36.6392,127.4407,58.7
"South Korea/청주",벚나무,1978-04-13,1978,103,36.6392,127.4407,58.7
"South Korea/청주",벚나무,1979-04-12,1979,102,36.6392,127.4407,58.7
"South Korea/청주",벚나무,1980-04-11,1980,102,36.6392,127.4407,58.7
"South Korea/청주",벚나무,1981-04-05,1981,95,36.6392,127.4407,58.7
"South Korea/청주",벚나무,1982-04-05,1982,95,36.6392,127.4407,58.7
"South Korea/청주",벚나무,1983-04-08,1983,98,36.6392,127.4407,58.7
"South Korea/청주",벚나무,1984-04-17,1984,108,36.6392,127.4407,58.7
"South Korea/청주",벚나무,1985-04-12,1985,102,36.6392,127.4407,58.7
"South Korea/청주",벚나무,1986-04-12,1986,102,36.6392,127.4407,58.7
"South Korea/청주",벚나무,1987-04-15,1987,105,36.6392,127.4407,58.7
"South Korea/청주",벚나무,1988-04-13,1988,104,36.6392,127.4407,58.7
"South Korea/청주",벚나무,1989-04-04,1989,94,36.6392,127.4407,58.7
"South Korea/청주",벚나무,1990-04-03,1990,93,36.6392,127.4407,58.7
"South Korea/청주",벚나무,1991-04-11,1991,101,36.6392,127.4407,58.7
"South Korea/청주",벚나무,1992-04-01,1992,92,36.6392,127.4407,58.7
"South Korea/청주",벚나무,1993-04-12,1993,102,36.6392,127.4407,58.7
"South Korea/청주",벚나무,1994-04-06,1994,96,36.6392,127.4407,58.7
"South Korea/청주",벚나무,1995-04-11,1995,101,36.6392,127.4407,58.7
"South Korea/청주",벚나무,1996-04-19,1996,110,36.6392,127.4407,58.7
"South Korea/청주",벚나무,1997-04-05,1997,95,36.6392,127.4407,58.7
"South Korea/청주",벚나무,1998-03-30,1998,89,36.6392,127.4407,58.7
"South Korea/청주",벚나무,1999-04-11,1999,101,36.6392,127.4407,58.7
"South Korea/청주",벚나무,2000-04-05,2000,96,36.6392,127.4407,58.7
"South Korea/청주",벚나무,2001-04-03,2001,93,36.6392,127.4407,58.7
"South Korea/청주",벚나무,2002-03-31,2002,90,36.6392,127.4407,58.7
"South Korea/청주",벚나무,2003-04-02,2003,92,36.6392,127.4407,58.7
"South Korea/청주",벚나무,2004-03-30,2004,90,36.6392,127.4407,58.7
"South Korea/청주",벚나무,2005-04-09,2005,99,36.6392,127.4407,58.7
"South Korea/청주",벚나무,2006-04-06,2006,96,36.6392,127.4407,58.7
"South Korea/청주",벚나무,2007-04-01,2007,91,36.6392,127.4407,58.7
"South Korea/청주",벚나무,2008-04-08,2008,99,36.6392,127.4407,58.7
"South Korea/청주",벚나무,2009-04-03,2009,93,36.6392,127.4407,58.7
"South Korea/청주",벚나무,2010-04-18,2010,108,36.6392,127.4407,58.7
"South Korea/청주",벚나무,2011-04-14,2011,104,36.6392,127.4407,58.7
"South Korea/청주",벚나무,2012-04-17,2012,108,36.6392,127.4407,58.7
"South Korea/청주",벚나무,2013-04-14,2013,104,36.6392,127.4407,58.7
"South Korea/청주",벚나무,2014-03-29,2014,88,36.6392,127.4407,58.7
"South Korea/청주",벚나무,2015-04-02,2015,92,36.6392,127.4407,58.7
"South Korea/청주",벚나무,2016-04-01,2016,92,36.6392,127.4407,58.7
"South Korea/청주",벚나무,2017-04-04,2017,94,36.6392,127.4407,58.7
"South Korea/청주",벚나무,2018-04-01,2018,91,36.6392,127.4407,58.7
"South Korea/청주",벚나무,2019-03-28,2019,87,36.6392,127.4407,58.7
"South Korea/청주",벚나무,2020-03-26,2020,86,36.6392,127.4407,58.7
"South Korea/청주",벚나무,2021-03-24,2021,83,36.6392,127.4407,58.7
"South Korea/청주",벚나무,2022-04-02,2022,92,36.6392,127.4407,58.7
"South Korea/청주",벚나무,2023-03-23,2023,82,36.6392,127.4407,58.7
"South Korea/청주",벚나무,2024-03-31,2024,91,36.6392,127.4407,58.7
"South Korea/청주",벚나무,2025-03-31,2025,90,36.6392,127.4407,58.7
"South Korea/추풍령",벚나무,1973-04-08,1973,98,36.2203,127.9946,244.98
"South Korea/추풍령",벚나무,1974-04-15,1974,105,36.2203,127.9946,244.98
"South Korea/추풍령",벚나무,1975-04-16,1975,106,36.2203,127.9946,244.98
"South Korea/추풍령",벚나무,1976-04-15,1976,106,36.2203,127.9946,244.98
"South Korea/추풍령",벚나무,1977-04-12,1977,102,36.2203,127.9946,244.98
"South Korea/추풍령",벚나무,1978-04-12,1978,102,36.2203,127.9946,244.98
"South Korea/추풍령",벚나무,1979-04-10,1979,100,36.2203,127.9946,244.98
"South Korea/추풍령",벚나무,1980-04-12,1980,103,36.2203,127.9946,244.98
"South Korea/추풍령",벚나무,1981-04-11,1981,101,36.2203,127.9946,244.98
"South Korea/추풍령",벚나무,1982-04-08,1982,98,36.2203,127.9946,244.98
"South Korea/추풍령",벚나무,1983-04-11,1983,101,36.2203,127.9946,244.98
"South Korea/추풍령",벚나무,1984-04-18,1984,109,36.2203,127.9946,244.98
"South Korea/추풍령",벚나무,1985-04-15,1985,105,36.2203,127.9946,244.98
"South Korea/추풍령",벚나무,1986-04-14,1986,104,36.2203,127.9946,244.98
"South Korea/추풍령",벚나무,1987-04-10,1987,100,36.2203,127.9946,244.98
"South Korea/추풍령",벚나무,1988-04-15,1988,106,36.2203,127.9946,244.98
"South Korea/추풍령",벚나무,1989-04-06,1989,96,36.2203,127.9946,244.98
"South Korea/추풍령",벚나무,1990-04-06,1990,96,36.2203,127.9946,244.98
"South Korea/추풍령",벚나무,1991-04-13,1991,103,36.2203,127.9946,244.98
"South Korea/추풍령",벚나무,1992-04-01,1992,92,36.2203,127.9946,244.98
"South Korea/추풍령",벚나무,1993-04-14,1993,104,36.2203,127.9946,244.98
"South Korea/추풍령",벚나무,1994-04-09,1994,99,36.2203,127.9946,244.98
"South Korea/추풍령",벚나무,1995-04-10,1995,100,36.2203,127.9946,244.98
"South Korea/추풍령",벚나무,1996-04-21,1996,112,36.2203,127.9946,244.98
"South Korea/추풍령",벚나무,1997-04-07,1997,97,36.2203,127.9946,244.98
"South Korea/추풍령",벚나무,1998-04-04,1998,94,36.2203,127.9946,244.98
"South Korea/추풍령",벚나무,1999-04-12,1999,102,36.2203,127.9946,244.98
"South Korea/추풍령",벚나무,2000-04-12,2000,103,36.2203,127.9946,244.98
"South Korea/추풍령",벚나무,2001-04-12,2001,102,36.2203,127.9946,244.98
"South Korea/추풍령",벚나무,2002-03-29,2002,88,36.2203,127.9946,244.98
"South Korea/추풍령",벚나무,2003-04-09,2003,99,36.2203,127.9946,244.98
"South Korea/추풍령",벚나무,2004-04-02,2004,93,36.2203,127.9946,244.98
"South Korea/추풍령",벚나무,2005-04-11,2005,101,36.2203,127.9946,244.98
"South Korea/추풍령",벚나무,2006-04-09,2006,99,36.2203,127.9946,244.98
"South Korea/추풍령",벚나무,2007-04-02,2007,92,36.2203,127.9946,244.98
"South Korea/추풍령",벚나무,2008-04-05,2008,96,36.2203,127.9946,244.98
"South Korea/추풍령",벚나무,2009-04-01,2009,91,36.2203,127.9946,244.98
"South Korea/추풍령",벚나무,2010-04-17,2010,107,36.2203,127.9946,244.98
"South Korea/추풍령",벚나무,2011-04-11,2011,101,36.2203,127.9946,244.98
"South Korea/추풍령",벚나무,2012-04-16,2012,107,36.2203,127.9946,244.98
"South Korea/추풍령",벚나무,2013-04-10,2013,100,36.2203,127.9946,244.98
"South Korea/추풍령",벚나무,2014-04-01,2014,91,36.2203,127.9946,244.98
"South Korea/추풍령",벚나무,2015-04-13,2015,103,36.2203,127.9946,244.98
"South Korea/충주",벚나무,1974-04-12,1974,102,36.9705,127.9525,114.85
"South Korea/충주",벚나무,1975-04-13,1975,103,36.9705,127.9525,114.85
"South Korea/충주",벚나무,1976-04-15,1976,106,36.9705,127.9525,114.85
"South Korea/충주",벚나무,1977-04-15,1977,105,36.9705,127.9525,114.85
"South Korea/충주",벚나무,1978-04-16,1978,106,36.9705,127.9525,114.85
"South Korea/충주",벚나무,1979-04-11,1979,101,36.9705,127.9525,114.85
"South Korea/충주",벚나무,1980-04-14,1980,105,36.9705,127.9525,114.85
"South Korea/충주",벚나무,1981-04-14,1981,104,36.9705,127.9525,114.85
"South Korea/충주",벚나무,1982-04-08,1982,98,36.9705,127.9525,114.85
"South Korea/충주",벚나무,1983-04-13,1983,103,36.9705,127.9525,114.85
"South Korea/충주",벚나무,1984-04-21,1984,112,36.9705,127.9525,114.85
"South Korea/충주",벚나무,1985-04-12,1985,102,36.9705,127.9525,114.85
"South Korea/충주",벚나무,1986-04-14,1986,104,36.9705,127.9525,114.85
"South Korea/충주",벚나무,1987-04-15,1987,105,36.9705,127.9525,114.85
"South Korea/충주",벚나무,1988-04-14,1988,105,36.9705,127.9525,114.85
"South Korea/충주",벚나무,1989-04-05,1989,95,36.9705,127.9525,114.85
"South Korea/충주",벚나무,1990-04-04,1990,94,36.9705,127.9525,114.85
"South Korea/충주",벚나무,1991-04-12,1991,102,36.9705,127.9525,114.85
"South Korea/충주",벚나무,1992-04-02,1992,93,36.9705,127.9525,114.85
"South Korea/충주",벚나무,1993-04-13,1993,103,36.9705,127.9525,114.85
"South Korea/충주",벚나무,1994-04-08,1994,98,36.9705,127.9525,114.85
"South Korea/충주",벚나무,1995-04-13,1995,103,36.9705,127.9525,114.85
"South Korea/충주",벚나무,1996-04-22,1996,113,36.9705,127.9525,114.85
"South Korea/충주",벚나무,1997-04-09,1997,99,36.9705,127.9525,114.85
"South Korea/충주",벚나무,1998-04-06,1998,96,36.9705,127.9525,114.85
"South Korea/충주",벚나무,1999-04-11,1999,101,36.9705,127.9525,114.85
"South Korea/충주",벚나무,2000-04-13,2000,104,36.9705,127.9525,114.85
"South Korea/충주",벚나무,2001-04-10,2001,100,36.9705,127.9525,114.85
"South Korea/충주",벚나무,2002-03-31,2002,90,36.9705,127.9525,114.85
"South Korea/충주",벚나무,2003-04-03,2003,93,36.9705,127.9525,114.85
"South Korea/충주",벚나무,2004-04-07,2004,98,36.9705,127.9525,114.85
"South Korea/충주",벚나무,2005-04-12,2005,102,36.9705,127.9525,114.85
"South Korea/충주",벚나무,2006-04-10,2006,100,36.9705,127.9525,114.85
"South Korea/충주",벚나무,2007-04-06,2007,96,36.9705,127.9525,114.85
"South Korea/충주",벚나무,2008-04-07,2008,98,36.9705,127.9525,114.85
"South Korea/충주",벚나무,2009-04-03,2009,93,36.9705,127.9525,114.85
"South Korea/충주",벚나무,2010-04-18,2010,108,36.9705,127.9525,114.85
"South Korea/충주",벚나무,2011-04-13,2011,103,36.9705,127.9525,114.85
"South Korea/충주",벚나무,2012-04-14,2012,105,36.9705,127.9525,114.85
"South Korea/충주",벚나무,2013-04-10,2013,100,36.9705,127.9525,114.85
"South Korea/충주",벚나무,2014-03-31,2014,90,36.9705,127.9525,114.85
"South Korea/충주",벚나무,2015-04-04,2015,94,36.9705,127.9525,114.85
