"location","species","bloom_date","year","bloom_doy","lat","long","alt"
"South Korea/강릉",아까시나무,1973-05-06,1973,126,37.7515,128.891,27.12
"South Korea/강릉",아까시나무,1974-05-16,1974,136,37.7515,128.891,27.12
"South Korea/강릉",아까시나무,1975-05-20,1975,140,37.7515,128.891,27.12
"South Korea/강릉",아까시나무,1976-05-14,1976,135,37.7515,128.891,27.12
"South Korea/강릉",아까시나무,1977-05-06,1977,126,37.7515,128.891,27.12
"South Korea/강릉",아까시나무,1978-05-08,1978,128,37.7515,128.891,27.12
"South Korea/강릉",아까시나무,1979-05-17,1979,137,37.7515,128.891,27.12
"South Korea/강릉",아까시나무,1980-05-08,1980,129,37.7515,128.891,27.12
"South Korea/강릉",아까시나무,1981-05-10,1981,130,37.7515,128.891,27.12
"South Korea/강릉",아까시나무,1982-05-09,1982,129,37.7515,128.891,27.12
"South Korea/강릉",아까시나무,1983-05-12,1983,132,37.7515,128.891,27.12
"South Korea/강릉",아까시나무,1984-05-21,1984,142,37.7515,128.891,27.12
"South Korea/강릉",아까시나무,1985-05-03,1985,123,37.7515,128.891,27.12
"South Korea/강릉",아까시나무,1986-05-11,1986,131,37.7515,128.891,27.12
"South Korea/강릉",아까시나무,1987-05-03,1987,123,37.7515,128.891,27.12
"South Korea/강릉",아까시나무,1988-05-15,1988,136,37.7515,128.891,27.12
"South Korea/강릉",아까시나무,1989-05-06,1989,126,37.7515,128.891,27.12
"South Korea/강릉",아까시나무,1990-05-09,1990,129,37.7515,128.891,27.12
"South Korea/강릉",아까시나무,1991-05-16,1991,136,37.7515,128.891,27.12
"South Korea/강릉",아까시나무,1992-05-08,1992,129,37.7515,128.891,27.12
"South Korea/강릉",아까시나무,1993-05-21,1993,141,37.7515,128.891,27.12
"South Korea/강릉",아까시나무,1994-05-12,1994,132,37.7515,128.891,27.12
"South Korea/강릉",아까시나무,1995-05-11,1995,131,37.7515,128.891,27.12
"South Korea/강릉",아까시나무,1996-05-16,1996,137,37.7515,128.891,27.12
"South Korea/강릉",아까시나무,1997-05-05,1997,125,37.7515,128.891,27.12
"South Korea/강릉",아까시나무,1998-04-30,1998,120,37.7515,128.891,27.12
"South Korea/강릉",아까시나무,1999-05-10,1999,130,37.7515,128.891,27.12
"South Korea/강릉",아까시나무,2000-05-16,2000,137,37.7515,128.891,27.12
"South Korea/강릉",아까시나무,2001-05-14,2001,134,37.7515,128.891,27.12
"South Korea/강릉",아까시나무,2002-05-04,2002,124,37.7515,128.891,27.12
"South Korea/강릉",아까시나무,2003-05-12,2003,132,37.7515,128.891,27.12
"South Korea/강릉",아까시나무,2004-05-02,2004,123,37.7515,128.891,27.12
"South Korea/강릉",아까시나무,2005-05-08,2005,128,37.7515,128.891,27.12
"South Korea/강릉",아까시나무,2006-05-17,2006,137,37.7515,128.891,27.12
"South Korea/강릉",아까시나무,2007-05-07,2007,127,37.7515,128.891,27.12
"South Korea/강릉",아까시나무,2008-05-12,2008,133,37.7515,128.891,27.12
"South Korea/대관령",아까시나무,1974-06-21,1974,172,37.6771,128.7183,772.43
"South Korea/대관령",아까시나무,1978-05-07,1978,127,37.6771,128.7183,772.43
"South Korea/대관령",아까시나무,1979-05-15,1979,135,37.6771,128.7183,772.43
"South Korea/대관령",아까시나무,1980-06-08,1980,160,37.6771,128.7183,772.43
"South Korea/대관령",아까시나무,1981-06-04,1981,155,37.6771,128.7183,772.43
"South Korea/대관령",아까시나무,1984-06-13,1984,165,37.6771,128.7183,772.43
"South Korea/대관령",아까시나무,1985-06-16,1985,167,37.6771,128.7183,772.43
"South Korea/대관령",아까시나무,1986-06-18,1986,169,37.6771,128.7183,772.43
"South Korea/대관령",아까시나무,1987-06-15,1987,166,37.6771,128.7183,772.43
"South Korea/대관령",아까시나무,2011-06-14,2011,165,37.6771,128.7183,772.43
"South Korea/대관령",아까시나무,2012-06-10,2012,162,37.6771,128.7183,772.43
"South Korea/대관령",아까시나무,2013-06-05,2013,156,37.6771,128.7183,772.43
"South Korea/대관령",아까시나무,2014-06-01,2014,152,37.6771,128.7183,772.43
"South Korea/동해",아까시나무,1993-05-16,1993,136,37.5071,129.1243,40.46
"South Korea/동해",아까시나무,1994-05-12,1994,132,37.5071,129.1243,40.46
"South Korea/동해",아까시나무,1995-05-21,1995,141,37.5071,129.1243,40.46
"South Korea/동해",아까시나무,1996-05-16,1996,137,37.5071,129.1243,40.46
"South Korea/동해",아까시나무,1997-05-06,1997,126,37.5071,129.1243,40.46
"South Korea/동해",아까시나무,1998-04-28,1998,118,37.5071,129.1243,40.46
"South Korea/동해",아까시나무,1999-05-12,1999,132,37.5071,129.1243,40.46
"South Korea/동해",아까시나무,2000-05-18,2000,139,37.5071,129.1243,40.46
"South Korea/동해",아까시나무,2001-05-03,2001,123,37.5071,129.1243,40.46
"South Korea/동해",아까시나무,2002-05-01,2002,121,37.5071,129.1243,40.46
"South Korea/동해",아까시나무,2003-05-17,2003,137,37.5071,129.1243,40.46
"South Korea/동해",아까시나무,2004-05-03,2004,124,37.5071,129.1243,40.46
"South Korea/동해",아까시나무,2005-05-14,2005,134,37.5071,129.1243,40.46
"South Korea/동해",아까시나무,2006-05-20,2006,140,37.5071,129.1243,40.46
"South Korea/동해",아까시나무,2007-05-05,2007,125,37.5071,129.1243,40.46
"South Korea/동해",아까시나무,2008-05-09,2008,130,37.5071,129.1243,40.46
"South Korea/동해",아까시나무,2009-05-05,2009,125,37.5071,129.1243,40.46
"South Korea/동해",아까시나무,2010-05-17,2010,137,37.5071,129.1243,40.46
"South Korea/동해",아까시나무,2011-05-18,2011,138,37.5071,129.1243,40.46
"South Korea/동해",아까시나무,2012-05-17,2012,138,37.5071,129.1243,40.46
"South Korea/동해",아까시나무,2013-05-16,2013,136,37.5071,129.1243,40.46
"South Korea/동해",아까시나무,2014-05-01,2014,121,37.5071,129.1243,40.46
"South Korea/북강릉",아까시나무,2009-05-15,2009,135,37.8046,128.8554,75.24
"South Korea/북강릉",아까시나무,2010-05-22,2010,142,37.8046,128.8554,75.24
"South Korea/북강릉",아까시나무,2011-05-13,2011,133,37.8046,128.8554,75.24
"South Korea/북강릉",아까시나무,2012-05-08,2012,129,37.8046,128.8554,75.24
"South Korea/북강릉",아까시나무,2013-05-21,2013,141,37.8046,128.8554,75.24
"South Korea/북강릉",아까시나무,2014-05-03,2014,123,37.8046,128.8554,75.24
"South Korea/북강릉",아까시나무,2015-05-08,2015,128,37.8046,128.8554,75.24
"South Korea/북강릉",아까시나무,2016-05-06,2016,127,37.8046,128.8554,75.24
"South Korea/북강릉",아까시나무,2017-05-05,2017,125,37.8046,128.8554,75.24
"South Korea/북강릉",아까시나무,2018-05-01,2018,121,37.8046,128.8554,75.24
"South Korea/북강릉",아까시나무,2019-05-12,2019,132,37.8046,128.8554,75.24
"South Korea/북강릉",아까시나무,2020-05-10,2020,131,37.8046,128.8554,75.24
"South Korea/북강릉",아까시나무,2021-05-06,2021,126,37.8046,128.8554,75.24
"South Korea/북강릉",아까시나무,2022-04-28,2022,118,37.8046,128.8554,75.24
"South Korea/북강릉",아까시나무,2023-05-01,2023,121,37.8046,128.8554,75.24
"South Korea/북강릉",아까시나무,2024-05-02,2024,123,37.8046,128.8554,75.24
"South Korea/북강릉",아까시나무,2025-05-06,2025,126,37.8046,128.8554,75.24
"South Korea/북춘천",아까시나무,2017-05-08,2017,128,37.9474,127.7544,95.78
"South Korea/북춘천",아까시나무,2018-05-05,2018,125,37.9474,127.7544,95.78
"South Korea/북춘천",아까시나무,2019-05-15,2019,135,37.9474,127.7544,95.78
"South Korea/북춘천",아까시나무,2020-05-12,2020,133,37.9474,127.7544,95.78
"South Korea/북춘천",아까시나무,2021-05-12,2021,132,37.9474,127.7544,95.78
"South Korea/북춘천",아까시나무,2022-05-12,2022,132,37.9474,127.7544,95.78
"South Korea/북춘천",아까시나무,2023-05-11,2023,131,37.9474,127.7544,95.78
"South Korea/북춘천",아까시나무,2024-05-07,2024,128,37.9474,127.7544,95.78
"South Korea/북춘천",아까시나무,2025-05-16,2025,136,37.9474,127.7544,95.78
"South Korea/삼척",아까시나무,1973-05-11,1973,131,nan,nan,nan
"South Korea/삼척",아까시나무,1974-05-14,1974,134,nan,nan,nan
"South Korea/삼척",아까시나무,1975-05-15,1975,135,nan,nan,nan
"South Korea/삼척",아까시나무,1976-05-12,1976,133,nan,nan,nan
"South Korea/삼척",아까시나무,1977-05-13,1977,133,nan,nan,nan
"South Korea/삼척",아까시나무,1978-05-11,1978,131,nan,nan,nan
"South Korea/삼척",아까시나무,1979-05-11,1979,131,nan,nan,nan
"South Korea/삼척",아까시나무,1980-05-15,1980,136,nan,nan,nan
"South Korea/삼척",아까시나무,1981-05-08,1981,128,nan,nan,nan
"South Korea/삼척",아까시나무,1982-05-07,1982,127,nan,nan,nan
"South Korea/삼척",아까시나무,1983-04-11,1983,101,nan,nan,nan
"South Korea/삼척",아까시나무,1985-05-26,1985,146,nan,nan,nan
"South Korea/삼척",아까시나무,1986-05-18,1986,138,nan,nan,nan
"South Korea/삼척",아까시나무,1987-05-06,1987,126,nan,nan,nan
"South Korea/삼척",아까시나무,1988-05-12,1988,133,nan,nan,nan
"South Korea/삼척",아까시나무,1989-05-06,1989,126,nan,nan,nan
"South Korea/삼척",아까시나무,1990-05-11,1990,131,nan,nan,nan
"South Korea/삼척",아까시나무,1991-05-15,1991,135,nan,nan,nan
"South Korea/삼척",아까시나무,1992-05-15,1992,136,nan,nan,nan
"South Korea/삼척",아까시나무,1993-05-16,1993,136,nan,nan,nan
"South Korea/삼척",아까시나무,1994-05-13,1994,133,nan,nan,nan
"South Korea/삼척",아까시나무,1995-05-21,1995,141,nan,nan,nan
"South Korea/속초",아까시나무,1973-05-10,1973,130,38.2509,128.5647,17.53
"South Korea/속초",아까시나무,1974-05-20,1974,140,38.2509,128.5647,17.53
"South Korea/속초",아까시나무,1975-05-23,1975,143,38.2509,128.5647,17.53
"South Korea/속초",아까시나무,1976-05-20,1976,141,38.2509,128.5647,17.53
"South Korea/속초",아까시나무,1977-05-17,1977,137,38.2509,128.5647,17.53
"South Korea/속초",아까시나무,1978-05-13,1978,133,38.2509,128.5647,17.53
"South Korea/속초",아까시나무,1979-05-16,1979,136,38.2509,128.5647,17.53
"South Korea/속초",아까시나무,1980-05-18,1980,139,38.2509,128.5647,17.53
"South Korea/속초",아까시나무,1981-05-16,1981,136,38.2509,128.5647,17.53
"South Korea/속초",아까시나무,1982-05-15,1982,135,38.2509,128.5647,17.53
"South Korea/속초",아까시나무,1983-05-14,1983,134,38.2509,128.5647,17.53
"South Korea/속초",아까시나무,1984-05-24,1984,145,38.2509,128.5647,17.53
"South Korea/속초",아까시나무,1985-05-22,1985,142,38.2509,128.5647,17.53
"South Korea/속초",아까시나무,1986-05-18,1986,138,38.2509,128.5647,17.53
"South Korea/속초",아까시나무,1987-05-07,1987,127,38.2509,128.5647,17.53
"South Korea/속초",아까시나무,1988-05-14,1988,135,38.2509,128.5647,17.53
"South Korea/속초",아까시나무,1989-05-01,1989,121,38.2509,128.5647,17.53
"South Korea/속초",아까시나무,1990-05-13,1990,133,38.2509,128.5647,17.53
"South Korea/속초",아까시나무,1991-05-22,1991,142,38.2509,128.5647,17.53
"South Korea/속초",아까시나무,1992-05-19,1992,140,38.2509,128.5647,17.53
"South Korea/속초",아까시나무,1993-05-22,1993,142,38.2509,128.5647,17.53
"South Korea/속초",아까시나무,1994-05-17,1994,137,38.2509,128.5647,17.53
"South Korea/속초",아까시나무,1995-05-16,1995,136,38.2509,128.5647,17.53
"South Korea/속초",아까시나무,1996-05-25,1996,146,38.2509,128.5647,17.53
"South Korea/속초",아까시나무,1997-05-12,1997,132,38.2509,128.5647,17.53
"South Korea/속초",아까시나무,1998-05-06,1998,126,38.2509,128.5647,17.53
"South Korea/속초",아까시나무,1999-05-15,1999,135,38.2509,128.5647,17.53
"South Korea/속초",아까시나무,2000-05-21,2000,142,38.2509,128.5647,17.53
"South Korea/속초",아까시나무,2001-05-17,2001,137,38.2509,128.5647,17.53
"South Korea/속초",아까시나무,2002-05-13,2002,133,38.2509,128.5647,17.53
"South Korea/속초",아까시나무,2003-05-19,2003,139,38.2509,128.5647,17.53
"South Korea/속초",아까시나무,2004-05-06,2004,127,38.2509,128.5647,17.53
"South Korea/속초",아까시나무,2005-05-19,2005,139,38.2509,128.5647,17.53
"South Korea/속초",아까시나무,2006-05-20,2006,140,38.2509,128.5647,17.53
"South Korea/속초",아까시나무,2007-05-10,2007,130,38.2509,128.5647,17.53
"South Korea/속초",아까시나무,2008-05-09,2008,130,38.2509,128.5647,17.53
"South Korea/속초",아까시나무,2009-05-11,2009,131,38.2509,128.5647,17.53
"South Korea/속초",아까시나무,2010-05-22,2010,142,38.2509,128.5647,17.53
"South Korea/속초",아까시나무,2011-05-20,2011,140,38.2509,128.5647,17.53
"South Korea/속초",아까시나무,2012-05-19,2012,140,38.2509,128.5647,17.53
"South Korea/속초",아까시나무,2013-05-21,2013,141,38.2509,128.5647,17.53
"South Korea/속초",아까시나무,2014-05-13,2014,133,38.2509,128.5647,17.53
"South Korea/속초",아까시나무,2015-05-14,2015,134,38.2509,128.5647,17.53
"South Korea/영월",아까시나무,1995-05-19,1995,139,37.1813,128.4574,240.54
"South Korea/영월",아까시나무,1996-05-23,1996,144,37.1813,128.4574,240.54
"South Korea/영월",아까시나무,1997-05-13,1997,133,37.1813,128.4574,240.54
"South Korea/영월",아까시나무,1998-05-02,1998,122,37.1813,128.4574,240.54
"South Korea/영월",아까시나무,1999-05-10,1999,130,37.1813,128.4574,240.54
"South Korea/영월",아까시나무,2000-05-19,2000,140,37.1813,128.4574,240.54
"South Korea/영월",아까시나무,2001-05-08,2001,128,37.1813,128.4574,240.54
"South Korea/영월",아까시나무,2002-05-06,2002,126,37.1813,128.4574,240.54
"South Korea/영월",아까시나무,2003-05-12,2003,132,37.1813,128.4574,240.54
"South Korea/영월",아까시나무,2004-05-08,2004,129,37.1813,128.4574,240.54
"South Korea/영월",아까시나무,2005-05-12,2005,132,37.1813,128.4574,240.54
"South Korea/영월",아까시나무,2006-05-20,2006,140,37.1813,128.4574,240.54
"South Korea/영월",아까시나무,2007-05-12,2007,132,37.1813,128.4574,240.54
"South Korea/영월",아까시나무,2008-05-09,2008,130,37.1813,128.4574,240.54
"South Korea/영월",아까시나무,2009-05-12,2009,132,37.1813,128.4574,240.54
"South Korea/영월",아까시나무,2010-05-17,2010,137,37.1813,128.4574,240.54
"South Korea/영월",아까시나무,2011-05-16,2011,136,37.1813,128.4574,240.54
"South Korea/영월",아까시나무,2012-05-14,2012,135,37.1813,128.4574,240.54
"South Korea/영월",아까시나무,2013-05-16,2013,136,37.1813,128.4574,240.54
"South Korea/영월",아까시나무,2014-05-05,2014,125,37.1813,128.4574,240.54
"South Korea/영월",아까시나무,2015-05-12,2015,132,37.1813,128.4574,240.54
"South Korea/원주",아까시나무,1973-05-16,1973,136,37.3375,127.9466,150.11
"South Korea/원주",아까시나무,1974-05-15,1974,135,37.3375,127.9466,150.11
"South Korea/원주",아까시나무,1975-05-13,1975,133,37.3375,127.9466,150.11
"South Korea/원주",아까시나무,1977-05-18,1977,138,37.3375,127.9466,150.11
"South Korea/원주",아까시나무,1978-05-08,1978,128,37.3375,127.9466,150.11
"South Korea/원주",아까시나무,1979-05-23,1979,143,37.3375,127.9466,150.11
"South Korea/원주",아까시나무,1980-05-24,1980,145,37.3375,127.9466,150.11
"South Korea/원주",아까시나무,1981-05-19,1981,139,37.3375,127.9466,150.11
"South Korea/원주",아까시나무,1982-05-14,1982,134,37.3375,127.9466,150.11
"South Korea/원주",아까시나무,1983-05-12,1983,132,37.3375,127.9466,150.11
"South Korea/원주",아까시나무,1985-05-16,1985,136,37.3375,127.9466,150.11
"South Korea/원주",아까시나무,1986-04-11,1986,101,37.3375,127.9466,150.11
"South Korea/원주",아까시나무,1987-05-18,1987,138,37.3375,127.9466,150.11
"South Korea/원주",아까시나무,1988-05-17,1988,138,37.3375,127.9466,150.11
"South Korea/원주",아까시나무,1989-05-02,1989,122,37.3375,127.9466,150.11
"South Korea/원주",아까시나무,1990-05-06,1990,126,37.3375,127.9466,150.11
"South Korea/원주",아까시나무,1991-05-14,1991,134,37.3375,127.9466,150.11
"South Korea/원주",아까시나무,1992-05-11,1992,132,37.3375,127.9466,150.11
"South Korea/원주",아까시나무,1993-05-19,1993,139,37.3375,127.9466,150.11
"South Korea/원주",아까시나무,1994-05-07,1994,127,37.3375,127.9466,150.11
"South Korea/원주",아까시나무,1995-05-17,1995,137,37.3375,127.9466,150.11
"South Korea/원주",아까시나무,1996-05-21,1996,142,37.3375,127.9466,150.11
"South Korea/원주",아까시나무,1997-05-12,1997,132,37.3375,127.9466,150.11
"South Korea/원주",아까시나무,1998-05-04,1998,124,37.3375,127.9466,150.11
"South Korea/원주",아까시나무,1999-05-07,1999,127,37.3375,127.9466,150.11
"South Korea/원주",아까시나무,2000-05-19,2000,140,37.3375,127.9466,150.11
"South Korea/원주",아까시나무,2001-05-09,2001,129,37.3375,127.9466,150.11
"South Korea/원주",아까시나무,2002-05-05,2002,125,37.3375,127.9466,150.11
"South Korea/원주",아까시나무,2003-05-11,2003,131,37.3375,127.9466,150.11
"South Korea/원주",아까시나무,2004-05-06,2004,127,37.3375,127.9466,150.11
"South Korea/원주",아까시나무,2005-05-10,2005,130,37.3375,127.9466,150.11
"South Korea/원주",아까시나무,2006-05-16,2006,136,37.3375,127.9466,150.11
"South Korea/원주",아까시나무,2007-05-13,2007,133,37.3375,127.9466,150.11
"South Korea/원주",아까시나무,2008-05-09,2008,130,37.3375,127.9466,150.11
"South Korea/원주",아까시나무,2009-05-05,2009,125,37.3375,127.9466,150.11
"South Korea/원주",아까시나무,2010-05-19,2010,139,37.3375,127.9466,150.11
"South Korea/원주",아까시나무,2011-05-22,2011,142,37.3375,127.9466,150.11
"South Korea/원주",아까시나무,2012-05-08,2012,129,37.3375,127.9466,150.11
"South Korea/원주",아까시나무,2013-05-14,2013,134,37.3375,127.9466,150.11
"South Korea/원주",아까시나무,2014-05-10,2014,130,37.3375,127.9466,150.11
"South Korea/원주",아까시나무,2015-05-08,2015,128,37.3375,127.9466,150.11
"South Korea/인제",아까시나무,1981-05-28,1981,148,38.0599,128.1681,202.0
"South Korea/인제",아까시나무,1984-05-28,1984,149,38.0599,128.1681,202.0
"South Korea/인제",아까시나무,1985-05-27,1985,147,38.0599,128.1681,202.0
"South Korea/인제",아까시나무,1986-05-29,1986,149,38.0599,128.1681,202.0
"South Korea/인제",아까시나무,1987-05-20,1987,140,38.0599,128.1681,202.0
"South Korea/인제",아까시나무,1988-05-18,1988,139,38.0599,128.1681,202.0
"South Korea/인제",아까시나무,1989-05-19,1989,139,38.0599,128.1681,202.0
"South Korea/인제",아까시나무,1990-05-18,1990,138,38.0599,128.1681,202.0
"South Korea/인제",아까시나무,1991-05-15,1991,135,38.0599,128.1681,202.0
"South Korea/인제",아까시나무,1992-05-12,1992,133,38.0599,128.1681,202.0
"South Korea/인제",아까시나무,1993-05-17,1993,137,38.0599,128.1681,202.0
"South Korea/인제",아까시나무,1994-05-12,1994,132,38.0599,128.1681,202.0
"South Korea/인제",아까시나무,1995-05-26,1995,146,38.0599,128.1681,202.0
"South Korea/인제",아까시나무,1996-05-22,1996,143,38.0599,128.1681,202.0
"South Korea/인제",아까시나무,1997-05-21,1997,141,38.0599,128.1681,202.0
"South Korea/인제",아까시나무,1998-05-08,1998,128,38.0599,128.1681,202.0
"South Korea/인제",아까시나무,1999-05-17,1999,137,38.0599,128.1681,202.0
"South Korea/인제",아까시나무,2000-05-24,2000,145,38.0599,128.1681,202.0
"South Korea/인제",아까시나무,2001-05-19,2001,139,38.0599,128.1681,202.0
"South Korea/인제",아까시나무,2002-05-11,2002,131,38.0599,128.1681,202.0
"South Korea/인제",아까시나무,2003-05-19,2003,139,38.0599,128.1681,202.0
"South Korea/인제",아까시나무,2004-05-11,2004,132,38.0599,128.1681,202.0
"South Korea/인제",아까시나무,2005-05-17,2005,137,38.0599,128.1681,202.0
"South Korea/인제",아까시나무,2006-05-15,2006,135,38.0599,128.1681,202.0
"South Korea/인제",아까시나무,2007-05-14,2007,134,38.0599,128.1681,202.0
"South Korea/철원",아까시나무,1989-05-11,1989,131,38.1479,127.3042,155.48
"South Korea/철원",아까시나무,1990-05-26,1990,146,38.1479,127.3042,155.48
"South Korea/철원",아까시나무,1991-05-13,1991,133,38.1479,127.3042,155.48
"South Korea/철원",아까시나무,1992-05-18,1992,139,38.1479,127.3042,155.48
"South Korea/철원",아까시나무,1993-05-17,1993,137,38.1479,127.3042,155.48
"South Korea/철원",아까시나무,1994-05-16,1994,136,38.1479,127.3042,155.48
"South Korea/철원",아까시나무,1995-05-25,1995,145,38.1479,127.3042,155.48
"South Korea/철원",아까시나무,1996-05-28,1996,149,38.1479,127.3042,155.48
"South Korea/철원",아까시나무,1997-05-22,1997,142,38.1479,127.3042,155.48
"South Korea/철원",아까시나무,1998-05-07,1998,127,38.1479,127.3042,155.48
"South Korea/철원",아까시나무,1999-05-14,1999,134,38.1479,127.3042,155.48
"South Korea/철원",아까시나무,2000-05-26,2000,147,38.1479,127.3042,155.48
"South Korea/철원",아까시나무,2001-05-19,2001,139,38.1479,127.3042,155.48
"South Korea/철원",아까시나무,2002-05-17,2002,137,38.1479,127.3042,155.48
"South Korea/철원",아까시나무,2003-05-20,2003,140,38.1479,127.3042,155.48
"South Korea/철원",아까시나무,2004-05-15,2004,136,38.1479,127.3042,155.48
"South Korea/철원",아까시나무,2005-05-14,2005,134,38.1479,127.3042,155.48
"South Korea/철원",아까시나무,2006-05-07,2006,127,38.1479,127.3042,155.48
"South Korea/철원",아까시나무,2007-05-15,2007,135,38.1479,127.3042,155.48
"South Korea/철원",아까시나무,2008-05-10,2008,131,38.1479,127.3042,155.48
"South Korea/철원",아까시나무,2009-05-09,2009,129,38.1479,127.3042,155.48
"South Korea/철원",아까시나무,2010-05-30,2010,150,38.1479,127.3042,155.48
"South Korea/철원",아까시나무,2011-05-25,2011,145,38.1479,127.3042,155.48
"South Korea/철원",아까시나무,2012-05-26,2012,147,38.1479,127.3042,155.48
"South Korea/철원",아까시나무,2013-05-16,2013,136,38.1479,127.3042,155.48
"South Korea/철원",아까시나무,2014-05-09,2014,129,38.1479,127.3042,155.48
"South Korea/춘천",아까시나무,1974-05-21,1974,141,37.9026,127.7357,75.82
"South Korea/춘천",아까시나무,1975-05-13,1975,133,37.9026,127.7357,75.82
"South Korea/춘천",아까시나무,1976-05-17,1976,138,37.9026,127.7357,75.82
"South Korea/춘천",아까시나무,1977-05-16,1977,136,37.9026,127.7357,75.82
"South Korea/춘천",아까시나무,1978-05-16,1978,136,37.9026,127.7357,75.82
"South Korea/춘천",아까시나무,1979-05-15,1979,135,37.9026,127.7357,75.82
"South Korea/춘천",아까시나무,1980-05-21,1980,142,37.9026,127.7357,75.82
"South Korea/춘천",아까시나무,1981-05-16,1981,136,37.9026,127.7357,75.82
"South Korea/춘천",아까시나무,1982-05-11,1982,131,37.9026,127.7357,75.82
"South Korea/춘천",아까시나무,1985-05-12,1985,132,37.9026,127.7357,75.82
"South Korea/춘천",아까시나무,1988-05-19,1988,140,37.9026,127.7357,75.82
"South Korea/춘천",아까시나무,1989-05-08,1989,128,37.9026,127.7357,75.82
"South Korea/춘천",아까시나무,1990-05-21,1990,141,37.9026,127.7357,75.82
"South Korea/춘천",아까시나무,1991-05-17,1991,137,37.9026,127.7357,75.82
"South Korea/춘천",아까시나무,1992-05-16,1992,137,37.9026,127.7357,75.82
"South Korea/춘천",아까시나무,1993-05-11,1993,131,37.9026,127.7357,75.82
"South Korea/춘천",아까시나무,1994-05-08,1994,128,37.9026,127.7357,75.82
"South Korea/춘천",아까시나무,1995-05-21,1995,141,37.9026,127.7357,75.82
"South Korea/춘천",아까시나무,1996-05-21,1996,142,37.9026,127.7357,75.82
"South Korea/춘천",아까시나무,1997-05-18,1997,138,37.9026,127.7357,75.82
"South Korea/춘천",아까시나무,1998-05-06,1998,126,37.9026,127.7357,75.82
"South Korea/춘천",아까시나무,1999-05-12,1999,132,37.9026,127.7357,75.82
"South Korea/춘천",아까시나무,2000-05-12,2000,133,37.9026,127.7357,75.82
"South Korea/춘천",아까시나무,2001-05-12,2001,132,37.9026,127.7357,75.82
"South Korea/춘천",아까시나무,2002-05-05,2002,125,37.9026,127.7357,75.82
"South Korea/춘천",아까시나무,2003-05-17,2003,137,37.9026,127.7357,75.82
"South Korea/춘천",아까시나무,2004-05-06,2004,127,37.9026,127.7357,75.82
"South Korea/춘천",아까시나무,2005-05-14,2005,134,37.9026,127.7357,75.82
"South Korea/춘천",아까시나무,2006-05-15,2006,135,37.9026,127.7357,75.82
"South Korea/춘천",아까시나무,2007-05-16,2007,136,37.9026,127.7357,75.82
"South Korea/춘천",아까시나무,2008-05-09,2008,130,37.9026,127.7357,75.82
"South Korea/춘천",아까시나무,2009-05-14,2009,134,37.9026,127.7357,75.82
"South Korea/춘천",아까시나무,2010-05-20,2010,140,37.9026,127.7357,75.82
"South Korea/춘천",아까시나무,2011-05-19,2011,139,37.9026,127.7357,75.82
"South Korea/춘천",아까시나무,2012-05-18,2012,139,37.9026,127.7357,75.82
"South Korea/춘천",아까시나무,2013-05-16,2013,136,37.9026,127.7357,75.82
"South Korea/춘천",아까시나무,2014-05-12,2014,132,37.9026,127.7357,75.82
"South Korea/춘천",아까시나무,2015-05-10,2015,130,37.9026,127.7357,75.82
"South Korea/춘천",아까시나무,2016-05-08,2016,129,37.9026,127.7357,75.82
"South Korea/태백",아까시나무,1986-05-29,1986,149,37.1704,128.9893,714.45
"South Korea/태백",아까시나무,1987-05-28,1987,148,37.1704,128.9893,714.45
"South Korea/태백",아까시나무,1988-05-28,1988,149,37.1704,128.9893,714.45
"South Korea/태백",아까시나무,1989-05-26,1989,146,37.1704,128.9893,714.45
"South Korea/태백",아까시나무,1990-05-30,1990,150,37.1704,128.9893,714.45
"South Korea/태백",아까시나무,1991-06-02,1991,153,37.1704,128.9893,714.45
"South Korea/태백",아까시나무,1992-06-01,1992,153,37.1704,128.9893,714.45
"South Korea/태백",아까시나무,1993-05-28,1993,148,37.1704,128.9893,714.45
"South Korea/태백",아까시나무,1994-05-25,1994,145,37.1704,128.9893,714.45
"South Korea/태백",아까시나무,1995-05-28,1995,148,37.1704,128.9893,714.45
"South Korea/태백",아까시나무,1996-05-29,1996,150,37.1704,128.9893,714.45
"South Korea/태백",아까시나무,1997-05-31,1997,151,37.1704,128.9893,714.45
"South Korea/태백",아까시나무,1998-05-23,1998,143,37.1704,128.9893,714.45
"South Korea/태백",아까시나무,1999-05-26,1999,146,37.1704,128.9893,714.45
"South Korea/태백",아까시나무,2000-05-29,2000,150,37.1704,128.9893,714.45
"South Korea/태백",아까시나무,2001-05-25,2001,145,37.1704,128.9893,714.45
"South Korea/태백",아까시나무,2002-05-27,2002,147,37.1704,128.9893,714.45
"South Korea/태백",아까시나무,2003-05-26,2003,146,37.1704,128.9893,714.45
"South Korea/태백",아까시나무,2004-05-23,2004,144,37.1704,128.9893,714.45
"South Korea/태백",아까시나무,2005-05-25,2005,145,37.1704,128.9893,714.45
"South Korea/태백",아까시나무,2006-05-29,2006,149,37.1704,128.9893,714.45
"South Korea/태백",아까시나무,2007-05-27,2007,147,37.1704,128.9893,714.45
"South Korea/태백",아까시나무,2008-05-26,2008,147,37.1704,128.9893,714.45
"South Korea/홍천",아까시나무,1973-05-16,1973,136,37.6836,127.8804,140.2
"South Korea/홍천",아까시나무,1974-05-14,1974,134,37.6836,127.8804,140.2
"South Korea/홍천",아까시나무,1975-05-14,1975,134,37.6836,127.8804,140.2
"South Korea/홍천",아까시나무,1976-05-11,1976,132,37.6836,127.8804,140.2
"South Korea/홍천",아까시나무,1977-05-13,1977,133,37.6836,127.8804,140.2
"South Korea/홍천",아까시나무,1978-05-17,1978,137,37.6836,127.8804,140.2
"South Korea/홍천",아까시나무,1979-05-23,1979,143,37.6836,127.8804,140.2
"South Korea/홍천",아까시나무,1980-05-25,1980,146,37.6836,127.8804,140.2
"South Korea/홍천",아까시나무,1981-05-17,1981,137,37.6836,127.8804,140.2
"South Korea/홍천",아까시나무,1982-05-16,1982,136,37.6836,127.8804,140.2
"South Korea/홍천",아까시나무,1983-05-12,1983,132,37.6836,127.8804,140.2
"South Korea/홍천",아까시나무,1984-05-24,1984,145,37.6836,127.8804,140.2
"South Korea/홍천",아까시나무,1985-05-22,1985,142,37.6836,127.8804,140.2
"South Korea/홍천",아까시나무,1986-05-18,1986,138,37.6836,127.8804,140.2
"South Korea/홍천",아까시나무,1987-05-21,1987,141,37.6836,127.8804,140.2
"South Korea/홍천",아까시나무,1988-05-16,1988,137,37.6836,127.8804,140.2
"South Korea/홍천",아까시나무,1989-05-11,1989,131,37.6836,127.8804,140.2
"South Korea/홍천",아까시나무,1990-05-16,1990,136,37.6836,127.8804,140.2
"South Korea/홍천",아까시나무,1991-05-16,1991,136,37.6836,127.8804,140.2
"South Korea/홍천",아까시나무,1992-05-14,1992,135,37.6836,127.8804,140.2
"South Korea/홍천",아까시나무,1993-05-18,1993,138,37.6836,127.8804,140.2
"South Korea/홍천",아까시나무,1994-05-06,1994,126,37.6836,127.8804,140.2
"South Korea/홍천",아까시나무,1995-05-20,1995,140,37.6836,127.8804,140.2
"South Korea/홍천",아까시나무,1996-05-19,1996,140,37.6836,127.8804,140.2
"South Korea/홍천",아까시나무,1997-05-16,1997,136,37.6836,127.8804,140.2
"South Korea/홍천",아까시나무,1998-05-06,1998,126,37.6836,127.8804,140.2
"South Korea/홍천",아까시나무,1999-05-14,1999,134,37.6836,127.8804,140.2
"South Korea/홍천",아까시나무,2000-05-18,2000,139,37.6836,127.8804,140.2
"South Korea/홍천",아까시나무,2001-05-14,2001,134,37.6836,127.8804,140.2
"South Korea/홍천",아까시나무,2002-05-07,2002,127,37.6836,127.8804,140.2
"South Korea/홍천",아까시나무,2003-05-15,2003,135,37.6836,127.8804,140.2
"South Korea/홍천",아까시나무,2004-05-06,2004,127,37.6836,127.8804,140.2
"South Korea/홍천",아까시나무,2005-05-12,2005,132,37.6836,127.8804,140.2
"South Korea/홍천",아까시나무,2006-05-13,2006,133,37.6836,127.8804,140.2
"South Korea/홍천",아까시나무,2007-05-14,2007,134,37.6836,127.8804,140.2
"South Korea/동두천",아까시나무,1998-05-03,1998,123,37.9019,127.0607,115.62
"South Korea/동두천",아까시나무,1999-05-13,1999,133,37.9019,127.0607,115.62
"South Korea/동두천",아까시나무,2000-05-25,2000,146,37.9019,127.0607,115.62
"South Korea/동두천",아까시나무,2001-05-10,2001,130,37.9019,127.0607,115.62
"South Korea/동두천",아까시나무,2002-05-06,2002,126,37.9019,127.0607,115.62
"South Korea/동두천",아까시나무,2003-05-14,2003,134,37.9019,127.0607,115.62
"South Korea/동두천",아까시나무,2004-05-15,2004,136,37.9019,127.0607,115.62
"South Korea/동두천",아까시나무,2005-05-14,2005,134,37.9019,127.0607,115.62
"South Korea/동두천",아까시나무,2006-05-17,2006,137,37.9019,127.0607,115.62
"South Korea/동두천",아까시나무,2007-05-11,2007,131,37.9019,127.0607,115.62
"South Korea/동두천",아까시나무,2008-05-07,2008,128,37.9019,127.0607,115.62
"South Korea/동두천",아까시나무,2009-05-13,2009,133,37.9019,127.0607,115.62
"South Korea/동두천",아까시나무,2010-05-20,2010,140,37.9019,127.0607,115.62
"South Korea/동두천",아까시나무,2011-05-23,2011,143,37.9019,127.0607,115.62
"South Korea/동두천",아까시나무,2012-05-07,2012,128,37.9019,127.0607,115.62
"South Korea/동두천",아까시나무,2013-05-20,2013,140,37.9019,127.0607,115.62
"South Korea/동두천",아까시나무,2014-05-01,2014,121,37.9019,127.0607,115.62
"South Korea/동두천",아까시나무,2015-05-06,2015,126,37.9019,127.0607,115.62
"South Korea/수원",아까시나무,1973-05-16,1973,136,37.2575,126.983,39.81
"South Korea/수원",아까시나무,1974-05-26,1974,146,37.2575,126.983,39.81
"South Korea/수원",아까시나무,1975-05-17,1975,137,37.2575,126.983,39.81
"South Korea/수원",아까시나무,1976-05-23,1976,144,37.2575,126.983,39.81
"South Korea/수원",아까시나무,1977-05-13,1977,133,37.2575,126.983,39.81
"South Korea/수원",아까시나무,1978-05-14,1978,134,37.2575,126.983,39.81
"South Korea/수원",아까시나무,1979-05-10,1979,130,37.2575,126.983,39.81
"South Korea/수원",아까시나무,1980-05-19,1980,140,37.2575,126.983,39.81
"South Korea/수원",아까시나무,1981-05-19,1981,139,37.2575,126.983,39.81
"South Korea/수원",아까시나무,1982-05-07,1982,127,37.2575,126.983,39.81
"South Korea/수원",아까시나무,1984-05-22,1984,143,37.2575,126.983,39.81
"South Korea/수원",아까시나무,1985-05-14,1985,134,37.2575,126.983,39.81
"South Korea/수원",아까시나무,1986-05-15,1986,135,37.2575,126.983,39.81
"South Korea/수원",아까시나무,1987-05-19,1987,139,37.2575,126.983,39.81
"South Korea/수원",아까시나무,1988-05-20,1988,141,37.2575,126.983,39.81
"South Korea/수원",아까시나무,1989-05-07,1989,127,37.2575,126.983,39.81
"South Korea/수원",아까시나무,1990-05-06,1990,126,37.2575,126.983,39.81
"South Korea/수원",아까시나무,1991-05-17,1991,137,37.2575,126.983,39.81
"South Korea/수원",아까시나무,1992-05-17,1992,138,37.2575,126.983,39.81
"South Korea/수원",아까시나무,1993-05-20,1993,140,37.2575,126.983,39.81
"South Korea/수원",아까시나무,1994-05-17,1994,137,37.2575,126.983,39.81
"South Korea/수원",아까시나무,1995-05-18,1995,138,37.2575,126.983,39.81
"South Korea/수원",아까시나무,1996-05-17,1996,138,37.2575,126.983,39.81
"South Korea/수원",아까시나무,1997-05-15,1997,135,37.2575,126.983,39.81
"South Korea/수원",아까시나무,1998-04-28,1998,118,37.2575,126.983,39.81
"South Korea/수원",아까시나무,1999-05-08,1999,128,37.2575,126.983,39.81
"South Korea/수원",아까시나무,2000-05-20,2000,141,37.2575,126.983,39.81
"South Korea/수원",아까시나무,2001-05-15,2001,135,37.2575,126.983,39.81
"South Korea/수원",아까시나무,2002-05-13,2002,133,37.2575,126.983,39.81
"South Korea/수원",아까시나무,2003-05-13,2003,133,37.2575,126.983,39.81
"South Korea/수원",아까시나무,2004-05-06,2004,127,37.2575,126.983,39.81
"South Korea/수원",아까시나무,2005-05-08,2005,128,37.2575,126.983,39.81
"South Korea/수원",아까시나무,2006-05-16,2006,136,37.2575,126.983,39.81
"South Korea/수원",아까시나무,2007-05-15,2007,135,37.2575,126.983,39.81
"South Korea/수원",아까시나무,2008-05-05,2008,126,37.2575,126.983,39.81
"South Korea/수원",아까시나무,2009-05-10,2009,130,37.2575,126.983,39.81
"South Korea/수원",아까시나무,2010-05-17,2010,137,37.2575,126.983,39.81
"South Korea/수원",아까시나무,2011-05-24,2011,144,37.2575,126.983,39.81
"South Korea/수원",아까시나무,2012-05-12,2012,133,37.2575,126.983,39.81
"South Korea/수원",아까시나무,2013-05-19,2013,139,37.2575,126.983,39.81
"South Korea/수원",아까시나무,2014-05-09,2014,129,37.2575,126.983,39.81
"South Korea/수원",아까시나무,2015-05-09,2015,129,37.2575,126.983,39.81
"South Korea/수원",아까시나무,2016-05-06,2016,127,37.2575,126.983,39.81
"South Korea/수원",아까시나무,2017-05-06,2017,126,37.2575,126.983,39.81
"South Korea/수원",아까시나무,2018-05-08,2018,128,37.2575,126.983,39.81
"South Korea/수원",아까시나무,2019-05-13,2019,133,37.2575,126.983,39.81
"South Korea/수원",아까시나무,2020-05-11,2020,132,37.2575,126.983,39.81
"South Korea/수원",아까시나무,2021-05-04,2021,124,37.2575,126.983,39.81
"South Korea/수원",아까시나무,2022-05-05,2022,125,37.2575,126.983,39.81
"South Korea/수원",아까시나무,2023-05-03,2023,123,37.2575,126.983,39.81
"South Korea/수원",아까시나무,2024-04-30,2024,121,37.2575,126.983,39.81
"South Korea/수원",아까시나무,2025-05-12,2025,132,37.2575,126.983,39.81
"South Korea/양평",아까시나무,1976-05-23,1976,144,37.4886,127.4945,47.26
"South Korea/양평",아까시나무,1979-05-21,1979,141,37.4886,127.4945,47.26
"South Korea/양평",아까시나무,1980-05-22,1980,143,37.4886,127.4945,47.26
"South Korea/양평",아까시나무,1981-05-15,1981,135,37.4886,127.4945,47.26
"South Korea/양평",아까시나무,1982-05-15,1982,135,37.4886,127.4945,47.26
"South Korea/양평",아까시나무,1983-05-11,1983,131,37.4886,127.4945,47.26
"South Korea/양평",아까시나무,1984-05-18,1984,139,37.4886,127.4945,47.26
"South Korea/양평",아까시나무,1985-05-14,1985,134,37.4886,127.4945,47.26
"South Korea/양평",아까시나무,1986-05-17,1986,137,37.4886,127.4945,47.26
"South Korea/양평",아까시나무,1987-05-15,1987,135,37.4886,127.4945,47.26
"South Korea/양평",아까시나무,1988-05-17,1988,138,37.4886,127.4945,47.26
"South Korea/양평",아까시나무,1989-05-06,1989,126,37.4886,127.4945,47.26
"South Korea/양평",아까시나무,1990-05-19,1990,139,37.4886,127.4945,47.26
"South Korea/양평",아까시나무,1991-05-18,1991,138,37.4886,127.4945,47.26
"South Korea/양평",아까시나무,1992-05-11,1992,132,37.4886,127.4945,47.26
"South Korea/양평",아까시나무,1993-05-07,1993,127,37.4886,127.4945,47.26
"South Korea/양평",아까시나무,1994-05-08,1994,128,37.4886,127.4945,47.26
"South Korea/양평",아까시나무,1995-05-16,1995,136,37.4886,127.4945,47.26
"South Korea/양평",아까시나무,1996-05-20,1996,141,37.4886,127.4945,47.26
"South Korea/양평",아까시나무,1997-05-12,1997,132,37.4886,127.4945,47.26
"South Korea/양평",아까시나무,1998-04-25,1998,115,37.4886,127.4945,47.26
"South Korea/양평",아까시나무,1999-05-02,1999,122,37.4886,127.4945,47.26
"South Korea/양평",아까시나무,2000-05-02,2000,123,37.4886,127.4945,47.26
"South Korea/양평",아까시나무,2001-05-11,2001,131,37.4886,127.4945,47.26
"South Korea/양평",아까시나무,2002-05-06,2002,126,37.4886,127.4945,47.26
"South Korea/양평",아까시나무,2003-05-12,2003,132,37.4886,127.4945,47.26
"South Korea/양평",아까시나무,2004-05-10,2004,131,37.4886,127.4945,47.26
"South Korea/양평",아까시나무,2005-05-14,2005,134,37.4886,127.4945,47.26
"South Korea/양평",아까시나무,2006-05-14,2006,134,37.4886,127.4945,47.26
"South Korea/양평",아까시나무,2007-05-14,2007,134,37.4886,127.4945,47.26
"South Korea/양평",아까시나무,2008-05-09,2008,130,37.4886,127.4945,47.26
"South Korea/이천",아까시나무,1973-05-12,1973,132,37.264,127.4842,80.09
"South Korea/이천",아까시나무,1974-05-15,1974,135,37.264,127.4842,80.09
"South Korea/이천",아까시나무,1975-05-11,1975,131,37.264,127.4842,80.09
"South Korea/이천",아까시나무,1976-05-21,1976,142,37.264,127.4842,80.09
"South Korea/이천",아까시나무,1977-05-11,1977,131,37.264,127.4842,80.09
"South Korea/이천",아까시나무,1978-05-15,1978,135,37.264,127.4842,80.09
"South Korea/이천",아까시나무,1979-05-23,1979,143,37.264,127.4842,80.09
"South Korea/이천",아까시나무,1980-05-23,1980,144,37.264,127.4842,80.09
"South Korea/이천",아까시나무,1981-05-14,1981,134,37.264,127.4842,80.09
"South Korea/이천",아까시나무,1982-05-12,1982,132,37.264,127.4842,80.09
"South Korea/이천",아까시나무,1983-05-08,1983,128,37.264,127.4842,80.09
"South Korea/이천",아까시나무,1984-05-13,1984,134,37.264,127.4842,80.09
"South Korea/이천",아까시나무,1985-05-03,1985,123,37.264,127.4842,80.09
"South Korea/이천",아까시나무,1986-05-09,1986,129,37.264,127.4842,80.09
"South Korea/이천",아까시나무,1987-05-13,1987,133,37.264,127.4842,80.09
"South Korea/이천",아까시나무,1988-05-16,1988,137,37.264,127.4842,80.09
"South Korea/이천",아까시나무,1989-05-02,1989,122,37.264,127.4842,80.09
"South Korea/이천",아까시나무,1990-05-16,1990,136,37.264,127.4842,80.09
"South Korea/이천",아까시나무,1991-05-19,1991,139,37.264,127.4842,80.09
"South Korea/이천",아까시나무,1992-05-12,1992,133,37.264,127.4842,80.09
"South Korea/이천",아까시나무,1993-04-19,1993,109,37.264,127.4842,80.09
"South Korea/이천",아까시나무,1994-05-09,1994,129,37.264,127.4842,80.09
"South Korea/이천",아까시나무,1995-05-22,1995,142,37.264,127.4842,80.09
"South Korea/이천",아까시나무,1996-05-21,1996,142,37.264,127.4842,80.09
"South Korea/이천",아까시나무,1997-05-14,1997,134,37.264,127.4842,80.09
"South Korea/이천",아까시나무,1998-05-03,1998,123,37.264,127.4842,80.09
"South Korea/이천",아까시나무,1999-05-10,1999,130,37.264,127.4842,80.09
"South Korea/이천",아까시나무,2000-05-16,2000,137,37.264,127.4842,80.09
"South Korea/이천",아까시나무,2001-05-08,2001,128,37.264,127.4842,80.09
"South Korea/이천",아까시나무,2002-05-05,2002,125,37.264,127.4842,80.09
"South Korea/이천",아까시나무,2003-05-13,2003,133,37.264,127.4842,80.09
"South Korea/이천",아까시나무,2004-05-07,2004,128,37.264,127.4842,80.09
"South Korea/이천",아까시나무,2005-05-10,2005,130,37.264,127.4842,80.09
"South Korea/이천",아까시나무,2006-05-11,2006,131,37.264,127.4842,80.09
"South Korea/이천",아까시나무,2007-05-12,2007,132,37.264,127.4842,80.09
"South Korea/이천",아까시나무,2008-05-06,2008,127,37.264,127.4842,80.09
"South Korea/이천",아까시나무,2009-05-10,2009,130,37.264,127.4842,80.09
"South Korea/이천",아까시나무,2010-05-21,2010,141,37.264,127.4842,80.09
"South Korea/이천",아까시나무,2011-05-19,2011,139,37.264,127.4842,80.09
"South Korea/이천",아까시나무,2012-05-13,2012,134,37.264,127.4842,80.09
"South Korea/이천",아까시나무,2013-05-16,2013,136,37.264,127.4842,80.09
"South Korea/이천",아까시나무,2014-05-03,2014,123,37.264,127.4842,80.09
"South Korea/이천",아까시나무,2015-05-11,2015,131,37.264,127.4842,80.09
"South Korea/파주",아까시나무,2002-05-11,2002,131,37.8859,126.7665,30.59
"South Korea/파주",아까시나무,2003-05-13,2003,133,37.8859,126.7665,30.59
"South Korea/파주",아까시나무,2004-05-10,2004,131,37.8859,126.7665,30.59
"South Korea/파주",아까시나무,2005-05-24,2005,144,37.8859,126.7665,30.59
"South Korea/파주",아까시나무,2006-05-16,2006,136,37.8859,126.7665,30.59
"South Korea/파주",아까시나무,2007-05-13,2007,133,37.8859,126.7665,30.59
"South Korea/파주",아까시나무,2008-05-12,2008,133,37.8859,126.7665,30.59
"South Korea/파주",아까시나무,2009-05-13,2009,133,37.8859,126.7665,30.59
"South Korea/파주",아까시나무,2010-05-28,2010,148,37.8859,126.7665,30.59
"South Korea/파주",아까시나무,2011-05-25,2011,145,37.8859,126.7665,30.59
"South Korea/파주",아까시나무,2012-05-14,2012,135,37.8859,126.7665,30.59
"South Korea/파주",아까시나무,2013-05-24,2013,144,37.8859,126.7665,30.59
"South Korea/파주",아까시나무,2014-05-15,2014,135,37.8859,126.7665,30.59
"South Korea/파주",아까시나무,2015-05-14,2015,134,37.8859,126.7665,30.59
"South Korea/거제",아까시나무,1973-05-03,1973,123,34.8882,128.6046,44.83
"South Korea/거제",아까시나무,1974-05-02,1974,122,34.8882,128.6046,44.83
"South Korea/거제",아까시나무,1975-05-03,1975,123,34.8882,128.6046,44.83
"South Korea/거제",아까시나무,1976-05-12,1976,133,34.8882,128.6046,44.83
"South Korea/거제",아까시나무,1977-05-04,1977,124,34.8882,128.6046,44.83
"South Korea/거제",아까시나무,1979-05-08,1979,128,34.8882,128.6046,44.83
"South Korea/거제",아까시나무,1980-05-17,1980,138,34.8882,128.6046,44.83
"South Korea/거제",아까시나무,1981-05-07,1981,127,34.8882,128.6046,44.83
"South Korea/거제",아까시나무,1982-05-07,1982,127,34.8882,128.6046,44.83
"South Korea/거제",아까시나무,1983-05-06,1983,126,34.8882,128.6046,44.83
"South Korea/거제",아까시나무,1984-05-14,1984,135,34.8882,128.6046,44.83
"South Korea/거제",아까시나무,1985-05-03,1985,123,34.8882,128.6046,44.83
"South Korea/거제",아까시나무,1986-05-04,1986,124,34.8882,128.6046,44.83
"South Korea/거제",아까시나무,1987-05-02,1987,122,34.8882,128.6046,44.83
"South Korea/거제",아까시나무,1988-05-01,1988,122,34.8882,128.6046,44.83
"South Korea/거제",아까시나무,1989-05-02,1989,122,34.8882,128.6046,44.83
"South Korea/거제",아까시나무,1990-05-12,1990,132,34.8882,128.6046,44.83
"South Korea/거제",아까시나무,1991-05-11,1991,131,34.8882,128.6046,44.83
"South Korea/거제",아까시나무,1992-05-07,1992,128,34.8882,128.6046,44.83
"South Korea/거제",아까시나무,1993-05-14,1993,134,34.8882,128.6046,44.83
"South Korea/거제",아까시나무,1994-05-12,1994,132,34.8882,128.6046,44.83
"South Korea/거제",아까시나무,1995-05-16,1995,136,34.8882,128.6046,44.83
"South Korea/거제",아까시나무,1996-05-21,1996,142,34.8882,128.6046,44.83
"South Korea/거제",아까시나무,1997-05-10,1997,130,34.8882,128.6046,44.83
"South Korea/거제",아까시나무,1998-05-11,1998,131,34.8882,128.6046,44.83
"South Korea/거제",아까시나무,1999-05-08,1999,128,34.8882,128.6046,44.83
"South Korea/거제",아까시나무,2000-05-08,2000,129,34.8882,128.6046,44.83
"South Korea/거제",아까시나무,2001-05-06,2001,126,34.8882,128.6046,44.83
"South Korea/거제",아까시나무,2002-05-04,2002,124,34.8882,128.6046,44.83
"South Korea/거제",아까시나무,2003-05-10,2003,130,34.8882,128.6046,44.83
"South Korea/거제",아까시나무,2004-05-07,2004,128,34.8882,128.6046,44.83
"South Korea/거제",아까시나무,2005-05-12,2005,132,34.8882,128.6046,44.83
"South Korea/거제",아까시나무,2006-05-17,2006,137,34.8882,128.6046,44.83
"South Korea/거제",아까시나무,2007-05-10,2007,130,34.8882,128.6046,44.83
"South Korea/거제",아까시나무,2008-05-08,2008,129,34.8882,128.6046,44.83
"South Korea/거창",아까시나무,1973-05-08,1973,128,35.6674,127.9099,228.45
"South Korea/거창",아까시나무,1974-05-13,1974,133,35.6674,127.9099,228.45
"South Korea/거창",아까시나무,1975-05-16,1975,136,35.6674,127.9099,228.45
"South Korea/거창",아까시나무,1977-05-11,1977,131,35.6674,127.9099,228.45
"South Korea/거창",아까시나무,1978-05-06,1978,126,35.6674,127.9099,228.45
"South Korea/거창",아까시나무,1979-05-11,1979,131,35.6674,127.9099,228.45
"South Korea/거창",아까시나무,1980-05-15,1980,136,35.6674,127.9099,228.45
"South Korea/거창",아까시나무,1981-05-11,1981,131,35.6674,127.9099,228.45
"South Korea/거창",아까시나무,1986-05-12,1986,132,35.6674,127.9099,228.45
"South Korea/거창",아까시나무,1987-05-15,1987,135,35.6674,127.9099,228.45
"South Korea/거창",아까시나무,1988-05-15,1988,136,35.6674,127.9099,228.45
"South Korea/거창",아까시나무,1989-05-07,1989,127,35.6674,127.9099,228.45
"South Korea/거창",아까시나무,1990-05-07,1990,127,35.6674,127.9099,228.45
"South Korea/거창",아까시나무,1991-05-13,1991,133,35.6674,127.9099,228.45
"South Korea/거창",아까시나무,1992-05-12,1992,133,35.6674,127.9099,228.45
"South Korea/거창",아까시나무,1993-05-12,1993,132,35.6674,127.9099,228.45
"South Korea/거창",아까시나무,1994-05-07,1994,127,35.6674,127.9099,228.45
"South Korea/거창",아까시나무,1995-05-17,1995,137,35.6674,127.9099,228.45
"South Korea/거창",아까시나무,1996-05-21,1996,142,35.6674,127.9099,228.45
"South Korea/거창",아까시나무,1997-05-08,1997,128,35.6674,127.9099,228.45
"South Korea/거창",아까시나무,1998-05-01,1998,121,35.6674,127.9099,228.45
"South Korea/거창",아까시나무,1999-05-08,1999,128,35.6674,127.9099,228.45
"South Korea/거창",아까시나무,2000-05-12,2000,133,35.6674,127.9099,228.45
"South Korea/거창",아까시나무,2001-05-12,2001,132,35.6674,127.9099,228.45
"South Korea/거창",아까시나무,2002-05-04,2002,124,35.6674,127.9099,228.45
"South Korea/거창",아까시나무,2003-05-10,2003,130,35.6674,127.9099,228.45
"South Korea/거창",아까시나무,2004-05-08,2004,129,35.6674,127.9099,228.45
"South Korea/거창",아까시나무,2005-05-07,2005,127,35.6674,127.9099,228.45
"South Korea/거창",아까시나무,2006-05-15,2006,135,35.6674,127.9099,228.45
"South Korea/거창",아까시나무,2007-05-08,2007,128,35.6674,127.9099,228.45
"South Korea/거창",아까시나무,2008-05-03,2008,124,35.6674,127.9099,228.45
"South Korea/거창",아까시나무,2009-05-06,2009,126,35.6674,127.9099,228.45
"South Korea/거창",아까시나무,2010-05-15,2010,135,35.6674,127.9099,228.45
"South Korea/거창",아까시나무,2011-05-16,2011,136,35.6674,127.9099,228.45
"South Korea/거창",아까시나무,2012-05-12,2012,133,35.6674,127.9099,228.45
"South Korea/거창",아까시나무,2013-05-14,2013,134,35.6674,127.9099,228.45
"South Korea/거창",아까시나무,2014-05-09,2014,129,35.6674,127.9099,228.45
"South Korea/거창",아까시나무,2015-05-08,2015,128,35.6674,127.9099,228.45
"South Korea/남해",아까시나무,1973-05-03,1973,123,34.8166,127.9264,45.71
"South Korea/남해",아까시나무,1974-05-13,1974,133,34.8166,127.9264,45.71
"South Korea/남해",아까시나무,1975-05-11,1975,131,34.8166,127.9264,45.71
"South Korea/남해",아까시나무,1977-05-16,1977,136,34.8166,127.9264,45.71
"South Korea/남해",아까시나무,1978-05-18,1978,138,34.8166,127.9264,45.71
"South Korea/남해",아까시나무,1979-05-08,1979,128,34.8166,127.9264,45.71
"South Korea/남해",아까시나무,1980-05-10,1980,131,34.8166,127.9264,45.71
"South Korea/남해",아까시나무,1981-05-07,1981,127,34.8166,127.9264,45.71
"South Korea/남해",아까시나무,1982-05-07,1982,127,34.8166,127.9264,45.71
"South Korea/남해",아까시나무,1984-05-11,1984,132,34.8166,127.9264,45.71
"South Korea/남해",아까시나무,1985-05-16,1985,136,34.8166,127.9264,45.71
"South Korea/남해",아까시나무,1986-05-11,1986,131,34.8166,127.9264,45.71
"South Korea/남해",아까시나무,1987-05-12,1987,132,34.8166,127.9264,45.71
"South Korea/남해",아까시나무,1988-05-11,1988,132,34.8166,127.9264,45.71
"South Korea/남해",아까시나무,1989-05-01,1989,121,34.8166,127.9264,45.71
"South Korea/남해",아까시나무,1990-05-06,1990,126,34.8166,127.9264,45.71
"South Korea/남해",아까시나무,1991-05-15,1991,135,34.8166,127.9264,45.71
"South Korea/남해",아까시나무,1992-05-10,1992,131,34.8166,127.9264,45.71
"South Korea/남해",아까시나무,1993-05-08,1993,128,34.8166,127.9264,45.71
"South Korea/남해",아까시나무,1994-05-15,1994,135,34.8166,127.9264,45.71
"South Korea/남해",아까시나무,1995-05-11,1995,131,34.8166,127.9264,45.71
"South Korea/남해",아까시나무,1996-05-14,1996,135,34.8166,127.9264,45.71
"South Korea/남해",아까시나무,1997-05-06,1997,126,34.8166,127.9264,45.71
"South Korea/남해",아까시나무,1998-04-28,1998,118,34.8166,127.9264,45.71
"South Korea/남해",아까시나무,1999-05-08,1999,128,34.8166,127.9264,45.71
"South Korea/남해",아까시나무,2000-05-07,2000,128,34.8166,127.9264,45.71
"South Korea/남해",아까시나무,2001-05-06,2001,126,34.8166,127.9264,45.71
"South Korea/남해",아까시나무,2002-05-03,2002,123,34.8166,127.9264,45.71
"South Korea/남해",아까시나무,2003-05-06,2003,126,34.8166,127.9264,45.71
"South Korea/남해",아까시나무,2004-05-06,2004,127,34.8166,127.9264,45.71
"South Korea/남해",아까시나무,2005-05-06,2005,126,34.8166,127.9264,45.71
"South Korea/남해",아까시나무,2006-05-09,2006,129,34.8166,127.9264,45.71
"South Korea/남해",아까시나무,2007-05-08,2007,128,34.8166,127.9264,45.71
"South Korea/남해",아까시나무,2008-05-08,2008,129,34.8166,127.9264,45.71
"South Korea/밀양",아까시나무,1974-05-10,1974,130,35.4915,128.7441,8.31
"South Korea/밀양",아까시나무,1975-05-09,1975,129,35.4915,128.7441,8.31
"South Korea/밀양",아까시나무,1976-05-11,1976,132,35.4915,128.7441,8.31
"South Korea/밀양",아까시나무,1977-05-12,1977,132,35.4915,128.7441,8.31
"South Korea/밀양",아까시나무,1978-05-02,1978,122,35.4915,128.7441,8.31
"South Korea/밀양",아까시나무,1979-05-08,1979,128,35.4915,128.7441,8.31
"South Korea/밀양",아까시나무,1980-05-11,1980,132,35.4915,128.7441,8.31
"South Korea/밀양",아까시나무,1981-05-03,1981,123,35.4915,128.7441,8.31
"South Korea/밀양",아까시나무,1982-05-02,1982,122,35.4915,128.7441,8.31
"South Korea/밀양",아까시나무,1983-05-03,1983,123,35.4915,128.7441,8.31
"South Korea/밀양",아까시나무,1984-05-06,1984,127,35.4915,128.7441,8.31
"South Korea/밀양",아까시나무,1985-05-07,1985,127,35.4915,128.7441,8.31
"South Korea/밀양",아까시나무,1986-05-05,1986,125,35.4915,128.7441,8.31
"South Korea/밀양",아까시나무,1987-05-06,1987,126,35.4915,128.7441,8.31
"South Korea/밀양",아까시나무,1988-05-09,1988,130,35.4915,128.7441,8.31
"South Korea/밀양",아까시나무,1989-05-05,1989,125,35.4915,128.7441,8.31
"South Korea/밀양",아까시나무,1990-05-06,1990,126,35.4915,128.7441,8.31
"South Korea/밀양",아까시나무,1991-05-05,1991,125,35.4915,128.7441,8.31
"South Korea/밀양",아까시나무,1992-05-05,1992,126,35.4915,128.7441,8.31
"South Korea/밀양",아까시나무,1993-05-02,1993,122,35.4915,128.7441,8.31
"South Korea/밀양",아까시나무,1994-05-01,1994,121,35.4915,128.7441,8.31
"South Korea/밀양",아까시나무,1995-05-08,1995,128,35.4915,128.7441,8.31
"South Korea/밀양",아까시나무,1996-05-15,1996,136,35.4915,128.7441,8.31
"South Korea/밀양",아까시나무,1997-05-07,1997,127,35.4915,128.7441,8.31
"South Korea/밀양",아까시나무,1998-04-27,1998,117,35.4915,128.7441,8.31
"South Korea/밀양",아까시나무,1999-05-05,1999,125,35.4915,128.7441,8.31
"South Korea/밀양",아까시나무,2000-05-09,2000,130,35.4915,128.7441,8.31
"South Korea/밀양",아까시나무,2001-04-10,2001,100,35.4915,128.7441,8.31
"South Korea/밀양",아까시나무,2002-05-02,2002,122,35.4915,128.7441,8.31
"South Korea/밀양",아까시나무,2003-05-03,2003,123,35.4915,128.7441,8.31
"South Korea/밀양",아까시나무,2004-05-01,2004,122,35.4915,128.7441,8.31
"South Korea/밀양",아까시나무,2005-05-05,2005,125,35.4915,128.7441,8.31
"South Korea/밀양",아까시나무,2006-05-15,2006,135,35.4915,128.7441,8.31
"South Korea/밀양",아까시나무,2007-05-08,2007,128,35.4915,128.7441,8.31
"South Korea/밀양",아까시나무,2008-05-02,2008,123,35.4915,128.7441,8.31
"South Korea/북창원",아까시나무,1991-05-17,1991,137,35.2266,128.6726,50.95
"South Korea/산청",아까시나무,1976-05-16,1976,137,35.413,127.8791,138.22
"South Korea/산청",아까시나무,1977-05-11,1977,131,35.413,127.8791,138.22
"South Korea/산청",아까시나무,1978-05-08,1978,128,35.413,127.8791,138.22
"South Korea/산청",아까시나무,1979-05-11,1979,131,35.413,127.8791,138.22
"South Korea/산청",아까시나무,1980-05-18,1980,139,35.413,127.8791,138.22
"South Korea/산청",아까시나무,1981-05-07,1981,127,35.413,127.8791,138.22
"South Korea/산청",아까시나무,1982-05-14,1982,134,35.413,127.8791,138.22
"South Korea/산청",아까시나무,1983-05-10,1983,130,35.413,127.8791,138.22
"South Korea/산청",아까시나무,1984-05-14,1984,135,35.413,127.8791,138.22
"South Korea/산청",아까시나무,1985-05-10,1985,130,35.413,127.8791,138.22
"South Korea/산청",아까시나무,1986-05-06,1986,126,35.413,127.8791,138.22
"South Korea/산청",아까시나무,1987-05-08,1987,128,35.413,127.8791,138.22
"South Korea/산청",아까시나무,1988-05-12,1988,133,35.413,127.8791,138.22
"South Korea/산청",아까시나무,1989-05-03,1989,123,35.413,127.8791,138.22
"South Korea/산청",아까시나무,1990-05-13,1990,133,35.413,127.8791,138.22
"South Korea/산청",아까시나무,1991-05-12,1991,132,35.413,127.8791,138.22
"South Korea/산청",아까시나무,1992-05-07,1992,128,35.413,127.8791,138.22
"South Korea/산청",아까시나무,1993-05-11,1993,131,35.413,127.8791,138.22
"South Korea/산청",아까시나무,1994-05-04,1994,124,35.413,127.8791,138.22
"South Korea/산청",아까시나무,1995-05-08,1995,128,35.413,127.8791,138.22
"South Korea/산청",아까시나무,1996-05-15,1996,136,35.413,127.8791,138.22
"South Korea/산청",아까시나무,1997-05-07,1997,127,35.413,127.8791,138.22
"South Korea/산청",아까시나무,1998-04-29,1998,119,35.413,127.8791,138.22
"South Korea/산청",아까시나무,1999-05-08,1999,128,35.413,127.8791,138.22
"South Korea/산청",아까시나무,2000-05-09,2000,130,35.413,127.8791,138.22
"South Korea/산청",아까시나무,2001-05-06,2001,126,35.413,127.8791,138.22
"South Korea/산청",아까시나무,2002-04-29,2002,119,35.413,127.8791,138.22
"South Korea/산청",아까시나무,2003-05-06,2003,126,35.413,127.8791,138.22
"South Korea/산청",아까시나무,2004-05-01,2004,122,35.413,127.8791,138.22
"South Korea/산청",아까시나무,2005-05-03,2005,123,35.413,127.8791,138.22
"South Korea/산청",아까시나무,2006-05-04,2006,124,35.413,127.8791,138.22
"South Korea/산청",아까시나무,2007-05-02,2007,122,35.413,127.8791,138.22
"South Korea/산청",아까시나무,2008-05-04,2008,125,35.413,127.8791,138.22
"South Korea/진주",아까시나무,1978-05-12,1978,132,35.1638,128.04,29.35
"South Korea/진주",아까시나무,1979-05-09,1979,129,35.1638,128.04,29.35
"South Korea/진주",아까시나무,1980-04-29,1980,120,35.1638,128.04,29.35
"South Korea/진주",아까시나무,1981-05-06,1981,126,35.1638,128.04,29.35
"South Korea/진주",아까시나무,1990-05-10,1990,130,35.1638,128.04,29.35
"South Korea/진주",아까시나무,1991-05-10,1991,130,35.1638,128.04,29.35
"South Korea/진주",아까시나무,1992-05-10,1992,131,35.1638,128.04,29.35
"South Korea/진주",아까시나무,1993-05-11,1993,131,35.1638,128.04,29.35
"South Korea/진주",아까시나무,1994-05-11,1994,131,35.1638,128.04,29.35
"South Korea/진주",아까시나무,1995-05-09,1995,129,35.1638,128.04,29.35
"South Korea/진주",아까시나무,1996-05-16,1996,137,35.1638,128.04,29.35
"South Korea/진주",아까시나무,1997-05-06,1997,126,35.1638,128.04,29.35
"South Korea/진주",아까시나무,1998-04-30,1998,120,35.1638,128.04,29.35
"South Korea/진주",아까시나무,1999-05-06,1999,126,35.1638,128.04,29.35
"South Korea/진주",아까시나무,2000-05-08,2000,129,35.1638,128.04,29.35
"South Korea/진주",아까시나무,2001-05-02,2001,122,35.1638,128.04,29.35
"South Korea/진주",아까시나무,2002-04-29,2002,119,35.1638,128.04,29.35
"South Korea/진주",아까시나무,2003-05-02,2003,122,35.1638,128.04,29.35
"South Korea/진주",아까시나무,2004-04-28,2004,119,35.1638,128.04,29.35
"South Korea/진주",아까시나무,2005-05-04,2005,124,35.1638,128.04,29.35
"South Korea/진주",아까시나무,2006-05-11,2006,131,35.1638,128.04,29.35
"South Korea/진주",아까시나무,2007-05-10,2007,130,35.1638,128.04,29.35
"South Korea/진주",아까시나무,2008-05-04,2008,125,35.1638,128.04,29.35
"South Korea/진주",아까시나무,2009-05-03,2009,123,35.1638,128.04,29.35
"South Korea/진주",아까시나무,2010-05-11,2010,131,35.1638,128.04,29.35
"South Korea/진주",아까시나무,2011-05-12,2011,132,35.1638,128.04,29.35
"South Korea/진주",아까시나무,2012-05-08,2012,129,35.1638,128.04,29.35
"South Korea/진주",아까시나무,2013-05-09,2013,129,35.1638,128.04,29.35
"South Korea/진주",아까시나무,2014-05-06,2014,126,35.1638,128.04,29.35
"South Korea/진주",아까시나무,2015-05-09,2015,129,35.1638,128.04,29.35
"South Korea/창원",아까시나무,1986-05-09,1986,129,35.1702,128.5728,34.97
"South Korea/창원",아까시나무,1987-05-07,1987,127,35.1702,128.5728,34.97
"South Korea/창원",아까시나무,1988-05-09,1988,130,35.1702,128.5728,34.97
"South Korea/창원",아까시나무,1989-05-10,1989,130,35.1702,128.5728,34.97
"South Korea/창원",아까시나무,1990-05-05,1990,125,35.1702,128.5728,34.97
"South Korea/창원",아까시나무,1991-05-07,1991,127,35.1702,128.5728,34.97
"South Korea/창원",아까시나무,1992-05-03,1992,124,35.1702,128.5728,34.97
"South Korea/창원",아까시나무,1993-05-09,1993,129,35.1702,128.5728,34.97
"South Korea/창원",아까시나무,1994-05-06,1994,126,35.1702,128.5728,34.97
"South Korea/창원",아까시나무,1995-05-09,1995,129,35.1702,128.5728,34.97
"South Korea/창원",아까시나무,1996-05-15,1996,136,35.1702,128.5728,34.97
"South Korea/창원",아까시나무,1997-05-05,1997,125,35.1702,128.5728,34.97
"South Korea/창원",아까시나무,1998-04-26,1998,116,35.1702,128.5728,34.97
"South Korea/창원",아까시나무,1999-04-30,1999,120,35.1702,128.5728,34.97
"South Korea/창원",아까시나무,2000-05-08,2000,129,35.1702,128.5728,34.97
"South Korea/창원",아까시나무,2001-04-30,2001,120,35.1702,128.5728,34.97
"South Korea/창원",아까시나무,2002-04-29,2002,119,35.1702,128.5728,34.97
"South Korea/창원",아까시나무,2003-05-05,2003,125,35.1702,128.5728,34.97
"South Korea/창원",아까시나무,2004-05-03,2004,124,35.1702,128.5728,34.97
"South Korea/창원",아까시나무,2005-05-06,2005,126,35.1702,128.5728,34.97
"South Korea/창원",아까시나무,2006-05-01,2006,121,35.1702,128.5728,34.97
"South Korea/창원",아까시나무,2007-05-06,2007,126,35.1702,128.5728,34.97
"South Korea/창원",아까시나무,2008-05-01,2008,122,35.1702,128.5728,34.97
"South Korea/창원",아까시나무,2009-04-27,2009,117,35.1702,128.5728,34.97
"South Korea/창원",아까시나무,2010-05-14,2010,134,35.1702,128.5728,34.97
"South Korea/창원",아까시나무,2011-05-16,2011,136,35.1702,128.5728,34.97
"South Korea/창원",아까시나무,2012-05-06,2012,127,35.1702,128.5728,34.97
"South Korea/창원",아까시나무,2013-05-03,2013,123,35.1702,128.5728,34.97
"South Korea/창원",아까시나무,2014-04-20,2014,110,35.1702,128.5728,34.97
"South Korea/창원",아까시나무,2015-05-04,2015,124,35.1702,128.5728,34.97
"South Korea/창원",아까시나무,2016-05-01,2016,122,35.1702,128.5728,34.97
"South Korea/창원",아까시나무,2017-05-01,2017,121,35.1702,128.5728,34.97
"South Korea/창원",아까시나무,2018-04-29,2018,119,35.1702,128.5728,34.97
"South Korea/창원",아까시나무,2019-05-02,2019,122,35.1702,128.5728,34.97
"South Korea/창원",아까시나무,2020-05-04,2020,125,35.1702,128.5728,34.97
"South Korea/창원",아까시나무,2021-04-26,2021,116,35.1702,128.5728,34.97
"South Korea/창원",아까시나무,2022-04-27,2022,117,35.1702,128.5728,34.97
"South Korea/창원",아까시나무,2023-04-26,2023,116,35.1702,128.5728,34.97
"South Korea/창원",아까시나무,2024-04-28,2024,119,35.1702,128.5728,34.97
"South Korea/창원",아까시나무,2025-05-01,2025,121,35.1702,128.5728,34.97
"South Korea/통영",아까시나무,1973-05-06,1973,126,34.8454,128.4356,31.24
"South Korea/통영",아까시나무,1974-05-07,1974,127,34.8454,128.4356,31.24
"South Korea/통영",아까시나무,1975-05-10,1975,130,34.8454,128.4356,31.24
"South Korea/통영",아까시나무,1976-05-13,1976,134,34.8454,128.4356,31.24
"South Korea/통영",아까시나무,1977-05-10,1977,130,34.8454,128.4356,31.24
"South Korea/통영",아까시나무,1978-05-08,1978,128,34.8454,128.4356,31.24
"South Korea/통영",아까시나무,1979-05-05,1979,125,34.8454,128.4356,31.24
"South Korea/통영",아까시나무,1980-05-10,1980,131,34.8454,128.4356,31.24
"South Korea/통영",아까시나무,1981-05-10,1981,130,34.8454,128.4356,31.24
"South Korea/통영",아까시나무,1982-05-08,1982,128,34.8454,128.4356,31.24
"South Korea/통영",아까시나무,1983-05-09,1983,129,34.8454,128.4356,31.24
"South Korea/통영",아까시나무,1984-05-16,1984,137,34.8454,128.4356,31.24
"South Korea/통영",아까시나무,1985-05-12,1985,132,34.8454,128.4356,31.24
"South Korea/통영",아까시나무,1986-05-12,1986,132,34.8454,128.4356,31.24
"South Korea/통영",아까시나무,1987-05-12,1987,132,34.8454,128.4356,31.24
"South Korea/통영",아까시나무,1988-05-18,1988,139,34.8454,128.4356,31.24
"South Korea/통영",아까시나무,1989-05-09,1989,129,34.8454,128.4356,31.24
"South Korea/통영",아까시나무,1990-05-13,1990,133,34.8454,128.4356,31.24
"South Korea/통영",아까시나무,1991-05-14,1991,134,34.8454,128.4356,31.24
"South Korea/통영",아까시나무,1992-05-08,1992,129,34.8454,128.4356,31.24
"South Korea/통영",아까시나무,1993-05-04,1993,124,34.8454,128.4356,31.24
"South Korea/통영",아까시나무,1994-05-04,1994,124,34.8454,128.4356,31.24
"South Korea/통영",아까시나무,1995-05-08,1995,128,34.8454,128.4356,31.24
"South Korea/통영",아까시나무,1996-05-19,1996,140,34.8454,128.4356,31.24
"South Korea/통영",아까시나무,1997-05-01,1997,121,34.8454,128.4356,31.24
"South Korea/통영",아까시나무,1998-04-30,1998,120,34.8454,128.4356,31.24
"South Korea/통영",아까시나무,1999-05-09,1999,129,34.8454,128.4356,31.24
"South Korea/통영",아까시나무,2000-05-09,2000,130,34.8454,128.4356,31.24
"South Korea/통영",아까시나무,2001-05-01,2001,121,34.8454,128.4356,31.24
"South Korea/통영",아까시나무,2002-04-21,2002,111,34.8454,128.4356,31.24
"South Korea/통영",아까시나무,2003-05-11,2003,131,34.8454,128.4356,31.24
"South Korea/통영",아까시나무,2004-05-06,2004,127,34.8454,128.4356,31.24
"South Korea/통영",아까시나무,2005-05-09,2005,129,34.8454,128.4356,31.24
"South Korea/통영",아까시나무,2006-05-05,2006,125,34.8454,128.4356,31.24
"South Korea/통영",아까시나무,2007-05-11,2007,131,34.8454,128.4356,31.24
"South Korea/통영",아까시나무,2008-05-05,2008,126,34.8454,128.4356,31.24
"South Korea/통영",아까시나무,2009-05-04,2009,124,34.8454,128.4356,31.24
"South Korea/통영",아까시나무,2010-05-08,2010,128,34.8454,128.4356,31.24
"South Korea/통영",아까시나무,2011-05-12,2011,132,34.8454,128.4356,31.24
"South Korea/통영",아까시나무,2012-05-05,2012,126,34.8454,128.4356,31.24
"South Korea/통영",아까시나무,2013-05-10,2013,130,34.8454,128.4356,31.24
"South Korea/통영",아까시나무,2014-05-01,2014,121,34.8454,128.4356,31.24
"South Korea/통영",아까시나무,2015-05-04,2015,124,34.8454,128.4356,31.24
"South Korea/합천",아까시나무,1973-05-08,1973,128,35.5651,128.1699,26.72
"South Korea/합천",아까시나무,1974-05-11,1974,131,35.5651,128.1699,26.72
"South Korea/합천",아까시나무,1977-05-02,1977,122,35.5651,128.1699,26.72
"South Korea/합천",아까시나무,1978-05-02,1978,122,35.5651,128.1699,26.72
"South Korea/합천",아까시나무,1979-05-09,1979,129,35.5651,128.1699,26.72
"South Korea/합천",아까시나무,1980-05-11,1980,132,35.5651,128.1699,26.72
"South Korea/합천",아까시나무,1981-05-06,1981,126,35.5651,128.1699,26.72
"South Korea/합천",아까시나무,1982-05-07,1982,127,35.5651,128.1699,26.72
"South Korea/합천",아까시나무,1985-05-02,1985,122,35.5651,128.1699,26.72
"South Korea/합천",아까시나무,1986-05-06,1986,126,35.5651,128.1699,26.72
"South Korea/합천",아까시나무,1988-05-11,1988,132,35.5651,128.1699,26.72
"South Korea/합천",아까시나무,1989-05-02,1989,122,35.5651,128.1699,26.72
"South Korea/합천",아까시나무,1990-05-09,1990,129,35.5651,128.1699,26.72
"South Korea/합천",아까시나무,1991-05-11,1991,131,35.5651,128.1699,26.72
"South Korea/합천",아까시나무,1992-05-07,1992,128,35.5651,128.1699,26.72
"South Korea/합천",아까시나무,1993-05-11,1993,131,35.5651,128.1699,26.72
"South Korea/합천",아까시나무,1994-05-06,1994,126,35.5651,128.1699,26.72
"South Korea/합천",아까시나무,1995-05-09,1995,129,35.5651,128.1699,26.72
"South Korea/합천",아까시나무,1996-05-13,1996,134,35.5651,128.1699,26.72
"South Korea/합천",아까시나무,1997-05-12,1997,132,35.5651,128.1699,26.72
"South Korea/합천",아까시나무,1998-05-02,1998,122,35.5651,128.1699,26.72
"South Korea/합천",아까시나무,1999-05-05,1999,125,35.5651,128.1699,26.72
"South Korea/합천",아까시나무,2000-05-04,2000,125,35.5651,128.1699,26.72
"South Korea/합천",아까시나무,2001-05-03,2001,123,35.5651,128.1699,26.72
"South Korea/합천",아까시나무,2002-05-02,2002,122,35.5651,128.1699,26.72
"South Korea/합천",아까시나무,2003-05-05,2003,125,35.5651,128.1699,26.72
"South Korea/합천",아까시나무,2004-05-01,2004,122,35.5651,128.1699,26.72
"South Korea/합천",아까시나무,2005-05-03,2005,123,35.5651,128.1699,26.72
"South Korea/합천",아까시나무,2006-05-14,2006,134,35.5651,128.1699,26.72
"South Korea/합천",아까시나무,2007-05-04,2007,124,35.5651,128.1699,26.72
"South Korea/합천",아까시나무,2008-05-03,2008,124,35.5651,128.1699,26.72
"South Korea/구미",아까시나무,1973-04-30,1973,120,36.1306,128.3206,49.17
"South Korea/구미",아까시나무,1974-05-11,1974,131,36.1306,128.3206,49.17
"South Korea/구미",아까시나무,1975-05-11,1975,131,36.1306,128.3206,49.17
"South Korea/구미",아까시나무,1976-05-16,1976,137,36.1306,128.3206,49.17
"South Korea/구미",아까시나무,1977-05-06,1977,126,36.1306,128.3206,49.17
"South Korea/구미",아까시나무,1978-05-07,1978,127,36.1306,128.3206,49.17
"South Korea/구미",아까시나무,1979-05-08,1979,128,36.1306,128.3206,49.17
"South Korea/구미",아까시나무,1980-05-11,1980,132,36.1306,128.3206,49.17
"South Korea/구미",아까시나무,1981-05-08,1981,128,36.1306,128.3206,49.17
"South Korea/구미",아까시나무,1982-05-04,1982,124,36.1306,128.3206,49.17
"South Korea/구미",아까시나무,1983-05-08,1983,128,36.1306,128.3206,49.17
"South Korea/구미",아까시나무,1984-05-11,1984,132,36.1306,128.3206,49.17
"South Korea/구미",아까시나무,1985-05-07,1985,127,36.1306,128.3206,49.17
"South Korea/구미",아까시나무,1986-05-06,1986,126,36.1306,128.3206,49.17
"South Korea/구미",아까시나무,1987-05-06,1987,126,36.1306,128.3206,49.17
"South Korea/구미",아까시나무,1988-05-11,1988,132,36.1306,128.3206,49.17
"South Korea/구미",아까시나무,1989-05-01,1989,121,36.1306,128.3206,49.17
"South Korea/구미",아까시나무,1990-05-11,1990,131,36.1306,128.3206,49.17
"South Korea/구미",아까시나무,1991-05-11,1991,131,36.1306,128.3206,49.17
"South Korea/구미",아까시나무,1992-05-08,1992,129,36.1306,128.3206,49.17
"South Korea/구미",아까시나무,1993-05-10,1993,130,36.1306,128.3206,49.17
"South Korea/구미",아까시나무,1994-05-02,1994,122,36.1306,128.3206,49.17
"South Korea/구미",아까시나무,1995-05-02,1995,122,36.1306,128.3206,49.17
"South Korea/구미",아까시나무,1996-05-13,1996,134,36.1306,128.3206,49.17
"South Korea/구미",아까시나무,1997-05-02,1997,122,36.1306,128.3206,49.17
"South Korea/구미",아까시나무,1998-04-27,1998,117,36.1306,128.3206,49.17
"South Korea/구미",아까시나무,1999-05-04,1999,124,36.1306,128.3206,49.17
"South Korea/구미",아까시나무,2000-05-06,2000,127,36.1306,128.3206,49.17
"South Korea/구미",아까시나무,2001-04-29,2001,119,36.1306,128.3206,49.17
"South Korea/구미",아까시나무,2002-04-27,2002,117,36.1306,128.3206,49.17
"South Korea/구미",아까시나무,2003-05-03,2003,123,36.1306,128.3206,49.17
"South Korea/구미",아까시나무,2004-04-24,2004,115,36.1306,128.3206,49.17
"South Korea/구미",아까시나무,2005-05-01,2005,121,36.1306,128.3206,49.17
"South Korea/구미",아까시나무,2006-05-09,2006,129,36.1306,128.3206,49.17
"South Korea/구미",아까시나무,2007-05-04,2007,124,36.1306,128.3206,49.17
"South Korea/구미",아까시나무,2008-05-03,2008,124,36.1306,128.3206,49.17
"South Korea/구미",아까시나무,2009-04-29,2009,119,36.1306,128.3206,49.17
"South Korea/구미",아까시나무,2010-05-13,2010,133,36.1306,128.3206,49.17
"South Korea/구미",아까시나무,2011-05-13,2011,133,36.1306,128.3206,49.17
"South Korea/구미",아까시나무,2012-05-07,2012,128,36.1306,128.3206,49.17
"South Korea/구미",아까시나무,2013-05-11,2013,131,36.1306,128.3206,49.17
"South Korea/구미",아까시나무,2014-05-03,2014,123,36.1306,128.3206,49.17
"South Korea/구미",아까시나무,2015-05-06,2015,126,36.1306,128.3206,49.17
"South Korea/문경",아까시나무,1973-05-07,1973,127,36.6273,128.1488,173.01
"South Korea/문경",아까시나무,1974-05-10,1974,130,36.6273,128.1488,173.01
"South Korea/문경",아까시나무,1975-05-13,1975,133,36.6273,128.1488,173.01
"South Korea/문경",아까시나무,1977-05-07,1977,127,36.6273,128.1488,173.01
"South Korea/문경",아까시나무,1978-05-06,1978,126,36.6273,128.1488,173.01
"South Korea/문경",아까시나무,1982-05-11,1982,131,36.6273,128.1488,173.01
"South Korea/문경",아까시나무,1983-05-11,1983,131,36.6273,128.1488,173.01
"South Korea/문경",아까시나무,1984-05-14,1984,135,36.6273,128.1488,173.01
"South Korea/문경",아까시나무,1985-05-14,1985,134,36.6273,128.1488,173.01
"South Korea/문경",아까시나무,1986-05-11,1986,131,36.6273,128.1488,173.01
"South Korea/문경",아까시나무,1987-05-16,1987,136,36.6273,128.1488,173.01
"South Korea/문경",아까시나무,1988-05-13,1988,134,36.6273,128.1488,173.01
"South Korea/문경",아까시나무,1989-05-01,1989,121,36.6273,128.1488,173.01
"South Korea/문경",아까시나무,1990-05-11,1990,131,36.6273,128.1488,173.01
"South Korea/문경",아까시나무,1991-05-12,1991,132,36.6273,128.1488,173.01
"South Korea/문경",아까시나무,1992-05-14,1992,135,36.6273,128.1488,173.01
"South Korea/문경",아까시나무,1993-05-12,1993,132,36.6273,128.1488,173.01
"South Korea/문경",아까시나무,1994-05-07,1994,127,36.6273,128.1488,173.01
"South Korea/문경",아까시나무,1995-05-18,1995,138,36.6273,128.1488,173.01
"South Korea/문경",아까시나무,1996-05-21,1996,142,36.6273,128.1488,173.01
"South Korea/문경",아까시나무,1997-05-10,1997,130,36.6273,128.1488,173.01
"South Korea/문경",아까시나무,1998-05-03,1998,123,36.6273,128.1488,173.01
"South Korea/문경",아까시나무,1999-05-07,1999,127,36.6273,128.1488,173.01
"South Korea/문경",아까시나무,2000-05-17,2000,138,36.6273,128.1488,173.01
"South Korea/문경",아까시나무,2001-05-09,2001,129,36.6273,128.1488,173.01
"South Korea/문경",아까시나무,2002-05-01,2002,121,36.6273,128.1488,173.01
"South Korea/문경",아까시나무,2003-05-12,2003,132,36.6273,128.1488,173.01
"South Korea/문경",아까시나무,2004-05-03,2004,124,36.6273,128.1488,173.01
"South Korea/문경",아까시나무,2005-05-07,2005,127,36.6273,128.1488,173.01
"South Korea/문경",아까시나무,2006-05-13,2006,133,36.6273,128.1488,173.01
"South Korea/문경",아까시나무,2008-05-04,2008,125,36.6273,128.1488,173.01
"South Korea/봉화",아까시나무,1988-05-24,1988,145,36.9436,128.9145,324.67
"South Korea/봉화",아까시나무,1989-05-19,1989,139,36.9436,128.9145,324.67
"South Korea/봉화",아까시나무,1990-05-21,1990,141,36.9436,128.9145,324.67
"South Korea/봉화",아까시나무,1991-05-22,1991,142,36.9436,128.9145,324.67
"South Korea/봉화",아까시나무,1992-05-26,1992,147,36.9436,128.9145,324.67
"South Korea/봉화",아까시나무,1993-05-26,1993,146,36.9436,128.9145,324.67
"South Korea/봉화",아까시나무,1994-05-20,1994,140,36.9436,128.9145,324.67
"South Korea/봉화",아까시나무,1995-05-30,1995,150,36.9436,128.9145,324.67
"South Korea/봉화",아까시나무,1996-05-27,1996,148,36.9436,128.9145,324.67
"South Korea/봉화",아까시나무,1997-05-18,1997,138,36.9436,128.9145,324.67
"South Korea/봉화",아까시나무,1998-05-10,1998,130,36.9436,128.9145,324.67
"South Korea/봉화",아까시나무,1999-05-18,1999,138,36.9436,128.9145,324.67
"South Korea/봉화",아까시나무,2000-05-26,2000,147,36.9436,128.9145,324.67
"South Korea/봉화",아까시나무,2001-05-19,2001,139,36.9436,128.9145,324.67
"South Korea/봉화",아까시나무,2002-05-23,2002,143,36.9436,128.9145,324.67
"South Korea/봉화",아까시나무,2003-05-22,2003,142,36.9436,128.9145,324.67
"South Korea/봉화",아까시나무,2004-05-19,2004,140,36.9436,128.9145,324.67
"South Korea/봉화",아까시나무,2005-05-23,2005,143,36.9436,128.9145,324.67
"South Korea/봉화",아까시나무,2006-05-24,2006,144,36.9436,128.9145,324.67
"South Korea/봉화",아까시나무,2007-05-22,2007,142,36.9436,128.9145,324.67
"South Korea/봉화",아까시나무,2008-05-21,2008,142,36.9436,128.9145,324.67
"South Korea/상주",아까시나무,2002-05-16,2002,136,36.4084,128.1574,96.58
"South Korea/상주",아까시나무,2003-05-10,2003,130,36.4084,128.1574,96.58
"South Korea/상주",아까시나무,2004-05-01,2004,122,36.4084,128.1574,96.58
"South Korea/상주",아까시나무,2005-05-03,2005,123,36.4084,128.1574,96.58
"South Korea/상주",아까시나무,2006-05-09,2006,129,36.4084,128.1574,96.58
"South Korea/상주",아까시나무,2007-05-06,2007,126,36.4084,128.1574,96.58
"South Korea/상주",아까시나무,2008-05-03,2008,124,36.4084,128.1574,96.58
"South Korea/상주",아까시나무,2009-05-01,2009,121,36.4084,128.1574,96.58
"South Korea/상주",아까시나무,2010-05-14,2010,134,36.4084,128.1574,96.58
"South Korea/상주",아까시나무,2011-05-13,2011,133,36.4084,128.1574,96.58
"South Korea/상주",아까시나무,2012-05-05,2012,126,36.4084,128.1574,96.58
"South Korea/상주",아까시나무,2013-05-09,2013,129,36.4084,128.1574,96.58
"South Korea/상주",아까시나무,2014-05-02,2014,122,36.4084,128.1574,96.58
"South Korea/상주",아까시나무,2015-05-04,2015,124,36.4084,128.1574,96.58
"South Korea/안동",아까시나무,1973-05-07,1973,127,36.5729,128.7073,141.26
"South Korea/안동",아까시나무,1974-05-09,1974,129,36.5729,128.7073,141.26
"South Korea/안동",아까시나무,1975-05-10,1975,130,36.5729,128.7073,141.26
"South Korea/안동",아까시나무,1976-05-16,1976,137,36.5729,128.7073,141.26
"South Korea/안동",아까시나무,1977-05-11,1977,131,36.5729,128.7073,141.26
"South Korea/안동",아까시나무,1983-05-11,1983,131,36.5729,128.7073,141.26
"South Korea/안동",아까시나무,1984-05-14,1984,135,36.5729,128.7073,141.26
"South Korea/안동",아까시나무,1985-05-11,1985,131,36.5729,128.7073,141.26
"South Korea/안동",아까시나무,1986-05-07,1986,127,36.5729,128.7073,141.26
"South Korea/안동",아까시나무,1987-05-14,1987,134,36.5729,128.7073,141.26
"South Korea/안동",아까시나무,1988-05-15,1988,136,36.5729,128.7073,141.26
"South Korea/안동",아까시나무,1989-05-06,1989,126,36.5729,128.7073,141.26
"South Korea/안동",아까시나무,1990-05-11,1990,131,36.5729,128.7073,141.26
"South Korea/안동",아까시나무,1991-05-14,1991,134,36.5729,128.7073,141.26
"South Korea/안동",아까시나무,1992-05-11,1992,132,36.5729,128.7073,141.26
"South Korea/안동",아까시나무,1993-05-11,1993,131,36.5729,128.7073,141.26
"South Korea/안동",아까시나무,1994-05-06,1994,126,36.5729,128.7073,141.26
"South Korea/안동",아까시나무,1995-05-13,1995,133,36.5729,128.7073,141.26
"South Korea/안동",아까시나무,1996-05-13,1996,134,36.5729,128.7073,141.26
"South Korea/안동",아까시나무,1997-05-08,1997,128,36.5729,128.7073,141.26
"South Korea/안동",아까시나무,1998-05-01,1998,121,36.5729,128.7073,141.26
"South Korea/안동",아까시나무,1999-05-06,1999,126,36.5729,128.7073,141.26
"South Korea/안동",아까시나무,2000-05-14,2000,135,36.5729,128.7073,141.26
"South Korea/안동",아까시나무,2001-05-05,2001,125,36.5729,128.7073,141.26
"South Korea/안동",아까시나무,2002-05-04,2002,124,36.5729,128.7073,141.26
"South Korea/안동",아까시나무,2003-05-07,2003,127,36.5729,128.7073,141.26
"South Korea/안동",아까시나무,2004-04-27,2004,118,36.5729,128.7073,141.26
"South Korea/안동",아까시나무,2005-05-02,2005,122,36.5729,128.7073,141.26
"South Korea/안동",아까시나무,2006-05-05,2006,125,36.5729,128.7073,141.26
"South Korea/안동",아까시나무,2007-05-08,2007,128,36.5729,128.7073,141.26
"South Korea/안동",아까시나무,2008-05-02,2008,123,36.5729,128.7073,141.26
"South Korea/안동",아까시나무,2009-05-01,2009,121,36.5729,128.7073,141.26
"South Korea/안동",아까시나무,2010-05-17,2010,137,36.5729,128.7073,141.26
"South Korea/안동",아까시나무,2011-05-17,2011,137,36.5729,128.7073,141.26
"South Korea/안동",아까시나무,2012-05-08,2012,129,36.5729,128.7073,141.26
"South Korea/안동",아까시나무,2013-05-15,2013,135,36.5729,128.7073,141.26
"South Korea/안동",아까시나무,2014-05-07,2014,127,36.5729,128.7073,141.26
"South Korea/안동",아까시나무,2015-05-08,2015,128,36.5729,128.7073,141.26
"South Korea/안동",아까시나무,2016-05-07,2016,128,36.5729,128.7073,141.26
"South Korea/안동",아까시나무,2017-05-01,2017,121,36.5729,128.7073,141.26
"South Korea/안동",아까시나무,2018-05-01,2018,121,36.5729,128.7073,141.26
"South Korea/안동",아까시나무,2019-05-01,2019,121,36.5729,128.7073,141.26
"South Korea/안동",아까시나무,2020-05-02,2020,123,36.5729,128.7073,141.26
"South Korea/안동",아까시나무,2021-05-07,2021,127,36.5729,128.7073,141.26
"South Korea/안동",아까시나무,2022-05-04,2022,124,36.5729,128.7073,141.26
"South Korea/안동",아까시나무,2023-04-28,2023,118,36.5729,128.7073,141.26
"South Korea/안동",아까시나무,2024-04-27,2024,118,36.5729,128.7073,141.26
"South Korea/안동",아까시나무,2025-05-06,2025,126,36.5729,128.7073,141.26
"South Korea/영덕",아까시나무,1973-05-10,1973,130,36.5334,129.4093,40.71
"South Korea/영덕",아까시나무,1974-05-16,1974,136,36.5334,129.4093,40.71
"South Korea/영덕",아까시나무,1975-05-21,1975,141,36.5334,129.4093,40.71
"South Korea/영덕",아까시나무,1976-05-11,1976,132,36.5334,129.4093,40.71
"South Korea/영덕",아까시나무,1977-05-11,1977,131,36.5334,129.4093,40.71
"South Korea/영덕",아까시나무,1978-05-13,1978,133,36.5334,129.4093,40.71
"South Korea/영덕",아까시나무,1979-05-17,1979,137,36.5334,129.4093,40.71
"South Korea/영덕",아까시나무,1980-05-16,1980,137,36.5334,129.4093,40.71
"South Korea/영덕",아까시나무,1981-05-19,1981,139,36.5334,129.4093,40.71
"South Korea/영덕",아까시나무,1982-05-06,1982,126,36.5334,129.4093,40.71
"South Korea/영덕",아까시나무,1983-05-09,1983,129,36.5334,129.4093,40.71
"South Korea/영덕",아까시나무,1984-05-23,1984,144,36.5334,129.4093,40.71
"South Korea/영덕",아까시나무,1985-05-12,1985,132,36.5334,129.4093,40.71
"South Korea/영덕",아까시나무,1986-05-16,1986,136,36.5334,129.4093,40.71
"South Korea/영덕",아까시나무,1987-05-08,1987,128,36.5334,129.4093,40.71
"South Korea/영덕",아까시나무,1988-05-08,1988,129,36.5334,129.4093,40.71
"South Korea/영덕",아까시나무,1989-05-06,1989,126,36.5334,129.4093,40.71
"South Korea/영덕",아까시나무,1990-05-11,1990,131,36.5334,129.4093,40.71
"South Korea/영덕",아까시나무,1991-05-16,1991,136,36.5334,129.4093,40.71
"South Korea/영덕",아까시나무,1992-05-11,1992,132,36.5334,129.4093,40.71
"South Korea/영덕",아까시나무,1993-05-16,1993,136,36.5334,129.4093,40.71
"South Korea/영덕",아까시나무,1994-05-18,1994,138,36.5334,129.4093,40.71
"South Korea/영덕",아까시나무,1995-05-17,1995,137,36.5334,129.4093,40.71
"South Korea/영덕",아까시나무,1996-05-20,1996,141,36.5334,129.4093,40.71
"South Korea/영덕",아까시나무,1997-05-05,1997,125,36.5334,129.4093,40.71
"South Korea/영덕",아까시나무,1998-04-29,1998,119,36.5334,129.4093,40.71
"South Korea/영덕",아까시나무,1999-05-11,1999,131,36.5334,129.4093,40.71
"South Korea/영덕",아까시나무,2000-05-13,2000,134,36.5334,129.4093,40.71
"South Korea/영덕",아까시나무,2001-05-10,2001,130,36.5334,129.4093,40.71
"South Korea/영덕",아까시나무,2002-05-07,2002,127,36.5334,129.4093,40.71
"South Korea/영덕",아까시나무,2003-05-11,2003,131,36.5334,129.4093,40.71
"South Korea/영덕",아까시나무,2004-04-30,2004,121,36.5334,129.4093,40.71
"South Korea/영덕",아까시나무,2005-05-07,2005,127,36.5334,129.4093,40.71
"South Korea/영덕",아까시나무,2006-05-20,2006,140,36.5334,129.4093,40.71
"South Korea/영덕",아까시나무,2007-05-07,2007,127,36.5334,129.4093,40.71
"South Korea/영덕",아까시나무,2008-05-05,2008,126,36.5334,129.4093,40.71
"South Korea/영주",아까시나무,1973-05-03,1973,123,36.8718,128.5169,211.32
"South Korea/영주",아까시나무,1974-05-16,1974,136,36.8718,128.5169,211.32
"South Korea/영주",아까시나무,1975-05-17,1975,137,36.8718,128.5169,211.32
"South Korea/영주",아까시나무,1977-05-13,1977,133,36.8718,128.5169,211.32
"South Korea/영주",아까시나무,1978-05-13,1978,133,36.8718,128.5169,211.32
"South Korea/영주",아까시나무,1979-05-14,1979,134,36.8718,128.5169,211.32
"South Korea/영주",아까시나무,1980-05-16,1980,137,36.8718,128.5169,211.32
"South Korea/영주",아까시나무,1981-05-14,1981,134,36.8718,128.5169,211.32
"South Korea/영주",아까시나무,1982-05-14,1982,134,36.8718,128.5169,211.32
"South Korea/영주",아까시나무,1983-05-11,1983,131,36.8718,128.5169,211.32
"South Korea/영주",아까시나무,1984-05-16,1984,137,36.8718,128.5169,211.32
"South Korea/영주",아까시나무,1985-05-13,1985,133,36.8718,128.5169,211.32
"South Korea/영주",아까시나무,1986-05-12,1986,132,36.8718,128.5169,211.32
"South Korea/영주",아까시나무,1987-05-18,1987,138,36.8718,128.5169,211.32
"South Korea/영주",아까시나무,1988-05-17,1988,138,36.8718,128.5169,211.32
"South Korea/영주",아까시나무,1989-05-06,1989,126,36.8718,128.5169,211.32
"South Korea/영주",아까시나무,1990-05-17,1990,137,36.8718,128.5169,211.32
"South Korea/영주",아까시나무,1991-05-16,1991,136,36.8718,128.5169,211.32
"South Korea/영주",아까시나무,1992-05-17,1992,138,36.8718,128.5169,211.32
"South Korea/영주",아까시나무,1993-05-16,1993,136,36.8718,128.5169,211.32
"South Korea/영주",아까시나무,1994-05-11,1994,131,36.8718,128.5169,211.32
"South Korea/영주",아까시나무,1995-05-21,1995,141,36.8718,128.5169,211.32
"South Korea/영주",아까시나무,1996-05-23,1996,144,36.8718,128.5169,211.32
"South Korea/영주",아까시나무,1997-05-16,1997,136,36.8718,128.5169,211.32
"South Korea/영주",아까시나무,1998-05-07,1998,127,36.8718,128.5169,211.32
"South Korea/영주",아까시나무,1999-05-14,1999,134,36.8718,128.5169,211.32
"South Korea/영주",아까시나무,2000-05-20,2000,141,36.8718,128.5169,211.32
"South Korea/영주",아까시나무,2001-05-15,2001,135,36.8718,128.5169,211.32
"South Korea/영주",아까시나무,2002-05-10,2002,130,36.8718,128.5169,211.32
"South Korea/영주",아까시나무,2003-05-16,2003,136,36.8718,128.5169,211.32
"South Korea/영주",아까시나무,2004-05-10,2004,131,36.8718,128.5169,211.32
"South Korea/영주",아까시나무,2005-05-13,2005,133,36.8718,128.5169,211.32
"South Korea/영주",아까시나무,2006-05-19,2006,139,36.8718,128.5169,211.32
"South Korea/영주",아까시나무,2007-05-13,2007,133,36.8718,128.5169,211.32
"South Korea/영주",아까시나무,2008-05-12,2008,133,36.8718,128.5169,211.32
"South Korea/영천",아까시나무,1973-05-03,1973,123,35.9774,128.9514,96.12
"South Korea/영천",아까시나무,1974-05-14,1974,134,35.9774,128.9514,96.12
"South Korea/영천",아까시나무,1975-05-17,1975,137,35.9774,128.9514,96.12
"South Korea/영천",아까시나무,1976-05-20,1976,141,35.9774,128.9514,96.12
"South Korea/영천",아까시나무,1977-05-12,1977,132,35.9774,128.9514,96.12
"South Korea/영천",아까시나무,1978-05-10,1978,130,35.9774,128.9514,96.12
"South Korea/영천",아까시나무,1979-05-05,1979,125,35.9774,128.9514,96.12
"South Korea/영천",아까시나무,1980-05-14,1980,135,35.9774,128.9514,96.12
"South Korea/영천",아까시나무,1981-05-10,1981,130,35.9774,128.9514,96.12
"South Korea/영천",아까시나무,1982-05-11,1982,131,35.9774,128.9514,96.12
"South Korea/영천",아까시나무,1983-05-11,1983,131,35.9774,128.9514,96.12
"South Korea/영천",아까시나무,1984-05-11,1984,132,35.9774,128.9514,96.12
"South Korea/영천",아까시나무,1985-05-11,1985,131,35.9774,128.9514,96.12
"South Korea/영천",아까시나무,1986-05-10,1986,130,35.9774,128.9514,96.12
"South Korea/영천",아까시나무,1987-05-12,1987,132,35.9774,128.9514,96.12
"South Korea/영천",아까시나무,1988-05-14,1988,135,35.9774,128.9514,96.12
"South Korea/영천",아까시나무,1989-05-01,1989,121,35.9774,128.9514,96.12
"South Korea/영천",아까시나무,1990-05-11,1990,131,35.9774,128.9514,96.12
"South Korea/영천",아까시나무,1991-05-11,1991,131,35.9774,128.9514,96.12
"South Korea/영천",아까시나무,1992-05-04,1992,125,35.9774,128.9514,96.12
"South Korea/영천",아까시나무,1993-05-14,1993,134,35.9774,128.9514,96.12
"South Korea/영천",아까시나무,1994-05-04,1994,124,35.9774,128.9514,96.12
"South Korea/영천",아까시나무,1995-05-06,1995,126,35.9774,128.9514,96.12
"South Korea/영천",아까시나무,1996-05-19,1996,140,35.9774,128.9514,96.12
"South Korea/영천",아까시나무,1997-05-06,1997,126,35.9774,128.9514,96.12
"South Korea/영천",아까시나무,1998-05-01,1998,121,35.9774,128.9514,96.12
"South Korea/영천",아까시나무,1999-05-10,1999,130,35.9774,128.9514,96.12
"South Korea/영천",아까시나무,2000-05-09,2000,130,35.9774,128.9514,96.12
"South Korea/영천",아까시나무,2001-05-10,2001,130,35.9774,128.9514,96.12
"South Korea/영천",아까시나무,2002-05-04,2002,124,35.9774,128.9514,96.12
"South Korea/영천",아까시나무,2003-05-04,2003,124,35.9774,128.9514,96.12
"South Korea/영천",아까시나무,2004-05-01,2004,122,35.9774,128.9514,96.12
"South Korea/영천",아까시나무,2005-05-06,2005,126,35.9774,128.9514,96.12
"South Korea/영천",아까시나무,2006-05-15,2006,135,35.9774,128.9514,96.12
"South Korea/영천",아까시나무,2007-05-15,2007,135,35.9774,128.9514,96.12
"South Korea/영천",아까시나무,2008-05-09,2008,130,35.9774,128.9514,96.12
"South Korea/울릉도",아까시나무,1973-05-15,1973,135,37.4813,130.8986,221.14
"South Korea/울릉도",아까시나무,1974-05-25,1974,145,37.4813,130.8986,221.14
"South Korea/울릉도",아까시나무,1975-05-30,1975,150,37.4813,130.8986,221.14
"South Korea/울릉도",아까시나무,1976-05-20,1976,141,37.4813,130.8986,221.14
"South Korea/울릉도",아까시나무,1977-05-18,1977,138,37.4813,130.8986,221.14
"South Korea/울릉도",아까시나무,1978-05-23,1978,143,37.4813,130.8986,221.14
"South Korea/울릉도",아까시나무,1979-05-24,1979,144,37.4813,130.8986,221.14
"South Korea/울릉도",아까시나무,1980-05-24,1980,145,37.4813,130.8986,221.14
"South Korea/울릉도",아까시나무,1981-05-18,1981,138,37.4813,130.8986,221.14
"South Korea/울릉도",아까시나무,1982-04-19,1982,109,37.4813,130.8986,221.14
"South Korea/울릉도",아까시나무,1990-05-19,1990,139,37.4813,130.8986,221.14
"South Korea/울릉도",아까시나무,1991-05-21,1991,141,37.4813,130.8986,221.14
"South Korea/울릉도",아까시나무,1992-05-16,1992,137,37.4813,130.8986,221.14
"South Korea/울릉도",아까시나무,1993-05-20,1993,140,37.4813,130.8986,221.14
"South Korea/울릉도",아까시나무,1994-05-06,1994,126,37.4813,130.8986,221.14
"South Korea/울릉도",아까시나무,1995-05-21,1995,141,37.4813,130.8986,221.14
"South Korea/울릉도",아까시나무,1996-05-20,1996,141,37.4813,130.8986,221.14
"South Korea/울릉도",아까시나무,1997-05-15,1997,135,37.4813,130.8986,221.14
"South Korea/울릉도",아까시나무,1998-05-10,1998,130,37.4813,130.8986,221.14
"South Korea/울릉도",아까시나무,1999-05-21,1999,141,37.4813,130.8986,221.14
"South Korea/울릉도",아까시나무,2000-05-24,2000,145,37.4813,130.8986,221.14
"South Korea/울릉도",아까시나무,2001-05-26,2001,146,37.4813,130.8986,221.14
"South Korea/울릉도",아까시나무,2002-05-21,2002,141,37.4813,130.8986,221.14
"South Korea/울릉도",아까시나무,2003-05-20,2003,140,37.4813,130.8986,221.14
"South Korea/울릉도",아까시나무,2004-05-14,2004,135,37.4813,130.8986,221.14
"South Korea/울릉도",아까시나무,2005-05-18,2005,138,37.4813,130.8986,221.14
"South Korea/울릉도",아까시나무,2006-05-19,2006,139,37.4813,130.8986,221.14
"South Korea/울릉도",아까시나무,2007-05-17,2007,137,37.4813,130.8986,221.14
"South Korea/울릉도",아까시나무,2008-05-24,2008,145,37.4813,130.8986,221.14
"South Korea/울릉도",아까시나무,2009-05-21,2009,141,37.4813,130.8986,221.14
"South Korea/울릉도",아까시나무,2010-05-22,2010,142,37.4813,130.8986,221.14
"South Korea/울릉도",아까시나무,2011-05-19,2011,139,37.4813,130.8986,221.14
"South Korea/울릉도",아까시나무,2012-05-17,2012,138,37.4813,130.8986,221.14
"South Korea/울릉도",아까시나무,2013-05-15,2013,135,37.4813,130.8986,221.14
"South Korea/울릉도",아까시나무,2014-05-16,2014,136,37.4813,130.8986,221.14
"South Korea/울릉도",아까시나무,2015-05-10,2015,130,37.4813,130.8986,221.14
"South Korea/울릉도",아까시나무,2016-05-13,2016,134,37.4813,130.8986,221.14
"South Korea/울릉도",아까시나무,2017-05-08,2017,128,37.4813,130.8986,221.14
"South Korea/울릉도",아까시나무,2018-05-06,2018,126,37.4813,130.8986,221.14
"South Korea/울릉도",아까시나무,2019-05-13,2019,133,37.4813,130.8986,221.14
"South Korea/울릉도",아까시나무,2020-05-15,2020,136,37.4813,130.8986,221.14
"South Korea/울릉도",아까시나무,2021-05-14,2021,134,37.4813,130.8986,221.14
"South Korea/울릉도",아까시나무,2022-05-12,2022,132,37.4813,130.8986,221.14
"South Korea/울릉도",아까시나무,2023-05-11,2023,131,37.4813,130.8986,221.14
"South Korea/울릉도",아까시나무,2024-05-12,2024,133,37.4813,130.8986,221.14
"South Korea/울릉도",아까시나무,2025-05-17,2025,137,37.4813,130.8986,221.14
"South Korea/울진",아까시나무,1973-05-10,1973,130,36.9918,129.4128,48.98
"South Korea/울진",아까시나무,1974-05-16,1974,136,36.9918,129.4128,48.98
"South Korea/울진",아까시나무,1975-05-17,1975,137,36.9918,129.4128,48.98
"South Korea/울진",아까시나무,1976-05-16,1976,137,36.9918,129.4128,48.98
"South Korea/울진",아까시나무,1977-05-10,1977,130,36.9918,129.4128,48.98
"South Korea/울진",아까시나무,1978-05-12,1978,132,36.9918,129.4128,48.98
"South Korea/울진",아까시나무,1979-05-17,1979,137,36.9918,129.4128,48.98
"South Korea/울진",아까시나무,1980-05-13,1980,134,36.9918,129.4128,48.98
"South Korea/울진",아까시나무,1981-05-11,1981,131,36.9918,129.4128,48.98
"South Korea/울진",아까시나무,1982-05-13,1982,133,36.9918,129.4128,48.98
"South Korea/울진",아까시나무,1983-05-12,1983,132,36.9918,129.4128,48.98
"South Korea/울진",아까시나무,1984-05-29,1984,150,36.9918,129.4128,48.98
"South Korea/울진",아까시나무,1985-05-16,1985,136,36.9918,129.4128,48.98
"South Korea/울진",아까시나무,1986-05-18,1986,138,36.9918,129.4128,48.98
"South Korea/울진",아까시나무,1987-05-10,1987,130,36.9918,129.4128,48.98
"South Korea/울진",아까시나무,1988-05-11,1988,132,36.9918,129.4128,48.98
"South Korea/울진",아까시나무,1989-05-06,1989,126,36.9918,129.4128,48.98
"South Korea/울진",아까시나무,1990-05-12,1990,132,36.9918,129.4128,48.98
"South Korea/울진",아까시나무,1991-05-18,1991,138,36.9918,129.4128,48.98
"South Korea/울진",아까시나무,1992-05-10,1992,131,36.9918,129.4128,48.98
"South Korea/울진",아까시나무,1993-05-16,1993,136,36.9918,129.4128,48.98
"South Korea/울진",아까시나무,1994-05-10,1994,130,36.9918,129.4128,48.98
"South Korea/울진",아까시나무,1995-05-14,1995,134,36.9918,129.4128,48.98
"South Korea/울진",아까시나무,1996-05-22,1996,143,36.9918,129.4128,48.98
"South Korea/울진",아까시나무,1997-05-05,1997,125,36.9918,129.4128,48.98
"South Korea/울진",아까시나무,1998-04-30,1998,120,36.9918,129.4128,48.98
"South Korea/울진",아까시나무,1999-05-12,1999,132,36.9918,129.4128,48.98
"South Korea/울진",아까시나무,2000-05-17,2000,138,36.9918,129.4128,48.98
"South Korea/울진",아까시나무,2001-05-08,2001,128,36.9918,129.4128,48.98
"South Korea/울진",아까시나무,2002-05-06,2002,126,36.9918,129.4128,48.98
"South Korea/울진",아까시나무,2003-05-12,2003,132,36.9918,129.4128,48.98
"South Korea/울진",아까시나무,2004-05-03,2004,124,36.9918,129.4128,48.98
"South Korea/울진",아까시나무,2005-05-02,2005,122,36.9918,129.4128,48.98
"South Korea/울진",아까시나무,2006-05-17,2006,137,36.9918,129.4128,48.98
"South Korea/울진",아까시나무,2007-05-14,2007,134,36.9918,129.4128,48.98
"South Korea/울진",아까시나무,2008-05-12,2008,133,36.9918,129.4128,48.98
"South Korea/울진",아까시나무,2009-05-07,2009,127,36.9918,129.4128,48.98
"South Korea/울진",아까시나무,2010-05-21,2010,141,36.9918,129.4128,48.98
"South Korea/울진",아까시나무,2011-05-16,2011,136,36.9918,129.4128,48.98
"South Korea/울진",아까시나무,2012-05-15,2012,136,36.9918,129.4128,48.98
"South Korea/울진",아까시나무,2013-05-15,2013,135,36.9918,129.4128,48.98
"South Korea/울진",아까시나무,2014-05-09,2014,129,36.9918,129.4128,48.98
"South Korea/울진",아까시나무,2015-05-08,2015,128,36.9918,129.4128,48.98
"South Korea/의성",아까시나무,1973-05-08,1973,128,36.3561,128.6886,81.44
"South Korea/의성",아까시나무,1974-05-15,1974,135,36.3561,128.6886,81.44
"South Korea/의성",아까시나무,1975-05-16,1975,136,36.3561,128.6886,81.44
"South Korea/의성",아까시나무,1976-05-19,1976,140,36.3561,128.6886,81.44
"South Korea/의성",아까시나무,1977-05-12,1977,132,36.3561,128.6886,81.44
"South Korea/의성",아까시나무,1978-05-11,1978,131,36.3561,128.6886,81.44
"South Korea/의성",아까시나무,1979-05-16,1979,136,36.3561,128.6886,81.44
"South Korea/의성",아까시나무,1980-05-17,1980,138,36.3561,128.6886,81.44
"South Korea/의성",아까시나무,1981-05-11,1981,131,36.3561,128.6886,81.44
"South Korea/의성",아까시나무,1982-05-12,1982,132,36.3561,128.6886,81.44
"South Korea/의성",아까시나무,1983-05-10,1983,130,36.3561,128.6886,81.44
"South Korea/의성",아까시나무,1984-05-20,1984,141,36.3561,128.6886,81.44
"South Korea/의성",아까시나무,1985-05-01,1985,121,36.3561,128.6886,81.44
"South Korea/의성",아까시나무,1986-05-17,1986,137,36.3561,128.6886,81.44
"South Korea/의성",아까시나무,1987-05-16,1987,136,36.3561,128.6886,81.44
"South Korea/의성",아까시나무,1988-05-17,1988,138,36.3561,128.6886,81.44
"South Korea/의성",아까시나무,1989-05-06,1989,126,36.3561,128.6886,81.44
"South Korea/의성",아까시나무,1990-05-15,1990,135,36.3561,128.6886,81.44
"South Korea/의성",아까시나무,1991-05-14,1991,134,36.3561,128.6886,81.44
"South Korea/의성",아까시나무,1992-05-16,1992,137,36.3561,128.6886,81.44
"South Korea/의성",아까시나무,1993-05-15,1993,135,36.3561,128.6886,81.44
"South Korea/의성",아까시나무,1994-05-10,1994,130,36.3561,128.6886,81.44
"South Korea/의성",아까시나무,1995-05-17,1995,137,36.3561,128.6886,81.44
"South Korea/의성",아까시나무,1996-05-21,1996,142,36.3561,128.6886,81.44
"South Korea/의성",아까시나무,1997-05-15,1997,135,36.3561,128.6886,81.44
"South Korea/의성",아까시나무,1998-05-07,1998,127,36.3561,128.6886,81.44
"South Korea/의성",아까시나무,1999-05-06,1999,126,36.3561,128.6886,81.44
"South Korea/의성",아까시나무,2000-05-15,2000,136,36.3561,128.6886,81.44
"South Korea/의성",아까시나무,2001-05-08,2001,128,36.3561,128.6886,81.44
"South Korea/의성",아까시나무,2002-05-02,2002,122,36.3561,128.6886,81.44
"South Korea/의성",아까시나무,2003-05-15,2003,135,36.3561,128.6886,81.44
"South Korea/의성",아까시나무,2004-05-10,2004,131,36.3561,128.6886,81.44
"South Korea/의성",아까시나무,2005-05-09,2005,129,36.3561,128.6886,81.44
"South Korea/의성",아까시나무,2006-05-15,2006,135,36.3561,128.6886,81.44
"South Korea/의성",아까시나무,2007-05-11,2007,131,36.3561,128.6886,81.44
"South Korea/의성",아까시나무,2008-05-07,2008,128,36.3561,128.6886,81.44
"South Korea/포항",아까시나무,1973-05-07,1973,127,36.032,129.38,3.94
"South Korea/포항",아까시나무,1974-05-15,1974,135,36.032,129.38,3.94
"South Korea/포항",아까시나무,1975-05-26,1975,146,36.032,129.38,3.94
"South Korea/포항",아까시나무,1976-05-18,1976,139,36.032,129.38,3.94
"South Korea/포항",아까시나무,1977-05-15,1977,135,36.032,129.38,3.94
"South Korea/포항",아까시나무,1978-05-10,1978,130,36.032,129.38,3.94
"South Korea/포항",아까시나무,1979-05-05,1979,125,36.032,129.38,3.94
"South Korea/포항",아까시나무,1980-05-07,1980,128,36.032,129.38,3.94
"South Korea/포항",아까시나무,1981-05-18,1981,138,36.032,129.38,3.94
"South Korea/포항",아까시나무,1982-05-13,1982,133,36.032,129.38,3.94
"South Korea/포항",아까시나무,1983-05-07,1983,127,36.032,129.38,3.94
"South Korea/포항",아까시나무,1984-05-21,1984,142,36.032,129.38,3.94
"South Korea/포항",아까시나무,1985-05-14,1985,134,36.032,129.38,3.94
"South Korea/포항",아까시나무,1986-05-12,1986,132,36.032,129.38,3.94
"South Korea/포항",아까시나무,1987-05-11,1987,131,36.032,129.38,3.94
"South Korea/포항",아까시나무,1988-05-12,1988,133,36.032,129.38,3.94
"South Korea/포항",아까시나무,1989-05-09,1989,129,36.032,129.38,3.94
"South Korea/포항",아까시나무,1990-05-08,1990,128,36.032,129.38,3.94
"South Korea/포항",아까시나무,1991-05-11,1991,131,36.032,129.38,3.94
"South Korea/포항",아까시나무,1992-05-11,1992,132,36.032,129.38,3.94
"South Korea/포항",아까시나무,1993-05-05,1993,125,36.032,129.38,3.94
"South Korea/포항",아까시나무,1994-05-03,1994,123,36.032,129.38,3.94
"South Korea/포항",아까시나무,1995-05-07,1995,127,36.032,129.38,3.94
"South Korea/포항",아까시나무,1996-05-16,1996,137,36.032,129.38,3.94
"South Korea/포항",아까시나무,1997-05-01,1997,121,36.032,129.38,3.94
"South Korea/포항",아까시나무,1998-04-28,1998,118,36.032,129.38,3.94
"South Korea/포항",아까시나무,1999-05-01,1999,121,36.032,129.38,3.94
"South Korea/포항",아까시나무,2000-05-08,2000,129,36.032,129.38,3.94
"South Korea/포항",아까시나무,2001-05-11,2001,131,36.032,129.38,3.94
"South Korea/포항",아까시나무,2002-05-09,2002,129,36.032,129.38,3.94
"South Korea/포항",아까시나무,2003-05-07,2003,127,36.032,129.38,3.94
"South Korea/포항",아까시나무,2004-04-28,2004,119,36.032,129.38,3.94
"South Korea/포항",아까시나무,2005-05-01,2005,121,36.032,129.38,3.94
"South Korea/포항",아까시나무,2006-05-15,2006,135,36.032,129.38,3.94
"South Korea/포항",아까시나무,2007-05-03,2007,123,36.032,129.38,3.94
"South Korea/포항",아까시나무,2008-05-03,2008,124,36.032,129.38,3.94
"South Korea/포항",아까시나무,2009-05-06,2009,126,36.032,129.38,3.94
"South Korea/포항",아까시나무,2010-05-13,2010,133,36.032,129.38,3.94
"South Korea/포항",아까시나무,2011-05-16,2011,136,36.032,129.38,3.94
"South Korea/포항",아까시나무,2012-05-06,2012,127,36.032,129.38,3.94
"South Korea/포항",아까시나무,2013-05-12,2013,132,36.032,129.38,3.94
"South Korea/포항",아까시나무,2014-04-29,2014,119,36.032,129.38,3.94
"South Korea/포항",아까시나무,2015-04-22,2015,112,36.032,129.38,3.94
"South Korea/포항",아까시나무,2016-05-02,2016,123,36.032,129.38,3.94
"South Korea/포항",아까시나무,2017-05-01,2017,121,36.032,129.38,3.94
"South Korea/포항",아까시나무,2018-05-01,2018,121,36.032,129.38,3.94
"South Korea/포항",아까시나무,2019-04-21,2019,111,36.032,129.38,3.94
"South Korea/포항",아까시나무,2020-04-28,2020,119,36.032,129.38,3.94
"South Korea/포항",아까시나무,2021-04-25,2021,115,36.032,129.38,3.94
"South Korea/포항",아까시나무,2022-04-25,2022,115,36.032,129.38,3.94
"South Korea/포항",아까시나무,2023-04-24,2023,114,36.032,129.38,3.94
"South Korea/포항",아까시나무,2024-04-26,2024,117,36.032,129.38,3.94
"South Korea/포항",아까시나무,2025-04-22,2025,112,36.032,129.38,3.94
"South Korea/광주",아까시나무,1973-05-07,1973,127,35.1729,126.8916,70.28
"South Korea/광주",아까시나무,1974-05-08,1974,128,35.1729,126.8916,70.28
"South Korea/광주",아까시나무,1975-05-06,1975,126,35.1729,126.8916,70.28
"South Korea/광주",아까시나무,1976-05-10,1976,131,35.1729,126.8916,70.28
"South Korea/광주",아까시나무,1978-05-05,1978,125,35.1729,126.8916,70.28
"South Korea/광주",아까시나무,1979-05-16,1979,136,35.1729,126.8916,70.28
"South Korea/광주",아까시나무,1980-05-10,1980,131,35.1729,126.8916,70.28
"South Korea/광주",아까시나무,1981-05-06,1981,126,35.1729,126.8916,70.28
"South Korea/광주",아까시나무,1982-05-10,1982,130,35.1729,126.8916,70.28
"South Korea/광주",아까시나무,1983-05-07,1983,127,35.1729,126.8916,70.28
"South Korea/광주",아까시나무,1984-05-11,1984,132,35.1729,126.8916,70.28
"South Korea/광주",아까시나무,1985-05-08,1985,128,35.1729,126.8916,70.28
"South Korea/광주",아까시나무,1986-05-10,1986,130,35.1729,126.8916,70.28
"South Korea/광주",아까시나무,1987-05-11,1987,131,35.1729,126.8916,70.28
"South Korea/광주",아까시나무,1988-05-08,1988,129,35.1729,126.8916,70.28
"South Korea/광주",아까시나무,1989-05-03,1989,123,35.1729,126.8916,70.28
"South Korea/광주",아까시나무,1990-05-10,1990,130,35.1729,126.8916,70.28
"South Korea/광주",아까시나무,1991-05-07,1991,127,35.1729,126.8916,70.28
"South Korea/광주",아까시나무,1992-05-09,1992,130,35.1729,126.8916,70.28
"South Korea/광주",아까시나무,1993-05-10,1993,130,35.1729,126.8916,70.28
"South Korea/광주",아까시나무,1994-05-01,1994,121,35.1729,126.8916,70.28
"South Korea/광주",아까시나무,1995-05-10,1995,130,35.1729,126.8916,70.28
"South Korea/광주",아까시나무,1996-05-17,1996,138,35.1729,126.8916,70.28
"South Korea/광주",아까시나무,1997-05-04,1997,124,35.1729,126.8916,70.28
"South Korea/광주",아까시나무,1998-04-24,1998,114,35.1729,126.8916,70.28
"South Korea/광주",아까시나무,1999-04-26,1999,116,35.1729,126.8916,70.28
"South Korea/광주",아까시나무,2000-04-27,2000,118,35.1729,126.8916,70.28
"South Korea/광주",아까시나무,2001-04-30,2001,120,35.1729,126.8916,70.28
"South Korea/광주",아까시나무,2002-04-24,2002,114,35.1729,126.8916,70.28
"South Korea/광주",아까시나무,2003-05-02,2003,122,35.1729,126.8916,70.28
"South Korea/광주",아까시나무,2004-05-02,2004,123,35.1729,126.8916,70.28
"South Korea/광주",아까시나무,2005-05-01,2005,121,35.1729,126.8916,70.28
"South Korea/광주",아까시나무,2006-05-08,2006,128,35.1729,126.8916,70.28
"South Korea/광주",아까시나무,2007-05-03,2007,123,35.1729,126.8916,70.28
"South Korea/광주",아까시나무,2008-05-01,2008,122,35.1729,126.8916,70.28
"South Korea/광주",아까시나무,2009-04-30,2009,120,35.1729,126.8916,70.28
"South Korea/광주",아까시나무,2010-04-29,2010,119,35.1729,126.8916,70.28
"South Korea/광주",아까시나무,2011-05-09,2011,129,35.1729,126.8916,70.28
"South Korea/광주",아까시나무,2012-05-05,2012,126,35.1729,126.8916,70.28
"South Korea/광주",아까시나무,2013-05-13,2013,133,35.1729,126.8916,70.28
"South Korea/광주",아까시나무,2014-04-28,2014,118,35.1729,126.8916,70.28
"South Korea/광주",아까시나무,2015-05-01,2015,121,35.1729,126.8916,70.28
"South Korea/광주",아까시나무,2016-04-22,2016,113,35.1729,126.8916,70.28
"South Korea/광주",아까시나무,2017-04-28,2017,118,35.1729,126.8916,70.28
"South Korea/광주",아까시나무,2018-04-27,2018,117,35.1729,126.8916,70.28
"South Korea/광주",아까시나무,2019-04-26,2019,116,35.1729,126.8916,70.28
"South Korea/광주",아까시나무,2020-05-04,2020,125,35.1729,126.8916,70.28
"South Korea/광주",아까시나무,2021-04-25,2021,115,35.1729,126.8916,70.28
"South Korea/광주",아까시나무,2022-04-24,2022,114,35.1729,126.8916,70.28
"South Korea/광주",아까시나무,2023-04-22,2023,112,35.1729,126.8916,70.28
"South Korea/광주",아까시나무,2024-04-23,2024,114,35.1729,126.8916,70.28
"South Korea/광주",아까시나무,2025-04-28,2025,118,35.1729,126.8916,70.28
"South Korea/대구",아까시나무,1973-05-03,1973,123,35.878,128.653,54.27
"South Korea/대구",아까시나무,1974-05-05,1974,125,35.878,128.653,54.27
"South Korea/대구",아까시나무,1975-05-03,1975,123,35.878,128.653,54.27
"South Korea/대구",아까시나무,1977-05-07,1977,127,35.878,128.653,54.27
"South Korea/대구",아까시나무,1978-05-09,1978,129,35.878,128.653,54.27
"South Korea/대구",아까시나무,1979-05-08,1979,128,35.878,128.653,54.27
"South Korea/대구",아까시나무,1980-05-06,1980,127,35.878,128.653,54.27
"South Korea/대구",아까시나무,1981-04-27,1981,117,35.878,128.653,54.27
"South Korea/대구",아까시나무,1983-05-03,1983,123,35.878,128.653,54.27
"South Korea/대구",아까시나무,1984-05-07,1984,128,35.878,128.653,54.27
"South Korea/대구",아까시나무,1985-05-02,1985,122,35.878,128.653,54.27
"South Korea/대구",아까시나무,1986-05-05,1986,125,35.878,128.653,54.27
"South Korea/대구",아까시나무,1987-05-05,1987,125,35.878,128.653,54.27
"South Korea/대구",아까시나무,1988-05-11,1988,132,35.878,128.653,54.27
"South Korea/대구",아까시나무,1989-04-26,1989,116,35.878,128.653,54.27
"South Korea/대구",아까시나무,1990-05-01,1990,121,35.878,128.653,54.27
"South Korea/대구",아까시나무,1991-05-11,1991,131,35.878,128.653,54.27
"South Korea/대구",아까시나무,1992-05-04,1992,125,35.878,128.653,54.27
"South Korea/대구",아까시나무,1993-05-03,1993,123,35.878,128.653,54.27
"South Korea/대구",아까시나무,1994-05-02,1994,122,35.878,128.653,54.27
"South Korea/대구",아까시나무,1995-05-06,1995,126,35.878,128.653,54.27
"South Korea/대구",아까시나무,1996-05-11,1996,132,35.878,128.653,54.27
"South Korea/대구",아까시나무,1997-05-02,1997,122,35.878,128.653,54.27
"South Korea/대구",아까시나무,1998-04-30,1998,120,35.878,128.653,54.27
"South Korea/대구",아까시나무,1999-05-05,1999,125,35.878,128.653,54.27
"South Korea/대구",아까시나무,2000-05-08,2000,129,35.878,128.653,54.27
"South Korea/대구",아까시나무,2001-04-28,2001,118,35.878,128.653,54.27
"South Korea/대구",아까시나무,2002-04-20,2002,110,35.878,128.653,54.27
"South Korea/대구",아까시나무,2003-05-03,2003,123,35.878,128.653,54.27
"South Korea/대구",아까시나무,2004-04-23,2004,114,35.878,128.653,54.27
"South Korea/대구",아까시나무,2005-05-01,2005,121,35.878,128.653,54.27
"South Korea/대구",아까시나무,2006-05-04,2006,124,35.878,128.653,54.27
"South Korea/대구",아까시나무,2007-05-01,2007,121,35.878,128.653,54.27
"South Korea/대구",아까시나무,2008-05-02,2008,123,35.878,128.653,54.27
"South Korea/대구",아까시나무,2009-04-30,2009,120,35.878,128.653,54.27
"South Korea/대구",아까시나무,2010-05-17,2010,137,35.878,128.653,54.27
"South Korea/대구",아까시나무,2011-05-11,2011,131,35.878,128.653,54.27
"South Korea/대구",아까시나무,2012-05-04,2012,125,35.878,128.653,54.27
"South Korea/대구",아까시나무,2013-05-09,2013,129,35.878,128.653,54.27
"South Korea/대구",아까시나무,2014-04-28,2014,118,35.878,128.653,54.27
"South Korea/대구",아까시나무,2015-05-04,2015,124,35.878,128.653,54.27
"South Korea/대구",아까시나무,2016-04-20,2016,111,35.878,128.653,54.27
"South Korea/대구",아까시나무,2017-04-28,2017,118,35.878,128.653,54.27
"South Korea/대구",아까시나무,2018-04-27,2018,117,35.878,128.653,54.27
"South Korea/대구",아까시나무,2019-04-30,2019,120,35.878,128.653,54.27
"South Korea/대구",아까시나무,2020-04-30,2020,121,35.878,128.653,54.27
"South Korea/대구",아까시나무,2021-04-25,2021,115,35.878,128.653,54.27
"South Korea/대구",아까시나무,2022-04-26,2022,116,35.878,128.653,54.27
"South Korea/대구",아까시나무,2023-04-20,2023,110,35.878,128.653,54.27
"South Korea/대구",아까시나무,2024-04-27,2024,118,35.878,128.653,54.27
"South Korea/대구",아까시나무,2025-04-25,2025,115,35.878,128.653,54.27
"South Korea/대구(기)",아까시나무,2014-04-28,2014,118,nan,nan,nan
"South Korea/대구(기)",아까시나무,2015-05-04,2015,124,nan,nan,nan
"South Korea/대전",아까시나무,1973-05-10,1973,130,36.372,127.3721,67.79
"South Korea/대전",아까시나무,1974-05-11,1974,131,36.372,127.3721,67.79
"South Korea/대전",아까시나무,1975-05-02,1975,122,36.372,127.3721,67.79
"South Korea/대전",아까시나무,1977-05-04,1977,124,36.372,127.3721,67.79
"South Korea/대전",아까시나무,1978-05-02,1978,122,36.372,127.3721,67.79
"South Korea/대전",아까시나무,1979-05-13,1979,133,36.372,127.3721,67.79
"South Korea/대전",아까시나무,1980-05-16,1980,137,36.372,127.3721,67.79
"South Korea/대전",아까시나무,1981-05-07,1981,127,36.372,127.3721,67.79
"South Korea/대전",아까시나무,1982-05-07,1982,127,36.372,127.3721,67.79
"South Korea/대전",아까시나무,1983-05-05,1983,125,36.372,127.3721,67.79
"South Korea/대전",아까시나무,1984-05-11,1984,132,36.372,127.3721,67.79
"South Korea/대전",아까시나무,1985-05-08,1985,128,36.372,127.3721,67.79
"South Korea/대전",아까시나무,1986-05-07,1986,127,36.372,127.3721,67.79
"South Korea/대전",아까시나무,1987-05-13,1987,133,36.372,127.3721,67.79
"South Korea/대전",아까시나무,1988-05-11,1988,132,36.372,127.3721,67.79
"South Korea/대전",아까시나무,1989-05-02,1989,122,36.372,127.3721,67.79
"South Korea/대전",아까시나무,1990-05-06,1990,126,36.372,127.3721,67.79
"South Korea/대전",아까시나무,1991-05-11,1991,131,36.372,127.3721,67.79
"South Korea/대전",아까시나무,1992-05-06,1992,127,36.372,127.3721,67.79
"South Korea/대전",아까시나무,1993-05-11,1993,131,36.372,127.3721,67.79
"South Korea/대전",아까시나무,1994-05-02,1994,122,36.372,127.3721,67.79
"South Korea/대전",아까시나무,1995-05-11,1995,131,36.372,127.3721,67.79
"South Korea/대전",아까시나무,1996-05-17,1996,138,36.372,127.3721,67.79
"South Korea/대전",아까시나무,1997-05-05,1997,125,36.372,127.3721,67.79
"South Korea/대전",아까시나무,1998-04-26,1998,116,36.372,127.3721,67.79
"South Korea/대전",아까시나무,1999-05-07,1999,127,36.372,127.3721,67.79
"South Korea/대전",아까시나무,2000-05-12,2000,133,36.372,127.3721,67.79
"South Korea/대전",아까시나무,2001-05-06,2001,126,36.372,127.3721,67.79
"South Korea/대전",아까시나무,2002-04-29,2002,119,36.372,127.3721,67.79
"South Korea/대전",아까시나무,2003-05-02,2003,122,36.372,127.3721,67.79
"South Korea/대전",아까시나무,2004-05-01,2004,122,36.372,127.3721,67.79
"South Korea/대전",아까시나무,2005-05-05,2005,125,36.372,127.3721,67.79
"South Korea/대전",아까시나무,2006-05-13,2006,133,36.372,127.3721,67.79
"South Korea/대전",아까시나무,2007-04-28,2007,118,36.372,127.3721,67.79
"South Korea/대전",아까시나무,2008-05-03,2008,124,36.372,127.3721,67.79
"South Korea/대전",아까시나무,2009-05-02,2009,122,36.372,127.3721,67.79
"South Korea/대전",아까시나무,2010-05-17,2010,137,36.372,127.3721,67.79
"South Korea/대전",아까시나무,2011-05-11,2011,131,36.372,127.3721,67.79
"South Korea/대전",아까시나무,2012-05-05,2012,126,36.372,127.3721,67.79
"South Korea/대전",아까시나무,2013-05-14,2013,134,36.372,127.3721,67.79
"South Korea/대전",아까시나무,2014-05-02,2014,122,36.372,127.3721,67.79
"South Korea/대전",아까시나무,2015-05-06,2015,126,36.372,127.3721,67.79
"South Korea/대전",아까시나무,2016-05-02,2016,123,36.372,127.3721,67.79
"South Korea/대전",아까시나무,2017-05-05,2017,125,36.372,127.3721,67.79
"South Korea/대전",아까시나무,2018-05-02,2018,122,36.372,127.3721,67.79
"South Korea/대전",아까시나무,2019-05-10,2019,130,36.372,127.3721,67.79
"South Korea/대전",아까시나무,2020-05-06,2020,127,36.372,127.3721,67.79
"South Korea/대전",아까시나무,2021-04-28,2021,118,36.372,127.3721,67.79
"South Korea/대전",아까시나무,2022-05-05,2022,125,36.372,127.3721,67.79
"South Korea/대전",아까시나무,2023-04-26,2023,116,36.372,127.3721,67.79
"South Korea/대전",아까시나무,2024-04-27,2024,118,36.372,127.3721,67.79
"South Korea/대전",아까시나무,2025-05-01,2025,121,36.372,127.3721,67.79
"South Korea/부산",아까시나무,1973-05-09,1973,129,35.1047,129.032,69.56
"South Korea/부산",아까시나무,1974-05-10,1974,130,35.1047,129.032,69.56
"South Korea/부산",아까시나무,1975-05-11,1975,131,35.1047,129.032,69.56
"South Korea/부산",아까시나무,1976-05-10,1976,131,35.1047,129.032,69.56
"South Korea/부산",아까시나무,1977-05-08,1977,128,35.1047,129.032,69.56
"South Korea/부산",아까시나무,1978-05-06,1978,126,35.1047,129.032,69.56
"South Korea/부산",아까시나무,1979-05-10,1979,130,35.1047,129.032,69.56
"South Korea/부산",아까시나무,1980-05-14,1980,135,35.1047,129.032,69.56
"South Korea/부산",아까시나무,1981-05-06,1981,126,35.1047,129.032,69.56
"South Korea/부산",아까시나무,1983-05-06,1983,126,35.1047,129.032,69.56
"South Korea/부산",아까시나무,1984-05-16,1984,137,35.1047,129.032,69.56
"South Korea/부산",아까시나무,1985-05-14,1985,134,35.1047,129.032,69.56
"South Korea/부산",아까시나무,1986-05-11,1986,131,35.1047,129.032,69.56
"South Korea/부산",아까시나무,1987-05-09,1987,129,35.1047,129.032,69.56
"South Korea/부산",아까시나무,1988-05-15,1988,136,35.1047,129.032,69.56
"South Korea/부산",아까시나무,1989-05-01,1989,121,35.1047,129.032,69.56
"South Korea/부산",아까시나무,1990-05-06,1990,126,35.1047,129.032,69.56
"South Korea/부산",아까시나무,1991-05-12,1991,132,35.1047,129.032,69.56
"South Korea/부산",아까시나무,1992-04-16,1992,107,35.1047,129.032,69.56
"South Korea/부산",아까시나무,1993-05-01,1993,121,35.1047,129.032,69.56
"South Korea/부산",아까시나무,1994-05-01,1994,121,35.1047,129.032,69.56
"South Korea/부산",아까시나무,1995-05-02,1995,122,35.1047,129.032,69.56
"South Korea/부산",아까시나무,1996-05-12,1996,133,35.1047,129.032,69.56
"South Korea/부산",아까시나무,1997-05-05,1997,125,35.1047,129.032,69.56
"South Korea/부산",아까시나무,1998-04-29,1998,119,35.1047,129.032,69.56
"South Korea/부산",아까시나무,1999-05-09,1999,129,35.1047,129.032,69.56
"South Korea/부산",아까시나무,2000-05-09,2000,130,35.1047,129.032,69.56
"South Korea/부산",아까시나무,2001-05-01,2001,121,35.1047,129.032,69.56
"South Korea/부산",아까시나무,2002-05-02,2002,122,35.1047,129.032,69.56
"South Korea/부산",아까시나무,2003-05-05,2003,125,35.1047,129.032,69.56
"South Korea/부산",아까시나무,2004-05-01,2004,122,35.1047,129.032,69.56
"South Korea/부산",아까시나무,2005-05-08,2005,128,35.1047,129.032,69.56
"South Korea/부산",아까시나무,2006-05-05,2006,125,35.1047,129.032,69.56
"South Korea/부산",아까시나무,2007-05-04,2007,124,35.1047,129.032,69.56
"South Korea/부산",아까시나무,2008-05-01,2008,122,35.1047,129.032,69.56
"South Korea/부산",아까시나무,2009-05-04,2009,124,35.1047,129.032,69.56
"South Korea/부산",아까시나무,2010-05-15,2010,135,35.1047,129.032,69.56
"South Korea/부산",아까시나무,2011-05-13,2011,133,35.1047,129.032,69.56
"South Korea/부산",아까시나무,2012-05-09,2012,130,35.1047,129.032,69.56
"South Korea/부산",아까시나무,2013-05-12,2013,132,35.1047,129.032,69.56
"South Korea/부산",아까시나무,2014-05-01,2014,121,35.1047,129.032,69.56
"South Korea/부산",아까시나무,2015-05-04,2015,124,35.1047,129.032,69.56
"South Korea/부산",아까시나무,2016-05-01,2016,122,35.1047,129.032,69.56
"South Korea/부산",아까시나무,2017-05-03,2017,123,35.1047,129.032,69.56
"South Korea/부산",아까시나무,2018-05-01,2018,121,35.1047,129.032,69.56
"South Korea/부산",아까시나무,2019-05-03,2019,123,35.1047,129.032,69.56
"South Korea/부산",아까시나무,2020-05-04,2020,125,35.1047,129.032,69.56
"South Korea/부산",아까시나무,2021-04-24,2021,114,35.1047,129.032,69.56
"South Korea/부산",아까시나무,2022-04-30,2022,120,35.1047,129.032,69.56
"South Korea/부산",아까시나무,2023-04-22,2023,112,35.1047,129.032,69.56
"South Korea/부산",아까시나무,2024-04-28,2024,119,35.1047,129.032,69.56
"South Korea/부산",아까시나무,2025-05-02,2025,122,35.1047,129.032,69.56
"South Korea/서울",아까시나무,1974-04-24,1974,114,37.5714,126.9658,85.67
"South Korea/서울",아까시나무,1975-05-14,1975,134,37.5714,126.9658,85.67
"South Korea/서울",아까시나무,1976-05-20,1976,141,37.5714,126.9658,85.67
"South Korea/서울",아까시나무,1977-05-11,1977,131,37.5714,126.9658,85.67
"South Korea/서울",아까시나무,1978-05-14,1978,134,37.5714,126.9658,85.67
"South Korea/서울",아까시나무,1979-05-10,1979,130,37.5714,126.9658,85.67
"South Korea/서울",아까시나무,1980-05-18,1980,139,37.5714,126.9658,85.67
"South Korea/서울",아까시나무,1981-05-16,1981,136,37.5714,126.9658,85.67
"South Korea/서울",아까시나무,1982-05-11,1982,131,37.5714,126.9658,85.67
"South Korea/서울",아까시나무,1983-05-09,1983,129,37.5714,126.9658,85.67
"South Korea/서울",아까시나무,1984-05-18,1984,139,37.5714,126.9658,85.67
"South Korea/서울",아까시나무,1985-05-13,1985,133,37.5714,126.9658,85.67
"South Korea/서울",아까시나무,1986-05-17,1986,137,37.5714,126.9658,85.67
"South Korea/서울",아까시나무,1987-05-19,1987,139,37.5714,126.9658,85.67
"South Korea/서울",아까시나무,1988-05-16,1988,137,37.5714,126.9658,85.67
"South Korea/서울",아까시나무,1989-05-02,1989,122,37.5714,126.9658,85.67
"South Korea/서울",아까시나무,1990-05-16,1990,136,37.5714,126.9658,85.67
"South Korea/서울",아까시나무,1991-05-13,1991,133,37.5714,126.9658,85.67
"South Korea/서울",아까시나무,1992-05-15,1992,136,37.5714,126.9658,85.67
"South Korea/서울",아까시나무,1993-05-18,1993,138,37.5714,126.9658,85.67
"South Korea/서울",아까시나무,1994-05-05,1994,125,37.5714,126.9658,85.67
"South Korea/서울",아까시나무,1995-05-17,1995,137,37.5714,126.9658,85.67
"South Korea/서울",아까시나무,1996-05-20,1996,141,37.5714,126.9658,85.67
"South Korea/서울",아까시나무,1997-05-12,1997,132,37.5714,126.9658,85.67
"South Korea/서울",아까시나무,1998-05-01,1998,121,37.5714,126.9658,85.67
"South Korea/서울",아까시나무,1999-05-06,1999,126,37.5714,126.9658,85.67
"South Korea/서울",아까시나무,2000-05-22,2000,143,37.5714,126.9658,85.67
"South Korea/서울",아까시나무,2001-05-11,2001,131,37.5714,126.9658,85.67
"South Korea/서울",아까시나무,2002-05-02,2002,122,37.5714,126.9658,85.67
"South Korea/서울",아까시나무,2003-05-12,2003,132,37.5714,126.9658,85.67
"South Korea/서울",아까시나무,2004-05-03,2004,124,37.5714,126.9658,85.67
"South Korea/서울",아까시나무,2005-05-12,2005,132,37.5714,126.9658,85.67
"South Korea/서울",아까시나무,2006-05-15,2006,135,37.5714,126.9658,85.67
"South Korea/서울",아까시나무,2007-05-13,2007,133,37.5714,126.9658,85.67
"South Korea/서울",아까시나무,2008-05-05,2008,126,37.5714,126.9658,85.67
"South Korea/서울",아까시나무,2009-05-08,2009,128,37.5714,126.9658,85.67
"South Korea/서울",아까시나무,2010-05-18,2010,138,37.5714,126.9658,85.67
"South Korea/서울",아까시나무,2011-05-22,2011,142,37.5714,126.9658,85.67
"South Korea/서울",아까시나무,2012-05-09,2012,130,37.5714,126.9658,85.67
"South Korea/서울",아까시나무,2013-05-21,2013,141,37.5714,126.9658,85.67
"South Korea/서울",아까시나무,2014-05-07,2014,127,37.5714,126.9658,85.67
"South Korea/서울",아까시나무,2015-05-08,2015,128,37.5714,126.9658,85.67
"South Korea/서울",아까시나무,2016-05-04,2016,125,37.5714,126.9658,85.67
"South Korea/서울",아까시나무,2017-05-08,2017,128,37.5714,126.9658,85.67
"South Korea/서울",아까시나무,2018-05-09,2018,129,37.5714,126.9658,85.67
"South Korea/서울",아까시나무,2019-05-12,2019,132,37.5714,126.9658,85.67
"South Korea/서울",아까시나무,2020-05-08,2020,129,37.5714,126.9658,85.67
"South Korea/서울",아까시나무,2021-05-03,2021,123,37.5714,126.9658,85.67
"South Korea/서울",아까시나무,2022-05-04,2022,124,37.5714,126.9658,85.67
"South Korea/서울",아까시나무,2023-04-29,2023,119,37.5714,126.9658,85.67
"South Korea/서울",아까시나무,2024-04-28,2024,119,37.5714,126.9658,85.67
"South Korea/서울",아까시나무,2025-05-09,2025,129,37.5714,126.9658,85.67
"South Korea/울산",아까시나무,1973-05-10,1973,130,35.5824,129.3347,81.14
"South Korea/울산",아까시나무,1974-05-09,1974,129,35.5824,129.3347,81.14
"South Korea/울산",아까시나무,1975-05-08,1975,128,35.5824,129.3347,81.14
"South Korea/울산",아까시나무,1976-05-07,1976,128,35.5824,129.3347,81.14
"South Korea/울산",아까시나무,1977-05-04,1977,124,35.5824,129.3347,81.14
"South Korea/울산",아까시나무,1978-05-05,1978,125,35.5824,129.3347,81.14
"South Korea/울산",아까시나무,1979-05-08,1979,128,35.5824,129.3347,81.14
"South Korea/울산",아까시나무,1980-05-10,1980,131,35.5824,129.3347,81.14
"South Korea/울산",아까시나무,1981-05-08,1981,128,35.5824,129.3347,81.14
"South Korea/울산",아까시나무,1982-05-10,1982,130,35.5824,129.3347,81.14
"South Korea/울산",아까시나무,1984-05-07,1984,128,35.5824,129.3347,81.14
"South Korea/울산",아까시나무,1987-05-09,1987,129,35.5824,129.3347,81.14
"South Korea/울산",아까시나무,1988-05-10,1988,131,35.5824,129.3347,81.14
"South Korea/울산",아까시나무,1989-05-08,1989,128,35.5824,129.3347,81.14
"South Korea/울산",아까시나무,1990-05-19,1990,139,35.5824,129.3347,81.14
"South Korea/울산",아까시나무,1991-05-17,1991,137,35.5824,129.3347,81.14
"South Korea/울산",아까시나무,1992-05-08,1992,129,35.5824,129.3347,81.14
"South Korea/울산",아까시나무,1993-05-12,1993,132,35.5824,129.3347,81.14
"South Korea/울산",아까시나무,1994-05-08,1994,128,35.5824,129.3347,81.14
"South Korea/울산",아까시나무,1995-05-09,1995,129,35.5824,129.3347,81.14
"South Korea/울산",아까시나무,1996-05-16,1996,137,35.5824,129.3347,81.14
"South Korea/울산",아까시나무,1997-05-09,1997,129,35.5824,129.3347,81.14
"South Korea/울산",아까시나무,1998-05-01,1998,121,35.5824,129.3347,81.14
"South Korea/울산",아까시나무,1999-05-09,1999,129,35.5824,129.3347,81.14
"South Korea/울산",아까시나무,2000-05-09,2000,130,35.5824,129.3347,81.14
"South Korea/울산",아까시나무,2001-05-05,2001,125,35.5824,129.3347,81.14
"South Korea/울산",아까시나무,2002-05-06,2002,126,35.5824,129.3347,81.14
"South Korea/울산",아까시나무,2003-05-06,2003,126,35.5824,129.3347,81.14
"South Korea/울산",아까시나무,2004-04-25,2004,116,35.5824,129.3347,81.14
"South Korea/울산",아까시나무,2005-05-08,2005,128,35.5824,129.3347,81.14
"South Korea/울산",아까시나무,2006-05-06,2006,126,35.5824,129.3347,81.14
"South Korea/울산",아까시나무,2007-05-04,2007,124,35.5824,129.3347,81.14
"South Korea/울산",아까시나무,2008-05-06,2008,127,35.5824,129.3347,81.14
"South Korea/울산",아까시나무,2009-05-04,2009,124,35.5824,129.3347,81.14
"South Korea/울산",아까시나무,2010-05-15,2010,135,35.5824,129.3347,81.14
"South Korea/울산",아까시나무,2011-05-10,2011,130,35.5824,129.3347,81.14
"South Korea/울산",아까시나무,2012-05-04,2012,125,35.5824,129.3347,81.14
"South Korea/울산",아까시나무,2013-05-10,2013,130,35.5824,129.3347,81.14
"South Korea/울산",아까시나무,2014-04-26,2014,116,35.5824,129.3347,81.14
"South Korea/울산",아까시나무,2015-05-06,2015,126,35.5824,129.3347,81.14
"South Korea/울산",아까시나무,2016-05-02,2016,123,35.5824,129.3347,81.14
"South Korea/울산",아까시나무,2017-05-01,2017,121,35.5824,129.3347,81.14
"South Korea/울산",아까시나무,2018-04-27,2018,117,35.5824,129.3347,81.14
"South Korea/울산",아까시나무,2019-05-03,2019,123,35.5824,129.3347,81.14
"South Korea/울산",아까시나무,2020-05-04,2020,125,35.5824,129.3347,81.14
"South Korea/울산",아까시나무,2021-04-28,2021,118,35.5824,129.3347,81.14
"South Korea/울산",아까시나무,2022-04-28,2022,118,35.5824,129.3347,81.14
"South Korea/울산",아까시나무,2023-04-27,2023,117,35.5824,129.3347,81.14
"South Korea/울산",아까시나무,2024-04-29,2024,120,35.5824,129.3347,81.14
"South Korea/울산",아까시나무,2025-04-28,2025,118,35.5824,129.3347,81.14
"South Korea/강화",아까시나무,1976-05-21,1976,142,37.7074,126.4463,47.84
"South Korea/강화",아까시나무,1977-05-17,1977,137,37.7074,126.4463,47.84
"South Korea/강화",아까시나무,1978-05-15,1978,135,37.7074,126.4463,47.84
"South Korea/강화",아까시나무,1979-05-12,1979,132,37.7074,126.4463,47.84
"South Korea/강화",아까시나무,1980-05-14,1980,135,37.7074,126.4463,47.84
"South Korea/강화",아까시나무,1981-05-24,1981,144,37.7074,126.4463,47.84
"South Korea/강화",아까시나무,1982-05-21,1982,141,37.7074,126.4463,47.84
"South Korea/강화",아까시나무,1983-05-07,1983,127,37.7074,126.4463,47.84
"South Korea/강화",아까시나무,1984-05-17,1984,138,37.7074,126.4463,47.84
"South Korea/강화",아까시나무,1985-05-16,1985,136,37.7074,126.4463,47.84
"South Korea/강화",아까시나무,1986-05-17,1986,137,37.7074,126.4463,47.84
"South Korea/강화",아까시나무,1987-05-23,1987,143,37.7074,126.4463,47.84
"South Korea/강화",아까시나무,1988-05-17,1988,138,37.7074,126.4463,47.84
"South Korea/강화",아까시나무,1989-05-11,1989,131,37.7074,126.4463,47.84
"South Korea/강화",아까시나무,1990-05-12,1990,132,37.7074,126.4463,47.84
"South Korea/강화",아까시나무,1991-05-11,1991,131,37.7074,126.4463,47.84
"South Korea/강화",아까시나무,1992-05-16,1992,137,37.7074,126.4463,47.84
"South Korea/강화",아까시나무,1993-05-18,1993,138,37.7074,126.4463,47.84
"South Korea/강화",아까시나무,1994-05-11,1994,131,37.7074,126.4463,47.84
"South Korea/강화",아까시나무,1995-05-26,1995,146,37.7074,126.4463,47.84
"South Korea/강화",아까시나무,1996-05-26,1996,147,37.7074,126.4463,47.84
"South Korea/강화",아까시나무,1997-05-21,1997,141,37.7074,126.4463,47.84
"South Korea/강화",아까시나무,1998-05-09,1998,129,37.7074,126.4463,47.84
"South Korea/강화",아까시나무,1999-05-19,1999,139,37.7074,126.4463,47.84
"South Korea/강화",아까시나무,2000-05-30,2000,151,37.7074,126.4463,47.84
"South Korea/강화",아까시나무,2001-05-20,2001,140,37.7074,126.4463,47.84
"South Korea/강화",아까시나무,2002-05-13,2002,133,37.7074,126.4463,47.84
"South Korea/강화",아까시나무,2003-05-16,2003,136,37.7074,126.4463,47.84
"South Korea/강화",아까시나무,2004-05-19,2004,140,37.7074,126.4463,47.84
"South Korea/강화",아까시나무,2005-05-20,2005,140,37.7074,126.4463,47.84
"South Korea/강화",아까시나무,2006-05-19,2006,139,37.7074,126.4463,47.84
"South Korea/강화",아까시나무,2007-05-23,2007,143,37.7074,126.4463,47.84
"South Korea/강화",아까시나무,2008-05-13,2008,134,37.7074,126.4463,47.84
"South Korea/백령도",아까시나무,2001-05-28,2001,148,37.974,124.7124,36.0
"South Korea/백령도",아까시나무,2002-05-27,2002,147,37.974,124.7124,36.0
"South Korea/백령도",아까시나무,2003-05-10,2003,130,37.974,124.7124,36.0
"South Korea/백령도",아까시나무,2004-05-26,2004,147,37.974,124.7124,36.0
"South Korea/백령도",아까시나무,2005-05-19,2005,139,37.974,124.7124,36.0
"South Korea/백령도",아까시나무,2006-05-20,2006,140,37.974,124.7124,36.0
"South Korea/백령도",아까시나무,2007-05-24,2007,144,37.974,124.7124,36.0
"South Korea/백령도",아까시나무,2008-05-21,2008,142,37.974,124.7124,36.0
"South Korea/백령도",아까시나무,2009-05-20,2009,140,37.974,124.7124,36.0
"South Korea/백령도",아까시나무,2010-05-28,2010,148,37.974,124.7124,36.0
"South Korea/백령도",아까시나무,2011-06-09,2011,160,37.974,124.7124,36.0
"South Korea/백령도",아까시나무,2012-05-26,2012,147,37.974,124.7124,36.0
"South Korea/백령도",아까시나무,2013-05-29,2013,149,37.974,124.7124,36.0
"South Korea/백령도",아까시나무,2014-05-24,2014,144,37.974,124.7124,36.0
"South Korea/백령도",아까시나무,2015-05-20,2015,140,37.974,124.7124,36.0
"South Korea/백령도",아까시나무,2016-05-26,2016,147,37.974,124.7124,36.0
"South Korea/백령도",아까시나무,2017-05-13,2017,133,37.974,124.7124,36.0
"South Korea/백령도",아까시나무,2018-05-27,2018,147,37.974,124.7124,36.0
"South Korea/백령도",아까시나무,2019-05-19,2019,139,37.974,124.7124,36.0
"South Korea/백령도",아까시나무,2020-06-05,2020,157,37.974,124.7124,36.0
"South Korea/백령도",아까시나무,2021-05-27,2021,147,37.974,124.7124,36.0
"South Korea/백령도",아까시나무,2022-05-27,2022,147,37.974,124.7124,36.0
"South Korea/백령도",아까시나무,2023-05-29,2023,149,37.974,124.7124,36.0
"South Korea/백령도",아까시나무,2024-05-27,2024,148,37.974,124.7124,36.0
"South Korea/백령도",아까시나무,2025-05-23,2025,143,37.974,124.7124,36.0
"South Korea/인천",아까시나무,1973-05-17,1973,137,37.4777,126.6249,68.99
"South Korea/인천",아까시나무,1974-05-29,1974,149,37.4777,126.6249,68.99
"South Korea/인천",아까시나무,1975-05-22,1975,142,37.4777,126.6249,68.99
"South Korea/인천",아까시나무,1976-05-24,1976,145,37.4777,126.6249,68.99
"South Korea/인천",아까시나무,1977-05-18,1977,138,37.4777,126.6249,68.99
"South Korea/인천",아까시나무,1978-05-16,1978,136,37.4777,126.6249,68.99
"South Korea/인천",아까시나무,1979-05-16,1979,136,37.4777,126.6249,68.99
"South Korea/인천",아까시나무,1980-05-24,1980,145,37.4777,126.6249,68.99
"South Korea/인천",아까시나무,1981-05-23,1981,143,37.4777,126.6249,68.99
"South Korea/인천",아까시나무,1983-05-14,1983,134,37.4777,126.6249,68.99
"South Korea/인천",아까시나무,1984-05-21,1984,142,37.4777,126.6249,68.99
"South Korea/인천",아까시나무,1985-05-12,1985,132,37.4777,126.6249,68.99
"South Korea/인천",아까시나무,1986-05-24,1986,144,37.4777,126.6249,68.99
"South Korea/인천",아까시나무,1987-05-24,1987,144,37.4777,126.6249,68.99
"South Korea/인천",아까시나무,1988-05-23,1988,144,37.4777,126.6249,68.99
"South Korea/인천",아까시나무,1989-05-11,1989,131,37.4777,126.6249,68.99
"South Korea/인천",아까시나무,1990-05-26,1990,146,37.4777,126.6249,68.99
"South Korea/인천",아까시나무,1991-05-21,1991,141,37.4777,126.6249,68.99
"South Korea/인천",아까시나무,1992-05-17,1992,138,37.4777,126.6249,68.99
"South Korea/인천",아까시나무,1993-05-20,1993,140,37.4777,126.6249,68.99
"South Korea/인천",아까시나무,1994-05-11,1994,131,37.4777,126.6249,68.99
"South Korea/인천",아까시나무,1995-05-09,1995,129,37.4777,126.6249,68.99
"South Korea/인천",아까시나무,1996-05-26,1996,147,37.4777,126.6249,68.99
"South Korea/인천",아까시나무,1997-05-21,1997,141,37.4777,126.6249,68.99
"South Korea/인천",아까시나무,1998-05-06,1998,126,37.4777,126.6249,68.99
"South Korea/인천",아까시나무,1999-04-30,1999,120,37.4777,126.6249,68.99
"South Korea/인천",아까시나무,2000-05-12,2000,133,37.4777,126.6249,68.99
"South Korea/인천",아까시나무,2001-05-11,2001,131,37.4777,126.6249,68.99
"South Korea/인천",아까시나무,2002-05-09,2002,129,37.4777,126.6249,68.99
"South Korea/인천",아까시나무,2003-05-15,2003,135,37.4777,126.6249,68.99
"South Korea/인천",아까시나무,2004-05-16,2004,137,37.4777,126.6249,68.99
"South Korea/인천",아까시나무,2005-05-18,2005,138,37.4777,126.6249,68.99
"South Korea/인천",아까시나무,2006-05-16,2006,136,37.4777,126.6249,68.99
"South Korea/인천",아까시나무,2007-05-14,2007,134,37.4777,126.6249,68.99
"South Korea/인천",아까시나무,2008-05-10,2008,131,37.4777,126.6249,68.99
"South Korea/인천",아까시나무,2009-05-08,2009,128,37.4777,126.6249,68.99
"South Korea/인천",아까시나무,2010-05-27,2010,147,37.4777,126.6249,68.99
"South Korea/인천",아까시나무,2011-05-25,2011,145,37.4777,126.6249,68.99
"South Korea/인천",아까시나무,2012-05-19,2012,140,37.4777,126.6249,68.99
"South Korea/인천",아까시나무,2013-05-22,2013,142,37.4777,126.6249,68.99
"South Korea/인천",아까시나무,2014-05-20,2014,140,37.4777,126.6249,68.99
"South Korea/인천",아까시나무,2015-05-12,2015,132,37.4777,126.6249,68.99
"South Korea/인천",아까시나무,2016-05-10,2016,131,37.4777,126.6249,68.99
"South Korea/인천",아까시나무,2017-05-12,2017,132,37.4777,126.6249,68.99
"South Korea/인천",아까시나무,2018-05-11,2018,131,37.4777,126.6249,68.99
"South Korea/인천",아까시나무,2019-05-14,2019,134,37.4777,126.6249,68.99
"South Korea/인천",아까시나무,2020-05-11,2020,132,37.4777,126.6249,68.99
"South Korea/인천",아까시나무,2021-05-10,2021,130,37.4777,126.6249,68.99
"South Korea/인천",아까시나무,2022-05-11,2022,131,37.4777,126.6249,68.99
"South Korea/인천",아까시나무,2023-05-08,2023,128,37.4777,126.6249,68.99
"South Korea/인천",아까시나무,2024-05-01,2024,122,37.4777,126.6249,68.99
"South Korea/인천",아까시나무,2025-05-16,2025,136,37.4777,126.6249,68.99
"South Korea/고흥",아까시나무,1976-05-11,1976,132,34.6183,127.2757,51.91
"South Korea/고흥",아까시나무,1977-05-10,1977,130,34.6183,127.2757,51.91
"South Korea/고흥",아까시나무,1978-05-09,1978,129,34.6183,127.2757,51.91
"South Korea/고흥",아까시나무,1979-05-16,1979,136,34.6183,127.2757,51.91
"South Korea/고흥",아까시나무,1980-05-16,1980,137,34.6183,127.2757,51.91
"South Korea/고흥",아까시나무,1981-05-18,1981,138,34.6183,127.2757,51.91
"South Korea/고흥",아까시나무,1982-05-14,1982,134,34.6183,127.2757,51.91
"South Korea/고흥",아까시나무,1983-05-13,1983,133,34.6183,127.2757,51.91
"South Korea/고흥",아까시나무,1984-05-15,1984,136,34.6183,127.2757,51.91
"South Korea/고흥",아까시나무,1985-05-10,1985,130,34.6183,127.2757,51.91
"South Korea/고흥",아까시나무,1986-05-09,1986,129,34.6183,127.2757,51.91
"South Korea/고흥",아까시나무,1987-05-18,1987,138,34.6183,127.2757,51.91
"South Korea/고흥",아까시나무,1988-05-14,1988,135,34.6183,127.2757,51.91
"South Korea/고흥",아까시나무,1989-05-10,1989,130,34.6183,127.2757,51.91
"South Korea/고흥",아까시나무,1990-05-15,1990,135,34.6183,127.2757,51.91
"South Korea/고흥",아까시나무,1991-05-17,1991,137,34.6183,127.2757,51.91
"South Korea/고흥",아까시나무,1992-05-13,1992,134,34.6183,127.2757,51.91
"South Korea/고흥",아까시나무,1993-05-16,1993,136,34.6183,127.2757,51.91
"South Korea/고흥",아까시나무,1994-05-09,1994,129,34.6183,127.2757,51.91
"South Korea/고흥",아까시나무,1995-05-07,1995,127,34.6183,127.2757,51.91
"South Korea/고흥",아까시나무,1996-05-14,1996,135,34.6183,127.2757,51.91
"South Korea/고흥",아까시나무,1997-05-09,1997,129,34.6183,127.2757,51.91
"South Korea/고흥",아까시나무,1998-05-03,1998,123,34.6183,127.2757,51.91
"South Korea/고흥",아까시나무,1999-05-05,1999,125,34.6183,127.2757,51.91
"South Korea/고흥",아까시나무,2000-05-09,2000,130,34.6183,127.2757,51.91
"South Korea/고흥",아까시나무,2001-05-12,2001,132,34.6183,127.2757,51.91
"South Korea/고흥",아까시나무,2002-05-06,2002,126,34.6183,127.2757,51.91
"South Korea/고흥",아까시나무,2003-05-05,2003,125,34.6183,127.2757,51.91
"South Korea/고흥",아까시나무,2004-05-06,2004,127,34.6183,127.2757,51.91
"South Korea/고흥",아까시나무,2005-05-09,2005,129,34.6183,127.2757,51.91
"South Korea/고흥",아까시나무,2006-05-10,2006,130,34.6183,127.2757,51.91
"South Korea/고흥",아까시나무,2007-05-10,2007,130,34.6183,127.2757,51.91
"South Korea/고흥",아까시나무,2008-05-06,2008,127,34.6183,127.2757,51.91
"South Korea/목포",아까시나무,1973-05-09,1973,129,34.8173,126.3815,44.7
"South Korea/목포",아까시나무,1974-05-12,1974,132,34.8173,126.3815,44.7
"South Korea/목포",아까시나무,1975-05-18,1975,138,34.8173,126.3815,44.7
"South Korea/목포",아까시나무,1976-05-12,1976,133,34.8173,126.3815,44.7
"South Korea/목포",아까시나무,1977-05-11,1977,131,34.8173,126.3815,44.7
"South Korea/목포",아까시나무,1978-05-11,1978,131,34.8173,126.3815,44.7
"South Korea/목포",아까시나무,1979-05-10,1979,130,34.8173,126.3815,44.7
"South Korea/목포",아까시나무,1980-05-13,1980,134,34.8173,126.3815,44.7
"South Korea/목포",아까시나무,1981-05-10,1981,130,34.8173,126.3815,44.7
"South Korea/목포",아까시나무,1982-05-03,1982,123,34.8173,126.3815,44.7
"South Korea/목포",아까시나무,1983-05-08,1983,128,34.8173,126.3815,44.7
"South Korea/목포",아까시나무,1984-05-14,1984,135,34.8173,126.3815,44.7
"South Korea/목포",아까시나무,1985-05-12,1985,132,34.8173,126.3815,44.7
"South Korea/목포",아까시나무,1986-05-13,1986,133,34.8173,126.3815,44.7
"South Korea/목포",아까시나무,1987-05-03,1987,123,34.8173,126.3815,44.7
"South Korea/목포",아까시나무,1988-05-05,1988,126,34.8173,126.3815,44.7
"South Korea/목포",아까시나무,1989-05-01,1989,121,34.8173,126.3815,44.7
"South Korea/목포",아까시나무,1990-05-01,1990,121,34.8173,126.3815,44.7
"South Korea/목포",아까시나무,1991-05-08,1991,128,34.8173,126.3815,44.7
"South Korea/목포",아까시나무,1992-05-02,1992,123,34.8173,126.3815,44.7
"South Korea/목포",아까시나무,1993-05-02,1993,122,34.8173,126.3815,44.7
"South Korea/목포",아까시나무,1994-04-30,1994,120,34.8173,126.3815,44.7
"South Korea/목포",아까시나무,1995-05-02,1995,122,34.8173,126.3815,44.7
"South Korea/목포",아까시나무,1996-05-08,1996,129,34.8173,126.3815,44.7
"South Korea/목포",아까시나무,1997-05-05,1997,125,34.8173,126.3815,44.7
"South Korea/목포",아까시나무,1998-04-28,1998,118,34.8173,126.3815,44.7
"South Korea/목포",아까시나무,1999-05-10,1999,130,34.8173,126.3815,44.7
"South Korea/목포",아까시나무,2000-05-15,2000,136,34.8173,126.3815,44.7
"South Korea/목포",아까시나무,2001-05-20,2001,140,34.8173,126.3815,44.7
"South Korea/목포",아까시나무,2002-05-02,2002,122,34.8173,126.3815,44.7
"South Korea/목포",아까시나무,2003-05-04,2003,124,34.8173,126.3815,44.7
"South Korea/목포",아까시나무,2004-05-07,2004,128,34.8173,126.3815,44.7
"South Korea/목포",아까시나무,2005-05-14,2005,134,34.8173,126.3815,44.7
"South Korea/목포",아까시나무,2006-05-13,2006,133,34.8173,126.3815,44.7
"South Korea/목포",아까시나무,2007-05-01,2007,121,34.8173,126.3815,44.7
"South Korea/목포",아까시나무,2008-05-03,2008,124,34.8173,126.3815,44.7
"South Korea/목포",아까시나무,2009-05-09,2009,129,34.8173,126.3815,44.7
"South Korea/목포",아까시나무,2010-05-17,2010,137,34.8173,126.3815,44.7
"South Korea/목포",아까시나무,2011-05-15,2011,135,34.8173,126.3815,44.7
"South Korea/목포",아까시나무,2012-05-11,2012,132,34.8173,126.3815,44.7
"South Korea/목포",아까시나무,2013-05-13,2013,133,34.8173,126.3815,44.7
"South Korea/목포",아까시나무,2014-05-08,2014,128,34.8173,126.3815,44.7
"South Korea/목포",아까시나무,2015-05-05,2015,125,34.8173,126.3815,44.7
"South Korea/목포",아까시나무,2016-04-29,2016,120,34.8173,126.3815,44.7
"South Korea/목포",아까시나무,2017-04-29,2017,119,34.8173,126.3815,44.7
"South Korea/목포",아까시나무,2018-05-02,2018,122,34.8173,126.3815,44.7
"South Korea/목포",아까시나무,2019-05-04,2019,124,34.8173,126.3815,44.7
"South Korea/목포",아까시나무,2020-05-06,2020,127,34.8173,126.3815,44.7
"South Korea/목포",아까시나무,2021-04-29,2021,119,34.8173,126.3815,44.7
"South Korea/목포",아까시나무,2022-04-27,2022,117,34.8173,126.3815,44.7
"South Korea/목포",아까시나무,2023-04-30,2023,120,34.8173,126.3815,44.7
"South Korea/목포",아까시나무,2024-04-27,2024,118,34.8173,126.3815,44.7
"South Korea/목포",아까시나무,2025-05-03,2025,123,34.8173,126.3815,44.7
"South Korea/무안",아까시나무,1993-05-16,1993,136,nan,nan,nan
"South Korea/무안",아까시나무,1994-05-03,1994,123,nan,nan,nan
"South Korea/무안",아까시나무,1995-05-22,1995,142,nan,nan,nan
"South Korea/무안",아까시나무,1996-05-24,1996,145,nan,nan,nan
"South Korea/무안",아까시나무,1997-05-17,1997,137,nan,nan,nan
"South Korea/무안",아까시나무,1998-05-02,1998,122,nan,nan,nan
"South Korea/무안",아까시나무,1999-05-11,1999,131,nan,nan,nan
"South Korea/무안",아까시나무,2000-05-07,2000,128,nan,nan,nan
"South Korea/순천",아까시나무,2011-05-07,2011,127,35.0204,127.3694,165.0
"South Korea/순천",아까시나무,2012-04-28,2012,119,35.0204,127.3694,165.0
"South Korea/순천",아까시나무,2013-05-13,2013,133,35.0204,127.3694,165.0
"South Korea/순천",아까시나무,2014-05-04,2014,124,35.0204,127.3694,165.0
"South Korea/순천",아까시나무,2015-04-27,2015,117,35.0204,127.3694,165.0
"South Korea/여수",아까시나무,1973-05-07,1973,127,34.7393,127.7406,65.93
"South Korea/여수",아까시나무,1974-05-10,1974,130,34.7393,127.7406,65.93
"South Korea/여수",아까시나무,1975-05-10,1975,130,34.7393,127.7406,65.93
"South Korea/여수",아까시나무,1976-05-12,1976,133,34.7393,127.7406,65.93
"South Korea/여수",아까시나무,1977-05-11,1977,131,34.7393,127.7406,65.93
"South Korea/여수",아까시나무,1978-05-13,1978,133,34.7393,127.7406,65.93
"South Korea/여수",아까시나무,1979-05-08,1979,128,34.7393,127.7406,65.93
"South Korea/여수",아까시나무,1980-05-14,1980,135,34.7393,127.7406,65.93
"South Korea/여수",아까시나무,1981-05-04,1981,124,34.7393,127.7406,65.93
"South Korea/여수",아까시나무,1982-05-01,1982,121,34.7393,127.7406,65.93
"South Korea/여수",아까시나무,1983-05-12,1983,132,34.7393,127.7406,65.93
"South Korea/여수",아까시나무,1984-04-30,1984,121,34.7393,127.7406,65.93
"South Korea/여수",아까시나무,1985-05-03,1985,123,34.7393,127.7406,65.93
"South Korea/여수",아까시나무,1986-05-16,1986,136,34.7393,127.7406,65.93
"South Korea/여수",아까시나무,1987-05-14,1987,134,34.7393,127.7406,65.93
"South Korea/여수",아까시나무,1988-05-21,1988,142,34.7393,127.7406,65.93
"South Korea/여수",아까시나무,1989-05-04,1989,124,34.7393,127.7406,65.93
"South Korea/여수",아까시나무,1990-05-20,1990,140,34.7393,127.7406,65.93
"South Korea/여수",아까시나무,1991-05-10,1991,130,34.7393,127.7406,65.93
"South Korea/여수",아까시나무,1992-05-11,1992,132,34.7393,127.7406,65.93
"South Korea/여수",아까시나무,1993-05-05,1993,125,34.7393,127.7406,65.93
"South Korea/여수",아까시나무,1994-05-08,1994,128,34.7393,127.7406,65.93
"South Korea/여수",아까시나무,1995-05-14,1995,134,34.7393,127.7406,65.93
"South Korea/여수",아까시나무,1996-05-16,1996,137,34.7393,127.7406,65.93
"South Korea/여수",아까시나무,1997-05-05,1997,125,34.7393,127.7406,65.93
"South Korea/여수",아까시나무,1998-04-27,1998,117,34.7393,127.7406,65.93
"South Korea/여수",아까시나무,1999-05-05,1999,125,34.7393,127.7406,65.93
"South Korea/여수",아까시나무,2000-05-12,2000,133,34.7393,127.7406,65.93
"South Korea/여수",아까시나무,2001-05-09,2001,129,34.7393,127.7406,65.93
"South Korea/여수",아까시나무,2002-05-04,2002,124,34.7393,127.7406,65.93
"South Korea/여수",아까시나무,2003-05-05,2003,125,34.7393,127.7406,65.93
"South Korea/여수",아까시나무,2004-04-29,2004,120,34.7393,127.7406,65.93
"South Korea/여수",아까시나무,2005-04-28,2005,118,34.7393,127.7406,65.93
"South Korea/여수",아까시나무,2006-04-27,2006,117,34.7393,127.7406,65.93
"South Korea/여수",아까시나무,2007-04-27,2007,117,34.7393,127.7406,65.93
"South Korea/여수",아까시나무,2008-05-05,2008,126,34.7393,127.7406,65.93
"South Korea/여수",아까시나무,2009-05-08,2009,128,34.7393,127.7406,65.93
"South Korea/여수",아까시나무,2010-05-12,2010,132,34.7393,127.7406,65.93
"South Korea/여수",아까시나무,2011-05-05,2011,125,34.7393,127.7406,65.93
"South Korea/여수",아까시나무,2012-05-14,2012,135,34.7393,127.7406,65.93
"South Korea/여수",아까시나무,2013-05-16,2013,136,34.7393,127.7406,65.93
"South Korea/여수",아까시나무,2014-05-09,2014,129,34.7393,127.7406,65.93
"South Korea/여수",아까시나무,2015-04-27,2015,117,34.7393,127.7406,65.93
"South Korea/여수",아까시나무,2016-04-25,2016,116,34.7393,127.7406,65.93
"South Korea/여수",아까시나무,2017-05-02,2017,122,34.7393,127.7406,65.93
"South Korea/여수",아까시나무,2018-04-27,2018,117,34.7393,127.7406,65.93
"South Korea/여수",아까시나무,2019-04-21,2019,111,34.7393,127.7406,65.93
"South Korea/여수",아까시나무,2020-05-04,2020,125,34.7393,127.7406,65.93
"South Korea/여수",아까시나무,2021-04-25,2021,115,34.7393,127.7406,65.93
"South Korea/여수",아까시나무,2022-05-01,2022,121,34.7393,127.7406,65.93
"South Korea/여수",아까시나무,2023-04-24,2023,114,34.7393,127.7406,65.93
"South Korea/여수",아까시나무,2024-04-26,2024,117,34.7393,127.7406,65.93
"South Korea/여수",아까시나무,2025-05-04,2025,124,34.7393,127.7406,65.93
"South Korea/완도",아까시나무,1973-05-01,1973,121,34.3959,126.7018,35.37
"South Korea/완도",아까시나무,1974-05-01,1974,121,34.3959,126.7018,35.37
"South Korea/완도",아까시나무,1975-05-06,1975,126,34.3959,126.7018,35.37
"South Korea/완도",아까시나무,1976-05-08,1976,129,34.3959,126.7018,35.37
"South Korea/완도",아까시나무,1977-05-15,1977,135,34.3959,126.7018,35.37
"South Korea/완도",아까시나무,1978-05-12,1978,132,34.3959,126.7018,35.37
"South Korea/완도",아까시나무,1979-05-12,1979,132,34.3959,126.7018,35.37
"South Korea/완도",아까시나무,1980-05-17,1980,138,34.3959,126.7018,35.37
"South Korea/완도",아까시나무,1981-05-16,1981,136,34.3959,126.7018,35.37
"South Korea/완도",아까시나무,1982-05-16,1982,136,34.3959,126.7018,35.37
"South Korea/완도",아까시나무,1983-05-16,1983,136,34.3959,126.7018,35.37
"South Korea/완도",아까시나무,1984-05-16,1984,137,34.3959,126.7018,35.37
"South Korea/완도",아까시나무,1985-05-15,1985,135,34.3959,126.7018,35.37
"South Korea/완도",아까시나무,1986-05-13,1986,133,34.3959,126.7018,35.37
"South Korea/완도",아까시나무,1987-05-13,1987,133,34.3959,126.7018,35.37
"South Korea/완도",아까시나무,1988-05-15,1988,136,34.3959,126.7018,35.37
"South Korea/완도",아까시나무,1989-05-07,1989,127,34.3959,126.7018,35.37
"South Korea/완도",아까시나무,1990-05-11,1990,131,34.3959,126.7018,35.37
"South Korea/완도",아까시나무,1991-05-05,1991,125,34.3959,126.7018,35.37
"South Korea/완도",아까시나무,1992-05-10,1992,131,34.3959,126.7018,35.37
"South Korea/완도",아까시나무,1993-05-10,1993,130,34.3959,126.7018,35.37
"South Korea/완도",아까시나무,1994-05-08,1994,128,34.3959,126.7018,35.37
"South Korea/완도",아까시나무,1995-05-09,1995,129,34.3959,126.7018,35.37
"South Korea/완도",아까시나무,1996-05-14,1996,135,34.3959,126.7018,35.37
"South Korea/완도",아까시나무,1997-05-15,1997,135,34.3959,126.7018,35.37
"South Korea/완도",아까시나무,1998-05-03,1998,123,34.3959,126.7018,35.37
"South Korea/완도",아까시나무,1999-05-09,1999,129,34.3959,126.7018,35.37
"South Korea/완도",아까시나무,2000-05-18,2000,139,34.3959,126.7018,35.37
"South Korea/완도",아까시나무,2001-05-11,2001,131,34.3959,126.7018,35.37
"South Korea/완도",아까시나무,2002-05-04,2002,124,34.3959,126.7018,35.37
"South Korea/완도",아까시나무,2003-05-10,2003,130,34.3959,126.7018,35.37
"South Korea/완도",아까시나무,2004-04-30,2004,121,34.3959,126.7018,35.37
"South Korea/완도",아까시나무,2005-04-23,2005,113,34.3959,126.7018,35.37
"South Korea/완도",아까시나무,2006-04-20,2006,110,34.3959,126.7018,35.37
"South Korea/완도",아까시나무,2007-05-02,2007,122,34.3959,126.7018,35.37
"South Korea/완도",아까시나무,2008-05-03,2008,124,34.3959,126.7018,35.37
"South Korea/완도",아까시나무,2009-05-05,2009,125,34.3959,126.7018,35.37
"South Korea/완도",아까시나무,2010-05-12,2010,132,34.3959,126.7018,35.37
"South Korea/완도",아까시나무,2011-05-13,2011,133,34.3959,126.7018,35.37
"South Korea/완도",아까시나무,2012-05-09,2012,130,34.3959,126.7018,35.37
"South Korea/완도",아까시나무,2013-05-11,2013,131,34.3959,126.7018,35.37
"South Korea/완도",아까시나무,2014-05-04,2014,124,34.3959,126.7018,35.37
"South Korea/완도",아까시나무,2015-05-04,2015,124,34.3959,126.7018,35.37
"South Korea/장흥",아까시나무,1974-05-10,1974,130,34.6889,126.9195,43.99
"South Korea/장흥",아까시나무,1975-05-03,1975,123,34.6889,126.9195,43.99
"South Korea/장흥",아까시나무,1976-05-03,1976,124,34.6889,126.9195,43.99
"South Korea/장흥",아까시나무,1977-05-06,1977,126,34.6889,126.9195,43.99
"South Korea/장흥",아까시나무,1978-05-10,1978,130,34.6889,126.9195,43.99
"South Korea/장흥",아까시나무,1979-05-14,1979,134,34.6889,126.9195,43.99
"South Korea/장흥",아까시나무,1980-05-09,1980,130,34.6889,126.9195,43.99
"South Korea/장흥",아까시나무,1981-05-13,1981,133,34.6889,126.9195,43.99
"South Korea/장흥",아까시나무,1982-05-11,1982,131,34.6889,126.9195,43.99
"South Korea/장흥",아까시나무,1983-05-09,1983,129,34.6889,126.9195,43.99
"South Korea/장흥",아까시나무,1984-05-08,1984,129,34.6889,126.9195,43.99
"South Korea/장흥",아까시나무,1985-05-10,1985,130,34.6889,126.9195,43.99
"South Korea/장흥",아까시나무,1986-05-09,1986,129,34.6889,126.9195,43.99
"South Korea/장흥",아까시나무,1987-05-11,1987,131,34.6889,126.9195,43.99
"South Korea/장흥",아까시나무,1988-05-09,1988,130,34.6889,126.9195,43.99
"South Korea/장흥",아까시나무,1989-05-03,1989,123,34.6889,126.9195,43.99
"South Korea/장흥",아까시나무,1990-05-12,1990,132,34.6889,126.9195,43.99
"South Korea/장흥",아까시나무,1991-05-16,1991,136,34.6889,126.9195,43.99
"South Korea/장흥",아까시나무,1992-05-11,1992,132,34.6889,126.9195,43.99
"South Korea/장흥",아까시나무,1993-05-15,1993,135,34.6889,126.9195,43.99
"South Korea/장흥",아까시나무,1994-05-09,1994,129,34.6889,126.9195,43.99
"South Korea/장흥",아까시나무,1995-05-12,1995,132,34.6889,126.9195,43.99
"South Korea/장흥",아까시나무,1996-05-18,1996,139,34.6889,126.9195,43.99
"South Korea/장흥",아까시나무,1997-05-17,1997,137,34.6889,126.9195,43.99
"South Korea/장흥",아까시나무,1998-05-01,1998,121,34.6889,126.9195,43.99
"South Korea/장흥",아까시나무,1999-05-10,1999,130,34.6889,126.9195,43.99
"South Korea/장흥",아까시나무,2000-05-11,2000,132,34.6889,126.9195,43.99
"South Korea/장흥",아까시나무,2001-05-07,2001,127,34.6889,126.9195,43.99
"South Korea/장흥",아까시나무,2002-05-01,2002,121,34.6889,126.9195,43.99
"South Korea/장흥",아까시나무,2003-05-03,2003,123,34.6889,126.9195,43.99
"South Korea/장흥",아까시나무,2004-05-02,2004,123,34.6889,126.9195,43.99
"South Korea/장흥",아까시나무,2005-04-28,2005,118,34.6889,126.9195,43.99
"South Korea/장흥",아까시나무,2006-04-26,2006,116,34.6889,126.9195,43.99
"South Korea/장흥",아까시나무,2007-04-27,2007,117,34.6889,126.9195,43.99
"South Korea/장흥",아까시나무,2008-05-02,2008,123,34.6889,126.9195,43.99
"South Korea/주암",아까시나무,1973-05-06,1973,126,nan,nan,nan
"South Korea/주암",아까시나무,1975-05-12,1975,132,nan,nan,nan
"South Korea/주암",아까시나무,1976-05-16,1976,137,nan,nan,nan
"South Korea/주암",아까시나무,1977-05-11,1977,131,nan,nan,nan
"South Korea/주암",아까시나무,1978-05-11,1978,131,nan,nan,nan
"South Korea/주암",아까시나무,1979-05-17,1979,137,nan,nan,nan
"South Korea/주암",아까시나무,1980-05-16,1980,137,nan,nan,nan
"South Korea/주암",아까시나무,1981-05-10,1981,130,nan,nan,nan
"South Korea/주암",아까시나무,1982-05-09,1982,129,nan,nan,nan
"South Korea/주암",아까시나무,1983-05-08,1983,128,nan,nan,nan
"South Korea/주암",아까시나무,1984-05-12,1984,133,nan,nan,nan
"South Korea/주암",아까시나무,1985-05-11,1985,131,nan,nan,nan
"South Korea/주암",아까시나무,1986-05-11,1986,131,nan,nan,nan
"South Korea/주암",아까시나무,1987-05-16,1987,136,nan,nan,nan
"South Korea/주암",아까시나무,1988-05-16,1988,137,nan,nan,nan
"South Korea/주암",아까시나무,1989-05-04,1989,124,nan,nan,nan
"South Korea/주암",아까시나무,1990-05-13,1990,133,nan,nan,nan
"South Korea/주암",아까시나무,1991-05-12,1991,132,nan,nan,nan
"South Korea/주암",아까시나무,1992-05-11,1992,132,nan,nan,nan
"South Korea/주암",아까시나무,1993-05-13,1993,133,nan,nan,nan
"South Korea/주암",아까시나무,1994-05-06,1994,126,nan,nan,nan
"South Korea/주암",아까시나무,1995-05-16,1995,136,nan,nan,nan
"South Korea/주암",아까시나무,1996-05-19,1996,140,nan,nan,nan
"South Korea/주암",아까시나무,1997-05-08,1997,128,nan,nan,nan
"South Korea/주암",아까시나무,1998-04-27,1998,117,nan,nan,nan
"South Korea/주암",아까시나무,1999-05-11,1999,131,nan,nan,nan
"South Korea/주암",아까시나무,2000-05-14,2000,135,nan,nan,nan
"South Korea/주암",아까시나무,2001-05-09,2001,129,nan,nan,nan
"South Korea/주암",아까시나무,2002-05-07,2002,127,nan,nan,nan
"South Korea/주암",아까시나무,2003-05-04,2003,124,nan,nan,nan
"South Korea/주암",아까시나무,2004-05-06,2004,127,nan,nan,nan
"South Korea/주암",아까시나무,2005-05-09,2005,129,nan,nan,nan
"South Korea/주암",아까시나무,2006-05-12,2006,132,nan,nan,nan
"South Korea/주암",아까시나무,2007-05-10,2007,130,nan,nan,nan
"South Korea/주암",아까시나무,2008-05-03,2008,124,nan,nan,nan
"South Korea/주암",아까시나무,2009-05-01,2009,121,nan,nan,nan
"South Korea/주암",아까시나무,2010-05-12,2010,132,nan,nan,nan
"South Korea/진도(첨찰산)",아까시나무,2002-05-03,2002,123,nan,nan,nan
"South Korea/진도(첨찰산)",아까시나무,2003-05-06,2003,126,nan,nan,nan
"South Korea/진도(첨찰산)",아까시나무,2004-05-05,2004,126,nan,nan,nan
"South Korea/진도(첨찰산)",아까시나무,2005-05-04,2005,124,nan,nan,nan
"South Korea/진도(첨찰산)",아까시나무,2006-05-07,2006,127,nan,nan,nan
"South Korea/진도(첨찰산)",아까시나무,2007-05-02,2007,122,nan,nan,nan
"South Korea/진도(첨찰산)",아까시나무,2008-05-06,2008,127,nan,nan,nan
"South Korea/진도(첨찰산)",아까시나무,2009-05-06,2009,126,nan,nan,nan
"South Korea/진도(첨찰산)",아까시나무,2010-05-13,2010,133,nan,nan,nan
"South Korea/진도(첨찰산)",아까시나무,2011-05-16,2011,136,nan,nan,nan
"South Korea/진도(첨찰산)",아까시나무,2012-05-15,2012,136,nan,nan,nan
"South Korea/진도(첨찰산)",아까시나무,2013-05-16,2013,136,nan,nan,nan
"South Korea/진도(첨찰산)",아까시나무,2014-05-06,2014,126,nan,nan,nan
"South Korea/해남",아까시나무,1973-05-05,1973,125,34.5538,126.5691,16.36
"South Korea/해남",아까시나무,1974-05-07,1974,127,34.5538,126.5691,16.36
"South Korea/해남",아까시나무,1975-05-09,1975,129,34.5538,126.5691,16.36
"South Korea/해남",아까시나무,1976-05-17,1976,138,34.5538,126.5691,16.36
"South Korea/해남",아까시나무,1977-05-12,1977,132,34.5538,126.5691,16.36
"South Korea/해남",아까시나무,1978-05-11,1978,131,34.5538,126.5691,16.36
"South Korea/해남",아까시나무,1979-05-12,1979,132,34.5538,126.5691,16.36
"South Korea/해남",아까시나무,1980-05-18,1980,139,34.5538,126.5691,16.36
"South Korea/해남",아까시나무,1981-05-12,1981,132,34.5538,126.5691,16.36
"South Korea/해남",아까시나무,1982-05-10,1982,130,34.5538,126.5691,16.36
"South Korea/해남",아까시나무,1983-05-08,1983,128,34.5538,126.5691,16.36
"South Korea/해남",아까시나무,1984-05-12,1984,133,34.5538,126.5691,16.36
"South Korea/해남",아까시나무,1985-05-10,1985,130,34.5538,126.5691,16.36
"South Korea/해남",아까시나무,1986-05-10,1986,130,34.5538,126.5691,16.36
"South Korea/해남",아까시나무,1987-05-17,1987,137,34.5538,126.5691,16.36
"South Korea/해남",아까시나무,1988-05-12,1988,133,34.5538,126.5691,16.36
"South Korea/해남",아까시나무,1989-05-04,1989,124,34.5538,126.5691,16.36
"South Korea/해남",아까시나무,1990-05-10,1990,130,34.5538,126.5691,16.36
"South Korea/해남",아까시나무,1991-05-13,1991,133,34.5538,126.5691,16.36
"South Korea/해남",아까시나무,1992-05-11,1992,132,34.5538,126.5691,16.36
"South Korea/해남",아까시나무,1993-05-14,1993,134,34.5538,126.5691,16.36
"South Korea/해남",아까시나무,1994-05-08,1994,128,34.5538,126.5691,16.36
"South Korea/해남",아까시나무,1995-05-15,1995,135,34.5538,126.5691,16.36
"South Korea/해남",아까시나무,1996-05-20,1996,141,34.5538,126.5691,16.36
"South Korea/해남",아까시나무,1997-05-09,1997,129,34.5538,126.5691,16.36
"South Korea/해남",아까시나무,1998-05-02,1998,122,34.5538,126.5691,16.36
"South Korea/해남",아까시나무,1999-05-11,1999,131,34.5538,126.5691,16.36
"South Korea/해남",아까시나무,2000-05-14,2000,135,34.5538,126.5691,16.36
"South Korea/해남",아까시나무,2001-05-07,2001,127,34.5538,126.5691,16.36
"South Korea/해남",아까시나무,2002-05-04,2002,124,34.5538,126.5691,16.36
"South Korea/해남",아까시나무,2003-05-07,2003,127,34.5538,126.5691,16.36
"South Korea/해남",아까시나무,2004-05-04,2004,125,34.5538,126.5691,16.36
"South Korea/해남",아까시나무,2005-05-10,2005,130,34.5538,126.5691,16.36
"South Korea/해남",아까시나무,2006-05-15,2006,135,34.5538,126.5691,16.36
"South Korea/해남",아까시나무,2007-05-10,2007,130,34.5538,126.5691,16.36
"South Korea/해남",아까시나무,2008-05-06,2008,127,34.5538,126.5691,16.36
"South Korea/흑산도",아까시나무,1997-05-17,1997,137,34.6872,125.4511,75.12
"South Korea/흑산도",아까시나무,1998-05-25,1998,145,34.6872,125.4511,75.12
"South Korea/흑산도",아까시나무,1999-05-22,1999,142,34.6872,125.4511,75.12
"South Korea/흑산도",아까시나무,2000-05-19,2000,140,34.6872,125.4511,75.12
"South Korea/흑산도",아까시나무,2001-06-02,2001,153,34.6872,125.4511,75.12
"South Korea/흑산도",아까시나무,2002-05-25,2002,145,34.6872,125.4511,75.12
"South Korea/흑산도",아까시나무,2003-05-20,2003,140,34.6872,125.4511,75.12
"South Korea/흑산도",아까시나무,2004-05-16,2004,137,34.6872,125.4511,75.12
"South Korea/흑산도",아까시나무,2005-05-19,2005,139,34.6872,125.4511,75.12
"South Korea/흑산도",아까시나무,2006-05-18,2006,138,34.6872,125.4511,75.12
"South Korea/흑산도",아까시나무,2008-05-08,2008,129,34.6872,125.4511,75.12
"South Korea/흑산도",아까시나무,2009-05-12,2009,132,34.6872,125.4511,75.12
"South Korea/흑산도",아까시나무,2010-05-25,2010,145,34.6872,125.4511,75.12
"South Korea/흑산도",아까시나무,2011-06-02,2011,153,34.6872,125.4511,75.12
"South Korea/흑산도",아까시나무,2012-05-31,2012,152,34.6872,125.4511,75.12
"South Korea/흑산도",아까시나무,2013-05-19,2013,139,34.6872,125.4511,75.12
"South Korea/흑산도",아까시나무,2014-05-22,2014,142,34.6872,125.4511,75.12
"South Korea/흑산도",아까시나무,2015-05-27,2015,147,34.6872,125.4511,75.12
"South Korea/흑산도",아까시나무,2016-05-21,2016,142,34.6872,125.4511,75.12
"South Korea/흑산도",아까시나무,2017-05-15,2017,135,34.6872,125.4511,75.12
"South Korea/흑산도",아까시나무,2018-05-16,2018,136,34.6872,125.4511,75.12
"South Korea/흑산도",아까시나무,2019-05-15,2019,135,34.6872,125.4511,75.12
"South Korea/흑산도",아까시나무,2020-05-31,2020,152,34.6872,125.4511,75.12
"South Korea/흑산도",아까시나무,2021-05-13,2021,133,34.6872,125.4511,75.12
"South Korea/흑산도",아까시나무,2022-05-17,2022,137,34.6872,125.4511,75.12
"South Korea/흑산도",아까시나무,2023-05-24,2023,144,34.6872,125.4511,75.12
"South Korea/흑산도",아까시나무,2024-05-12,2024,133,34.6872,125.4511,75.12
"South Korea/흑산도",아까시나무,2025-05-22,2025,142,34.6872,125.4511,75.12
"South Korea/고창",아까시나무,2011-05-15,2011,135,35.3482,126.599,52.42
"South Korea/고창",아까시나무,2013-05-18,2013,138,35.3482,126.599,52.42
"South Korea/고창",아까시나무,2014-05-07,2014,127,35.3482,126.599,52.42
"South Korea/고창군",아까시나무,2009-05-06,2009,126,35.4266,126.697,58.84
"South Korea/고창군",아까시나무,2010-05-16,2010,136,35.4266,126.697,58.84
"South Korea/군산",아까시나무,1973-05-08,1973,128,36.0053,126.7614,27.85
"South Korea/군산",아까시나무,1974-05-20,1974,140,36.0053,126.7614,27.85
"South Korea/군산",아까시나무,1975-05-14,1975,134,36.0053,126.7614,27.85
"South Korea/군산",아까시나무,1976-05-22,1976,143,36.0053,126.7614,27.85
"South Korea/군산",아까시나무,1977-05-16,1977,136,36.0053,126.7614,27.85
"South Korea/군산",아까시나무,1978-05-15,1978,135,36.0053,126.7614,27.85
"South Korea/군산",아까시나무,1979-05-19,1979,139,36.0053,126.7614,27.85
"South Korea/군산",아까시나무,1980-05-27,1980,148,36.0053,126.7614,27.85
"South Korea/군산",아까시나무,1981-05-20,1981,140,36.0053,126.7614,27.85
"South Korea/군산",아까시나무,1983-05-09,1983,129,36.0053,126.7614,27.85
"South Korea/군산",아까시나무,1984-05-16,1984,137,36.0053,126.7614,27.85
"South Korea/군산",아까시나무,1985-05-16,1985,136,36.0053,126.7614,27.85
"South Korea/군산",아까시나무,1986-05-17,1986,137,36.0053,126.7614,27.85
"South Korea/군산",아까시나무,1987-05-18,1987,138,36.0053,126.7614,27.85
"South Korea/군산",아까시나무,1988-05-15,1988,136,36.0053,126.7614,27.85
"South Korea/군산",아까시나무,1989-05-14,1989,134,36.0053,126.7614,27.85
"South Korea/군산",아까시나무,1990-05-12,1990,132,36.0053,126.7614,27.85
"South Korea/군산",아까시나무,1991-05-19,1991,139,36.0053,126.7614,27.85
"South Korea/군산",아까시나무,1992-05-20,1992,141,36.0053,126.7614,27.85
"South Korea/군산",아까시나무,1993-05-19,1993,139,36.0053,126.7614,27.85
"South Korea/군산",아까시나무,1994-05-12,1994,132,36.0053,126.7614,27.85
"South Korea/군산",아까시나무,1995-05-19,1995,139,36.0053,126.7614,27.85
"South Korea/군산",아까시나무,1996-05-22,1996,143,36.0053,126.7614,27.85
"South Korea/군산",아까시나무,1997-05-11,1997,131,36.0053,126.7614,27.85
"South Korea/군산",아까시나무,1998-05-04,1998,124,36.0053,126.7614,27.85
"South Korea/군산",아까시나무,1999-05-16,1999,136,36.0053,126.7614,27.85
"South Korea/군산",아까시나무,2000-05-16,2000,137,36.0053,126.7614,27.85
"South Korea/군산",아까시나무,2001-05-14,2001,134,36.0053,126.7614,27.85
"South Korea/군산",아까시나무,2002-05-12,2002,132,36.0053,126.7614,27.85
"South Korea/군산",아까시나무,2003-05-15,2003,135,36.0053,126.7614,27.85
"South Korea/군산",아까시나무,2004-05-14,2004,135,36.0053,126.7614,27.85
"South Korea/군산",아까시나무,2005-05-16,2005,136,36.0053,126.7614,27.85
"South Korea/군산",아까시나무,2006-05-08,2006,128,36.0053,126.7614,27.85
"South Korea/군산",아까시나무,2007-05-15,2007,135,36.0053,126.7614,27.85
"South Korea/군산",아까시나무,2008-05-07,2008,128,36.0053,126.7614,27.85
"South Korea/군산",아까시나무,2009-05-11,2009,131,36.0053,126.7614,27.85
"South Korea/군산",아까시나무,2010-05-17,2010,137,36.0053,126.7614,27.85
"South Korea/군산",아까시나무,2011-05-16,2011,136,36.0053,126.7614,27.85
"South Korea/군산",아까시나무,2012-05-16,2012,137,36.0053,126.7614,27.85
"South Korea/군산",아까시나무,2013-05-21,2013,141,36.0053,126.7614,27.85
"South Korea/군산",아까시나무,2014-05-13,2014,133,36.0053,126.7614,27.85
"South Korea/군산",아까시나무,2015-05-15,2015,135,36.0053,126.7614,27.85
"South Korea/남원",아까시나무,1974-04-18,1974,108,35.4213,127.3965,133.49
"South Korea/남원",아까시나무,1975-05-01,1975,121,35.4213,127.3965,133.49
"South Korea/남원",아까시나무,1976-05-06,1976,127,35.4213,127.3965,133.49
"South Korea/남원",아까시나무,1977-05-10,1977,130,35.4213,127.3965,133.49
"South Korea/남원",아까시나무,1978-05-15,1978,135,35.4213,127.3965,133.49
"South Korea/남원",아까시나무,1979-05-14,1979,134,35.4213,127.3965,133.49
"South Korea/남원",아까시나무,1980-05-17,1980,138,35.4213,127.3965,133.49
"South Korea/남원",아까시나무,1981-05-11,1981,131,35.4213,127.3965,133.49
"South Korea/남원",아까시나무,1984-05-12,1984,133,35.4213,127.3965,133.49
"South Korea/남원",아까시나무,1985-05-07,1985,127,35.4213,127.3965,133.49
"South Korea/남원",아까시나무,1986-05-15,1986,135,35.4213,127.3965,133.49
"South Korea/남원",아까시나무,1987-05-16,1987,136,35.4213,127.3965,133.49
"South Korea/남원",아까시나무,1988-05-14,1988,135,35.4213,127.3965,133.49
"South Korea/남원",아까시나무,1989-05-04,1989,124,35.4213,127.3965,133.49
"South Korea/남원",아까시나무,1990-05-09,1990,129,35.4213,127.3965,133.49
"South Korea/남원",아까시나무,1991-05-09,1991,129,35.4213,127.3965,133.49
"South Korea/남원",아까시나무,1992-05-09,1992,130,35.4213,127.3965,133.49
"South Korea/남원",아까시나무,1993-05-14,1993,134,35.4213,127.3965,133.49
"South Korea/남원",아까시나무,1994-05-07,1994,127,35.4213,127.3965,133.49
"South Korea/남원",아까시나무,1995-05-18,1995,138,35.4213,127.3965,133.49
"South Korea/남원",아까시나무,1996-05-20,1996,141,35.4213,127.3965,133.49
"South Korea/남원",아까시나무,1997-05-12,1997,132,35.4213,127.3965,133.49
"South Korea/남원",아까시나무,1998-04-27,1998,117,35.4213,127.3965,133.49
"South Korea/남원",아까시나무,1999-05-07,1999,127,35.4213,127.3965,133.49
"South Korea/남원",아까시나무,2000-05-15,2000,136,35.4213,127.3965,133.49
"South Korea/남원",아까시나무,2001-05-08,2001,128,35.4213,127.3965,133.49
"South Korea/남원",아까시나무,2002-05-04,2002,124,35.4213,127.3965,133.49
"South Korea/남원",아까시나무,2003-05-08,2003,128,35.4213,127.3965,133.49
"South Korea/남원",아까시나무,2004-05-07,2004,128,35.4213,127.3965,133.49
"South Korea/남원",아까시나무,2005-05-08,2005,128,35.4213,127.3965,133.49
"South Korea/남원",아까시나무,2006-05-13,2006,133,35.4213,127.3965,133.49
"South Korea/남원",아까시나무,2007-05-12,2007,132,35.4213,127.3965,133.49
"South Korea/남원",아까시나무,2008-05-06,2008,127,35.4213,127.3965,133.49
"South Korea/남원",아까시나무,2009-05-11,2009,131,35.4213,127.3965,133.49
"South Korea/남원",아까시나무,2010-05-12,2010,132,35.4213,127.3965,133.49
"South Korea/남원",아까시나무,2011-05-13,2011,133,35.4213,127.3965,133.49
"South Korea/남원",아까시나무,2012-05-10,2012,131,35.4213,127.3965,133.49
"South Korea/남원",아까시나무,2013-05-16,2013,136,35.4213,127.3965,133.49
"South Korea/남원",아까시나무,2014-05-05,2014,125,35.4213,127.3965,133.49
"South Korea/남원",아까시나무,2015-05-06,2015,126,35.4213,127.3965,133.49
"South Korea/부안",아까시나무,1973-05-19,1973,139,35.7296,126.7166,12.2
"South Korea/부안",아까시나무,1974-05-18,1974,138,35.7296,126.7166,12.2
"South Korea/부안",아까시나무,1975-04-15,1975,105,35.7296,126.7166,12.2
"South Korea/부안",아까시나무,1976-05-17,1976,138,35.7296,126.7166,12.2
"South Korea/부안",아까시나무,1977-05-18,1977,138,35.7296,126.7166,12.2
"South Korea/부안",아까시나무,1978-05-20,1978,140,35.7296,126.7166,12.2
"South Korea/부안",아까시나무,1979-05-16,1979,136,35.7296,126.7166,12.2
"South Korea/부안",아까시나무,1980-05-18,1980,139,35.7296,126.7166,12.2
"South Korea/부안",아까시나무,1981-05-21,1981,141,35.7296,126.7166,12.2
"South Korea/부안",아까시나무,1984-05-21,1984,142,35.7296,126.7166,12.2
"South Korea/부안",아까시나무,1985-05-17,1985,137,35.7296,126.7166,12.2
"South Korea/부안",아까시나무,1986-05-21,1986,141,35.7296,126.7166,12.2
"South Korea/부안",아까시나무,1987-05-21,1987,141,35.7296,126.7166,12.2
"South Korea/부안",아까시나무,1988-05-22,1988,143,35.7296,126.7166,12.2
"South Korea/부안",아까시나무,1989-05-17,1989,137,35.7296,126.7166,12.2
"South Korea/부안",아까시나무,1990-05-23,1990,143,35.7296,126.7166,12.2
"South Korea/부안",아까시나무,1991-05-19,1991,139,35.7296,126.7166,12.2
"South Korea/부안",아까시나무,1992-05-15,1992,136,35.7296,126.7166,12.2
"South Korea/부안",아까시나무,1993-05-19,1993,139,35.7296,126.7166,12.2
"South Korea/부안",아까시나무,1994-05-09,1994,129,35.7296,126.7166,12.2
"South Korea/부안",아까시나무,1995-05-17,1995,137,35.7296,126.7166,12.2
"South Korea/부안",아까시나무,1996-05-16,1996,137,35.7296,126.7166,12.2
"South Korea/부안",아까시나무,1997-05-12,1997,132,35.7296,126.7166,12.2
"South Korea/부안",아까시나무,1998-05-02,1998,122,35.7296,126.7166,12.2
"South Korea/부안",아까시나무,1999-05-19,1999,139,35.7296,126.7166,12.2
"South Korea/부안",아까시나무,2000-05-16,2000,137,35.7296,126.7166,12.2
"South Korea/부안",아까시나무,2001-05-11,2001,131,35.7296,126.7166,12.2
"South Korea/부안",아까시나무,2002-05-07,2002,127,35.7296,126.7166,12.2
"South Korea/부안",아까시나무,2003-05-08,2003,128,35.7296,126.7166,12.2
"South Korea/부안",아까시나무,2004-05-13,2004,134,35.7296,126.7166,12.2
"South Korea/부안",아까시나무,2005-05-07,2005,127,35.7296,126.7166,12.2
"South Korea/부안",아까시나무,2006-05-09,2006,129,35.7296,126.7166,12.2
"South Korea/부안",아까시나무,2007-05-09,2007,129,35.7296,126.7166,12.2
"South Korea/부안",아까시나무,2008-05-14,2008,135,35.7296,126.7166,12.2
"South Korea/임실",아까시나무,1974-05-17,1974,137,35.612,127.2856,247.04
"South Korea/임실",아까시나무,1975-05-14,1975,134,35.612,127.2856,247.04
"South Korea/임실",아까시나무,1976-05-17,1976,138,35.612,127.2856,247.04
"South Korea/임실",아까시나무,1977-05-11,1977,131,35.612,127.2856,247.04
"South Korea/임실",아까시나무,1978-05-09,1978,129,35.612,127.2856,247.04
"South Korea/임실",아까시나무,1979-05-10,1979,130,35.612,127.2856,247.04
"South Korea/임실",아까시나무,1980-05-14,1980,135,35.612,127.2856,247.04
"South Korea/임실",아까시나무,1981-05-11,1981,131,35.612,127.2856,247.04
"South Korea/임실",아까시나무,1982-05-04,1982,124,35.612,127.2856,247.04
"South Korea/임실",아까시나무,1983-05-11,1983,131,35.612,127.2856,247.04
"South Korea/임실",아까시나무,1984-05-16,1984,137,35.612,127.2856,247.04
"South Korea/임실",아까시나무,1985-05-16,1985,136,35.612,127.2856,247.04
"South Korea/임실",아까시나무,1986-05-08,1986,128,35.612,127.2856,247.04
"South Korea/임실",아까시나무,1987-05-18,1987,138,35.612,127.2856,247.04
"South Korea/임실",아까시나무,1988-05-16,1988,137,35.612,127.2856,247.04
"South Korea/임실",아까시나무,1989-05-08,1989,128,35.612,127.2856,247.04
"South Korea/임실",아까시나무,1990-05-18,1990,138,35.612,127.2856,247.04
"South Korea/임실",아까시나무,1991-05-16,1991,136,35.612,127.2856,247.04
"South Korea/임실",아까시나무,1992-05-12,1992,133,35.612,127.2856,247.04
"South Korea/임실",아까시나무,1993-05-16,1993,136,35.612,127.2856,247.04
"South Korea/임실",아까시나무,1994-05-14,1994,134,35.612,127.2856,247.04
"South Korea/임실",아까시나무,1995-05-16,1995,136,35.612,127.2856,247.04
"South Korea/임실",아까시나무,1996-05-24,1996,145,35.612,127.2856,247.04
"South Korea/임실",아까시나무,1997-05-11,1997,131,35.612,127.2856,247.04
"South Korea/임실",아까시나무,1998-05-10,1998,130,35.612,127.2856,247.04
"South Korea/임실",아까시나무,1999-05-11,1999,131,35.612,127.2856,247.04
"South Korea/임실",아까시나무,2000-05-18,2000,139,35.612,127.2856,247.04
"South Korea/임실",아까시나무,2001-05-12,2001,132,35.612,127.2856,247.04
"South Korea/임실",아까시나무,2002-05-07,2002,127,35.612,127.2856,247.04
"South Korea/임실",아까시나무,2003-05-09,2003,129,35.612,127.2856,247.04
"South Korea/임실",아까시나무,2004-05-11,2004,132,35.612,127.2856,247.04
"South Korea/임실",아까시나무,2005-05-10,2005,130,35.612,127.2856,247.04
"South Korea/임실",아까시나무,2006-05-08,2006,128,35.612,127.2856,247.04
"South Korea/임실",아까시나무,2007-05-14,2007,134,35.612,127.2856,247.04
"South Korea/임실",아까시나무,2008-05-20,2008,141,35.612,127.2856,247.04
"South Korea/장수",아까시나무,1988-05-21,1988,142,35.657,127.5203,406.87
"South Korea/장수",아까시나무,1989-05-13,1989,133,35.657,127.5203,406.87
"South Korea/장수",아까시나무,1990-05-26,1990,146,35.657,127.5203,406.87
"South Korea/장수",아까시나무,1991-05-22,1991,142,35.657,127.5203,406.87
"South Korea/장수",아까시나무,1992-05-21,1992,142,35.657,127.5203,406.87
"South Korea/장수",아까시나무,1993-05-23,1993,143,35.657,127.5203,406.87
"South Korea/장수",아까시나무,1994-05-16,1994,136,35.657,127.5203,406.87
"South Korea/장수",아까시나무,1995-05-27,1995,147,35.657,127.5203,406.87
"South Korea/장수",아까시나무,1996-05-23,1996,144,35.657,127.5203,406.87
"South Korea/장수",아까시나무,1997-05-16,1997,136,35.657,127.5203,406.87
"South Korea/장수",아까시나무,1998-05-05,1998,125,35.657,127.5203,406.87
"South Korea/장수",아까시나무,1999-05-17,1999,137,35.657,127.5203,406.87
"South Korea/장수",아까시나무,2000-05-21,2000,142,35.657,127.5203,406.87
"South Korea/장수",아까시나무,2001-05-17,2001,137,35.657,127.5203,406.87
"South Korea/장수",아까시나무,2002-05-11,2002,131,35.657,127.5203,406.87
"South Korea/장수",아까시나무,2003-05-14,2003,134,35.657,127.5203,406.87
"South Korea/장수",아까시나무,2004-05-18,2004,139,35.657,127.5203,406.87
"South Korea/장수",아까시나무,2005-05-17,2005,137,35.657,127.5203,406.87
"South Korea/장수",아까시나무,2006-05-13,2006,133,35.657,127.5203,406.87
"South Korea/장수",아까시나무,2007-05-10,2007,130,35.657,127.5203,406.87
"South Korea/장수",아까시나무,2008-05-12,2008,133,35.657,127.5203,406.87
"South Korea/전주",아까시나무,1973-05-11,1973,131,35.8409,127.1172,60.44
"South Korea/전주",아까시나무,1974-05-15,1974,135,35.8409,127.1172,60.44
"South Korea/전주",아까시나무,1975-05-13,1975,133,35.8409,127.1172,60.44
"South Korea/전주",아까시나무,1976-05-10,1976,131,35.8409,127.1172,60.44
"South Korea/전주",아까시나무,1977-05-02,1977,122,35.8409,127.1172,60.44
"South Korea/전주",아까시나무,1978-05-09,1978,129,35.8409,127.1172,60.44
"South Korea/전주",아까시나무,1979-05-11,1979,131,35.8409,127.1172,60.44
"South Korea/전주",아까시나무,1980-05-07,1980,128,35.8409,127.1172,60.44
"South Korea/전주",아까시나무,1981-05-05,1981,125,35.8409,127.1172,60.44
"South Korea/전주",아까시나무,1982-05-21,1982,141,35.8409,127.1172,60.44
"South Korea/전주",아까시나무,1984-05-12,1984,133,35.8409,127.1172,60.44
"South Korea/전주",아까시나무,1986-05-16,1986,136,35.8409,127.1172,60.44
"South Korea/전주",아까시나무,1987-05-15,1987,135,35.8409,127.1172,60.44
"South Korea/전주",아까시나무,1988-05-09,1988,130,35.8409,127.1172,60.44
"South Korea/전주",아까시나무,1989-05-04,1989,124,35.8409,127.1172,60.44
"South Korea/전주",아까시나무,1990-05-10,1990,130,35.8409,127.1172,60.44
"South Korea/전주",아까시나무,1991-05-07,1991,127,35.8409,127.1172,60.44
"South Korea/전주",아까시나무,1992-05-06,1992,127,35.8409,127.1172,60.44
"South Korea/전주",아까시나무,1993-05-10,1993,130,35.8409,127.1172,60.44
"South Korea/전주",아까시나무,1994-05-09,1994,129,35.8409,127.1172,60.44
"South Korea/전주",아까시나무,1995-05-13,1995,133,35.8409,127.1172,60.44
"South Korea/전주",아까시나무,1996-05-16,1996,137,35.8409,127.1172,60.44
"South Korea/전주",아까시나무,1997-05-11,1997,131,35.8409,127.1172,60.44
"South Korea/전주",아까시나무,1998-04-20,1998,110,35.8409,127.1172,60.44
"South Korea/전주",아까시나무,1999-05-07,1999,127,35.8409,127.1172,60.44
"South Korea/전주",아까시나무,2000-05-02,2000,123,35.8409,127.1172,60.44
"South Korea/전주",아까시나무,2001-05-02,2001,122,35.8409,127.1172,60.44
"South Korea/전주",아까시나무,2002-05-01,2002,121,35.8409,127.1172,60.44
"South Korea/전주",아까시나무,2003-05-01,2003,121,35.8409,127.1172,60.44
"South Korea/전주",아까시나무,2004-04-30,2004,121,35.8409,127.1172,60.44
"South Korea/전주",아까시나무,2005-05-11,2005,131,35.8409,127.1172,60.44
"South Korea/전주",아까시나무,2006-05-08,2006,128,35.8409,127.1172,60.44
"South Korea/전주",아까시나무,2007-05-13,2007,133,35.8409,127.1172,60.44
"South Korea/전주",아까시나무,2008-05-03,2008,124,35.8409,127.1172,60.44
"South Korea/전주",아까시나무,2009-05-04,2009,124,35.8409,127.1172,60.44
"South Korea/전주",아까시나무,2010-05-12,2010,132,35.8409,127.1172,60.44
"South Korea/전주",아까시나무,2011-05-14,2011,134,35.8409,127.1172,60.44
"South Korea/전주",아까시나무,2012-05-09,2012,130,35.8409,127.1172,60.44
"South Korea/전주",아까시나무,2013-05-11,2013,131,35.8409,127.1172,60.44
"South Korea/전주",아까시나무,2014-05-02,2014,122,35.8409,127.1172,60.44
"South Korea/전주",아까시나무,2015-04-29,2015,119,35.8409,127.1172,60.44
"South Korea/전주",아까시나무,2016-04-29,2016,120,35.8409,127.1172,60.44
"South Korea/전주",아까시나무,2017-04-30,2017,120,35.8409,127.1172,60.44
"South Korea/전주",아까시나무,2018-04-26,2018,116,35.8409,127.1172,60.44
"South Korea/전주",아까시나무,2019-05-08,2019,128,35.8409,127.1172,60.44
"South Korea/전주",아까시나무,2020-05-06,2020,127,35.8409,127.1172,60.44
"South Korea/전주",아까시나무,2021-04-25,2021,115,35.8409,127.1172,60.44
"South Korea/전주",아까시나무,2022-05-04,2022,124,35.8409,127.1172,60.44
"South Korea/전주",아까시나무,2023-04-28,2023,118,35.8409,127.1172,60.44
"South Korea/전주",아까시나무,2024-04-28,2024,119,35.8409,127.1172,60.44
"South Korea/전주",아까시나무,2025-04-30,2025,120,35.8409,127.1172,60.44
"South Korea/정읍",아까시나무,1973-05-25,1973,145,35.5634,126.839,68.7
"South Korea/정읍",아까시나무,1975-05-14,1975,134,35.5634,126.839,68.7
"South Korea/정읍",아까시나무,1976-05-12,1976,133,35.5634,126.839,68.7
"South Korea/정읍",아까시나무,1977-05-11,1977,131,35.5634,126.839,68.7
"South Korea/정읍",아까시나무,1978-05-08,1978,128,35.5634,126.839,68.7
"South Korea/정읍",아까시나무,1979-05-03,1979,123,35.5634,126.839,68.7
"South Korea/정읍",아까시나무,1980-05-19,1980,140,35.5634,126.839,68.7
"South Korea/정읍",아까시나무,1981-05-07,1981,127,35.5634,126.839,68.7
"South Korea/정읍",아까시나무,1982-05-03,1982,123,35.5634,126.839,68.7
"South Korea/정읍",아까시나무,1983-05-05,1983,125,35.5634,126.839,68.7
"South Korea/정읍",아까시나무,1984-05-16,1984,137,35.5634,126.839,68.7
"South Korea/정읍",아까시나무,1985-05-16,1985,136,35.5634,126.839,68.7
"South Korea/정읍",아까시나무,1986-05-15,1986,135,35.5634,126.839,68.7
"South Korea/정읍",아까시나무,1987-05-18,1987,138,35.5634,126.839,68.7
"South Korea/정읍",아까시나무,1988-05-16,1988,137,35.5634,126.839,68.7
"South Korea/정읍",아까시나무,1989-05-12,1989,132,35.5634,126.839,68.7
"South Korea/정읍",아까시나무,1990-05-13,1990,133,35.5634,126.839,68.7
"South Korea/정읍",아까시나무,1991-05-11,1991,131,35.5634,126.839,68.7
"South Korea/정읍",아까시나무,1992-05-18,1992,139,35.5634,126.839,68.7
"South Korea/정읍",아까시나무,1993-05-14,1993,134,35.5634,126.839,68.7
"South Korea/정읍",아까시나무,1994-05-11,1994,131,35.5634,126.839,68.7
"South Korea/정읍",아까시나무,1995-05-17,1995,137,35.5634,126.839,68.7
"South Korea/정읍",아까시나무,1996-05-23,1996,144,35.5634,126.839,68.7
"South Korea/정읍",아까시나무,1997-04-29,1997,119,35.5634,126.839,68.7
"South Korea/정읍",아까시나무,1998-05-02,1998,122,35.5634,126.839,68.7
"South Korea/정읍",아까시나무,1999-05-09,1999,129,35.5634,126.839,68.7
"South Korea/정읍",아까시나무,2000-05-09,2000,130,35.5634,126.839,68.7
"South Korea/정읍",아까시나무,2001-05-12,2001,132,35.5634,126.839,68.7
"South Korea/정읍",아까시나무,2002-05-03,2002,123,35.5634,126.839,68.7
"South Korea/정읍",아까시나무,2003-05-03,2003,123,35.5634,126.839,68.7
"South Korea/정읍",아까시나무,2004-05-05,2004,126,35.5634,126.839,68.7
"South Korea/정읍",아까시나무,2005-05-10,2005,130,35.5634,126.839,68.7
"South Korea/정읍",아까시나무,2006-05-12,2006,132,35.5634,126.839,68.7
"South Korea/정읍",아까시나무,2007-05-10,2007,130,35.5634,126.839,68.7
"South Korea/정읍",아까시나무,2008-05-07,2008,128,35.5634,126.839,68.7
"South Korea/정읍",아까시나무,2009-05-08,2009,128,35.5634,126.839,68.7
"South Korea/정읍",아까시나무,2010-05-16,2010,136,35.5634,126.839,68.7
"South Korea/정읍",아까시나무,2011-05-17,2011,137,35.5634,126.839,68.7
"South Korea/정읍",아까시나무,2012-05-07,2012,128,35.5634,126.839,68.7
"South Korea/정읍",아까시나무,2013-05-03,2013,123,35.5634,126.839,68.7
"South Korea/정읍",아까시나무,2014-05-03,2014,123,35.5634,126.839,68.7
"South Korea/정읍",아까시나무,2015-05-03,2015,123,35.5634,126.839,68.7
"South Korea/고산",아까시나무,1999-04-11,1999,101,33.2938,126.1628,71.39
"South Korea/고산",아까시나무,2000-04-27,2000,118,33.2938,126.1628,71.39
"South Korea/고산",아까시나무,2001-05-01,2001,121,33.2938,126.1628,71.39
"South Korea/고산",아까시나무,2002-04-30,2002,120,33.2938,126.1628,71.39
"South Korea/고산",아까시나무,2003-05-05,2003,125,33.2938,126.1628,71.39
"South Korea/고산",아까시나무,2004-05-03,2004,124,33.2938,126.1628,71.39
"South Korea/고산",아까시나무,2005-05-04,2005,124,33.2938,126.1628,71.39
"South Korea/고산",아까시나무,2006-04-20,2006,110,33.2938,126.1628,71.39
"South Korea/고산",아까시나무,2007-04-26,2007,116,33.2938,126.1628,71.39
"South Korea/고산",아까시나무,2008-05-03,2008,124,33.2938,126.1628,71.39
"South Korea/고산",아까시나무,2009-05-06,2009,126,33.2938,126.1628,71.39
"South Korea/고산",아까시나무,2010-05-09,2010,129,33.2938,126.1628,71.39
"South Korea/고산",아까시나무,2011-05-19,2011,139,33.2938,126.1628,71.39
"South Korea/고산",아까시나무,2012-05-12,2012,133,33.2938,126.1628,71.39
"South Korea/고산",아까시나무,2013-05-20,2013,140,33.2938,126.1628,71.39
"South Korea/고산",아까시나무,2014-05-02,2014,122,33.2938,126.1628,71.39
"South Korea/서귀포",아까시나무,1973-05-15,1973,135,33.2462,126.5653,51.86
"South Korea/서귀포",아까시나무,1974-05-22,1974,142,33.2462,126.5653,51.86
"South Korea/서귀포",아까시나무,1975-05-18,1975,138,33.2462,126.5653,51.86
"South Korea/서귀포",아까시나무,1976-06-03,1976,155,33.2462,126.5653,51.86
"South Korea/서귀포",아까시나무,1977-05-12,1977,132,33.2462,126.5653,51.86
"South Korea/서귀포",아까시나무,1978-05-09,1978,129,33.2462,126.5653,51.86
"South Korea/서귀포",아까시나무,1979-05-10,1979,130,33.2462,126.5653,51.86
"South Korea/서귀포",아까시나무,1980-05-16,1980,137,33.2462,126.5653,51.86
"South Korea/서귀포",아까시나무,1981-05-20,1981,140,33.2462,126.5653,51.86
"South Korea/서귀포",아까시나무,1982-05-12,1982,132,33.2462,126.5653,51.86
"South Korea/서귀포",아까시나무,1988-05-08,1988,129,33.2462,126.5653,51.86
"South Korea/서귀포",아까시나무,1989-05-12,1989,132,33.2462,126.5653,51.86
"South Korea/서귀포",아까시나무,1990-04-29,1990,119,33.2462,126.5653,51.86
"South Korea/서귀포",아까시나무,1991-05-16,1991,136,33.2462,126.5653,51.86
"South Korea/서귀포",아까시나무,1996-05-10,1996,131,33.2462,126.5653,51.86
"South Korea/서귀포",아까시나무,1997-05-06,1997,126,33.2462,126.5653,51.86
"South Korea/서귀포",아까시나무,2000-05-15,2000,136,33.2462,126.5653,51.86
"South Korea/서귀포",아까시나무,2001-05-01,2001,121,33.2462,126.5653,51.86
"South Korea/서귀포",아까시나무,2002-04-28,2002,118,33.2462,126.5653,51.86
"South Korea/서귀포",아까시나무,2003-05-02,2003,122,33.2462,126.5653,51.86
"South Korea/서귀포",아까시나무,2004-05-06,2004,127,33.2462,126.5653,51.86
"South Korea/서귀포",아까시나무,2005-05-02,2005,122,33.2462,126.5653,51.86
"South Korea/서귀포",아까시나무,2006-04-15,2006,105,33.2462,126.5653,51.86
"South Korea/서귀포",아까시나무,2007-04-19,2007,109,33.2462,126.5653,51.86
"South Korea/서귀포",아까시나무,2008-05-03,2008,124,33.2462,126.5653,51.86
"South Korea/서귀포",아까시나무,2009-05-01,2009,121,33.2462,126.5653,51.86
"South Korea/서귀포",아까시나무,2010-05-08,2010,128,33.2462,126.5653,51.86
"South Korea/서귀포",아까시나무,2011-05-19,2011,139,33.2462,126.5653,51.86
"South Korea/서귀포",아까시나무,2021-04-17,2021,107,33.2462,126.5653,51.86
"South Korea/서귀포",아까시나무,2022-04-24,2022,114,33.2462,126.5653,51.86
"South Korea/서귀포",아까시나무,2023-04-19,2023,109,33.2462,126.5653,51.86
"South Korea/서귀포",아까시나무,2025-05-07,2025,127,33.2462,126.5653,51.86
"South Korea/성산",아까시나무,1973-05-14,1973,134,33.3868,126.8802,20.34
"South Korea/성산",아까시나무,1975-05-06,1975,126,33.3868,126.8802,20.34
"South Korea/성산",아까시나무,1976-05-20,1976,141,33.3868,126.8802,20.34
"South Korea/성산",아까시나무,1978-05-17,1978,137,33.3868,126.8802,20.34
"South Korea/성산",아까시나무,1984-05-08,1984,129,33.3868,126.8802,20.34
"South Korea/성산",아까시나무,1985-05-06,1985,126,33.3868,126.8802,20.34
"South Korea/성산",아까시나무,1988-05-16,1988,137,33.3868,126.8802,20.34
"South Korea/성산",아까시나무,1992-05-12,1992,133,33.3868,126.8802,20.34
"South Korea/성산",아까시나무,1993-05-11,1993,131,33.3868,126.8802,20.34
"South Korea/성산",아까시나무,1994-05-09,1994,129,33.3868,126.8802,20.34
"South Korea/성산",아까시나무,1995-05-06,1995,126,33.3868,126.8802,20.34
"South Korea/성산",아까시나무,1996-05-15,1996,136,33.3868,126.8802,20.34
"South Korea/성산",아까시나무,1997-05-06,1997,126,33.3868,126.8802,20.34
"South Korea/성산",아까시나무,1998-04-28,1998,118,33.3868,126.8802,20.34
"South Korea/성산",아까시나무,1999-05-01,1999,121,33.3868,126.8802,20.34
"South Korea/성산",아까시나무,2000-05-14,2000,135,33.3868,126.8802,20.34
"South Korea/성산",아까시나무,2001-05-08,2001,128,33.3868,126.8802,20.34
"South Korea/성산",아까시나무,2002-05-01,2002,121,33.3868,126.8802,20.34
"South Korea/성산",아까시나무,2003-05-07,2003,127,33.3868,126.8802,20.34
"South Korea/성산",아까시나무,2004-05-07,2004,128,33.3868,126.8802,20.34
"South Korea/성산",아까시나무,2005-05-06,2005,126,33.3868,126.8802,20.34
"South Korea/성산",아까시나무,2006-05-15,2006,135,33.3868,126.8802,20.34
"South Korea/성산",아까시나무,2007-04-19,2007,109,33.3868,126.8802,20.34
"South Korea/성산",아까시나무,2008-05-02,2008,123,33.3868,126.8802,20.34
"South Korea/성산",아까시나무,2009-05-05,2009,125,33.3868,126.8802,20.34
"South Korea/성산",아까시나무,2010-05-08,2010,128,33.3868,126.8802,20.34
"South Korea/성산",아까시나무,2011-05-20,2011,140,33.3868,126.8802,20.34
"South Korea/성산",아까시나무,2012-05-13,2012,134,33.3868,126.8802,20.34
"South Korea/성산",아까시나무,2013-05-12,2013,132,33.3868,126.8802,20.34
"South Korea/성산",아까시나무,2007-04-19,2007,109,33.3868,126.8802,20.34
"South Korea/성산",아까시나무,2008-05-02,2008,123,33.3868,126.8802,20.34
"South Korea/성산포",아까시나무,1973-05-14,1973,134,nan,nan,nan
"South Korea/성산포",아까시나무,1975-05-06,1975,126,nan,nan,nan
"South Korea/성산포",아까시나무,1976-05-20,1976,141,nan,nan,nan
"South Korea/성산포",아까시나무,1978-05-17,1978,137,nan,nan,nan
"South Korea/성산포",아까시나무,1984-05-08,1984,129,nan,nan,nan
"South Korea/성산포",아까시나무,1985-05-06,1985,126,nan,nan,nan
"South Korea/성산포",아까시나무,1988-05-16,1988,137,nan,nan,nan
"South Korea/성산포",아까시나무,1991-05-13,1991,133,nan,nan,nan
"South Korea/성산포",아까시나무,1992-05-12,1992,133,nan,nan,nan
"South Korea/성산포",아까시나무,1993-05-11,1993,131,nan,nan,nan
"South Korea/성산포",아까시나무,1994-05-09,1994,129,nan,nan,nan
"South Korea/성산포",아까시나무,1995-05-06,1995,126,nan,nan,nan
"South Korea/성산포",아까시나무,1996-05-15,1996,136,nan,nan,nan
"South Korea/성산포",아까시나무,1997-05-06,1997,126,nan,nan,nan
"South Korea/성산포",아까시나무,1998-04-28,1998,118,nan,nan,nan
"South Korea/성산포",아까시나무,1999-05-01,1999,121,nan,nan,nan
"South Korea/성산포",아까시나무,2000-05-14,2000,135,nan,nan,nan
"South Korea/성산포",아까시나무,2001-05-08,2001,128,nan,nan,nan
"South Korea/성산포",아까시나무,2002-05-01,2002,121,nan,nan,nan
"South Korea/성산포",아까시나무,2003-05-07,2003,127,nan,nan,nan
"South Korea/성산포",아까시나무,2004-05-07,2004,128,nan,nan,nan
"South Korea/성산포",아까시나무,2005-05-06,2005,126,nan,nan,nan
"South Korea/성산포",아까시나무,2006-05-15,2006,135,nan,nan,nan
"South Korea/제주",아까시나무,1973-05-10,1973,130,33.5141,126.5297,20.79
"South Korea/제주",아까시나무,1974-05-08,1974,128,33.5141,126.5297,20.79
"South Korea/제주",아까시나무,1975-05-18,1975,138,33.5141,126.5297,20.79
"South Korea/제주",아까시나무,1976-05-13,1976,134,33.5141,126.5297,20.79
"South Korea/제주",아까시나무,1978-04-13,1978,103,33.5141,126.5297,20.79
"South Korea/제주",아까시나무,1979-04-24,1979,114,33.5141,126.5297,20.79
"South Korea/제주",아까시나무,1980-05-11,1980,132,33.5141,126.5297,20.79
"South Korea/제주",아까시나무,1981-05-04,1981,124,33.5141,126.5297,20.79
"South Korea/제주",아까시나무,1983-05-03,1983,123,33.5141,126.5297,20.79
"South Korea/제주",아까시나무,1985-05-10,1985,130,33.5141,126.5297,20.79
"South Korea/제주",아까시나무,1986-05-11,1986,131,33.5141,126.5297,20.79
"South Korea/제주",아까시나무,1988-05-10,1988,131,33.5141,126.5297,20.79
"South Korea/제주",아까시나무,1989-05-01,1989,121,33.5141,126.5297,20.79
"South Korea/제주",아까시나무,1990-05-04,1990,124,33.5141,126.5297,20.79
"South Korea/제주",아까시나무,1991-05-13,1991,133,33.5141,126.5297,20.79
"South Korea/제주",아까시나무,1992-05-11,1992,132,33.5141,126.5297,20.79
"South Korea/제주",아까시나무,1993-05-08,1993,128,33.5141,126.5297,20.79
"South Korea/제주",아까시나무,1994-05-02,1994,122,33.5141,126.5297,20.79
"South Korea/제주",아까시나무,1995-05-07,1995,127,33.5141,126.5297,20.79
"South Korea/제주",아까시나무,1996-05-16,1996,137,33.5141,126.5297,20.79
"South Korea/제주",아까시나무,1997-05-05,1997,125,33.5141,126.5297,20.79
"South Korea/제주",아까시나무,1998-04-26,1998,116,33.5141,126.5297,20.79
"South Korea/제주",아까시나무,1999-05-03,1999,123,33.5141,126.5297,20.79
"South Korea/제주",아까시나무,2000-04-25,2000,116,33.5141,126.5297,20.79
"South Korea/제주",아까시나무,2001-05-04,2001,124,33.5141,126.5297,20.79
"South Korea/제주",아까시나무,2002-04-24,2002,114,33.5141,126.5297,20.79
"South Korea/제주",아까시나무,2003-05-01,2003,121,33.5141,126.5297,20.79
"South Korea/제주",아까시나무,2004-05-05,2004,126,33.5141,126.5297,20.79
"South Korea/제주",아까시나무,2005-05-05,2005,125,33.5141,126.5297,20.79
"South Korea/제주",아까시나무,2006-04-25,2006,115,33.5141,126.5297,20.79
"South Korea/제주",아까시나무,2007-04-22,2007,112,33.5141,126.5297,20.79
"South Korea/제주",아까시나무,2008-05-02,2008,123,33.5141,126.5297,20.79
"South Korea/제주",아까시나무,2009-05-03,2009,123,33.5141,126.5297,20.79
"South Korea/제주",아까시나무,2010-05-07,2010,127,33.5141,126.5297,20.79
"South Korea/제주",아까시나무,2011-05-11,2011,131,33.5141,126.5297,20.79
"South Korea/제주",아까시나무,2012-05-05,2012,126,33.5141,126.5297,20.79
"South Korea/제주",아까시나무,2013-05-10,2013,130,33.5141,126.5297,20.79
"South Korea/제주",아까시나무,2016-04-30,2016,121,33.5141,126.5297,20.79
"South Korea/제주",아까시나무,2017-05-02,2017,122,33.5141,126.5297,20.79
"South Korea/제주",아까시나무,2018-04-21,2018,111,33.5141,126.5297,20.79
"South Korea/제주",아까시나무,2019-04-30,2019,120,33.5141,126.5297,20.79
"South Korea/제주",아까시나무,2020-04-25,2020,116,33.5141,126.5297,20.79
"South Korea/제주",아까시나무,2021-04-15,2021,105,33.5141,126.5297,20.79
"South Korea/제주",아까시나무,2022-04-25,2022,115,33.5141,126.5297,20.79
"South Korea/제주",아까시나무,2023-04-21,2023,111,33.5141,126.5297,20.79
"South Korea/제주",아까시나무,2024-04-20,2024,111,33.5141,126.5297,20.79
"South Korea/제주",아까시나무,2025-04-23,2025,113,33.5141,126.5297,20.79
"South Korea/금산",아까시나무,1973-05-08,1973,128,36.1056,127.4818,172.69
"South Korea/금산",아까시나무,1977-05-04,1977,124,36.1056,127.4818,172.69
"South Korea/금산",아까시나무,1978-05-07,1978,127,36.1056,127.4818,172.69
"South Korea/금산",아까시나무,1979-05-10,1979,130,36.1056,127.4818,172.69
"South Korea/금산",아까시나무,1980-05-08,1980,129,36.1056,127.4818,172.69
"South Korea/금산",아까시나무,1981-05-10,1981,130,36.1056,127.4818,172.69
"South Korea/금산",아까시나무,1982-05-09,1982,129,36.1056,127.4818,172.69
"South Korea/금산",아까시나무,1983-05-03,1983,123,36.1056,127.4818,172.69
"South Korea/금산",아까시나무,1984-05-17,1984,138,36.1056,127.4818,172.69
"South Korea/금산",아까시나무,1985-05-11,1985,131,36.1056,127.4818,172.69
"South Korea/금산",아까시나무,1986-05-14,1986,134,36.1056,127.4818,172.69
"South Korea/금산",아까시나무,1989-05-06,1989,126,36.1056,127.4818,172.69
"South Korea/금산",아까시나무,1990-05-16,1990,136,36.1056,127.4818,172.69
"South Korea/금산",아까시나무,1991-05-16,1991,136,36.1056,127.4818,172.69
"South Korea/금산",아까시나무,1992-05-12,1992,133,36.1056,127.4818,172.69
"South Korea/금산",아까시나무,1993-05-16,1993,136,36.1056,127.4818,172.69
"South Korea/금산",아까시나무,1994-05-04,1994,124,36.1056,127.4818,172.69
"South Korea/금산",아까시나무,1995-05-12,1995,132,36.1056,127.4818,172.69
"South Korea/금산",아까시나무,1996-05-21,1996,142,36.1056,127.4818,172.69
"South Korea/금산",아까시나무,1997-05-12,1997,132,36.1056,127.4818,172.69
"South Korea/금산",아까시나무,1998-05-01,1998,121,36.1056,127.4818,172.69
"South Korea/금산",아까시나무,1999-05-11,1999,131,36.1056,127.4818,172.69
"South Korea/금산",아까시나무,2000-05-18,2000,139,36.1056,127.4818,172.69
"South Korea/금산",아까시나무,2001-05-10,2001,130,36.1056,127.4818,172.69
"South Korea/금산",아까시나무,2002-05-03,2002,123,36.1056,127.4818,172.69
"South Korea/금산",아까시나무,2003-05-10,2003,130,36.1056,127.4818,172.69
"South Korea/금산",아까시나무,2004-05-07,2004,128,36.1056,127.4818,172.69
"South Korea/금산",아까시나무,2005-05-07,2005,127,36.1056,127.4818,172.69
"South Korea/금산",아까시나무,2006-05-13,2006,133,36.1056,127.4818,172.69
"South Korea/금산",아까시나무,2007-05-13,2007,133,36.1056,127.4818,172.69
"South Korea/금산",아까시나무,2008-05-10,2008,131,36.1056,127.4818,172.69
"South Korea/보령",아까시나무,1973-05-09,1973,129,36.3272,126.5574,9.98
"South Korea/보령",아까시나무,1974-05-12,1974,132,36.3272,126.5574,9.98
"South Korea/보령",아까시나무,1975-05-15,1975,135,36.3272,126.5574,9.98
"South Korea/보령",아까시나무,1976-05-19,1976,140,36.3272,126.5574,9.98
"South Korea/보령",아까시나무,1977-05-17,1977,137,36.3272,126.5574,9.98
"South Korea/보령",아까시나무,1978-05-10,1978,130,36.3272,126.5574,9.98
"South Korea/보령",아까시나무,1979-05-15,1979,135,36.3272,126.5574,9.98
"South Korea/보령",아까시나무,1980-05-17,1980,138,36.3272,126.5574,9.98
"South Korea/보령",아까시나무,1981-05-14,1981,134,36.3272,126.5574,9.98
"South Korea/보령",아까시나무,1982-05-09,1982,129,36.3272,126.5574,9.98
"South Korea/보령",아까시나무,1983-05-12,1983,132,36.3272,126.5574,9.98
"South Korea/보령",아까시나무,1984-05-20,1984,141,36.3272,126.5574,9.98
"South Korea/보령",아까시나무,1985-05-14,1985,134,36.3272,126.5574,9.98
"South Korea/보령",아까시나무,1986-05-17,1986,137,36.3272,126.5574,9.98
"South Korea/보령",아까시나무,1987-05-21,1987,141,36.3272,126.5574,9.98
"South Korea/보령",아까시나무,1988-05-20,1988,141,36.3272,126.5574,9.98
"South Korea/보령",아까시나무,1989-05-09,1989,129,36.3272,126.5574,9.98
"South Korea/보령",아까시나무,1990-05-19,1990,139,36.3272,126.5574,9.98
"South Korea/보령",아까시나무,1991-05-17,1991,137,36.3272,126.5574,9.98
"South Korea/보령",아까시나무,1992-05-12,1992,133,36.3272,126.5574,9.98
"South Korea/보령",아까시나무,1993-05-16,1993,136,36.3272,126.5574,9.98
"South Korea/보령",아까시나무,1994-05-08,1994,128,36.3272,126.5574,9.98
"South Korea/보령",아까시나무,1995-05-16,1995,136,36.3272,126.5574,9.98
"South Korea/보령",아까시나무,1996-05-23,1996,144,36.3272,126.5574,9.98
"South Korea/보령",아까시나무,1997-05-16,1997,136,36.3272,126.5574,9.98
"South Korea/보령",아까시나무,1998-05-03,1998,123,36.3272,126.5574,9.98
"South Korea/보령",아까시나무,1999-05-12,1999,132,36.3272,126.5574,9.98
"South Korea/보령",아까시나무,2000-05-19,2000,140,36.3272,126.5574,9.98
"South Korea/보령",아까시나무,2001-05-16,2001,136,36.3272,126.5574,9.98
"South Korea/보령",아까시나무,2002-05-12,2002,132,36.3272,126.5574,9.98
"South Korea/보령",아까시나무,2003-05-16,2003,136,36.3272,126.5574,9.98
"South Korea/보령",아까시나무,2004-05-14,2004,135,36.3272,126.5574,9.98
"South Korea/보령",아까시나무,2005-05-17,2005,137,36.3272,126.5574,9.98
"South Korea/보령",아까시나무,2006-05-20,2006,140,36.3272,126.5574,9.98
"South Korea/보령",아까시나무,2007-05-18,2007,138,36.3272,126.5574,9.98
"South Korea/보령",아까시나무,2008-05-14,2008,135,36.3272,126.5574,9.98
"South Korea/보령",아까시나무,2009-05-14,2009,134,36.3272,126.5574,9.98
"South Korea/보령",아까시나무,2010-05-20,2010,140,36.3272,126.5574,9.98
"South Korea/보령",아까시나무,2011-05-19,2011,139,36.3272,126.5574,9.98
"South Korea/보령",아까시나무,2012-05-16,2012,137,36.3272,126.5574,9.98
"South Korea/보령",아까시나무,2013-05-25,2013,145,36.3272,126.5574,9.98
"South Korea/보령",아까시나무,2014-05-13,2014,133,36.3272,126.5574,9.98
"South Korea/보령",아까시나무,2015-05-10,2015,130,36.3272,126.5574,9.98
"South Korea/부여",아까시나무,1973-05-14,1973,134,36.2724,126.9208,13.42
"South Korea/부여",아까시나무,1977-05-11,1977,131,36.2724,126.9208,13.42
"South Korea/부여",아까시나무,1978-05-12,1978,132,36.2724,126.9208,13.42
"South Korea/부여",아까시나무,1979-05-17,1979,137,36.2724,126.9208,13.42
"South Korea/부여",아까시나무,1980-05-22,1980,143,36.2724,126.9208,13.42
"South Korea/부여",아까시나무,1981-05-16,1981,136,36.2724,126.9208,13.42
"South Korea/부여",아까시나무,1982-05-15,1982,135,36.2724,126.9208,13.42
"South Korea/부여",아까시나무,1983-05-12,1983,132,36.2724,126.9208,13.42
"South Korea/부여",아까시나무,1984-05-18,1984,139,36.2724,126.9208,13.42
"South Korea/부여",아까시나무,1985-05-15,1985,135,36.2724,126.9208,13.42
"South Korea/부여",아까시나무,1986-05-16,1986,136,36.2724,126.9208,13.42
"South Korea/부여",아까시나무,1987-05-16,1987,136,36.2724,126.9208,13.42
"South Korea/부여",아까시나무,1988-05-18,1988,139,36.2724,126.9208,13.42
"South Korea/부여",아까시나무,1989-05-09,1989,129,36.2724,126.9208,13.42
"South Korea/부여",아까시나무,1990-05-16,1990,136,36.2724,126.9208,13.42
"South Korea/부여",아까시나무,1991-05-14,1991,134,36.2724,126.9208,13.42
"South Korea/부여",아까시나무,1992-05-12,1992,133,36.2724,126.9208,13.42
"South Korea/부여",아까시나무,1993-05-16,1993,136,36.2724,126.9208,13.42
"South Korea/부여",아까시나무,1994-05-16,1994,136,36.2724,126.9208,13.42
"South Korea/부여",아까시나무,1995-05-17,1995,137,36.2724,126.9208,13.42
"South Korea/부여",아까시나무,1996-05-21,1996,142,36.2724,126.9208,13.42
"South Korea/부여",아까시나무,1997-05-12,1997,132,36.2724,126.9208,13.42
"South Korea/부여",아까시나무,1998-05-04,1998,124,36.2724,126.9208,13.42
"South Korea/부여",아까시나무,1999-05-12,1999,132,36.2724,126.9208,13.42
"South Korea/부여",아까시나무,2000-05-16,2000,137,36.2724,126.9208,13.42
"South Korea/부여",아까시나무,2001-05-12,2001,132,36.2724,126.9208,13.42
"South Korea/부여",아까시나무,2002-05-06,2002,126,36.2724,126.9208,13.42
"South Korea/부여",아까시나무,2003-05-05,2003,125,36.2724,126.9208,13.42
"South Korea/부여",아까시나무,2004-05-07,2004,128,36.2724,126.9208,13.42
"South Korea/부여",아까시나무,2005-05-06,2005,126,36.2724,126.9208,13.42
"South Korea/부여",아까시나무,2006-05-03,2006,123,36.2724,126.9208,13.42
"South Korea/부여",아까시나무,2007-05-10,2007,130,36.2724,126.9208,13.42
"South Korea/부여",아까시나무,2008-05-06,2008,127,36.2724,126.9208,13.42
"South Korea/서산",아까시나무,1973-05-17,1973,137,36.7766,126.4939,25.25
"South Korea/서산",아까시나무,1974-05-23,1974,143,36.7766,126.4939,25.25
"South Korea/서산",아까시나무,1975-05-16,1975,136,36.7766,126.4939,25.25
"South Korea/서산",아까시나무,1976-05-20,1976,141,36.7766,126.4939,25.25
"South Korea/서산",아까시나무,1977-05-15,1977,135,36.7766,126.4939,25.25
"South Korea/서산",아까시나무,1978-05-10,1978,130,36.7766,126.4939,25.25
"South Korea/서산",아까시나무,1979-05-08,1979,128,36.7766,126.4939,25.25
"South Korea/서산",아까시나무,1980-05-11,1980,132,36.7766,126.4939,25.25
"South Korea/서산",아까시나무,1981-05-12,1981,132,36.7766,126.4939,25.25
"South Korea/서산",아까시나무,1982-05-14,1982,134,36.7766,126.4939,25.25
"South Korea/서산",아까시나무,1983-05-14,1983,134,36.7766,126.4939,25.25
"South Korea/서산",아까시나무,1984-05-20,1984,141,36.7766,126.4939,25.25
"South Korea/서산",아까시나무,1985-05-18,1985,138,36.7766,126.4939,25.25
"South Korea/서산",아까시나무,1987-05-17,1987,137,36.7766,126.4939,25.25
"South Korea/서산",아까시나무,1988-05-16,1988,137,36.7766,126.4939,25.25
"South Korea/서산",아까시나무,1990-05-15,1990,135,36.7766,126.4939,25.25
"South Korea/서산",아까시나무,1991-05-17,1991,137,36.7766,126.4939,25.25
"South Korea/서산",아까시나무,1992-05-16,1992,137,36.7766,126.4939,25.25
"South Korea/서산",아까시나무,1993-05-20,1993,140,36.7766,126.4939,25.25
"South Korea/서산",아까시나무,1994-05-15,1994,135,36.7766,126.4939,25.25
"South Korea/서산",아까시나무,1995-05-23,1995,143,36.7766,126.4939,25.25
"South Korea/서산",아까시나무,1996-05-25,1996,146,36.7766,126.4939,25.25
"South Korea/서산",아까시나무,1997-05-20,1997,140,36.7766,126.4939,25.25
"South Korea/서산",아까시나무,1998-05-05,1998,125,36.7766,126.4939,25.25
"South Korea/서산",아까시나무,1999-05-17,1999,137,36.7766,126.4939,25.25
"South Korea/서산",아까시나무,2000-05-22,2000,143,36.7766,126.4939,25.25
"South Korea/서산",아까시나무,2001-05-17,2001,137,36.7766,126.4939,25.25
"South Korea/서산",아까시나무,2002-05-08,2002,128,36.7766,126.4939,25.25
"South Korea/서산",아까시나무,2003-05-14,2003,134,36.7766,126.4939,25.25
"South Korea/서산",아까시나무,2004-05-14,2004,135,36.7766,126.4939,25.25
"South Korea/서산",아까시나무,2005-05-15,2005,135,36.7766,126.4939,25.25
"South Korea/서산",아까시나무,2006-05-18,2006,138,36.7766,126.4939,25.25
"South Korea/서산",아까시나무,2007-05-20,2007,140,36.7766,126.4939,25.25
"South Korea/서산",아까시나무,2008-05-08,2008,129,36.7766,126.4939,25.25
"South Korea/서산",아까시나무,2009-05-08,2009,128,36.7766,126.4939,25.25
"South Korea/서산",아까시나무,2010-05-24,2010,144,36.7766,126.4939,25.25
"South Korea/서산",아까시나무,2011-05-22,2011,142,36.7766,126.4939,25.25
"South Korea/서산",아까시나무,2012-05-15,2012,136,36.7766,126.4939,25.25
"South Korea/서산",아까시나무,2013-05-22,2013,142,36.7766,126.4939,25.25
"South Korea/서산",아까시나무,2014-05-12,2014,132,36.7766,126.4939,25.25
"South Korea/서산",아까시나무,2015-05-13,2015,133,36.7766,126.4939,25.25
"South Korea/서산",아까시나무,2016-05-06,2016,127,36.7766,126.4939,25.25
"South Korea/서산",아까시나무,2017-05-07,2017,127,36.7766,126.4939,25.25
"South Korea/천안",아까시나무,1973-05-10,1973,130,36.7622,127.2928,84.78
"South Korea/천안",아까시나무,1974-05-19,1974,139,36.7622,127.2928,84.78
"South Korea/천안",아까시나무,1975-05-16,1975,136,36.7622,127.2928,84.78
"South Korea/천안",아까시나무,1976-05-14,1976,135,36.7622,127.2928,84.78
"South Korea/천안",아까시나무,1977-05-12,1977,132,36.7622,127.2928,84.78
"South Korea/천안",아까시나무,1978-05-16,1978,136,36.7622,127.2928,84.78
"South Korea/천안",아까시나무,1979-05-23,1979,143,36.7622,127.2928,84.78
"South Korea/천안",아까시나무,1980-05-21,1980,142,36.7622,127.2928,84.78
"South Korea/천안",아까시나무,1981-05-15,1981,135,36.7622,127.2928,84.78
"South Korea/천안",아까시나무,1984-05-18,1984,139,36.7622,127.2928,84.78
"South Korea/천안",아까시나무,1985-05-11,1985,131,36.7622,127.2928,84.78
"South Korea/천안",아까시나무,1986-05-17,1986,137,36.7622,127.2928,84.78
"South Korea/천안",아까시나무,1987-05-15,1987,135,36.7622,127.2928,84.78
"South Korea/천안",아까시나무,1988-05-16,1988,137,36.7622,127.2928,84.78
"South Korea/천안",아까시나무,1989-05-06,1989,126,36.7622,127.2928,84.78
"South Korea/천안",아까시나무,1990-05-15,1990,135,36.7622,127.2928,84.78
"South Korea/천안",아까시나무,1991-05-14,1991,134,36.7622,127.2928,84.78
"South Korea/천안",아까시나무,1992-05-04,1992,125,36.7622,127.2928,84.78
"South Korea/천안",아까시나무,1993-05-16,1993,136,36.7622,127.2928,84.78
"South Korea/천안",아까시나무,1994-05-08,1994,128,36.7622,127.2928,84.78
"South Korea/천안",아까시나무,1995-05-16,1995,136,36.7622,127.2928,84.78
"South Korea/천안",아까시나무,1996-05-19,1996,140,36.7622,127.2928,84.78
"South Korea/천안",아까시나무,1997-05-10,1997,130,36.7622,127.2928,84.78
"South Korea/천안",아까시나무,1998-05-06,1998,126,36.7622,127.2928,84.78
"South Korea/천안",아까시나무,1999-05-06,1999,126,36.7622,127.2928,84.78
"South Korea/천안",아까시나무,2000-05-17,2000,138,36.7622,127.2928,84.78
"South Korea/천안",아까시나무,2001-05-11,2001,131,36.7622,127.2928,84.78
"South Korea/천안",아까시나무,2002-05-03,2002,123,36.7622,127.2928,84.78
"South Korea/천안",아까시나무,2003-05-12,2003,132,36.7622,127.2928,84.78
"South Korea/천안",아까시나무,2004-05-10,2004,131,36.7622,127.2928,84.78
"South Korea/천안",아까시나무,2005-05-12,2005,132,36.7622,127.2928,84.78
"South Korea/천안",아까시나무,2006-05-15,2006,135,36.7622,127.2928,84.78
"South Korea/천안",아까시나무,2007-05-12,2007,132,36.7622,127.2928,84.78
"South Korea/천안",아까시나무,2008-05-20,2008,141,36.7622,127.2928,84.78
"South Korea/천안",아까시나무,2009-05-10,2009,130,36.7622,127.2928,84.78
"South Korea/천안",아까시나무,2010-05-16,2010,136,36.7622,127.2928,84.78
"South Korea/천안",아까시나무,2011-05-18,2011,138,36.7622,127.2928,84.78
"South Korea/천안",아까시나무,2012-05-07,2012,128,36.7622,127.2928,84.78
"South Korea/천안",아까시나무,2013-05-14,2013,134,36.7622,127.2928,84.78
"South Korea/천안",아까시나무,2014-05-05,2014,125,36.7622,127.2928,84.78
"South Korea/천안",아까시나무,2015-05-11,2015,131,36.7622,127.2928,84.78
"South Korea/홍성",아까시나무,2018-05-08,2018,128,36.6576,126.6877,27.74
"South Korea/홍성",아까시나무,2019-05-13,2019,133,36.6576,126.6877,27.74
"South Korea/홍성",아까시나무,2020-05-11,2020,132,36.6576,126.6877,27.74
"South Korea/홍성",아까시나무,2021-05-11,2021,131,36.6576,126.6877,27.74
"South Korea/홍성",아까시나무,2022-05-10,2022,130,36.6576,126.6877,27.74
"South Korea/홍성",아까시나무,2023-05-04,2023,124,36.6576,126.6877,27.74
"South Korea/홍성",아까시나무,2024-05-07,2024,128,36.6576,126.6877,27.74
"South Korea/홍성",아까시나무,2025-05-09,2025,129,36.6576,126.6877,27.74
"South Korea/보은",아까시나무,1973-05-15,1973,135,36.4876,127.7342,171.31
"South Korea/보은",아까시나무,1974-05-20,1974,140,36.4876,127.7342,171.31
"South Korea/보은",아까시나무,1976-05-22,1976,143,36.4876,127.7342,171.31
"South Korea/보은",아까시나무,1977-05-11,1977,131,36.4876,127.7342,171.31
"South Korea/보은",아까시나무,1978-05-14,1978,134,36.4876,127.7342,171.31
"South Korea/보은",아까시나무,1979-05-22,1979,142,36.4876,127.7342,171.31
"South Korea/보은",아까시나무,1980-05-29,1980,150,36.4876,127.7342,171.31
"South Korea/보은",아까시나무,1981-05-14,1981,134,36.4876,127.7342,171.31
"South Korea/보은",아까시나무,1982-05-16,1982,136,36.4876,127.7342,171.31
"South Korea/보은",아까시나무,1983-05-12,1983,132,36.4876,127.7342,171.31
"South Korea/보은",아까시나무,1984-05-16,1984,137,36.4876,127.7342,171.31
"South Korea/보은",아까시나무,1985-05-15,1985,135,36.4876,127.7342,171.31
"South Korea/보은",아까시나무,1986-05-19,1986,139,36.4876,127.7342,171.31
"South Korea/보은",아까시나무,1987-05-23,1987,143,36.4876,127.7342,171.31
"South Korea/보은",아까시나무,1988-05-18,1988,139,36.4876,127.7342,171.31
"South Korea/보은",아까시나무,1989-05-09,1989,129,36.4876,127.7342,171.31
"South Korea/보은",아까시나무,1990-05-17,1990,137,36.4876,127.7342,171.31
"South Korea/보은",아까시나무,1991-05-18,1991,138,36.4876,127.7342,171.31
"South Korea/보은",아까시나무,1992-05-21,1992,142,36.4876,127.7342,171.31
"South Korea/보은",아까시나무,1993-05-20,1993,140,36.4876,127.7342,171.31
"South Korea/보은",아까시나무,1994-05-07,1994,127,36.4876,127.7342,171.31
"South Korea/보은",아까시나무,1995-05-23,1995,143,36.4876,127.7342,171.31
"South Korea/보은",아까시나무,1996-05-19,1996,140,36.4876,127.7342,171.31
"South Korea/보은",아까시나무,1997-05-14,1997,134,36.4876,127.7342,171.31
"South Korea/보은",아까시나무,1998-05-07,1998,127,36.4876,127.7342,171.31
"South Korea/보은",아까시나무,1999-05-14,1999,134,36.4876,127.7342,171.31
"South Korea/보은",아까시나무,2000-05-22,2000,143,36.4876,127.7342,171.31
"South Korea/보은",아까시나무,2001-05-18,2001,138,36.4876,127.7342,171.31
"South Korea/보은",아까시나무,2002-05-11,2002,131,36.4876,127.7342,171.31
"South Korea/보은",아까시나무,2003-05-16,2003,136,36.4876,127.7342,171.31
"South Korea/보은",아까시나무,2004-05-10,2004,131,36.4876,127.7342,171.31
"South Korea/보은",아까시나무,2005-05-14,2005,134,36.4876,127.7342,171.31
"South Korea/보은",아까시나무,2006-05-16,2006,136,36.4876,127.7342,171.31
"South Korea/보은",아까시나무,2007-05-18,2007,138,36.4876,127.7342,171.31
"South Korea/보은",아까시나무,2008-05-11,2008,132,36.4876,127.7342,171.31
"South Korea/제천",아까시나무,1977-05-15,1977,135,37.1593,128.1943,264.62
"South Korea/제천",아까시나무,1978-05-10,1978,130,37.1593,128.1943,264.62
"South Korea/제천",아까시나무,1979-05-14,1979,134,37.1593,128.1943,264.62
"South Korea/제천",아까시나무,1980-05-16,1980,137,37.1593,128.1943,264.62
"South Korea/제천",아까시나무,1981-05-16,1981,136,37.1593,128.1943,264.62
"South Korea/제천",아까시나무,1982-05-13,1982,133,37.1593,128.1943,264.62
"South Korea/제천",아까시나무,1983-05-09,1983,129,37.1593,128.1943,264.62
"South Korea/제천",아까시나무,1984-05-13,1984,134,37.1593,128.1943,264.62
"South Korea/제천",아까시나무,1985-05-09,1985,129,37.1593,128.1943,264.62
"South Korea/제천",아까시나무,1986-05-18,1986,138,37.1593,128.1943,264.62
"South Korea/제천",아까시나무,1987-05-21,1987,141,37.1593,128.1943,264.62
"South Korea/제천",아까시나무,1988-05-15,1988,136,37.1593,128.1943,264.62
"South Korea/제천",아까시나무,1990-05-09,1990,129,37.1593,128.1943,264.62
"South Korea/제천",아까시나무,1991-05-13,1991,133,37.1593,128.1943,264.62
"South Korea/제천",아까시나무,1992-05-07,1992,128,37.1593,128.1943,264.62
"South Korea/제천",아까시나무,1993-05-10,1993,130,37.1593,128.1943,264.62
"South Korea/제천",아까시나무,1994-05-10,1994,130,37.1593,128.1943,264.62
"South Korea/제천",아까시나무,1995-05-14,1995,134,37.1593,128.1943,264.62
"South Korea/제천",아까시나무,1996-05-21,1996,142,37.1593,128.1943,264.62
"South Korea/제천",아까시나무,1997-05-16,1997,136,37.1593,128.1943,264.62
"South Korea/제천",아까시나무,1998-05-06,1998,126,37.1593,128.1943,264.62
"South Korea/제천",아까시나무,1999-05-12,1999,132,37.1593,128.1943,264.62
"South Korea/제천",아까시나무,2000-05-20,2000,141,37.1593,128.1943,264.62
"South Korea/제천",아까시나무,2001-05-15,2001,135,37.1593,128.1943,264.62
"South Korea/제천",아까시나무,2002-05-12,2002,132,37.1593,128.1943,264.62
"South Korea/제천",아까시나무,2003-05-16,2003,136,37.1593,128.1943,264.62
"South Korea/제천",아까시나무,2004-05-16,2004,137,37.1593,128.1943,264.62
"South Korea/제천",아까시나무,2005-05-17,2005,137,37.1593,128.1943,264.62
"South Korea/제천",아까시나무,2006-05-20,2006,140,37.1593,128.1943,264.62
"South Korea/제천",아까시나무,2007-05-22,2007,142,37.1593,128.1943,264.62
"South Korea/제천",아까시나무,2008-05-11,2008,132,37.1593,128.1943,264.62
"South Korea/청주",아까시나무,1975-05-12,1975,132,36.6392,127.4407,58.7
"South Korea/청주",아까시나무,1976-05-20,1976,141,36.6392,127.4407,58.7
"South Korea/청주",아까시나무,1977-05-13,1977,133,36.6392,127.4407,58.7
"South Korea/청주",아까시나무,1978-05-10,1978,130,36.6392,127.4407,58.7
"South Korea/청주",아까시나무,1979-05-16,1979,136,36.6392,127.4407,58.7
"South Korea/청주",아까시나무,1980-05-17,1980,138,36.6392,127.4407,58.7
"South Korea/청주",아까시나무,1982-05-10,1982,130,36.6392,127.4407,58.7
"South Korea/청주",아까시나무,1983-05-09,1983,129,36.6392,127.4407,58.7
"South Korea/청주",아까시나무,1984-05-15,1984,136,36.6392,127.4407,58.7
"South Korea/청주",아까시나무,1985-05-14,1985,134,36.6392,127.4407,58.7
"South Korea/청주",아까시나무,1986-05-12,1986,132,36.6392,127.4407,58.7
"South Korea/청주",아까시나무,1987-05-16,1987,136,36.6392,127.4407,58.7
"South Korea/청주",아까시나무,1988-05-13,1988,134,36.6392,127.4407,58.7
"South Korea/청주",아까시나무,1989-05-01,1989,121,36.6392,127.4407,58.7
"South Korea/청주",아까시나무,1990-05-14,1990,134,36.6392,127.4407,58.7
"South Korea/청주",아까시나무,1991-05-08,1991,128,36.6392,127.4407,58.7
"South Korea/청주",아까시나무,1992-05-05,1992,126,36.6392,127.4407,58.7
"South Korea/청주",아까시나무,1993-05-15,1993,135,36.6392,127.4407,58.7
"South Korea/청주",아까시나무,1994-05-08,1994,128,36.6392,127.4407,58.7
"South Korea/청주",아까시나무,1995-05-11,1995,131,36.6392,127.4407,58.7
"South Korea/청주",아까시나무,1996-05-16,1996,137,36.6392,127.4407,58.7
"South Korea/청주",아까시나무,1997-05-08,1997,128,36.6392,127.4407,58.7
"South Korea/청주",아까시나무,1998-04-29,1998,119,36.6392,127.4407,58.7
"South Korea/청주",아까시나무,1999-05-06,1999,126,36.6392,127.4407,58.7
"South Korea/청주",아까시나무,2000-05-12,2000,133,36.6392,127.4407,58.7
"South Korea/청주",아까시나무,2001-05-05,2001,125,36.6392,127.4407,58.7
"South Korea/청주",아까시나무,2002-05-01,2002,121,36.6392,127.4407,58.7
"South Korea/청주",아까시나무,2003-05-12,2003,132,36.6392,127.4407,58.7
"South Korea/청주",아까시나무,2004-05-05,2004,126,36.6392,127.4407,58.7
"South Korea/청주",아까시나무,2005-05-09,2005,129,36.6392,127.4407,58.7
"South Korea/청주",아까시나무,2006-05-15,2006,135,36.6392,127.4407,58.7
"South Korea/청주",아까시나무,2007-05-11,2007,131,36.6392,127.4407,58.7
"South Korea/청주",아까시나무,2008-05-03,2008,124,36.6392,127.4407,58.7
"South Korea/청주",아까시나무,2009-05-06,2009,126,36.6392,127.4407,58.7
"South Korea/청주",아까시나무,2010-05-16,2010,136,36.6392,127.4407,58.7
"South Korea/청주",아까시나무,2011-05-16,2011,136,36.6392,127.4407,58.7
"South Korea/청주",아까시나무,2012-05-08,2012,129,36.6392,127.4407,58.7
"South Korea/청주",아까시나무,2013-05-16,2013,136,36.6392,127.4407,58.7
"South Korea/청주",아까시나무,2014-05-07,2014,127,36.6392,127.4407,58.7
"South Korea/청주",아까시나무,2015-05-09,2015,129,36.6392,127.4407,58.7
"South Korea/청주",아까시나무,2016-05-01,2016,122,36.6392,127.4407,58.7
"South Korea/청주",아까시나무,2017-05-03,2017,123,36.6392,127.4407,58.7
"South Korea/청주",아까시나무,2018-05-02,2018,122,36.6392,127.4407,58.7
"South Korea/청주",아까시나무,2019-05-11,2019,131,36.6392,127.4407,58.7
"South Korea/청주",아까시나무,2020-05-07,2020,128,36.6392,127.4407,58.7
"South Korea/청주",아까시나무,2021-04-28,2021,118,36.6392,127.4407,58.7
"South Korea/청주",아까시나무,2022-04-29,2022,119,36.6392,127.4407,58.7
"South Korea/청주",아까시나무,2023-04-24,2023,114,36.6392,127.4407,58.7
"South Korea/청주",아까시나무,2024-04-28,2024,119,36.6392,127.4407,58.7
"South Korea/청주",아까시나무,2025-04-28,2025,118,36.6392,127.4407,58.7
"South Korea/추풍령",아까시나무,1973-05-11,1973,131,36.2203,127.9946,244.98
"South Korea/추풍령",아까시나무,1974-05-18,1974,138,36.2203,127.9946,244.98
"South Korea/추풍령",아까시나무,1975-05-19,1975,139,36.2203,127.9946,244.98
"South Korea/추풍령",아까시나무,1976-05-22,1976,143,36.2203,127.9946,244.98
"South Korea/추풍령",아까시나무,1977-05-13,1977,133,36.2203,127.9946,244.98
"South Korea/추풍령",아까시나무,1978-05-11,1978,131,36.2203,127.9946,244.98
"South Korea/추풍령",아까시나무,1979-05-18,1979,138,36.2203,127.9946,244.98
"South Korea/추풍령",아까시나무,1980-05-21,1980,142,36.2203,127.9946,244.98
"South Korea/추풍령",아까시나무,1981-05-08,1981,128,36.2203,127.9946,244.98
"South Korea/추풍령",아까시나무,1982-05-09,1982,129,36.2203,127.9946,244.98
"South Korea/추풍령",아까시나무,1984-05-14,1984,135,36.2203,127.9946,244.98
"South Korea/추풍령",아까시나무,1985-05-14,1985,134,36.2203,127.9946,244.98
"South Korea/추풍령",아까시나무,1986-05-10,1986,130,36.2203,127.9946,244.98
"South Korea/추풍령",아까시나무,1987-05-07,1987,127,36.2203,127.9946,244.98
"South Korea/추풍령",아까시나무,1988-05-09,1988,130,36.2203,127.9946,244.98
"South Korea/추풍령",아까시나무,1989-05-05,1989,125,36.2203,127.9946,244.98
"South Korea/추풍령",아까시나무,1990-05-12,1990,132,36.2203,127.9946,244.98
"South Korea/추풍령",아까시나무,1991-05-15,1991,135,36.2203,127.9946,244.98
"South Korea/추풍령",아까시나무,1992-05-14,1992,135,36.2203,127.9946,244.98
"South Korea/추풍령",아까시나무,1993-05-14,1993,134,36.2203,127.9946,244.98
"South Korea/추풍령",아까시나무,1994-05-07,1994,127,36.2203,127.9946,244.98
"South Korea/추풍령",아까시나무,1995-05-12,1995,132,36.2203,127.9946,244.98
"South Korea/추풍령",아까시나무,1996-05-20,1996,141,36.2203,127.9946,244.98
"South Korea/추풍령",아까시나무,1997-05-10,1997,130,36.2203,127.9946,244.98
"South Korea/추풍령",아까시나무,1998-05-05,1998,125,36.2203,127.9946,244.98
"South Korea/추풍령",아까시나무,1999-05-10,1999,130,36.2203,127.9946,244.98
"South Korea/추풍령",아까시나무,2000-05-18,2000,139,36.2203,127.9946,244.98
"South Korea/추풍령",아까시나무,2001-05-16,2001,136,36.2203,127.9946,244.98
"South Korea/추풍령",아까시나무,2002-05-01,2002,121,36.2203,127.9946,244.98
"South Korea/추풍령",아까시나무,2003-05-14,2003,134,36.2203,127.9946,244.98
"South Korea/추풍령",아까시나무,2004-05-11,2004,132,36.2203,127.9946,244.98
"South Korea/추풍령",아까시나무,2005-05-09,2005,129,36.2203,127.9946,244.98
"South Korea/추풍령",아까시나무,2006-05-11,2006,131,36.2203,127.9946,244.98
"South Korea/추풍령",아까시나무,2007-05-05,2007,125,36.2203,127.9946,244.98
"South Korea/추풍령",아까시나무,2008-05-03,2008,124,36.2203,127.9946,244.98
"South Korea/추풍령",아까시나무,2009-05-07,2009,127,36.2203,127.9946,244.98
"South Korea/추풍령",아까시나무,2010-05-15,2010,135,36.2203,127.9946,244.98
"South Korea/추풍령",아까시나무,2011-05-13,2011,133,36.2203,127.9946,244.98
"South Korea/추풍령",아까시나무,2012-05-09,2012,130,36.2203,127.9946,244.98
"South Korea/추풍령",아까시나무,2013-05-13,2013,133,36.2203,127.9946,244.98
"South Korea/추풍령",아까시나무,2014-05-08,2014,128,36.2203,127.9946,244.98
"South Korea/추풍령",아까시나무,2015-05-14,2015,134,36.2203,127.9946,244.98
"South Korea/충주",아까시나무,1979-05-26,1979,146,36.9705,127.9525,114.85
"South Korea/충주",아까시나무,1980-05-21,1980,142,36.9705,127.9525,114.85
"South Korea/충주",아까시나무,1981-05-15,1981,135,36.9705,127.9525,114.85
"South Korea/충주",아까시나무,1982-05-12,1982,132,36.9705,127.9525,114.85
"South Korea/충주",아까시나무,1983-05-08,1983,128,36.9705,127.9525,114.85
"South Korea/충주",아까시나무,1984-05-12,1984,133,36.9705,127.9525,114.85
"South Korea/충주",아까시나무,1985-05-19,1985,139,36.9705,127.9525,114.85
"South Korea/충주",아까시나무,1986-05-18,1986,138,36.9705,127.9525,114.85
"South Korea/충주",아까시나무,1987-05-19,1987,139,36.9705,127.9525,114.85
"South Korea/충주",아까시나무,1988-05-17,1988,138,36.9705,127.9525,114.85
"South Korea/충주",아까시나무,1989-05-10,1989,130,36.9705,127.9525,114.85
"South Korea/충주",아까시나무,1990-05-09,1990,129,36.9705,127.9525,114.85
"South Korea/충주",아까시나무,1991-05-13,1991,133,36.9705,127.9525,114.85
"South Korea/충주",아까시나무,1992-05-10,1992,131,36.9705,127.9525,114.85
"South Korea/충주",아까시나무,1993-05-19,1993,139,36.9705,127.9525,114.85
"South Korea/충주",아까시나무,1994-05-13,1994,133,36.9705,127.9525,114.85
"South Korea/충주",아까시나무,1995-05-15,1995,135,36.9705,127.9525,114.85
"South Korea/충주",아까시나무,1996-05-22,1996,143,36.9705,127.9525,114.85
"South Korea/충주",아까시나무,1997-05-12,1997,132,36.9705,127.9525,114.85
"South Korea/충주",아까시나무,1998-05-01,1998,121,36.9705,127.9525,114.85
"South Korea/충주",아까시나무,1999-05-09,1999,129,36.9705,127.9525,114.85
"South Korea/충주",아까시나무,2000-05-13,2000,134,36.9705,127.9525,114.85
"South Korea/충주",아까시나무,2001-05-01,2001,121,36.9705,127.9525,114.85
"South Korea/충주",아까시나무,2002-05-02,2002,122,36.9705,127.9525,114.85
"South Korea/충주",아까시나무,2003-05-11,2003,131,36.9705,127.9525,114.85
"South Korea/충주",아까시나무,2004-05-11,2004,132,36.9705,127.9525,114.85
"South Korea/충주",아까시나무,2005-05-10,2005,130,36.9705,127.9525,114.85
"South Korea/충주",아까시나무,2006-05-13,2006,133,36.9705,127.9525,114.85
"South Korea/충주",아까시나무,2007-05-13,2007,133,36.9705,127.9525,114.85
"South Korea/충주",아까시나무,2008-05-07,2008,128,36.9705,127.9525,114.85
"South Korea/충주",아까시나무,2009-05-07,2009,127,36.9705,127.9525,114.85
"South Korea/충주",아까시나무,2010-05-18,2010,138,36.9705,127.9525,114.85
"South Korea/충주",아까시나무,2011-05-19,2011,139,36.9705,127.9525,114.85
"South Korea/충주",아까시나무,2012-05-10,2012,131,36.9705,127.9525,114.85
"South Korea/충주",아까시나무,2013-05-19,2013,139,36.9705,127.9525,114.85
"South Korea/충주",아까시나무,2014-05-12,2014,132,36.9705,127.9525,114.85
"South Korea/충주",아까시나무,2015-05-08,2015,128,36.9705,127.9525,114.85
