"location","species","bloom_date","year","bloom_doy","lat","long","alt"
"South Korea/강릉",진달래,1973-03-22,1973,81,37.7515,128.891,27.12
"South Korea/강릉",진달래,1974-04-02,1974,92,37.7515,128.891,27.12
"South Korea/강릉",진달래,1975-03-28,1975,87,37.7515,128.891,27.12
"South Korea/강릉",진달래,1976-03-12,1976,72,37.7515,128.891,27.12
"South Korea/강릉",진달래,1977-03-26,1977,85,37.7515,128.891,27.12
"South Korea/강릉",진달래,1978-03-29,1978,88,37.7515,128.891,27.12
"South Korea/강릉",진달래,1979-03-21,1979,80,37.7515,128.891,27.12
"South Korea/강릉",진달래,1980-03-28,1980,88,37.7515,128.891,27.12
"South Korea/강릉",진달래,1981-04-06,1981,96,37.7515,128.891,27.12
"South Korea/강릉",진달래,1982-03-24,1982,83,37.7515,128.891,27.12
"South Korea/강릉",진달래,1983-03-31,1983,90,37.7515,128.891,27.12
"South Korea/강릉",진달래,1984-03-31,1984,91,37.7515,128.891,27.12
"South Korea/강릉",진달래,1985-03-28,1985,87,37.7515,128.891,27.12
"South Korea/강릉",진달래,1986-04-02,1986,92,37.7515,128.891,27.12
"South Korea/강릉",진달래,1987-03-29,1987,88,37.7515,128.891,27.12
"South Korea/강릉",진달래,1988-03-29,1988,89,37.7515,128.891,27.12
"South Korea/강릉",진달래,1989-03-19,1989,78,37.7515,128.891,27.12
"South Korea/강릉",진달래,1990-03-23,1990,82,37.7515,128.891,27.12
"South Korea/강릉",진달래,1991-04-03,1991,93,37.7515,128.891,27.12
"South Korea/강릉",진달래,1992-03-13,1992,73,37.7515,128.891,27.12
"South Korea/강릉",진달래,1993-03-27,1993,86,37.7515,128.891,27.12
"South Korea/강릉",진달래,1994-04-01,1994,91,37.7515,128.891,27.12
"South Korea/강릉",진달래,1995-04-01,1995,91,37.7515,128.891,27.12
"South Korea/강릉",진달래,1996-04-08,1996,99,37.7515,128.891,27.12
"South Korea/강릉",진달래,1997-03-30,1997,89,37.7515,128.891,27.12
"South Korea/강릉",진달래,1998-03-25,1998,84,37.7515,128.891,27.12
"South Korea/강릉",진달래,1999-03-29,1999,88,37.7515,128.891,27.12
"South Korea/강릉",진달래,2000-03-29,2000,89,37.7515,128.891,27.12
"South Korea/강릉",진달래,2001-04-01,2001,91,37.7515,128.891,27.12
"South Korea/강릉",진달래,2002-03-18,2002,77,37.7515,128.891,27.12
"South Korea/강릉",진달래,2003-03-30,2003,89,37.7515,128.891,27.12
"South Korea/강릉",진달래,2004-03-20,2004,80,37.7515,128.891,27.12
"South Korea/강릉",진달래,2005-04-09,2005,99,37.7515,128.891,27.12
"South Korea/강릉",진달래,2006-03-25,2006,84,37.7515,128.891,27.12
"South Korea/강릉",진달래,2007-03-22,2007,81,37.7515,128.891,27.12
"South Korea/강릉",진달래,2008-04-05,2008,96,37.7515,128.891,27.12
"South Korea/대관령",진달래,1973-05-05,1973,125,37.6771,128.7183,772.43
"South Korea/대관령",진달래,1974-05-04,1974,124,37.6771,128.7183,772.43
"South Korea/대관령",진달래,1977-04-25,1977,115,37.6771,128.7183,772.43
"South Korea/대관령",진달래,1979-05-18,1979,138,37.6771,128.7183,772.43
"South Korea/대관령",진달래,1980-05-16,1980,137,37.6771,128.7183,772.43
"South Korea/대관령",진달래,1982-04-22,1982,112,37.6771,128.7183,772.43
"South Korea/대관령",진달래,1983-04-20,1983,110,37.6771,128.7183,772.43
"South Korea/대관령",진달래,1984-05-09,1984,130,37.6771,128.7183,772.43
"South Korea/대관령",진달래,1985-05-06,1985,126,37.6771,128.7183,772.43
"South Korea/대관령",진달래,1986-04-29,1986,119,37.6771,128.7183,772.43
"South Korea/대관령",진달래,1987-05-02,1987,122,37.6771,128.7183,772.43
"South Korea/대관령",진달래,1988-05-01,1988,122,37.6771,128.7183,772.43
"South Korea/대관령",진달래,1989-04-26,1989,116,37.6771,128.7183,772.43
"South Korea/대관령",진달래,1990-04-28,1990,118,37.6771,128.7183,772.43
"South Korea/대관령",진달래,1991-04-28,1991,118,37.6771,128.7183,772.43
"South Korea/대관령",진달래,1992-04-29,1992,120,37.6771,128.7183,772.43
"South Korea/대관령",진달래,1993-04-30,1993,120,37.6771,128.7183,772.43
"South Korea/대관령",진달래,1994-04-26,1994,116,37.6771,128.7183,772.43
"South Korea/대관령",진달래,1995-04-30,1995,120,37.6771,128.7183,772.43
"South Korea/대관령",진달래,1996-05-04,1996,125,37.6771,128.7183,772.43
"South Korea/대관령",진달래,1997-04-29,1997,119,37.6771,128.7183,772.43
"South Korea/대관령",진달래,1998-04-18,1998,108,37.6771,128.7183,772.43
"South Korea/대관령",진달래,1999-04-27,1999,117,37.6771,128.7183,772.43
"South Korea/대관령",진달래,2000-05-03,2000,124,37.6771,128.7183,772.43
"South Korea/대관령",진달래,2001-04-25,2001,115,37.6771,128.7183,772.43
"South Korea/대관령",진달래,2002-04-16,2002,106,37.6771,128.7183,772.43
"South Korea/대관령",진달래,2003-05-01,2003,121,37.6771,128.7183,772.43
"South Korea/대관령",진달래,2004-04-17,2004,108,37.6771,128.7183,772.43
"South Korea/대관령",진달래,2005-04-25,2005,115,37.6771,128.7183,772.43
"South Korea/대관령",진달래,2006-05-03,2006,123,37.6771,128.7183,772.43
"South Korea/대관령",진달래,2007-05-02,2007,122,37.6771,128.7183,772.43
"South Korea/대관령",진달래,2008-04-30,2008,121,37.6771,128.7183,772.43
"South Korea/대관령",진달래,2009-04-24,2009,114,37.6771,128.7183,772.43
"South Korea/대관령",진달래,2010-05-13,2010,133,37.6771,128.7183,772.43
"South Korea/대관령",진달래,2011-05-13,2011,133,37.6771,128.7183,772.43
"South Korea/대관령",진달래,2012-05-01,2012,122,37.6771,128.7183,772.43
"South Korea/대관령",진달래,2013-05-13,2013,133,37.6771,128.7183,772.43
"South Korea/대관령",진달래,2014-05-01,2014,121,37.6771,128.7183,772.43
"South Korea/대관령",진달래,2015-05-01,2015,121,37.6771,128.7183,772.43
"South Korea/동해",진달래,1993-03-27,1993,86,37.5071,129.1243,40.46
"South Korea/동해",진달래,1994-04-01,1994,91,37.5071,129.1243,40.46
"South Korea/동해",진달래,1995-03-29,1995,88,37.5071,129.1243,40.46
"South Korea/동해",진달래,1996-04-07,1996,98,37.5071,129.1243,40.46
"South Korea/동해",진달래,1997-03-28,1997,87,37.5071,129.1243,40.46
"South Korea/동해",진달래,1998-03-19,1998,78,37.5071,129.1243,40.46
"South Korea/동해",진달래,1999-03-17,1999,76,37.5071,129.1243,40.46
"South Korea/동해",진달래,2000-03-23,2000,83,37.5071,129.1243,40.46
"South Korea/동해",진달래,2001-03-22,2001,81,37.5071,129.1243,40.46
"South Korea/동해",진달래,2002-03-12,2002,71,37.5071,129.1243,40.46
"South Korea/동해",진달래,2003-03-28,2003,87,37.5071,129.1243,40.46
"South Korea/동해",진달래,2004-03-20,2004,80,37.5071,129.1243,40.46
"South Korea/동해",진달래,2005-04-06,2005,96,37.5071,129.1243,40.46
"South Korea/동해",진달래,2006-03-21,2006,80,37.5071,129.1243,40.46
"South Korea/동해",진달래,2007-03-23,2007,82,37.5071,129.1243,40.46
"South Korea/동해",진달래,2008-03-21,2008,81,37.5071,129.1243,40.46
"South Korea/동해",진달래,2009-03-18,2009,77,37.5071,129.1243,40.46
"South Korea/동해",진달래,2010-04-03,2010,93,37.5071,129.1243,40.46
"South Korea/동해",진달래,2011-04-01,2011,91,37.5071,129.1243,40.46
"South Korea/동해",진달래,2012-04-05,2012,96,37.5071,129.1243,40.46
"South Korea/동해",진달래,2013-03-19,2013,78,37.5071,129.1243,40.46
"South Korea/동해",진달래,2014-03-26,2014,85,37.5071,129.1243,40.46
"South Korea/동해",진달래,2015-03-30,2015,89,37.5071,129.1243,40.46
"South Korea/북강릉",진달래,2009-03-19,2009,78,37.8046,128.8554,75.24
"South Korea/북강릉",진달래,2010-04-11,2010,101,37.8046,128.8554,75.24
"South Korea/북강릉",진달래,2011-04-11,2011,101,37.8046,128.8554,75.24
"South Korea/북강릉",진달래,2012-04-05,2012,96,37.8046,128.8554,75.24
"South Korea/북강릉",진달래,2013-04-01,2013,91,37.8046,128.8554,75.24
"South Korea/북강릉",진달래,2014-03-28,2014,87,37.8046,128.8554,75.24
"South Korea/북강릉",진달래,2015-03-27,2015,86,37.8046,128.8554,75.24
"South Korea/북강릉",진달래,2016-03-29,2016,89,37.8046,128.8554,75.24
"South Korea/북강릉",진달래,2017-03-24,2017,83,37.8046,128.8554,75.24
"South Korea/북강릉",진달래,2018-03-26,2018,85,37.8046,128.8554,75.24
"South Korea/북강릉",진달래,2019-03-19,2019,78,37.8046,128.8554,75.24
"South Korea/북강릉",진달래,2020-03-18,2020,78,37.8046,128.8554,75.24
"South Korea/북강릉",진달래,2021-03-19,2021,78,37.8046,128.8554,75.24
"South Korea/북강릉",진달래,2022-03-30,2022,89,37.8046,128.8554,75.24
"South Korea/북강릉",진달래,2023-03-17,2023,76,37.8046,128.8554,75.24
"South Korea/북강릉",진달래,2024-03-28,2024,88,37.8046,128.8554,75.24
"South Korea/북강릉",진달래,2025-03-25,2025,84,37.8046,128.8554,75.24
"South Korea/북춘천",진달래,2017-04-07,2017,97,37.9474,127.7544,95.78
"South Korea/북춘천",진달래,2018-04-06,2018,96,37.9474,127.7544,95.78
"South Korea/북춘천",진달래,2019-04-07,2019,97,37.9474,127.7544,95.78
"South Korea/북춘천",진달래,2020-03-26,2020,86,37.9474,127.7544,95.78
"South Korea/북춘천",진달래,2021-03-31,2021,90,37.9474,127.7544,95.78
"South Korea/북춘천",진달래,2022-04-04,2022,94,37.9474,127.7544,95.78
"South Korea/북춘천",진달래,2023-04-01,2023,91,37.9474,127.7544,95.78
"South Korea/북춘천",진달래,2024-03-28,2024,88,37.9474,127.7544,95.78
"South Korea/북춘천",진달래,2025-04-09,2025,99,37.9474,127.7544,95.78
"South Korea/삼척",진달래,1973-03-27,1973,86,nan,nan,nan
"South Korea/삼척",진달래,1974-03-31,1974,90,nan,nan,nan
"South Korea/삼척",진달래,1975-03-31,1975,90,nan,nan,nan
"South Korea/삼척",진달래,1976-03-25,1976,85,nan,nan,nan
"South Korea/삼척",진달래,1977-04-05,1977,95,nan,nan,nan
"South Korea/삼척",진달래,1978-04-03,1978,93,nan,nan,nan
"South Korea/삼척",진달래,1979-03-24,1979,83,nan,nan,nan
"South Korea/삼척",진달래,1980-03-29,1980,89,nan,nan,nan
"South Korea/삼척",진달래,1981-04-02,1981,92,nan,nan,nan
"South Korea/삼척",진달래,1982-03-17,1982,76,nan,nan,nan
"South Korea/삼척",진달래,1983-03-31,1983,90,nan,nan,nan
"South Korea/삼척",진달래,1984-04-07,1984,98,nan,nan,nan
"South Korea/삼척",진달래,1985-04-03,1985,93,nan,nan,nan
"South Korea/삼척",진달래,1986-04-07,1986,97,nan,nan,nan
"South Korea/삼척",진달래,1987-03-28,1987,87,nan,nan,nan
"South Korea/삼척",진달래,1988-03-30,1988,90,nan,nan,nan
"South Korea/삼척",진달래,1989-03-22,1989,81,nan,nan,nan
"South Korea/삼척",진달래,1990-03-25,1990,84,nan,nan,nan
"South Korea/삼척",진달래,1991-04-02,1991,92,nan,nan,nan
"South Korea/삼척",진달래,1992-03-20,1992,80,nan,nan,nan
"South Korea/삼척",진달래,1993-03-26,1993,85,nan,nan,nan
"South Korea/삼척",진달래,1994-04-04,1994,94,nan,nan,nan
"South Korea/삼척",진달래,1995-04-02,1995,92,nan,nan,nan
"South Korea/속초",진달래,1973-04-03,1973,93,38.2509,128.5647,17.53
"South Korea/속초",진달래,1974-04-04,1974,94,38.2509,128.5647,17.53
"South Korea/속초",진달래,1975-04-09,1975,99,38.2509,128.5647,17.53
"South Korea/속초",진달래,1976-04-13,1976,104,38.2509,128.5647,17.53
"South Korea/속초",진달래,1977-04-01,1977,91,38.2509,128.5647,17.53
"South Korea/속초",진달래,1978-04-03,1978,93,38.2509,128.5647,17.53
"South Korea/속초",진달래,1979-03-16,1979,75,38.2509,128.5647,17.53
"South Korea/속초",진달래,1980-03-31,1980,91,38.2509,128.5647,17.53
"South Korea/속초",진달래,1981-04-02,1981,92,38.2509,128.5647,17.53
"South Korea/속초",진달래,1982-04-01,1982,91,38.2509,128.5647,17.53
"South Korea/속초",진달래,1983-04-12,1983,102,38.2509,128.5647,17.53
"South Korea/속초",진달래,1984-04-07,1984,98,38.2509,128.5647,17.53
"South Korea/속초",진달래,1985-04-01,1985,91,38.2509,128.5647,17.53
"South Korea/속초",진달래,1986-04-12,1986,102,38.2509,128.5647,17.53
"South Korea/속초",진달래,1987-04-01,1987,91,38.2509,128.5647,17.53
"South Korea/속초",진달래,1988-04-02,1988,93,38.2509,128.5647,17.53
"South Korea/속초",진달래,1989-03-23,1989,82,38.2509,128.5647,17.53
"South Korea/속초",진달래,1990-04-02,1990,92,38.2509,128.5647,17.53
"South Korea/속초",진달래,1991-04-14,1991,104,38.2509,128.5647,17.53
"South Korea/속초",진달래,1992-04-02,1992,93,38.2509,128.5647,17.53
"South Korea/속초",진달래,1993-03-31,1993,90,38.2509,128.5647,17.53
"South Korea/속초",진달래,1994-04-05,1994,95,38.2509,128.5647,17.53
"South Korea/속초",진달래,1995-04-03,1995,93,38.2509,128.5647,17.53
"South Korea/속초",진달래,1996-04-08,1996,99,38.2509,128.5647,17.53
"South Korea/속초",진달래,1997-03-21,1997,80,38.2509,128.5647,17.53
"South Korea/속초",진달래,1998-03-22,1998,81,38.2509,128.5647,17.53
"South Korea/속초",진달래,1999-03-31,1999,90,38.2509,128.5647,17.53
"South Korea/속초",진달래,2000-04-08,2000,99,38.2509,128.5647,17.53
"South Korea/속초",진달래,2001-04-03,2001,93,38.2509,128.5647,17.53
"South Korea/속초",진달래,2002-03-16,2002,75,38.2509,128.5647,17.53
"South Korea/속초",진달래,2003-03-31,2003,90,38.2509,128.5647,17.53
"South Korea/속초",진달래,2004-03-28,2004,88,38.2509,128.5647,17.53
"South Korea/속초",진달래,2005-04-05,2005,95,38.2509,128.5647,17.53
"South Korea/속초",진달래,2006-03-26,2006,85,38.2509,128.5647,17.53
"South Korea/속초",진달래,2007-03-26,2007,85,38.2509,128.5647,17.53
"South Korea/속초",진달래,2008-04-01,2008,92,38.2509,128.5647,17.53
"South Korea/속초",진달래,2009-03-19,2009,78,38.2509,128.5647,17.53
"South Korea/속초",진달래,2010-04-12,2010,102,38.2509,128.5647,17.53
"South Korea/속초",진달래,2011-04-08,2011,98,38.2509,128.5647,17.53
"South Korea/속초",진달래,2012-04-09,2012,100,38.2509,128.5647,17.53
"South Korea/속초",진달래,2013-04-03,2013,93,38.2509,128.5647,17.53
"South Korea/속초",진달래,2014-03-26,2014,85,38.2509,128.5647,17.53
"South Korea/속초",진달래,2015-03-27,2015,86,38.2509,128.5647,17.53
"South Korea/영월",진달래,1995-04-04,1995,94,37.1813,128.4574,240.54
"South Korea/영월",진달래,1996-04-22,1996,113,37.1813,128.4574,240.54
"South Korea/영월",진달래,1997-04-10,1997,100,37.1813,128.4574,240.54
"South Korea/영월",진달래,1998-04-02,1998,92,37.1813,128.4574,240.54
"South Korea/영월",진달래,1999-04-14,1999,104,37.1813,128.4574,240.54
"South Korea/영월",진달래,2000-04-13,2000,104,37.1813,128.4574,240.54
"South Korea/영월",진달래,2001-04-09,2001,99,37.1813,128.4574,240.54
"South Korea/영월",진달래,2002-04-01,2002,91,37.1813,128.4574,240.54
"South Korea/영월",진달래,2003-04-06,2003,96,37.1813,128.4574,240.54
"South Korea/영월",진달래,2004-04-09,2004,100,37.1813,128.4574,240.54
"South Korea/영월",진달래,2005-04-11,2005,101,37.1813,128.4574,240.54
"South Korea/영월",진달래,2006-04-09,2006,99,37.1813,128.4574,240.54
"South Korea/영월",진달래,2007-04-03,2007,93,37.1813,128.4574,240.54
"South Korea/영월",진달래,2008-04-03,2008,94,37.1813,128.4574,240.54
"South Korea/영월",진달래,2009-04-02,2009,92,37.1813,128.4574,240.54
"South Korea/영월",진달래,2010-04-15,2010,105,37.1813,128.4574,240.54
"South Korea/영월",진달래,2011-04-14,2011,104,37.1813,128.4574,240.54
"South Korea/영월",진달래,2012-04-12,2012,103,37.1813,128.4574,240.54
"South Korea/영월",진달래,2013-04-10,2013,100,37.1813,128.4574,240.54
"South Korea/영월",진달래,2014-03-31,2014,90,37.1813,128.4574,240.54
"South Korea/영월",진달래,2015-04-04,2015,94,37.1813,128.4574,240.54
"South Korea/원주",진달래,1973-04-04,1973,94,37.3375,127.9466,150.11
"South Korea/원주",진달래,1974-04-04,1974,94,37.3375,127.9466,150.11
"South Korea/원주",진달래,1975-04-04,1975,94,37.3375,127.9466,150.11
"South Korea/원주",진달래,1976-04-06,1976,97,37.3375,127.9466,150.11
"South Korea/원주",진달래,1977-04-10,1977,100,37.3375,127.9466,150.11
"South Korea/원주",진달래,1978-04-09,1978,99,37.3375,127.9466,150.11
"South Korea/원주",진달래,1979-04-08,1979,98,37.3375,127.9466,150.11
"South Korea/원주",진달래,1980-04-01,1980,92,37.3375,127.9466,150.11
"South Korea/원주",진달래,1981-04-10,1981,100,37.3375,127.9466,150.11
"South Korea/원주",진달래,1982-04-03,1982,93,37.3375,127.9466,150.11
"South Korea/원주",진달래,1983-04-11,1983,101,37.3375,127.9466,150.11
"South Korea/원주",진달래,1984-04-17,1984,108,37.3375,127.9466,150.11
"South Korea/원주",진달래,1985-04-11,1985,101,37.3375,127.9466,150.11
"South Korea/원주",진달래,1986-04-10,1986,100,37.3375,127.9466,150.11
"South Korea/원주",진달래,1987-04-08,1987,98,37.3375,127.9466,150.11
"South Korea/원주",진달래,1988-04-11,1988,102,37.3375,127.9466,150.11
"South Korea/원주",진달래,1989-04-04,1989,94,37.3375,127.9466,150.11
"South Korea/원주",진달래,1990-03-31,1990,90,37.3375,127.9466,150.11
"South Korea/원주",진달래,1991-04-10,1991,100,37.3375,127.9466,150.11
"South Korea/원주",진달래,1992-03-31,1992,91,37.3375,127.9466,150.11
"South Korea/원주",진달래,1993-04-01,1993,91,37.3375,127.9466,150.11
"South Korea/원주",진달래,1994-04-01,1994,91,37.3375,127.9466,150.11
"South Korea/원주",진달래,1995-04-15,1995,105,37.3375,127.9466,150.11
"South Korea/원주",진달래,1996-04-22,1996,113,37.3375,127.9466,150.11
"South Korea/원주",진달래,1997-04-09,1997,99,37.3375,127.9466,150.11
"South Korea/원주",진달래,1998-04-04,1998,94,37.3375,127.9466,150.11
"South Korea/원주",진달래,1999-04-05,1999,95,37.3375,127.9466,150.11
"South Korea/원주",진달래,2000-04-07,2000,98,37.3375,127.9466,150.11
"South Korea/원주",진달래,2001-04-06,2001,96,37.3375,127.9466,150.11
"South Korea/원주",진달래,2002-03-29,2002,88,37.3375,127.9466,150.11
"South Korea/원주",진달래,2003-04-03,2003,93,37.3375,127.9466,150.11
"South Korea/원주",진달래,2004-04-02,2004,93,37.3375,127.9466,150.11
"South Korea/원주",진달래,2005-04-11,2005,101,37.3375,127.9466,150.11
"South Korea/원주",진달래,2006-04-09,2006,99,37.3375,127.9466,150.11
"South Korea/원주",진달래,2007-04-01,2007,91,37.3375,127.9466,150.11
"South Korea/원주",진달래,2008-04-06,2008,97,37.3375,127.9466,150.11
"South Korea/원주",진달래,2009-04-04,2009,94,37.3375,127.9466,150.11
"South Korea/원주",진달래,2010-04-09,2010,99,37.3375,127.9466,150.11
"South Korea/원주",진달래,2011-04-16,2011,106,37.3375,127.9466,150.11
"South Korea/원주",진달래,2012-04-11,2012,102,37.3375,127.9466,150.11
"South Korea/원주",진달래,2013-04-08,2013,98,37.3375,127.9466,150.11
"South Korea/원주",진달래,2014-03-31,2014,90,37.3375,127.9466,150.11
"South Korea/원주",진달래,2015-04-03,2015,93,37.3375,127.9466,150.11
"South Korea/인제",진달래,1973-03-28,1973,87,38.0599,128.1681,202.0
"South Korea/인제",진달래,1974-04-04,1974,94,38.0599,128.1681,202.0
"South Korea/인제",진달래,1975-04-15,1975,105,38.0599,128.1681,202.0
"South Korea/인제",진달래,1978-04-16,1978,106,38.0599,128.1681,202.0
"South Korea/인제",진달래,1985-04-09,1985,99,38.0599,128.1681,202.0
"South Korea/인제",진달래,1986-04-14,1986,104,38.0599,128.1681,202.0
"South Korea/인제",진달래,1987-04-17,1987,107,38.0599,128.1681,202.0
"South Korea/인제",진달래,1988-04-13,1988,104,38.0599,128.1681,202.0
"South Korea/인제",진달래,1989-04-06,1989,96,38.0599,128.1681,202.0
"South Korea/인제",진달래,1990-04-01,1990,91,38.0599,128.1681,202.0
"South Korea/인제",진달래,1991-04-14,1991,104,38.0599,128.1681,202.0
"South Korea/인제",진달래,1992-04-01,1992,92,38.0599,128.1681,202.0
"South Korea/인제",진달래,1993-04-10,1993,100,38.0599,128.1681,202.0
"South Korea/인제",진달래,1994-04-09,1994,99,38.0599,128.1681,202.0
"South Korea/인제",진달래,1995-04-24,1995,114,38.0599,128.1681,202.0
"South Korea/인제",진달래,1996-04-23,1996,114,38.0599,128.1681,202.0
"South Korea/인제",진달래,1997-04-13,1997,103,38.0599,128.1681,202.0
"South Korea/인제",진달래,1998-04-01,1998,91,38.0599,128.1681,202.0
"South Korea/인제",진달래,1999-04-07,1999,97,38.0599,128.1681,202.0
"South Korea/인제",진달래,2000-04-14,2000,105,38.0599,128.1681,202.0
"South Korea/인제",진달래,2001-04-15,2001,105,38.0599,128.1681,202.0
"South Korea/인제",진달래,2002-03-29,2002,88,38.0599,128.1681,202.0
"South Korea/인제",진달래,2003-04-07,2003,97,38.0599,128.1681,202.0
"South Korea/인제",진달래,2004-04-02,2004,93,38.0599,128.1681,202.0
"South Korea/인제",진달래,2005-04-11,2005,101,38.0599,128.1681,202.0
"South Korea/인제",진달래,2006-04-06,2006,96,38.0599,128.1681,202.0
"South Korea/인제",진달래,2007-04-10,2007,100,38.0599,128.1681,202.0
"South Korea/인제",진달래,2008-04-07,2008,98,38.0599,128.1681,202.0
"South Korea/철원",진달래,1989-04-04,1989,94,38.1479,127.3042,155.48
"South Korea/철원",진달래,1990-04-03,1990,93,38.1479,127.3042,155.48
"South Korea/철원",진달래,1991-04-12,1991,102,38.1479,127.3042,155.48
"South Korea/철원",진달래,1992-04-01,1992,92,38.1479,127.3042,155.48
"South Korea/철원",진달래,1993-04-05,1993,95,38.1479,127.3042,155.48
"South Korea/철원",진달래,1994-04-09,1994,99,38.1479,127.3042,155.48
"South Korea/철원",진달래,1995-04-15,1995,105,38.1479,127.3042,155.48
"South Korea/철원",진달래,1996-04-25,1996,116,38.1479,127.3042,155.48
"South Korea/철원",진달래,1997-04-10,1997,100,38.1479,127.3042,155.48
"South Korea/철원",진달래,1998-04-05,1998,95,38.1479,127.3042,155.48
"South Korea/철원",진달래,1999-04-14,1999,104,38.1479,127.3042,155.48
"South Korea/철원",진달래,2000-04-14,2000,105,38.1479,127.3042,155.48
"South Korea/철원",진달래,2001-04-16,2001,106,38.1479,127.3042,155.48
"South Korea/철원",진달래,2002-04-05,2002,95,38.1479,127.3042,155.48
"South Korea/철원",진달래,2003-04-06,2003,96,38.1479,127.3042,155.48
"South Korea/철원",진달래,2004-04-09,2004,100,38.1479,127.3042,155.48
"South Korea/철원",진달래,2005-04-15,2005,105,38.1479,127.3042,155.48
"South Korea/철원",진달래,2006-04-11,2006,101,38.1479,127.3042,155.48
"South Korea/철원",진달래,2007-04-09,2007,99,38.1479,127.3042,155.48
"South Korea/철원",진달래,2008-04-07,2008,98,38.1479,127.3042,155.48
"South Korea/철원",진달래,2009-04-07,2009,97,38.1479,127.3042,155.48
"South Korea/철원",진달래,2010-04-18,2010,108,38.1479,127.3042,155.48
"South Korea/철원",진달래,2011-04-11,2011,101,38.1479,127.3042,155.48
"South Korea/철원",진달래,2012-04-15,2012,106,38.1479,127.3042,155.48
"South Korea/철원",진달래,2013-04-16,2013,106,38.1479,127.3042,155.48
"South Korea/철원",진달래,2014-03-30,2014,89,38.1479,127.3042,155.48
"South Korea/철원",진달래,2015-04-06,2015,96,38.1479,127.3042,155.48
"South Korea/춘천",진달래,1973-04-04,1973,94,37.9026,127.7357,75.82
"South Korea/춘천",진달래,1974-04-08,1974,98,37.9026,127.7357,75.82
"South Korea/춘천",진달래,1975-04-11,1975,101,37.9026,127.7357,75.82
"South Korea/춘천",진달래,1976-04-09,1976,100,37.9026,127.7357,75.82
"South Korea/춘천",진달래,1977-04-05,1977,95,37.9026,127.7357,75.82
"South Korea/춘천",진달래,1978-04-10,1978,100,37.9026,127.7357,75.82
"South Korea/춘천",진달래,1979-04-02,1979,92,37.9026,127.7357,75.82
"South Korea/춘천",진달래,1980-04-03,1980,94,37.9026,127.7357,75.82
"South Korea/춘천",진달래,1981-04-04,1981,94,37.9026,127.7357,75.82
"South Korea/춘천",진달래,1982-03-27,1982,86,37.9026,127.7357,75.82
"South Korea/춘천",진달래,1983-04-09,1983,99,37.9026,127.7357,75.82
"South Korea/춘천",진달래,1984-04-12,1984,103,37.9026,127.7357,75.82
"South Korea/춘천",진달래,1985-04-11,1985,101,37.9026,127.7357,75.82
"South Korea/춘천",진달래,1986-04-11,1986,101,37.9026,127.7357,75.82
"South Korea/춘천",진달래,1987-04-10,1987,100,37.9026,127.7357,75.82
"South Korea/춘천",진달래,1988-04-06,1988,97,37.9026,127.7357,75.82
"South Korea/춘천",진달래,1989-04-01,1989,91,37.9026,127.7357,75.82
"South Korea/춘천",진달래,1990-04-01,1990,91,37.9026,127.7357,75.82
"South Korea/춘천",진달래,1991-04-09,1991,99,37.9026,127.7357,75.82
"South Korea/춘천",진달래,1992-03-31,1992,91,37.9026,127.7357,75.82
"South Korea/춘천",진달래,1993-04-02,1993,92,37.9026,127.7357,75.82
"South Korea/춘천",진달래,1994-04-05,1994,95,37.9026,127.7357,75.82
"South Korea/춘천",진달래,1995-04-13,1995,103,37.9026,127.7357,75.82
"South Korea/춘천",진달래,1996-04-18,1996,109,37.9026,127.7357,75.82
"South Korea/춘천",진달래,1997-04-07,1997,97,37.9026,127.7357,75.82
"South Korea/춘천",진달래,1998-03-30,1998,89,37.9026,127.7357,75.82
"South Korea/춘천",진달래,1999-04-06,1999,96,37.9026,127.7357,75.82
"South Korea/춘천",진달래,2000-04-07,2000,98,37.9026,127.7357,75.82
"South Korea/춘천",진달래,2001-04-08,2001,98,37.9026,127.7357,75.82
"South Korea/춘천",진달래,2002-03-28,2002,87,37.9026,127.7357,75.82
"South Korea/춘천",진달래,2003-04-02,2003,92,37.9026,127.7357,75.82
"South Korea/춘천",진달래,2004-04-03,2004,94,37.9026,127.7357,75.82
"South Korea/춘천",진달래,2005-04-11,2005,101,37.9026,127.7357,75.82
"South Korea/춘천",진달래,2006-04-09,2006,99,37.9026,127.7357,75.82
"South Korea/춘천",진달래,2007-04-06,2007,96,37.9026,127.7357,75.82
"South Korea/춘천",진달래,2008-04-03,2008,94,37.9026,127.7357,75.82
"South Korea/춘천",진달래,2009-04-06,2009,96,37.9026,127.7357,75.82
"South Korea/춘천",진달래,2010-04-14,2010,104,37.9026,127.7357,75.82
"South Korea/춘천",진달래,2011-04-11,2011,101,37.9026,127.7357,75.82
"South Korea/춘천",진달래,2012-04-13,2012,104,37.9026,127.7357,75.82
"South Korea/춘천",진달래,2013-04-16,2013,106,37.9026,127.7357,75.82
"South Korea/춘천",진달래,2014-03-29,2014,88,37.9026,127.7357,75.82
"South Korea/춘천",진달래,2015-04-03,2015,93,37.9026,127.7357,75.82
"South Korea/춘천",진달래,2016-04-02,2016,93,37.9026,127.7357,75.82
"South Korea/태백",진달래,1986-04-14,1986,104,37.1704,128.9893,714.45
"South Korea/태백",진달래,1987-04-17,1987,107,37.1704,128.9893,714.45
"South Korea/태백",진달래,1988-04-18,1988,109,37.1704,128.9893,714.45
"South Korea/태백",진달래,1989-04-12,1989,102,37.1704,128.9893,714.45
"South Korea/태백",진달래,1990-04-09,1990,99,37.1704,128.9893,714.45
"South Korea/태백",진달래,1991-04-15,1991,105,37.1704,128.9893,714.45
"South Korea/태백",진달래,1992-04-14,1992,105,37.1704,128.9893,714.45
"South Korea/태백",진달래,1993-04-19,1993,109,37.1704,128.9893,714.45
"South Korea/태백",진달래,1994-04-13,1994,103,37.1704,128.9893,714.45
"South Korea/태백",진달래,1995-04-21,1995,111,37.1704,128.9893,714.45
"South Korea/태백",진달래,1996-04-26,1996,117,37.1704,128.9893,714.45
"South Korea/태백",진달래,1997-04-20,1997,110,37.1704,128.9893,714.45
"South Korea/태백",진달래,1998-04-11,1998,101,37.1704,128.9893,714.45
"South Korea/태백",진달래,1999-04-17,1999,107,37.1704,128.9893,714.45
"South Korea/태백",진달래,2000-04-16,2000,107,37.1704,128.9893,714.45
"South Korea/태백",진달래,2001-04-15,2001,105,37.1704,128.9893,714.45
"South Korea/태백",진달래,2002-04-02,2002,92,37.1704,128.9893,714.45
"South Korea/태백",진달래,2003-04-16,2003,106,37.1704,128.9893,714.45
"South Korea/태백",진달래,2004-04-09,2004,100,37.1704,128.9893,714.45
"South Korea/태백",진달래,2005-04-17,2005,107,37.1704,128.9893,714.45
"South Korea/태백",진달래,2006-04-15,2006,105,37.1704,128.9893,714.45
"South Korea/태백",진달래,2007-04-17,2007,107,37.1704,128.9893,714.45
"South Korea/태백",진달래,2008-04-17,2008,108,37.1704,128.9893,714.45
"South Korea/홍천",진달래,1973-04-13,1973,103,37.6836,127.8804,140.2
"South Korea/홍천",진달래,1974-04-14,1974,104,37.6836,127.8804,140.2
"South Korea/홍천",진달래,1975-04-16,1975,106,37.6836,127.8804,140.2
"South Korea/홍천",진달래,1976-04-12,1976,103,37.6836,127.8804,140.2
"South Korea/홍천",진달래,1977-04-18,1977,108,37.6836,127.8804,140.2
"South Korea/홍천",진달래,1978-04-20,1978,110,37.6836,127.8804,140.2
"South Korea/홍천",진달래,1979-04-14,1979,104,37.6836,127.8804,140.2
"South Korea/홍천",진달래,1980-04-16,1980,107,37.6836,127.8804,140.2
"South Korea/홍천",진달래,1981-04-11,1981,101,37.6836,127.8804,140.2
"South Korea/홍천",진달래,1982-04-09,1982,99,37.6836,127.8804,140.2
"South Korea/홍천",진달래,1983-04-10,1983,100,37.6836,127.8804,140.2
"South Korea/홍천",진달래,1984-04-20,1984,111,37.6836,127.8804,140.2
"South Korea/홍천",진달래,1985-04-17,1985,107,37.6836,127.8804,140.2
"South Korea/홍천",진달래,1986-04-20,1986,110,37.6836,127.8804,140.2
"South Korea/홍천",진달래,1987-04-11,1987,101,37.6836,127.8804,140.2
"South Korea/홍천",진달래,1988-04-14,1988,105,37.6836,127.8804,140.2
"South Korea/홍천",진달래,1989-04-08,1989,98,37.6836,127.8804,140.2
"South Korea/홍천",진달래,1990-04-01,1990,91,37.6836,127.8804,140.2
"South Korea/홍천",진달래,1991-04-14,1991,104,37.6836,127.8804,140.2
"South Korea/홍천",진달래,1992-04-01,1992,92,37.6836,127.8804,140.2
"South Korea/홍천",진달래,1993-04-13,1993,103,37.6836,127.8804,140.2
"South Korea/홍천",진달래,1994-04-10,1994,100,37.6836,127.8804,140.2
"South Korea/홍천",진달래,1995-04-17,1995,107,37.6836,127.8804,140.2
"South Korea/홍천",진달래,1996-04-24,1996,115,37.6836,127.8804,140.2
"South Korea/홍천",진달래,1997-04-07,1997,97,37.6836,127.8804,140.2
"South Korea/홍천",진달래,1998-04-06,1998,96,37.6836,127.8804,140.2
"South Korea/홍천",진달래,1999-04-13,1999,103,37.6836,127.8804,140.2
"South Korea/홍천",진달래,2000-04-08,2000,99,37.6836,127.8804,140.2
"South Korea/홍천",진달래,2001-04-10,2001,100,37.6836,127.8804,140.2
"South Korea/홍천",진달래,2002-03-28,2002,87,37.6836,127.8804,140.2
"South Korea/홍천",진달래,2003-04-07,2003,97,37.6836,127.8804,140.2
"South Korea/홍천",진달래,2004-04-02,2004,93,37.6836,127.8804,140.2
"South Korea/홍천",진달래,2005-04-12,2005,102,37.6836,127.8804,140.2
"South Korea/홍천",진달래,2006-04-09,2006,99,37.6836,127.8804,140.2
"South Korea/홍천",진달래,2007-04-06,2007,96,37.6836,127.8804,140.2
"South Korea/홍천",진달래,2008-04-06,2008,97,37.6836,127.8804,140.2
"South Korea/동두천",진달래,1998-04-01,1998,91,37.9019,127.0607,115.62
"South Korea/동두천",진달래,1999-04-02,1999,92,37.9019,127.0607,115.62
"South Korea/동두천",진달래,2000-04-10,2000,101,37.9019,127.0607,115.62
"South Korea/동두천",진달래,2001-04-09,2001,99,37.9019,127.0607,115.62
"South Korea/동두천",진달래,2002-03-27,2002,86,37.9019,127.0607,115.62
"South Korea/동두천",진달래,2003-04-01,2003,91,37.9019,127.0607,115.62
"South Korea/동두천",진달래,2004-03-31,2004,91,37.9019,127.0607,115.62
"South Korea/동두천",진달래,2005-04-11,2005,101,37.9019,127.0607,115.62
"South Korea/동두천",진달래,2006-04-07,2006,97,37.9019,127.0607,115.62
"South Korea/동두천",진달래,2007-03-28,2007,87,37.9019,127.0607,115.62
"South Korea/동두천",진달래,2008-04-01,2008,92,37.9019,127.0607,115.62
"South Korea/동두천",진달래,2009-03-30,2009,89,37.9019,127.0607,115.62
"South Korea/동두천",진달래,2010-04-07,2010,97,37.9019,127.0607,115.62
"South Korea/동두천",진달래,2011-04-06,2011,96,37.9019,127.0607,115.62
"South Korea/동두천",진달래,2012-04-16,2012,107,37.9019,127.0607,115.62
"South Korea/동두천",진달래,2013-04-13,2013,103,37.9019,127.0607,115.62
"South Korea/동두천",진달래,2014-03-31,2014,90,37.9019,127.0607,115.62
"South Korea/동두천",진달래,2015-03-31,2015,90,37.9019,127.0607,115.62
"South Korea/수원",진달래,1973-04-01,1973,91,37.2575,126.983,39.81
"South Korea/수원",진달래,1974-04-09,1974,99,37.2575,126.983,39.81
"South Korea/수원",진달래,1975-04-13,1975,103,37.2575,126.983,39.81
"South Korea/수원",진달래,1976-04-09,1976,100,37.2575,126.983,39.81
"South Korea/수원",진달래,1977-04-03,1977,93,37.2575,126.983,39.81
"South Korea/수원",진달래,1978-04-08,1978,98,37.2575,126.983,39.81
"South Korea/수원",진달래,1979-03-28,1979,87,37.2575,126.983,39.81
"South Korea/수원",진달래,1980-04-04,1980,95,37.2575,126.983,39.81
"South Korea/수원",진달래,1981-04-02,1981,92,37.2575,126.983,39.81
"South Korea/수원",진달래,1982-03-31,1982,90,37.2575,126.983,39.81
"South Korea/수원",진달래,1983-04-02,1983,92,37.2575,126.983,39.81
"South Korea/수원",진달래,1984-04-10,1984,101,37.2575,126.983,39.81
"South Korea/수원",진달래,1985-04-08,1985,98,37.2575,126.983,39.81
"South Korea/수원",진달래,1986-04-07,1986,97,37.2575,126.983,39.81
"South Korea/수원",진달래,1987-04-04,1987,94,37.2575,126.983,39.81
"South Korea/수원",진달래,1988-04-06,1988,97,37.2575,126.983,39.81
"South Korea/수원",진달래,1989-03-25,1989,84,37.2575,126.983,39.81
"South Korea/수원",진달래,1990-03-22,1990,81,37.2575,126.983,39.81
"South Korea/수원",진달래,1991-04-05,1991,95,37.2575,126.983,39.81
"South Korea/수원",진달래,1992-03-23,1992,83,37.2575,126.983,39.81
"South Korea/수원",진달래,1993-03-29,1993,88,37.2575,126.983,39.81
"South Korea/수원",진달래,1994-04-05,1994,95,37.2575,126.983,39.81
"South Korea/수원",진달래,1995-04-01,1995,91,37.2575,126.983,39.81
"South Korea/수원",진달래,1996-04-11,1996,102,37.2575,126.983,39.81
"South Korea/수원",진달래,1997-04-03,1997,93,37.2575,126.983,39.81
"South Korea/수원",진달래,1998-03-20,1998,79,37.2575,126.983,39.81
"South Korea/수원",진달래,1999-03-31,1999,90,37.2575,126.983,39.81
"South Korea/수원",진달래,2000-04-04,2000,95,37.2575,126.983,39.81
"South Korea/수원",진달래,2001-04-04,2001,94,37.2575,126.983,39.81
"South Korea/수원",진달래,2002-03-24,2002,83,37.2575,126.983,39.81
"South Korea/수원",진달래,2003-03-21,2003,80,37.2575,126.983,39.81
"South Korea/수원",진달래,2004-03-26,2004,86,37.2575,126.983,39.81
"South Korea/수원",진달래,2005-03-28,2005,87,37.2575,126.983,39.81
"South Korea/수원",진달래,2006-03-26,2006,85,37.2575,126.983,39.81
"South Korea/수원",진달래,2007-03-22,2007,81,37.2575,126.983,39.81
"South Korea/수원",진달래,2008-03-26,2008,86,37.2575,126.983,39.81
"South Korea/수원",진달래,2009-04-02,2009,92,37.2575,126.983,39.81
"South Korea/수원",진달래,2010-04-11,2010,101,37.2575,126.983,39.81
"South Korea/수원",진달래,2011-04-11,2011,101,37.2575,126.983,39.81
"South Korea/수원",진달래,2012-04-07,2012,98,37.2575,126.983,39.81
"South Korea/수원",진달래,2013-04-09,2013,99,37.2575,126.983,39.81
"South Korea/수원",진달래,2014-03-27,2014,86,37.2575,126.983,39.81
"South Korea/수원",진달래,2015-04-01,2015,91,37.2575,126.983,39.81
"South Korea/수원",진달래,2016-03-29,2016,89,37.2575,126.983,39.81
"South Korea/수원",진달래,2017-04-01,2017,91,37.2575,126.983,39.81
"South Korea/수원",진달래,2018-03-30,2018,89,37.2575,126.983,39.81
"South Korea/수원",진달래,2019-04-03,2019,93,37.2575,126.983,39.81
"South Korea/수원",진달래,2020-03-20,2020,80,37.2575,126.983,39.81
"South Korea/수원",진달래,2021-03-23,2021,82,37.2575,126.983,39.81
"South Korea/수원",진달래,2022-03-30,2022,89,37.2575,126.983,39.81
"South Korea/수원",진달래,2023-03-24,2023,83,37.2575,126.983,39.81
"South Korea/수원",진달래,2024-03-27,2024,87,37.2575,126.983,39.81
"South Korea/수원",진달래,2025-03-29,2025,88,37.2575,126.983,39.81
"South Korea/양평",진달래,1977-04-03,1977,93,37.4886,127.4945,47.26
"South Korea/양평",진달래,1978-04-06,1978,96,37.4886,127.4945,47.26
"South Korea/양평",진달래,1979-04-02,1979,92,37.4886,127.4945,47.26
"South Korea/양평",진달래,1980-04-05,1980,96,37.4886,127.4945,47.26
"South Korea/양평",진달래,1981-04-06,1981,96,37.4886,127.4945,47.26
"South Korea/양평",진달래,1982-04-06,1982,96,37.4886,127.4945,47.26
"South Korea/양평",진달래,1983-04-10,1983,100,37.4886,127.4945,47.26
"South Korea/양평",진달래,1985-04-17,1985,107,37.4886,127.4945,47.26
"South Korea/양평",진달래,1986-04-19,1986,109,37.4886,127.4945,47.26
"South Korea/양평",진달래,1987-04-11,1987,101,37.4886,127.4945,47.26
"South Korea/양평",진달래,1988-04-13,1988,104,37.4886,127.4945,47.26
"South Korea/양평",진달래,1989-04-05,1989,95,37.4886,127.4945,47.26
"South Korea/양평",진달래,1990-04-01,1990,91,37.4886,127.4945,47.26
"South Korea/양평",진달래,1991-04-11,1991,101,37.4886,127.4945,47.26
"South Korea/양평",진달래,1992-03-20,1992,80,37.4886,127.4945,47.26
"South Korea/양평",진달래,1993-03-27,1993,86,37.4886,127.4945,47.26
"South Korea/양평",진달래,1994-04-15,1994,105,37.4886,127.4945,47.26
"South Korea/양평",진달래,1995-04-03,1995,93,37.4886,127.4945,47.26
"South Korea/양평",진달래,1996-04-14,1996,105,37.4886,127.4945,47.26
"South Korea/양평",진달래,1997-04-03,1997,93,37.4886,127.4945,47.26
"South Korea/양평",진달래,1998-03-30,1998,89,37.4886,127.4945,47.26
"South Korea/양평",진달래,1999-04-02,1999,92,37.4886,127.4945,47.26
"South Korea/양평",진달래,2000-04-03,2000,94,37.4886,127.4945,47.26
"South Korea/양평",진달래,2001-04-09,2001,99,37.4886,127.4945,47.26
"South Korea/양평",진달래,2002-03-27,2002,86,37.4886,127.4945,47.26
"South Korea/양평",진달래,2003-04-02,2003,92,37.4886,127.4945,47.26
"South Korea/양평",진달래,2004-04-02,2004,93,37.4886,127.4945,47.26
"South Korea/양평",진달래,2005-04-12,2005,102,37.4886,127.4945,47.26
"South Korea/양평",진달래,2006-04-05,2006,95,37.4886,127.4945,47.26
"South Korea/양평",진달래,2007-04-05,2007,95,37.4886,127.4945,47.26
"South Korea/양평",진달래,2008-04-07,2008,98,37.4886,127.4945,47.26
"South Korea/이천",진달래,1973-03-29,1973,88,37.264,127.4842,80.09
"South Korea/이천",진달래,1974-04-11,1974,101,37.264,127.4842,80.09
"South Korea/이천",진달래,1975-04-04,1975,94,37.264,127.4842,80.09
"South Korea/이천",진달래,1976-04-05,1976,96,37.264,127.4842,80.09
"South Korea/이천",진달래,1977-04-04,1977,94,37.264,127.4842,80.09
"South Korea/이천",진달래,1978-04-11,1978,101,37.264,127.4842,80.09
"South Korea/이천",진달래,1979-04-06,1979,96,37.264,127.4842,80.09
"South Korea/이천",진달래,1980-04-06,1980,97,37.264,127.4842,80.09
"South Korea/이천",진달래,1981-04-08,1981,98,37.264,127.4842,80.09
"South Korea/이천",진달래,1982-04-04,1982,94,37.264,127.4842,80.09
"South Korea/이천",진달래,1983-04-05,1983,95,37.264,127.4842,80.09
"South Korea/이천",진달래,1984-04-08,1984,99,37.264,127.4842,80.09
"South Korea/이천",진달래,1985-04-01,1985,91,37.264,127.4842,80.09
"South Korea/이천",진달래,1986-04-07,1986,97,37.264,127.4842,80.09
"South Korea/이천",진달래,1987-04-10,1987,100,37.264,127.4842,80.09
"South Korea/이천",진달래,1988-04-05,1988,96,37.264,127.4842,80.09
"South Korea/이천",진달래,1989-04-01,1989,91,37.264,127.4842,80.09
"South Korea/이천",진달래,1990-03-24,1990,83,37.264,127.4842,80.09
"South Korea/이천",진달래,1991-04-02,1991,92,37.264,127.4842,80.09
"South Korea/이천",진달래,1992-03-25,1992,85,37.264,127.4842,80.09
"South Korea/이천",진달래,1993-04-03,1993,93,37.264,127.4842,80.09
"South Korea/이천",진달래,1994-04-07,1994,97,37.264,127.4842,80.09
"South Korea/이천",진달래,1995-04-07,1995,97,37.264,127.4842,80.09
"South Korea/이천",진달래,1996-04-19,1996,110,37.264,127.4842,80.09
"South Korea/이천",진달래,1997-04-05,1997,95,37.264,127.4842,80.09
"South Korea/이천",진달래,1998-03-30,1998,89,37.264,127.4842,80.09
"South Korea/이천",진달래,1999-04-16,1999,106,37.264,127.4842,80.09
"South Korea/이천",진달래,2000-04-08,2000,99,37.264,127.4842,80.09
"South Korea/이천",진달래,2001-04-05,2001,95,37.264,127.4842,80.09
"South Korea/이천",진달래,2002-03-23,2002,82,37.264,127.4842,80.09
"South Korea/이천",진달래,2003-04-01,2003,91,37.264,127.4842,80.09
"South Korea/이천",진달래,2004-03-31,2004,91,37.264,127.4842,80.09
"South Korea/이천",진달래,2005-04-11,2005,101,37.264,127.4842,80.09
"South Korea/이천",진달래,2006-04-06,2006,96,37.264,127.4842,80.09
"South Korea/이천",진달래,2007-03-31,2007,90,37.264,127.4842,80.09
"South Korea/이천",진달래,2008-04-03,2008,94,37.264,127.4842,80.09
"South Korea/이천",진달래,2009-03-29,2009,88,37.264,127.4842,80.09
"South Korea/이천",진달래,2010-04-09,2010,99,37.264,127.4842,80.09
"South Korea/이천",진달래,2011-04-11,2011,101,37.264,127.4842,80.09
"South Korea/이천",진달래,2012-04-11,2012,102,37.264,127.4842,80.09
"South Korea/이천",진달래,2013-04-16,2013,106,37.264,127.4842,80.09
"South Korea/이천",진달래,2014-03-31,2014,90,37.264,127.4842,80.09
"South Korea/이천",진달래,2015-04-03,2015,93,37.264,127.4842,80.09
"South Korea/파주",진달래,2002-03-31,2002,90,37.8859,126.7665,30.59
"South Korea/파주",진달래,2003-04-05,2003,95,37.8859,126.7665,30.59
"South Korea/파주",진달래,2004-04-01,2004,92,37.8859,126.7665,30.59
"South Korea/파주",진달래,2005-04-12,2005,102,37.8859,126.7665,30.59
"South Korea/파주",진달래,2006-03-31,2006,90,37.8859,126.7665,30.59
"South Korea/파주",진달래,2007-04-04,2007,94,37.8859,126.7665,30.59
"South Korea/파주",진달래,2008-04-06,2008,97,37.8859,126.7665,30.59
"South Korea/파주",진달래,2009-04-05,2009,95,37.8859,126.7665,30.59
"South Korea/파주",진달래,2010-04-11,2010,101,37.8859,126.7665,30.59
"South Korea/파주",진달래,2011-04-13,2011,103,37.8859,126.7665,30.59
"South Korea/파주",진달래,2012-04-17,2012,108,37.8859,126.7665,30.59
"South Korea/파주",진달래,2013-04-15,2013,105,37.8859,126.7665,30.59
"South Korea/파주",진달래,2014-03-31,2014,90,37.8859,126.7665,30.59
"South Korea/파주",진달래,2015-04-03,2015,93,37.8859,126.7665,30.59
"South Korea/거제",진달래,1973-03-15,1973,74,34.8882,128.6046,44.83
"South Korea/거제",진달래,1974-03-18,1974,77,34.8882,128.6046,44.83
"South Korea/거제",진달래,1975-03-22,1975,81,34.8882,128.6046,44.83
"South Korea/거제",진달래,1976-03-19,1976,79,34.8882,128.6046,44.83
"South Korea/거제",진달래,1977-03-22,1977,81,34.8882,128.6046,44.83
"South Korea/거제",진달래,1978-03-25,1978,84,34.8882,128.6046,44.83
"South Korea/거제",진달래,1979-03-26,1979,85,34.8882,128.6046,44.83
"South Korea/거제",진달래,1980-03-26,1980,86,34.8882,128.6046,44.83
"South Korea/거제",진달래,1981-03-26,1981,85,34.8882,128.6046,44.83
"South Korea/거제",진달래,1982-03-21,1982,80,34.8882,128.6046,44.83
"South Korea/거제",진달래,1983-03-24,1983,83,34.8882,128.6046,44.83
"South Korea/거제",진달래,1984-04-06,1984,97,34.8882,128.6046,44.83
"South Korea/거제",진달래,1985-03-29,1985,88,34.8882,128.6046,44.83
"South Korea/거제",진달래,1986-03-31,1986,90,34.8882,128.6046,44.83
"South Korea/거제",진달래,1987-03-14,1987,73,34.8882,128.6046,44.83
"South Korea/거제",진달래,1988-03-24,1988,84,34.8882,128.6046,44.83
"South Korea/거제",진달래,1989-03-14,1989,73,34.8882,128.6046,44.83
"South Korea/거제",진달래,1990-03-12,1990,71,34.8882,128.6046,44.83
"South Korea/거제",진달래,1991-03-28,1991,87,34.8882,128.6046,44.83
"South Korea/거제",진달래,1992-03-18,1992,78,34.8882,128.6046,44.83
"South Korea/거제",진달래,1993-03-26,1993,85,34.8882,128.6046,44.83
"South Korea/거제",진달래,1994-03-26,1994,85,34.8882,128.6046,44.83
"South Korea/거제",진달래,1995-03-26,1995,85,34.8882,128.6046,44.83
"South Korea/거제",진달래,1996-03-29,1996,89,34.8882,128.6046,44.83
"South Korea/거제",진달래,1997-03-23,1997,82,34.8882,128.6046,44.83
"South Korea/거제",진달래,1998-03-20,1998,79,34.8882,128.6046,44.83
"South Korea/거제",진달래,1999-03-26,1999,85,34.8882,128.6046,44.83
"South Korea/거제",진달래,2000-03-25,2000,85,34.8882,128.6046,44.83
"South Korea/거제",진달래,2001-03-27,2001,86,34.8882,128.6046,44.83
"South Korea/거제",진달래,2002-03-15,2002,74,34.8882,128.6046,44.83
"South Korea/거제",진달래,2003-03-20,2003,79,34.8882,128.6046,44.83
"South Korea/거제",진달래,2004-03-18,2004,78,34.8882,128.6046,44.83
"South Korea/거제",진달래,2005-03-29,2005,88,34.8882,128.6046,44.83
"South Korea/거제",진달래,2006-03-23,2006,82,34.8882,128.6046,44.83
"South Korea/거제",진달래,2007-03-18,2007,77,34.8882,128.6046,44.83
"South Korea/거제",진달래,2008-03-25,2008,85,34.8882,128.6046,44.83
"South Korea/거창",진달래,1974-04-08,1974,98,35.6674,127.9099,228.45
"South Korea/거창",진달래,1975-04-09,1975,99,35.6674,127.9099,228.45
"South Korea/거창",진달래,1976-04-06,1976,97,35.6674,127.9099,228.45
"South Korea/거창",진달래,1978-04-01,1978,91,35.6674,127.9099,228.45
"South Korea/거창",진달래,1979-03-27,1979,86,35.6674,127.9099,228.45
"South Korea/거창",진달래,1980-04-02,1980,93,35.6674,127.9099,228.45
"South Korea/거창",진달래,1981-04-06,1981,96,35.6674,127.9099,228.45
"South Korea/거창",진달래,1990-03-22,1990,81,35.6674,127.9099,228.45
"South Korea/거창",진달래,1991-04-04,1991,94,35.6674,127.9099,228.45
"South Korea/거창",진달래,1992-03-27,1992,87,35.6674,127.9099,228.45
"South Korea/거창",진달래,1993-03-27,1993,86,35.6674,127.9099,228.45
"South Korea/거창",진달래,1994-04-07,1994,97,35.6674,127.9099,228.45
"South Korea/거창",진달래,1995-03-30,1995,89,35.6674,127.9099,228.45
"South Korea/거창",진달래,1996-04-10,1996,101,35.6674,127.9099,228.45
"South Korea/거창",진달래,1997-03-29,1997,88,35.6674,127.9099,228.45
"South Korea/거창",진달래,1998-03-26,1998,85,35.6674,127.9099,228.45
"South Korea/거창",진달래,1999-03-27,1999,86,35.6674,127.9099,228.45
"South Korea/거창",진달래,2000-04-01,2000,92,35.6674,127.9099,228.45
"South Korea/거창",진달래,2001-03-31,2001,90,35.6674,127.9099,228.45
"South Korea/거창",진달래,2002-03-20,2002,79,35.6674,127.9099,228.45
"South Korea/거창",진달래,2003-03-31,2003,90,35.6674,127.9099,228.45
"South Korea/거창",진달래,2004-03-28,2004,88,35.6674,127.9099,228.45
"South Korea/거창",진달래,2005-04-09,2005,99,35.6674,127.9099,228.45
"South Korea/거창",진달래,2006-04-03,2006,93,35.6674,127.9099,228.45
"South Korea/거창",진달래,2007-03-29,2007,88,35.6674,127.9099,228.45
"South Korea/거창",진달래,2008-04-03,2008,94,35.6674,127.9099,228.45
"South Korea/거창",진달래,2009-03-21,2009,80,35.6674,127.9099,228.45
"South Korea/거창",진달래,2010-04-05,2010,95,35.6674,127.9099,228.45
"South Korea/거창",진달래,2011-04-08,2011,98,35.6674,127.9099,228.45
"South Korea/거창",진달래,2012-04-09,2012,100,35.6674,127.9099,228.45
"South Korea/거창",진달래,2013-03-30,2013,89,35.6674,127.9099,228.45
"South Korea/거창",진달래,2014-03-28,2014,87,35.6674,127.9099,228.45
"South Korea/거창",진달래,2015-03-30,2015,89,35.6674,127.9099,228.45
"South Korea/남해",진달래,1973-03-13,1973,72,34.8166,127.9264,45.71
"South Korea/남해",진달래,1974-03-15,1974,74,34.8166,127.9264,45.71
"South Korea/남해",진달래,1975-03-13,1975,72,34.8166,127.9264,45.71
"South Korea/남해",진달래,1976-03-12,1976,72,34.8166,127.9264,45.71
"South Korea/남해",진달래,1977-04-02,1977,92,34.8166,127.9264,45.71
"South Korea/남해",진달래,1978-04-16,1978,106,34.8166,127.9264,45.71
"South Korea/남해",진달래,1979-04-02,1979,92,34.8166,127.9264,45.71
"South Korea/남해",진달래,1980-04-03,1980,94,34.8166,127.9264,45.71
"South Korea/남해",진달래,1981-03-28,1981,87,34.8166,127.9264,45.71
"South Korea/남해",진달래,1982-03-22,1982,81,34.8166,127.9264,45.71
"South Korea/남해",진달래,1983-03-20,1983,79,34.8166,127.9264,45.71
"South Korea/남해",진달래,1984-04-06,1984,97,34.8166,127.9264,45.71
"South Korea/남해",진달래,1985-04-01,1985,91,34.8166,127.9264,45.71
"South Korea/남해",진달래,1986-04-01,1986,91,34.8166,127.9264,45.71
"South Korea/남해",진달래,1987-03-24,1987,83,34.8166,127.9264,45.71
"South Korea/남해",진달래,1988-03-28,1988,88,34.8166,127.9264,45.71
"South Korea/남해",진달래,1989-03-20,1989,79,34.8166,127.9264,45.71
"South Korea/남해",진달래,1990-03-12,1990,71,34.8166,127.9264,45.71
"South Korea/남해",진달래,1991-03-28,1991,87,34.8166,127.9264,45.71
"South Korea/남해",진달래,1992-03-17,1992,77,34.8166,127.9264,45.71
"South Korea/남해",진달래,1993-03-25,1993,84,34.8166,127.9264,45.71
"South Korea/남해",진달래,1994-03-25,1994,84,34.8166,127.9264,45.71
"South Korea/남해",진달래,1995-03-29,1995,88,34.8166,127.9264,45.71
"South Korea/남해",진달래,1996-03-30,1996,90,34.8166,127.9264,45.71
"South Korea/남해",진달래,1997-03-25,1997,84,34.8166,127.9264,45.71
"South Korea/남해",진달래,1998-03-20,1998,79,34.8166,127.9264,45.71
"South Korea/남해",진달래,1999-03-25,1999,84,34.8166,127.9264,45.71
"South Korea/남해",진달래,2000-03-26,2000,86,34.8166,127.9264,45.71
"South Korea/남해",진달래,2001-03-24,2001,83,34.8166,127.9264,45.71
"South Korea/남해",진달래,2002-03-15,2002,74,34.8166,127.9264,45.71
"South Korea/남해",진달래,2003-03-24,2003,83,34.8166,127.9264,45.71
"South Korea/남해",진달래,2004-03-24,2004,84,34.8166,127.9264,45.71
"South Korea/남해",진달래,2005-04-05,2005,95,34.8166,127.9264,45.71
"South Korea/남해",진달래,2006-03-22,2006,81,34.8166,127.9264,45.71
"South Korea/남해",진달래,2007-03-20,2007,79,34.8166,127.9264,45.71
"South Korea/남해",진달래,2008-03-25,2008,85,34.8166,127.9264,45.71
"South Korea/밀양",진달래,1973-03-23,1973,82,35.4915,128.7441,8.31
"South Korea/밀양",진달래,1974-04-05,1974,95,35.4915,128.7441,8.31
"South Korea/밀양",진달래,1975-03-31,1975,90,35.4915,128.7441,8.31
"South Korea/밀양",진달래,1976-03-26,1976,86,35.4915,128.7441,8.31
"South Korea/밀양",진달래,1977-03-21,1977,80,35.4915,128.7441,8.31
"South Korea/밀양",진달래,1978-03-20,1978,79,35.4915,128.7441,8.31
"South Korea/밀양",진달래,1979-03-27,1979,86,35.4915,128.7441,8.31
"South Korea/밀양",진달래,1980-04-03,1980,94,35.4915,128.7441,8.31
"South Korea/밀양",진달래,1981-04-02,1981,92,35.4915,128.7441,8.31
"South Korea/밀양",진달래,1982-03-28,1982,87,35.4915,128.7441,8.31
"South Korea/밀양",진달래,1983-04-03,1983,93,35.4915,128.7441,8.31
"South Korea/밀양",진달래,1984-04-09,1984,100,35.4915,128.7441,8.31
"South Korea/밀양",진달래,1985-04-01,1985,91,35.4915,128.7441,8.31
"South Korea/밀양",진달래,1986-03-27,1986,86,35.4915,128.7441,8.31
"South Korea/밀양",진달래,1987-03-24,1987,83,35.4915,128.7441,8.31
"South Korea/밀양",진달래,1988-03-27,1988,87,35.4915,128.7441,8.31
"South Korea/밀양",진달래,1989-03-24,1989,83,35.4915,128.7441,8.31
"South Korea/밀양",진달래,1990-03-21,1990,80,35.4915,128.7441,8.31
"South Korea/밀양",진달래,1991-03-24,1991,83,35.4915,128.7441,8.31
"South Korea/밀양",진달래,1992-03-19,1992,79,35.4915,128.7441,8.31
"South Korea/밀양",진달래,1993-03-22,1993,81,35.4915,128.7441,8.31
"South Korea/밀양",진달래,1994-03-27,1994,86,35.4915,128.7441,8.31
"South Korea/밀양",진달래,1995-03-27,1995,86,35.4915,128.7441,8.31
"South Korea/밀양",진달래,1996-03-30,1996,90,35.4915,128.7441,8.31
"South Korea/밀양",진달래,1997-03-31,1997,90,35.4915,128.7441,8.31
"South Korea/밀양",진달래,1998-03-24,1998,83,35.4915,128.7441,8.31
"South Korea/밀양",진달래,1999-03-30,1999,89,35.4915,128.7441,8.31
"South Korea/밀양",진달래,2000-03-30,2000,90,35.4915,128.7441,8.31
"South Korea/밀양",진달래,2001-03-26,2001,85,35.4915,128.7441,8.31
"South Korea/밀양",진달래,2002-03-20,2002,79,35.4915,128.7441,8.31
"South Korea/밀양",진달래,2003-03-14,2003,73,35.4915,128.7441,8.31
"South Korea/밀양",진달래,2004-03-25,2004,85,35.4915,128.7441,8.31
"South Korea/밀양",진달래,2005-04-06,2005,96,35.4915,128.7441,8.31
"South Korea/밀양",진달래,2006-03-30,2006,89,35.4915,128.7441,8.31
"South Korea/밀양",진달래,2007-03-22,2007,81,35.4915,128.7441,8.31
"South Korea/밀양",진달래,2008-03-24,2008,84,35.4915,128.7441,8.31
"South Korea/북창원",진달래,1991-03-30,1991,89,35.2266,128.6726,50.95
"South Korea/산청",진달래,1973-03-17,1973,76,35.413,127.8791,138.22
"South Korea/산청",진달래,1974-03-28,1974,87,35.413,127.8791,138.22
"South Korea/산청",진달래,1975-03-22,1975,81,35.413,127.8791,138.22
"South Korea/산청",진달래,1976-03-21,1976,81,35.413,127.8791,138.22
"South Korea/산청",진달래,1977-03-25,1977,84,35.413,127.8791,138.22
"South Korea/산청",진달래,1979-03-20,1979,79,35.413,127.8791,138.22
"South Korea/산청",진달래,1980-03-28,1980,88,35.413,127.8791,138.22
"South Korea/산청",진달래,1981-03-22,1981,81,35.413,127.8791,138.22
"South Korea/산청",진달래,1982-03-22,1982,81,35.413,127.8791,138.22
"South Korea/산청",진달래,1983-03-29,1983,88,35.413,127.8791,138.22
"South Korea/산청",진달래,1984-04-09,1984,100,35.413,127.8791,138.22
"South Korea/산청",진달래,1985-03-30,1985,89,35.413,127.8791,138.22
"South Korea/산청",진달래,1986-03-30,1986,89,35.413,127.8791,138.22
"South Korea/산청",진달래,1987-03-21,1987,80,35.413,127.8791,138.22
"South Korea/산청",진달래,1988-03-31,1988,91,35.413,127.8791,138.22
"South Korea/산청",진달래,1989-03-20,1989,79,35.413,127.8791,138.22
"South Korea/산청",진달래,1990-03-18,1990,77,35.413,127.8791,138.22
"South Korea/산청",진달래,1991-03-30,1991,89,35.413,127.8791,138.22
"South Korea/산청",진달래,1992-03-23,1992,83,35.413,127.8791,138.22
"South Korea/산청",진달래,1993-03-27,1993,86,35.413,127.8791,138.22
"South Korea/산청",진달래,1994-04-01,1994,91,35.413,127.8791,138.22
"South Korea/산청",진달래,1995-03-27,1995,86,35.413,127.8791,138.22
"South Korea/산청",진달래,1996-04-06,1996,97,35.413,127.8791,138.22
"South Korea/산청",진달래,1997-03-27,1997,86,35.413,127.8791,138.22
"South Korea/산청",진달래,1998-03-19,1998,78,35.413,127.8791,138.22
"South Korea/산청",진달래,1999-03-23,1999,82,35.413,127.8791,138.22
"South Korea/산청",진달래,2000-03-28,2000,88,35.413,127.8791,138.22
"South Korea/산청",진달래,2001-03-28,2001,87,35.413,127.8791,138.22
"South Korea/산청",진달래,2002-03-16,2002,75,35.413,127.8791,138.22
"South Korea/산청",진달래,2003-03-27,2003,86,35.413,127.8791,138.22
"South Korea/산청",진달래,2004-03-28,2004,88,35.413,127.8791,138.22
"South Korea/산청",진달래,2005-04-03,2005,93,35.413,127.8791,138.22
"South Korea/산청",진달래,2006-03-23,2006,82,35.413,127.8791,138.22
"South Korea/산청",진달래,2007-03-22,2007,81,35.413,127.8791,138.22
"South Korea/산청",진달래,2008-03-24,2008,84,35.413,127.8791,138.22
"South Korea/진주",진달래,1977-03-28,1977,87,35.1638,128.04,29.35
"South Korea/진주",진달래,1978-03-25,1978,84,35.1638,128.04,29.35
"South Korea/진주",진달래,1979-03-21,1979,80,35.1638,128.04,29.35
"South Korea/진주",진달래,1980-03-23,1980,83,35.1638,128.04,29.35
"South Korea/진주",진달래,1981-03-27,1981,86,35.1638,128.04,29.35
"South Korea/진주",진달래,1982-04-03,1982,93,35.1638,128.04,29.35
"South Korea/진주",진달래,1983-04-16,1983,106,35.1638,128.04,29.35
"South Korea/진주",진달래,1984-04-10,1984,101,35.1638,128.04,29.35
"South Korea/진주",진달래,1985-04-01,1985,91,35.1638,128.04,29.35
"South Korea/진주",진달래,1986-04-03,1986,93,35.1638,128.04,29.35
"South Korea/진주",진달래,1987-03-29,1987,88,35.1638,128.04,29.35
"South Korea/진주",진달래,1988-03-31,1988,91,35.1638,128.04,29.35
"South Korea/진주",진달래,1989-03-20,1989,79,35.1638,128.04,29.35
"South Korea/진주",진달래,1990-03-17,1990,76,35.1638,128.04,29.35
"South Korea/진주",진달래,1991-03-28,1991,87,35.1638,128.04,29.35
"South Korea/진주",진달래,1992-03-18,1992,78,35.1638,128.04,29.35
"South Korea/진주",진달래,1993-03-26,1993,85,35.1638,128.04,29.35
"South Korea/진주",진달래,1994-04-04,1994,94,35.1638,128.04,29.35
"South Korea/진주",진달래,1995-03-30,1995,89,35.1638,128.04,29.35
"South Korea/진주",진달래,1996-04-08,1996,99,35.1638,128.04,29.35
"South Korea/진주",진달래,1997-04-03,1997,93,35.1638,128.04,29.35
"South Korea/진주",진달래,1998-03-29,1998,88,35.1638,128.04,29.35
"South Korea/진주",진달래,1999-04-01,1999,91,35.1638,128.04,29.35
"South Korea/진주",진달래,2000-04-02,2000,93,35.1638,128.04,29.35
"South Korea/진주",진달래,2001-03-28,2001,87,35.1638,128.04,29.35
"South Korea/진주",진달래,2002-03-20,2002,79,35.1638,128.04,29.35
"South Korea/진주",진달래,2003-03-25,2003,84,35.1638,128.04,29.35
"South Korea/진주",진달래,2004-03-27,2004,87,35.1638,128.04,29.35
"South Korea/진주",진달래,2005-04-05,2005,95,35.1638,128.04,29.35
"South Korea/진주",진달래,2006-03-23,2006,82,35.1638,128.04,29.35
"South Korea/진주",진달래,2007-03-23,2007,82,35.1638,128.04,29.35
"South Korea/진주",진달래,2008-03-28,2008,88,35.1638,128.04,29.35
"South Korea/진주",진달래,2009-03-25,2009,84,35.1638,128.04,29.35
"South Korea/진주",진달래,2010-03-29,2010,88,35.1638,128.04,29.35
"South Korea/진주",진달래,2011-04-03,2011,93,35.1638,128.04,29.35
"South Korea/진주",진달래,2012-04-09,2012,100,35.1638,128.04,29.35
"South Korea/진주",진달래,2013-03-28,2013,87,35.1638,128.04,29.35
"South Korea/진주",진달래,2014-03-26,2014,85,35.1638,128.04,29.35
"South Korea/진주",진달래,2015-03-31,2015,90,35.1638,128.04,29.35
"South Korea/창원",진달래,1986-03-26,1986,85,35.1702,128.5728,34.97
"South Korea/창원",진달래,1987-03-16,1987,75,35.1702,128.5728,34.97
"South Korea/창원",진달래,1988-03-21,1988,81,35.1702,128.5728,34.97
"South Korea/창원",진달래,1989-03-10,1989,69,35.1702,128.5728,34.97
"South Korea/창원",진달래,1990-03-14,1990,73,35.1702,128.5728,34.97
"South Korea/창원",진달래,1991-03-26,1991,85,35.1702,128.5728,34.97
"South Korea/창원",진달래,1992-03-14,1992,74,35.1702,128.5728,34.97
"South Korea/창원",진달래,1993-03-15,1993,74,35.1702,128.5728,34.97
"South Korea/창원",진달래,1994-03-16,1994,75,35.1702,128.5728,34.97
"South Korea/창원",진달래,1995-03-18,1995,77,35.1702,128.5728,34.97
"South Korea/창원",진달래,1996-03-26,1996,86,35.1702,128.5728,34.97
"South Korea/창원",진달래,1997-03-11,1997,70,35.1702,128.5728,34.97
"South Korea/창원",진달래,1998-03-08,1998,67,35.1702,128.5728,34.97
"South Korea/창원",진달래,1999-03-12,1999,71,35.1702,128.5728,34.97
"South Korea/창원",진달래,2000-03-27,2000,87,35.1702,128.5728,34.97
"South Korea/창원",진달래,2001-03-22,2001,81,35.1702,128.5728,34.97
"South Korea/창원",진달래,2002-03-08,2002,67,35.1702,128.5728,34.97
"South Korea/창원",진달래,2003-03-14,2003,73,35.1702,128.5728,34.97
"South Korea/창원",진달래,2004-03-18,2004,78,35.1702,128.5728,34.97
"South Korea/창원",진달래,2005-03-28,2005,87,35.1702,128.5728,34.97
"South Korea/창원",진달래,2006-03-20,2006,79,35.1702,128.5728,34.97
"South Korea/창원",진달래,2007-03-12,2007,71,35.1702,128.5728,34.97
"South Korea/창원",진달래,2008-03-21,2008,81,35.1702,128.5728,34.97
"South Korea/창원",진달래,2009-03-18,2009,77,35.1702,128.5728,34.97
"South Korea/창원",진달래,2010-03-20,2010,79,35.1702,128.5728,34.97
"South Korea/창원",진달래,2011-03-20,2011,79,35.1702,128.5728,34.97
"South Korea/창원",진달래,2012-03-28,2012,88,35.1702,128.5728,34.97
"South Korea/창원",진달래,2013-03-18,2013,77,35.1702,128.5728,34.97
"South Korea/창원",진달래,2014-03-12,2014,71,35.1702,128.5728,34.97
"South Korea/창원",진달래,2015-03-20,2015,79,35.1702,128.5728,34.97
"South Korea/창원",진달래,2016-03-17,2016,77,35.1702,128.5728,34.97
"South Korea/창원",진달래,2017-03-14,2017,73,35.1702,128.5728,34.97
"South Korea/창원",진달래,2018-03-19,2018,78,35.1702,128.5728,34.97
"South Korea/창원",진달래,2019-03-14,2019,73,35.1702,128.5728,34.97
"South Korea/창원",진달래,2020-03-09,2020,69,35.1702,128.5728,34.97
"South Korea/창원",진달래,2021-03-08,2021,67,35.1702,128.5728,34.97
"South Korea/창원",진달래,2022-04-01,2022,91,35.1702,128.5728,34.97
"South Korea/창원",진달래,2023-03-15,2023,74,35.1702,128.5728,34.97
"South Korea/창원",진달래,2024-03-18,2024,78,35.1702,128.5728,34.97
"South Korea/창원",진달래,2025-03-23,2025,82,35.1702,128.5728,34.97
"South Korea/통영",진달래,1973-03-09,1973,68,34.8454,128.4356,31.24
"South Korea/통영",진달래,1974-03-31,1974,90,34.8454,128.4356,31.24
"South Korea/통영",진달래,1975-03-16,1975,75,34.8454,128.4356,31.24
"South Korea/통영",진달래,1976-03-10,1976,70,34.8454,128.4356,31.24
"South Korea/통영",진달래,1977-03-17,1977,76,34.8454,128.4356,31.24
"South Korea/통영",진달래,1978-03-22,1978,81,34.8454,128.4356,31.24
"South Korea/통영",진달래,1979-03-18,1979,77,34.8454,128.4356,31.24
"South Korea/통영",진달래,1980-03-16,1980,76,34.8454,128.4356,31.24
"South Korea/통영",진달래,1987-03-16,1987,75,34.8454,128.4356,31.24
"South Korea/통영",진달래,1988-03-12,1988,72,34.8454,128.4356,31.24
"South Korea/통영",진달래,1989-03-12,1989,71,34.8454,128.4356,31.24
"South Korea/통영",진달래,1990-03-21,1990,80,34.8454,128.4356,31.24
"South Korea/통영",진달래,1991-03-29,1991,88,34.8454,128.4356,31.24
"South Korea/통영",진달래,1992-03-18,1992,78,34.8454,128.4356,31.24
"South Korea/통영",진달래,1993-03-16,1993,75,34.8454,128.4356,31.24
"South Korea/통영",진달래,1994-03-18,1994,77,34.8454,128.4356,31.24
"South Korea/통영",진달래,1995-03-19,1995,78,34.8454,128.4356,31.24
"South Korea/통영",진달래,1996-03-26,1996,86,34.8454,128.4356,31.24
"South Korea/통영",진달래,1997-03-21,1997,80,34.8454,128.4356,31.24
"South Korea/통영",진달래,1998-03-17,1998,76,34.8454,128.4356,31.24
"South Korea/통영",진달래,1999-03-17,1999,76,34.8454,128.4356,31.24
"South Korea/통영",진달래,2000-03-26,2000,86,34.8454,128.4356,31.24
"South Korea/통영",진달래,2001-03-21,2001,80,34.8454,128.4356,31.24
"South Korea/통영",진달래,2002-03-12,2002,71,34.8454,128.4356,31.24
"South Korea/통영",진달래,2003-03-17,2003,76,34.8454,128.4356,31.24
"South Korea/통영",진달래,2004-03-17,2004,77,34.8454,128.4356,31.24
"South Korea/통영",진달래,2005-03-30,2005,89,34.8454,128.4356,31.24
"South Korea/통영",진달래,2006-03-22,2006,81,34.8454,128.4356,31.24
"South Korea/통영",진달래,2007-03-13,2007,72,34.8454,128.4356,31.24
"South Korea/통영",진달래,2008-03-19,2008,79,34.8454,128.4356,31.24
"South Korea/통영",진달래,2009-03-16,2009,75,34.8454,128.4356,31.24
"South Korea/통영",진달래,2010-03-21,2010,80,34.8454,128.4356,31.24
"South Korea/통영",진달래,2011-03-28,2011,87,34.8454,128.4356,31.24
"South Korea/통영",진달래,2012-03-30,2012,90,34.8454,128.4356,31.24
"South Korea/통영",진달래,2013-03-19,2013,78,34.8454,128.4356,31.24
"South Korea/통영",진달래,2014-03-17,2014,76,34.8454,128.4356,31.24
"South Korea/통영",진달래,2015-03-23,2015,82,34.8454,128.4356,31.24
"South Korea/합천",진달래,1973-03-17,1973,76,35.5651,128.1699,26.72
"South Korea/합천",진달래,1974-04-03,1974,93,35.5651,128.1699,26.72
"South Korea/합천",진달래,1975-04-02,1975,92,35.5651,128.1699,26.72
"South Korea/합천",진달래,1976-03-28,1976,88,35.5651,128.1699,26.72
"South Korea/합천",진달래,1977-03-27,1977,86,35.5651,128.1699,26.72
"South Korea/합천",진달래,1978-03-28,1978,87,35.5651,128.1699,26.72
"South Korea/합천",진달래,1979-03-21,1979,80,35.5651,128.1699,26.72
"South Korea/합천",진달래,1980-03-26,1980,86,35.5651,128.1699,26.72
"South Korea/합천",진달래,1981-03-30,1981,89,35.5651,128.1699,26.72
"South Korea/합천",진달래,1982-03-23,1982,82,35.5651,128.1699,26.72
"South Korea/합천",진달래,1983-03-28,1983,87,35.5651,128.1699,26.72
"South Korea/합천",진달래,1985-03-30,1985,89,35.5651,128.1699,26.72
"South Korea/합천",진달래,1986-03-28,1986,87,35.5651,128.1699,26.72
"South Korea/합천",진달래,1987-03-23,1987,82,35.5651,128.1699,26.72
"South Korea/합천",진달래,1988-03-31,1988,91,35.5651,128.1699,26.72
"South Korea/합천",진달래,1989-03-25,1989,84,35.5651,128.1699,26.72
"South Korea/합천",진달래,1990-03-22,1990,81,35.5651,128.1699,26.72
"South Korea/합천",진달래,1991-03-30,1991,89,35.5651,128.1699,26.72
"South Korea/합천",진달래,1992-03-26,1992,86,35.5651,128.1699,26.72
"South Korea/합천",진달래,1993-03-26,1993,85,35.5651,128.1699,26.72
"South Korea/합천",진달래,1994-03-29,1994,88,35.5651,128.1699,26.72
"South Korea/합천",진달래,1995-03-30,1995,89,35.5651,128.1699,26.72
"South Korea/합천",진달래,1996-04-07,1996,98,35.5651,128.1699,26.72
"South Korea/합천",진달래,1997-03-22,1997,81,35.5651,128.1699,26.72
"South Korea/합천",진달래,1998-03-25,1998,84,35.5651,128.1699,26.72
"South Korea/합천",진달래,1999-03-28,1999,87,35.5651,128.1699,26.72
"South Korea/합천",진달래,2000-03-31,2000,91,35.5651,128.1699,26.72
"South Korea/합천",진달래,2001-04-03,2001,93,35.5651,128.1699,26.72
"South Korea/합천",진달래,2002-03-19,2002,78,35.5651,128.1699,26.72
"South Korea/합천",진달래,2003-03-31,2003,90,35.5651,128.1699,26.72
"South Korea/합천",진달래,2004-03-25,2004,85,35.5651,128.1699,26.72
"South Korea/합천",진달래,2005-04-03,2005,93,35.5651,128.1699,26.72
"South Korea/합천",진달래,2006-03-31,2006,90,35.5651,128.1699,26.72
"South Korea/합천",진달래,2007-03-23,2007,82,35.5651,128.1699,26.72
"South Korea/합천",진달래,2008-03-24,2008,84,35.5651,128.1699,26.72
"South Korea/구미",진달래,1974-04-03,1974,93,36.1306,128.3206,49.17
"South Korea/구미",진달래,1975-04-04,1975,94,36.1306,128.3206,49.17
"South Korea/구미",진달래,1976-04-02,1976,93,36.1306,128.3206,49.17
"South Korea/구미",진달래,1977-04-01,1977,91,36.1306,128.3206,49.17
"South Korea/구미",진달래,1978-04-08,1978,98,36.1306,128.3206,49.17
"South Korea/구미",진달래,1979-03-28,1979,87,36.1306,128.3206,49.17
"South Korea/구미",진달래,1980-04-03,1980,94,36.1306,128.3206,49.17
"South Korea/구미",진달래,1981-03-30,1981,89,36.1306,128.3206,49.17
"South Korea/구미",진달래,1982-03-23,1982,82,36.1306,128.3206,49.17
"South Korea/구미",진달래,1983-03-25,1983,84,36.1306,128.3206,49.17
"South Korea/구미",진달래,1984-04-12,1984,103,36.1306,128.3206,49.17
"South Korea/구미",진달래,1985-04-02,1985,92,36.1306,128.3206,49.17
"South Korea/구미",진달래,1986-04-01,1986,91,36.1306,128.3206,49.17
"South Korea/구미",진달래,1987-04-02,1987,92,36.1306,128.3206,49.17
"South Korea/구미",진달래,1988-04-06,1988,97,36.1306,128.3206,49.17
"South Korea/구미",진달래,1989-03-27,1989,86,36.1306,128.3206,49.17
"South Korea/구미",진달래,1990-03-23,1990,82,36.1306,128.3206,49.17
"South Korea/구미",진달래,1991-04-03,1991,93,36.1306,128.3206,49.17
"South Korea/구미",진달래,1992-03-22,1992,82,36.1306,128.3206,49.17
"South Korea/구미",진달래,1993-03-31,1993,90,36.1306,128.3206,49.17
"South Korea/구미",진달래,1994-04-02,1994,92,36.1306,128.3206,49.17
"South Korea/구미",진달래,1995-03-30,1995,89,36.1306,128.3206,49.17
"South Korea/구미",진달래,1996-04-08,1996,99,36.1306,128.3206,49.17
"South Korea/구미",진달래,1997-03-28,1997,87,36.1306,128.3206,49.17
"South Korea/구미",진달래,1998-03-21,1998,80,36.1306,128.3206,49.17
"South Korea/구미",진달래,1999-03-23,1999,82,36.1306,128.3206,49.17
"South Korea/구미",진달래,2000-03-26,2000,86,36.1306,128.3206,49.17
"South Korea/구미",진달래,2001-03-25,2001,84,36.1306,128.3206,49.17
"South Korea/구미",진달래,2002-03-15,2002,74,36.1306,128.3206,49.17
"South Korea/구미",진달래,2003-03-26,2003,85,36.1306,128.3206,49.17
"South Korea/구미",진달래,2004-03-22,2004,82,36.1306,128.3206,49.17
"South Korea/구미",진달래,2005-03-31,2005,90,36.1306,128.3206,49.17
"South Korea/구미",진달래,2006-03-24,2006,83,36.1306,128.3206,49.17
"South Korea/구미",진달래,2007-03-19,2007,78,36.1306,128.3206,49.17
"South Korea/구미",진달래,2008-03-24,2008,84,36.1306,128.3206,49.17
"South Korea/구미",진달래,2009-03-19,2009,78,36.1306,128.3206,49.17
"South Korea/구미",진달래,2010-03-27,2010,86,36.1306,128.3206,49.17
"South Korea/구미",진달래,2011-03-31,2011,90,36.1306,128.3206,49.17
"South Korea/구미",진달래,2012-03-30,2012,90,36.1306,128.3206,49.17
"South Korea/구미",진달래,2013-03-24,2013,83,36.1306,128.3206,49.17
"South Korea/구미",진달래,2014-03-24,2014,83,36.1306,128.3206,49.17
"South Korea/구미",진달래,2015-03-23,2015,82,36.1306,128.3206,49.17
"South Korea/문경",진달래,1974-04-10,1974,100,36.6273,128.1488,173.01
"South Korea/문경",진달래,1975-04-13,1975,103,36.6273,128.1488,173.01
"South Korea/문경",진달래,1976-04-14,1976,105,36.6273,128.1488,173.01
"South Korea/문경",진달래,1977-04-05,1977,95,36.6273,128.1488,173.01
"South Korea/문경",진달래,1978-04-07,1978,97,36.6273,128.1488,173.01
"South Korea/문경",진달래,1979-04-10,1979,100,36.6273,128.1488,173.01
"South Korea/문경",진달래,1980-04-18,1980,109,36.6273,128.1488,173.01
"South Korea/문경",진달래,1981-04-04,1981,94,36.6273,128.1488,173.01
"South Korea/문경",진달래,1982-03-29,1982,88,36.6273,128.1488,173.01
"South Korea/문경",진달래,1983-04-05,1983,95,36.6273,128.1488,173.01
"South Korea/문경",진달래,1984-04-08,1984,99,36.6273,128.1488,173.01
"South Korea/문경",진달래,1985-04-10,1985,100,36.6273,128.1488,173.01
"South Korea/문경",진달래,1986-04-13,1986,103,36.6273,128.1488,173.01
"South Korea/문경",진달래,1987-04-01,1987,91,36.6273,128.1488,173.01
"South Korea/문경",진달래,1988-04-06,1988,97,36.6273,128.1488,173.01
"South Korea/문경",진달래,1989-03-23,1989,82,36.6273,128.1488,173.01
"South Korea/문경",진달래,1990-03-26,1990,85,36.6273,128.1488,173.01
"South Korea/문경",진달래,1991-04-05,1991,95,36.6273,128.1488,173.01
"South Korea/문경",진달래,1992-03-26,1992,86,36.6273,128.1488,173.01
"South Korea/문경",진달래,1993-04-01,1993,91,36.6273,128.1488,173.01
"South Korea/문경",진달래,1994-04-02,1994,92,36.6273,128.1488,173.01
"South Korea/문경",진달래,1995-04-08,1995,98,36.6273,128.1488,173.01
"South Korea/문경",진달래,1996-04-09,1996,100,36.6273,128.1488,173.01
"South Korea/문경",진달래,1997-04-16,1997,106,36.6273,128.1488,173.01
"South Korea/문경",진달래,1998-03-26,1998,85,36.6273,128.1488,173.01
"South Korea/문경",진달래,1999-03-30,1999,89,36.6273,128.1488,173.01
"South Korea/문경",진달래,2000-04-02,2000,93,36.6273,128.1488,173.01
"South Korea/문경",진달래,2001-04-03,2001,93,36.6273,128.1488,173.01
"South Korea/문경",진달래,2002-03-19,2002,78,36.6273,128.1488,173.01
"South Korea/문경",진달래,2003-03-28,2003,87,36.6273,128.1488,173.01
"South Korea/문경",진달래,2004-03-27,2004,87,36.6273,128.1488,173.01
"South Korea/문경",진달래,2005-04-03,2005,93,36.6273,128.1488,173.01
"South Korea/문경",진달래,2006-04-02,2006,92,36.6273,128.1488,173.01
"South Korea/문경",진달래,2007-03-25,2007,84,36.6273,128.1488,173.01
"South Korea/문경",진달래,2008-03-27,2008,87,36.6273,128.1488,173.01
"South Korea/봉화",진달래,1988-04-16,1988,107,36.9436,128.9145,324.67
"South Korea/봉화",진달래,1989-04-08,1989,98,36.9436,128.9145,324.67
"South Korea/봉화",진달래,1990-03-31,1990,90,36.9436,128.9145,324.67
"South Korea/봉화",진달래,1991-04-11,1991,101,36.9436,128.9145,324.67
"South Korea/봉화",진달래,1992-04-04,1992,95,36.9436,128.9145,324.67
"South Korea/봉화",진달래,1993-04-06,1993,96,36.9436,128.9145,324.67
"South Korea/봉화",진달래,1994-04-05,1994,95,36.9436,128.9145,324.67
"South Korea/봉화",진달래,1995-04-13,1995,103,36.9436,128.9145,324.67
"South Korea/봉화",진달래,1996-04-24,1996,115,36.9436,128.9145,324.67
"South Korea/봉화",진달래,1997-04-15,1997,105,36.9436,128.9145,324.67
"South Korea/봉화",진달래,1998-04-08,1998,98,36.9436,128.9145,324.67
"South Korea/봉화",진달래,1999-04-12,1999,102,36.9436,128.9145,324.67
"South Korea/봉화",진달래,2000-04-15,2000,106,36.9436,128.9145,324.67
"South Korea/봉화",진달래,2001-04-10,2001,100,36.9436,128.9145,324.67
"South Korea/봉화",진달래,2002-03-29,2002,88,36.9436,128.9145,324.67
"South Korea/봉화",진달래,2003-04-12,2003,102,36.9436,128.9145,324.67
"South Korea/봉화",진달래,2004-04-09,2004,100,36.9436,128.9145,324.67
"South Korea/봉화",진달래,2005-04-13,2005,103,36.9436,128.9145,324.67
"South Korea/봉화",진달래,2006-04-10,2006,100,36.9436,128.9145,324.67
"South Korea/봉화",진달래,2007-04-02,2007,92,36.9436,128.9145,324.67
"South Korea/봉화",진달래,2008-04-08,2008,99,36.9436,128.9145,324.67
"South Korea/상주",진달래,2002-03-19,2002,78,36.4084,128.1574,96.58
"South Korea/상주",진달래,2003-03-26,2003,85,36.4084,128.1574,96.58
"South Korea/상주",진달래,2004-03-24,2004,84,36.4084,128.1574,96.58
"South Korea/상주",진달래,2005-04-07,2005,97,36.4084,128.1574,96.58
"South Korea/상주",진달래,2006-03-27,2006,86,36.4084,128.1574,96.58
"South Korea/상주",진달래,2007-03-22,2007,81,36.4084,128.1574,96.58
"South Korea/상주",진달래,2008-03-28,2008,88,36.4084,128.1574,96.58
"South Korea/상주",진달래,2009-03-18,2009,77,36.4084,128.1574,96.58
"South Korea/상주",진달래,2010-04-05,2010,95,36.4084,128.1574,96.58
"South Korea/상주",진달래,2011-04-05,2011,95,36.4084,128.1574,96.58
"South Korea/상주",진달래,2012-04-05,2012,96,36.4084,128.1574,96.58
"South Korea/상주",진달래,2013-04-01,2013,91,36.4084,128.1574,96.58
"South Korea/상주",진달래,2014-03-25,2014,84,36.4084,128.1574,96.58
"South Korea/상주",진달래,2015-03-25,2015,84,36.4084,128.1574,96.58
"South Korea/안동",진달래,1973-03-30,1973,89,36.5729,128.7073,141.26
"South Korea/안동",진달래,1974-04-02,1974,92,36.5729,128.7073,141.26
"South Korea/안동",진달래,1975-04-05,1975,95,36.5729,128.7073,141.26
"South Korea/안동",진달래,1976-04-03,1976,94,36.5729,128.7073,141.26
"South Korea/안동",진달래,1977-04-09,1977,99,36.5729,128.7073,141.26
"South Korea/안동",진달래,1978-04-06,1978,96,36.5729,128.7073,141.26
"South Korea/안동",진달래,1983-04-09,1983,99,36.5729,128.7073,141.26
"South Korea/안동",진달래,1984-04-11,1984,102,36.5729,128.7073,141.26
"South Korea/안동",진달래,1985-04-08,1985,98,36.5729,128.7073,141.26
"South Korea/안동",진달래,1986-04-06,1986,96,36.5729,128.7073,141.26
"South Korea/안동",진달래,1987-04-03,1987,93,36.5729,128.7073,141.26
"South Korea/안동",진달래,1988-04-06,1988,97,36.5729,128.7073,141.26
"South Korea/안동",진달래,1989-03-25,1989,84,36.5729,128.7073,141.26
"South Korea/안동",진달래,1990-03-23,1990,82,36.5729,128.7073,141.26
"South Korea/안동",진달래,1991-04-04,1991,94,36.5729,128.7073,141.26
"South Korea/안동",진달래,1992-03-26,1992,86,36.5729,128.7073,141.26
"South Korea/안동",진달래,1993-03-30,1993,89,36.5729,128.7073,141.26
"South Korea/안동",진달래,1994-04-03,1994,93,36.5729,128.7073,141.26
"South Korea/안동",진달래,1995-04-05,1995,95,36.5729,128.7073,141.26
"South Korea/안동",진달래,1996-04-09,1996,100,36.5729,128.7073,141.26
"South Korea/안동",진달래,1997-04-02,1997,92,36.5729,128.7073,141.26
"South Korea/안동",진달래,1998-03-27,1998,86,36.5729,128.7073,141.26
"South Korea/안동",진달래,1999-03-30,1999,89,36.5729,128.7073,141.26
"South Korea/안동",진달래,2000-03-30,2000,90,36.5729,128.7073,141.26
"South Korea/안동",진달래,2001-03-26,2001,85,36.5729,128.7073,141.26
"South Korea/안동",진달래,2002-03-17,2002,76,36.5729,128.7073,141.26
"South Korea/안동",진달래,2003-03-27,2003,86,36.5729,128.7073,141.26
"South Korea/안동",진달래,2004-03-26,2004,86,36.5729,128.7073,141.26
"South Korea/안동",진달래,2005-04-04,2005,94,36.5729,128.7073,141.26
"South Korea/안동",진달래,2006-03-26,2006,85,36.5729,128.7073,141.26
"South Korea/안동",진달래,2007-03-28,2007,87,36.5729,128.7073,141.26
"South Korea/안동",진달래,2008-03-27,2008,87,36.5729,128.7073,141.26
"South Korea/안동",진달래,2009-03-16,2009,75,36.5729,128.7073,141.26
"South Korea/안동",진달래,2010-04-05,2010,95,36.5729,128.7073,141.26
"South Korea/안동",진달래,2011-04-06,2011,96,36.5729,128.7073,141.26
"South Korea/안동",진달래,2012-04-09,2012,100,36.5729,128.7073,141.26
"South Korea/안동",진달래,2013-03-31,2013,90,36.5729,128.7073,141.26
"South Korea/안동",진달래,2014-03-27,2014,86,36.5729,128.7073,141.26
"South Korea/안동",진달래,2015-03-26,2015,85,36.5729,128.7073,141.26
"South Korea/안동",진달래,2016-03-24,2016,84,36.5729,128.7073,141.26
"South Korea/안동",진달래,2017-03-28,2017,87,36.5729,128.7073,141.26
"South Korea/안동",진달래,2018-03-27,2018,86,36.5729,128.7073,141.26
"South Korea/안동",진달래,2019-03-27,2019,86,36.5729,128.7073,141.26
"South Korea/안동",진달래,2020-03-21,2020,81,36.5729,128.7073,141.26
"South Korea/안동",진달래,2021-03-22,2021,81,36.5729,128.7073,141.26
"South Korea/안동",진달래,2022-03-27,2022,86,36.5729,128.7073,141.26
"South Korea/안동",진달래,2023-03-17,2023,76,36.5729,128.7073,141.26
"South Korea/안동",진달래,2024-03-24,2024,84,36.5729,128.7073,141.26
"South Korea/안동",진달래,2025-04-08,2025,98,36.5729,128.7073,141.26
"South Korea/영덕",진달래,1973-03-10,1973,69,36.5334,129.4093,40.71
"South Korea/영덕",진달래,1974-03-24,1974,83,36.5334,129.4093,40.71
"South Korea/영덕",진달래,1975-03-26,1975,85,36.5334,129.4093,40.71
"South Korea/영덕",진달래,1976-03-26,1976,86,36.5334,129.4093,40.71
"South Korea/영덕",진달래,1977-03-26,1977,85,36.5334,129.4093,40.71
"South Korea/영덕",진달래,1978-03-20,1978,79,36.5334,129.4093,40.71
"South Korea/영덕",진달래,1979-03-11,1979,70,36.5334,129.4093,40.71
"South Korea/영덕",진달래,1980-03-26,1980,86,36.5334,129.4093,40.71
"South Korea/영덕",진달래,1981-03-29,1981,88,36.5334,129.4093,40.71
"South Korea/영덕",진달래,1982-03-25,1982,84,36.5334,129.4093,40.71
"South Korea/영덕",진달래,1983-03-27,1983,86,36.5334,129.4093,40.71
"South Korea/영덕",진달래,1984-04-09,1984,100,36.5334,129.4093,40.71
"South Korea/영덕",진달래,1985-03-31,1985,90,36.5334,129.4093,40.71
"South Korea/영덕",진달래,1986-04-05,1986,95,36.5334,129.4093,40.71
"South Korea/영덕",진달래,1987-03-27,1987,86,36.5334,129.4093,40.71
"South Korea/영덕",진달래,1988-04-01,1988,92,36.5334,129.4093,40.71
"South Korea/영덕",진달래,1989-03-18,1989,77,36.5334,129.4093,40.71
"South Korea/영덕",진달래,1990-03-19,1990,78,36.5334,129.4093,40.71
"South Korea/영덕",진달래,1991-04-01,1991,91,36.5334,129.4093,40.71
"South Korea/영덕",진달래,1992-03-18,1992,78,36.5334,129.4093,40.71
"South Korea/영덕",진달래,1993-03-24,1993,83,36.5334,129.4093,40.71
"South Korea/영덕",진달래,1994-03-31,1994,90,36.5334,129.4093,40.71
"South Korea/영덕",진달래,1995-03-28,1995,87,36.5334,129.4093,40.71
"South Korea/영덕",진달래,1996-03-29,1996,89,36.5334,129.4093,40.71
"South Korea/영덕",진달래,1997-03-19,1997,78,36.5334,129.4093,40.71
"South Korea/영덕",진달래,1998-03-17,1998,76,36.5334,129.4093,40.71
"South Korea/영덕",진달래,1999-03-16,1999,75,36.5334,129.4093,40.71
"South Korea/영덕",진달래,2000-03-21,2000,81,36.5334,129.4093,40.71
"South Korea/영덕",진달래,2001-03-26,2001,85,36.5334,129.4093,40.71
"South Korea/영덕",진달래,2002-03-15,2002,74,36.5334,129.4093,40.71
"South Korea/영덕",진달래,2003-03-22,2003,81,36.5334,129.4093,40.71
"South Korea/영덕",진달래,2004-03-20,2004,80,36.5334,129.4093,40.71
"South Korea/영덕",진달래,2005-04-03,2005,93,36.5334,129.4093,40.71
"South Korea/영덕",진달래,2006-03-20,2006,79,36.5334,129.4093,40.71
"South Korea/영덕",진달래,2007-03-22,2007,81,36.5334,129.4093,40.71
"South Korea/영덕",진달래,2008-03-25,2008,85,36.5334,129.4093,40.71
"South Korea/영주",진달래,1977-04-02,1977,92,36.8718,128.5169,211.32
"South Korea/영주",진달래,1978-04-06,1978,96,36.8718,128.5169,211.32
"South Korea/영주",진달래,1979-04-08,1979,98,36.8718,128.5169,211.32
"South Korea/영주",진달래,1980-04-08,1980,99,36.8718,128.5169,211.32
"South Korea/영주",진달래,1981-04-07,1981,97,36.8718,128.5169,211.32
"South Korea/영주",진달래,1982-03-30,1982,89,36.8718,128.5169,211.32
"South Korea/영주",진달래,1983-03-31,1983,90,36.8718,128.5169,211.32
"South Korea/영주",진달래,1984-04-16,1984,107,36.8718,128.5169,211.32
"South Korea/영주",진달래,1985-04-09,1985,99,36.8718,128.5169,211.32
"South Korea/영주",진달래,1986-04-11,1986,101,36.8718,128.5169,211.32
"South Korea/영주",진달래,1987-04-09,1987,99,36.8718,128.5169,211.32
"South Korea/영주",진달래,1988-04-13,1988,104,36.8718,128.5169,211.32
"South Korea/영주",진달래,1990-04-01,1990,91,36.8718,128.5169,211.32
"South Korea/영주",진달래,1991-04-13,1991,103,36.8718,128.5169,211.32
"South Korea/영주",진달래,1992-04-01,1992,92,36.8718,128.5169,211.32
"South Korea/영주",진달래,1993-04-04,1993,94,36.8718,128.5169,211.32
"South Korea/영주",진달래,1994-04-06,1994,96,36.8718,128.5169,211.32
"South Korea/영주",진달래,1995-04-07,1995,97,36.8718,128.5169,211.32
"South Korea/영주",진달래,1996-04-15,1996,106,36.8718,128.5169,211.32
"South Korea/영주",진달래,1997-04-07,1997,97,36.8718,128.5169,211.32
"South Korea/영주",진달래,1998-03-30,1998,89,36.8718,128.5169,211.32
"South Korea/영주",진달래,1999-04-02,1999,92,36.8718,128.5169,211.32
"South Korea/영주",진달래,2000-04-06,2000,97,36.8718,128.5169,211.32
"South Korea/영주",진달래,2001-04-06,2001,96,36.8718,128.5169,211.32
"South Korea/영주",진달래,2002-03-26,2002,85,36.8718,128.5169,211.32
"South Korea/영주",진달래,2003-04-02,2003,92,36.8718,128.5169,211.32
"South Korea/영주",진달래,2004-03-31,2004,91,36.8718,128.5169,211.32
"South Korea/영주",진달래,2005-04-07,2005,97,36.8718,128.5169,211.32
"South Korea/영주",진달래,2006-04-04,2006,94,36.8718,128.5169,211.32
"South Korea/영주",진달래,2007-03-28,2007,87,36.8718,128.5169,211.32
"South Korea/영주",진달래,2008-04-03,2008,94,36.8718,128.5169,211.32
"South Korea/영천",진달래,1974-04-08,1974,98,35.9774,128.9514,96.12
"South Korea/영천",진달래,1975-04-05,1975,95,35.9774,128.9514,96.12
"South Korea/영천",진달래,1976-03-30,1976,90,35.9774,128.9514,96.12
"South Korea/영천",진달래,1977-04-08,1977,98,35.9774,128.9514,96.12
"South Korea/영천",진달래,1978-04-01,1978,91,35.9774,128.9514,96.12
"South Korea/영천",진달래,1980-03-31,1980,91,35.9774,128.9514,96.12
"South Korea/영천",진달래,1981-03-26,1981,85,35.9774,128.9514,96.12
"South Korea/영천",진달래,1982-03-26,1982,85,35.9774,128.9514,96.12
"South Korea/영천",진달래,1983-04-01,1983,91,35.9774,128.9514,96.12
"South Korea/영천",진달래,1984-04-08,1984,99,35.9774,128.9514,96.12
"South Korea/영천",진달래,1985-04-04,1985,94,35.9774,128.9514,96.12
"South Korea/영천",진달래,1986-04-02,1986,92,35.9774,128.9514,96.12
"South Korea/영천",진달래,1987-03-26,1987,85,35.9774,128.9514,96.12
"South Korea/영천",진달래,1988-04-06,1988,97,35.9774,128.9514,96.12
"South Korea/영천",진달래,1989-03-21,1989,80,35.9774,128.9514,96.12
"South Korea/영천",진달래,1990-03-21,1990,80,35.9774,128.9514,96.12
"South Korea/영천",진달래,1991-04-02,1991,92,35.9774,128.9514,96.12
"South Korea/영천",진달래,1992-03-31,1992,91,35.9774,128.9514,96.12
"South Korea/영천",진달래,1993-03-29,1993,88,35.9774,128.9514,96.12
"South Korea/영천",진달래,1994-04-03,1994,93,35.9774,128.9514,96.12
"South Korea/영천",진달래,1995-04-01,1995,91,35.9774,128.9514,96.12
"South Korea/영천",진달래,1996-04-10,1996,101,35.9774,128.9514,96.12
"South Korea/영천",진달래,1997-03-27,1997,86,35.9774,128.9514,96.12
"South Korea/영천",진달래,1998-03-22,1998,81,35.9774,128.9514,96.12
"South Korea/영천",진달래,1999-03-30,1999,89,35.9774,128.9514,96.12
"South Korea/영천",진달래,2000-04-04,2000,95,35.9774,128.9514,96.12
"South Korea/영천",진달래,2001-04-04,2001,94,35.9774,128.9514,96.12
"South Korea/영천",진달래,2002-03-22,2002,81,35.9774,128.9514,96.12
"South Korea/영천",진달래,2003-04-03,2003,93,35.9774,128.9514,96.12
"South Korea/영천",진달래,2004-03-27,2004,87,35.9774,128.9514,96.12
"South Korea/영천",진달래,2005-04-04,2005,94,35.9774,128.9514,96.12
"South Korea/영천",진달래,2006-03-27,2006,86,35.9774,128.9514,96.12
"South Korea/영천",진달래,2007-03-21,2007,80,35.9774,128.9514,96.12
"South Korea/영천",진달래,2008-03-28,2008,88,35.9774,128.9514,96.12
"South Korea/울릉도",진달래,1973-04-24,1973,114,37.4813,130.8986,221.14
"South Korea/울릉도",진달래,1974-04-18,1974,108,37.4813,130.8986,221.14
"South Korea/울릉도",진달래,1975-04-06,1975,96,37.4813,130.8986,221.14
"South Korea/울릉도",진달래,1976-03-29,1976,89,37.4813,130.8986,221.14
"South Korea/울릉도",진달래,1977-03-27,1977,86,37.4813,130.8986,221.14
"South Korea/울릉도",진달래,1978-03-23,1978,82,37.4813,130.8986,221.14
"South Korea/울릉도",진달래,1979-03-20,1979,79,37.4813,130.8986,221.14
"South Korea/울릉도",진달래,1980-03-21,1980,81,37.4813,130.8986,221.14
"South Korea/울릉도",진달래,1990-03-23,1990,82,37.4813,130.8986,221.14
"South Korea/울릉도",진달래,1991-04-04,1991,94,37.4813,130.8986,221.14
"South Korea/울릉도",진달래,1992-03-31,1992,91,37.4813,130.8986,221.14
"South Korea/울릉도",진달래,1993-04-02,1993,92,37.4813,130.8986,221.14
"South Korea/울릉도",진달래,1994-04-03,1994,93,37.4813,130.8986,221.14
"South Korea/울릉도",진달래,1995-04-02,1995,92,37.4813,130.8986,221.14
"South Korea/울릉도",진달래,1996-04-08,1996,99,37.4813,130.8986,221.14
"South Korea/울릉도",진달래,1997-03-24,1997,83,37.4813,130.8986,221.14
"South Korea/울릉도",진달래,1998-03-25,1998,84,37.4813,130.8986,221.14
"South Korea/울릉도",진달래,1999-03-20,1999,79,37.4813,130.8986,221.14
"South Korea/울릉도",진달래,2000-04-04,2000,95,37.4813,130.8986,221.14
"South Korea/울릉도",진달래,2001-03-18,2001,77,37.4813,130.8986,221.14
"South Korea/울릉도",진달래,2002-03-14,2002,73,37.4813,130.8986,221.14
"South Korea/울릉도",진달래,2003-03-28,2003,87,37.4813,130.8986,221.14
"South Korea/울릉도",진달래,2004-03-24,2004,84,37.4813,130.8986,221.14
"South Korea/울릉도",진달래,2005-04-09,2005,99,37.4813,130.8986,221.14
"South Korea/울릉도",진달래,2006-03-29,2006,88,37.4813,130.8986,221.14
"South Korea/울릉도",진달래,2007-03-25,2007,84,37.4813,130.8986,221.14
"South Korea/울릉도",진달래,2008-03-24,2008,84,37.4813,130.8986,221.14
"South Korea/울릉도",진달래,2009-03-23,2009,82,37.4813,130.8986,221.14
"South Korea/울릉도",진달래,2010-04-05,2010,95,37.4813,130.8986,221.14
"South Korea/울릉도",진달래,2011-04-06,2011,96,37.4813,130.8986,221.14
"South Korea/울릉도",진달래,2012-04-11,2012,102,37.4813,130.8986,221.14
"South Korea/울릉도",진달래,2013-04-01,2013,91,37.4813,130.8986,221.14
"South Korea/울릉도",진달래,2014-03-27,2014,86,37.4813,130.8986,221.14
"South Korea/울릉도",진달래,2015-03-28,2015,87,37.4813,130.8986,221.14
"South Korea/울릉도",진달래,2016-03-29,2016,89,37.4813,130.8986,221.14
"South Korea/울릉도",진달래,2017-03-29,2017,88,37.4813,130.8986,221.14
"South Korea/울릉도",진달래,2018-03-27,2018,86,37.4813,130.8986,221.14
"South Korea/울릉도",진달래,2019-03-20,2019,79,37.4813,130.8986,221.14
"South Korea/울릉도",진달래,2020-03-18,2020,78,37.4813,130.8986,221.14
"South Korea/울릉도",진달래,2021-03-19,2021,78,37.4813,130.8986,221.14
"South Korea/울릉도",진달래,2022-04-02,2022,92,37.4813,130.8986,221.14
"South Korea/울릉도",진달래,2023-03-21,2023,80,37.4813,130.8986,221.14
"South Korea/울릉도",진달래,2024-03-31,2024,91,37.4813,130.8986,221.14
"South Korea/울진",진달래,1973-03-12,1973,71,36.9918,129.4128,48.98
"South Korea/울진",진달래,1974-03-23,1974,82,36.9918,129.4128,48.98
"South Korea/울진",진달래,1975-03-31,1975,90,36.9918,129.4128,48.98
"South Korea/울진",진달래,1976-03-13,1976,73,36.9918,129.4128,48.98
"South Korea/울진",진달래,1977-03-19,1977,78,36.9918,129.4128,48.98
"South Korea/울진",진달래,1978-03-23,1978,82,36.9918,129.4128,48.98
"South Korea/울진",진달래,1979-03-14,1979,73,36.9918,129.4128,48.98
"South Korea/울진",진달래,1980-03-28,1980,88,36.9918,129.4128,48.98
"South Korea/울진",진달래,1981-03-30,1981,89,36.9918,129.4128,48.98
"South Korea/울진",진달래,1982-03-19,1982,78,36.9918,129.4128,48.98
"South Korea/울진",진달래,1983-03-26,1983,85,36.9918,129.4128,48.98
"South Korea/울진",진달래,1984-04-13,1984,104,36.9918,129.4128,48.98
"South Korea/울진",진달래,1985-04-02,1985,92,36.9918,129.4128,48.98
"South Korea/울진",진달래,1986-04-06,1986,96,36.9918,129.4128,48.98
"South Korea/울진",진달래,1987-03-27,1987,86,36.9918,129.4128,48.98
"South Korea/울진",진달래,1988-03-29,1988,89,36.9918,129.4128,48.98
"South Korea/울진",진달래,1989-03-16,1989,75,36.9918,129.4128,48.98
"South Korea/울진",진달래,1990-03-17,1990,76,36.9918,129.4128,48.98
"South Korea/울진",진달래,1991-04-03,1991,93,36.9918,129.4128,48.98
"South Korea/울진",진달래,1992-03-21,1992,81,36.9918,129.4128,48.98
"South Korea/울진",진달래,1993-03-21,1993,80,36.9918,129.4128,48.98
"South Korea/울진",진달래,1994-03-30,1994,89,36.9918,129.4128,48.98
"South Korea/울진",진달래,1995-03-27,1995,86,36.9918,129.4128,48.98
"South Korea/울진",진달래,1996-03-31,1996,91,36.9918,129.4128,48.98
"South Korea/울진",진달래,1997-03-26,1997,85,36.9918,129.4128,48.98
"South Korea/울진",진달래,1998-03-19,1998,78,36.9918,129.4128,48.98
"South Korea/울진",진달래,1999-03-18,1999,77,36.9918,129.4128,48.98
"South Korea/울진",진달래,2000-03-29,2000,89,36.9918,129.4128,48.98
"South Korea/울진",진달래,2001-03-24,2001,83,36.9918,129.4128,48.98
"South Korea/울진",진달래,2002-03-14,2002,73,36.9918,129.4128,48.98
"South Korea/울진",진달래,2003-03-28,2003,87,36.9918,129.4128,48.98
"South Korea/울진",진달래,2004-03-23,2004,83,36.9918,129.4128,48.98
"South Korea/울진",진달래,2005-04-02,2005,92,36.9918,129.4128,48.98
"South Korea/울진",진달래,2006-03-20,2006,79,36.9918,129.4128,48.98
"South Korea/울진",진달래,2007-03-23,2007,82,36.9918,129.4128,48.98
"South Korea/울진",진달래,2008-03-24,2008,84,36.9918,129.4128,48.98
"South Korea/울진",진달래,2009-03-17,2009,76,36.9918,129.4128,48.98
"South Korea/울진",진달래,2010-04-02,2010,92,36.9918,129.4128,48.98
"South Korea/울진",진달래,2011-04-06,2011,96,36.9918,129.4128,48.98
"South Korea/울진",진달래,2012-04-02,2012,93,36.9918,129.4128,48.98
"South Korea/울진",진달래,2013-03-20,2013,79,36.9918,129.4128,48.98
"South Korea/울진",진달래,2014-03-26,2014,85,36.9918,129.4128,48.98
"South Korea/울진",진달래,2015-03-27,2015,86,36.9918,129.4128,48.98
"South Korea/의성",진달래,1973-03-29,1973,88,36.3561,128.6886,81.44
"South Korea/의성",진달래,1974-04-06,1974,96,36.3561,128.6886,81.44
"South Korea/의성",진달래,1975-04-05,1975,95,36.3561,128.6886,81.44
"South Korea/의성",진달래,1976-04-08,1976,99,36.3561,128.6886,81.44
"South Korea/의성",진달래,1977-04-08,1977,98,36.3561,128.6886,81.44
"South Korea/의성",진달래,1978-04-06,1978,96,36.3561,128.6886,81.44
"South Korea/의성",진달래,1979-03-26,1979,85,36.3561,128.6886,81.44
"South Korea/의성",진달래,1980-04-03,1980,94,36.3561,128.6886,81.44
"South Korea/의성",진달래,1981-03-28,1981,87,36.3561,128.6886,81.44
"South Korea/의성",진달래,1982-04-01,1982,91,36.3561,128.6886,81.44
"South Korea/의성",진달래,1983-04-04,1983,94,36.3561,128.6886,81.44
"South Korea/의성",진달래,1984-04-16,1984,107,36.3561,128.6886,81.44
"South Korea/의성",진달래,1985-04-08,1985,98,36.3561,128.6886,81.44
"South Korea/의성",진달래,1986-04-08,1986,98,36.3561,128.6886,81.44
"South Korea/의성",진달래,1987-04-09,1987,99,36.3561,128.6886,81.44
"South Korea/의성",진달래,1988-04-08,1988,99,36.3561,128.6886,81.44
"South Korea/의성",진달래,1989-03-31,1989,90,36.3561,128.6886,81.44
"South Korea/의성",진달래,1990-04-02,1990,92,36.3561,128.6886,81.44
"South Korea/의성",진달래,1991-04-10,1991,100,36.3561,128.6886,81.44
"South Korea/의성",진달래,1992-04-02,1992,93,36.3561,128.6886,81.44
"South Korea/의성",진달래,1993-04-03,1993,93,36.3561,128.6886,81.44
"South Korea/의성",진달래,1994-04-08,1994,98,36.3561,128.6886,81.44
"South Korea/의성",진달래,1995-04-11,1995,101,36.3561,128.6886,81.44
"South Korea/의성",진달래,1996-04-18,1996,109,36.3561,128.6886,81.44
"South Korea/의성",진달래,1997-04-10,1997,100,36.3561,128.6886,81.44
"South Korea/의성",진달래,1998-04-02,1998,92,36.3561,128.6886,81.44
"South Korea/의성",진달래,1999-04-04,1999,94,36.3561,128.6886,81.44
"South Korea/의성",진달래,2000-04-07,2000,98,36.3561,128.6886,81.44
"South Korea/의성",진달래,2001-04-02,2001,92,36.3561,128.6886,81.44
"South Korea/의성",진달래,2002-03-31,2002,90,36.3561,128.6886,81.44
"South Korea/의성",진달래,2003-04-04,2003,94,36.3561,128.6886,81.44
"South Korea/의성",진달래,2004-04-03,2004,94,36.3561,128.6886,81.44
"South Korea/의성",진달래,2005-04-11,2005,101,36.3561,128.6886,81.44
"South Korea/의성",진달래,2006-04-09,2006,99,36.3561,128.6886,81.44
"South Korea/의성",진달래,2007-04-04,2007,94,36.3561,128.6886,81.44
"South Korea/의성",진달래,2008-04-06,2008,97,36.3561,128.6886,81.44
"South Korea/포항",진달래,1973-03-26,1973,85,36.032,129.38,3.94
"South Korea/포항",진달래,1974-03-30,1974,89,36.032,129.38,3.94
"South Korea/포항",진달래,1975-03-30,1975,89,36.032,129.38,3.94
"South Korea/포항",진달래,1977-03-25,1977,84,36.032,129.38,3.94
"South Korea/포항",진달래,1978-03-25,1978,84,36.032,129.38,3.94
"South Korea/포항",진달래,1979-03-20,1979,79,36.032,129.38,3.94
"South Korea/포항",진달래,1980-03-23,1980,83,36.032,129.38,3.94
"South Korea/포항",진달래,1981-03-31,1981,90,36.032,129.38,3.94
"South Korea/포항",진달래,1983-04-13,1983,103,36.032,129.38,3.94
"South Korea/포항",진달래,1984-04-20,1984,111,36.032,129.38,3.94
"South Korea/포항",진달래,1986-04-01,1986,91,36.032,129.38,3.94
"South Korea/포항",진달래,1987-04-04,1987,94,36.032,129.38,3.94
"South Korea/포항",진달래,1988-04-01,1988,92,36.032,129.38,3.94
"South Korea/포항",진달래,1989-03-20,1989,79,36.032,129.38,3.94
"South Korea/포항",진달래,1990-03-17,1990,76,36.032,129.38,3.94
"South Korea/포항",진달래,1991-03-29,1991,88,36.032,129.38,3.94
"South Korea/포항",진달래,1992-03-18,1992,78,36.032,129.38,3.94
"South Korea/포항",진달래,1993-03-21,1993,80,36.032,129.38,3.94
"South Korea/포항",진달래,1994-03-19,1994,78,36.032,129.38,3.94
"South Korea/포항",진달래,1995-03-27,1995,86,36.032,129.38,3.94
"South Korea/포항",진달래,1996-03-31,1996,91,36.032,129.38,3.94
"South Korea/포항",진달래,1997-04-07,1997,97,36.032,129.38,3.94
"South Korea/포항",진달래,1998-03-13,1998,72,36.032,129.38,3.94
"South Korea/포항",진달래,1999-03-22,1999,81,36.032,129.38,3.94
"South Korea/포항",진달래,2000-03-20,2000,80,36.032,129.38,3.94
"South Korea/포항",진달래,2001-03-20,2001,79,36.032,129.38,3.94
"South Korea/포항",진달래,2002-03-16,2002,75,36.032,129.38,3.94
"South Korea/포항",진달래,2003-03-22,2003,81,36.032,129.38,3.94
"South Korea/포항",진달래,2004-03-21,2004,81,36.032,129.38,3.94
"South Korea/포항",진달래,2005-03-30,2005,89,36.032,129.38,3.94
"South Korea/포항",진달래,2006-03-24,2006,83,36.032,129.38,3.94
"South Korea/포항",진달래,2007-03-20,2007,79,36.032,129.38,3.94
"South Korea/포항",진달래,2008-03-21,2008,81,36.032,129.38,3.94
"South Korea/포항",진달래,2009-03-15,2009,74,36.032,129.38,3.94
"South Korea/포항",진달래,2010-03-20,2010,79,36.032,129.38,3.94
"South Korea/포항",진달래,2011-03-24,2011,83,36.032,129.38,3.94
"South Korea/포항",진달래,2012-03-28,2012,88,36.032,129.38,3.94
"South Korea/포항",진달래,2013-03-12,2013,71,36.032,129.38,3.94
"South Korea/포항",진달래,2014-03-15,2014,74,36.032,129.38,3.94
"South Korea/포항",진달래,2015-03-21,2015,80,36.032,129.38,3.94
"South Korea/포항",진달래,2016-03-19,2016,79,36.032,129.38,3.94
"South Korea/포항",진달래,2017-03-21,2017,80,36.032,129.38,3.94
"South Korea/포항",진달래,2018-03-21,2018,80,36.032,129.38,3.94
"South Korea/포항",진달래,2019-03-15,2019,74,36.032,129.38,3.94
"South Korea/포항",진달래,2020-03-13,2020,73,36.032,129.38,3.94
"South Korea/포항",진달래,2021-03-13,2021,72,36.032,129.38,3.94
"South Korea/포항",진달래,2022-03-12,2022,71,36.032,129.38,3.94
"South Korea/포항",진달래,2023-03-11,2023,70,36.032,129.38,3.94
"South Korea/포항",진달래,2024-03-18,2024,78,36.032,129.38,3.94
"South Korea/광주",진달래,1973-03-26,1973,85,35.1729,126.8916,70.28
"South Korea/광주",진달래,1974-04-01,1974,91,35.1729,126.8916,70.28
"South Korea/광주",진달래,1975-03-29,1975,88,35.1729,126.8916,70.28
"South Korea/광주",진달래,1976-03-20,1976,80,35.1729,126.8916,70.28
"South Korea/광주",진달래,1977-03-26,1977,85,35.1729,126.8916,70.28
"South Korea/광주",진달래,1978-03-31,1978,90,35.1729,126.8916,70.28
"South Korea/광주",진달래,1979-03-21,1979,80,35.1729,126.8916,70.28
"South Korea/광주",진달래,1980-04-02,1980,93,35.1729,126.8916,70.28
"South Korea/광주",진달래,1981-03-27,1981,86,35.1729,126.8916,70.28
"South Korea/광주",진달래,1982-03-22,1982,81,35.1729,126.8916,70.28
"South Korea/광주",진달래,1983-03-28,1983,87,35.1729,126.8916,70.28
"South Korea/광주",진달래,1984-04-08,1984,99,35.1729,126.8916,70.28
"South Korea/광주",진달래,1985-03-28,1985,87,35.1729,126.8916,70.28
"South Korea/광주",진달래,1986-03-28,1986,87,35.1729,126.8916,70.28
"South Korea/광주",진달래,1987-03-23,1987,82,35.1729,126.8916,70.28
"South Korea/광주",진달래,1988-04-01,1988,92,35.1729,126.8916,70.28
"South Korea/광주",진달래,1989-03-22,1989,81,35.1729,126.8916,70.28
"South Korea/광주",진달래,1990-03-22,1990,81,35.1729,126.8916,70.28
"South Korea/광주",진달래,1991-04-03,1991,93,35.1729,126.8916,70.28
"South Korea/광주",진달래,1992-03-22,1992,82,35.1729,126.8916,70.28
"South Korea/광주",진달래,1993-03-26,1993,85,35.1729,126.8916,70.28
"South Korea/광주",진달래,1994-04-01,1994,91,35.1729,126.8916,70.28
"South Korea/광주",진달래,1995-03-23,1995,82,35.1729,126.8916,70.28
"South Korea/광주",진달래,1996-04-03,1996,94,35.1729,126.8916,70.28
"South Korea/광주",진달래,1997-03-25,1997,84,35.1729,126.8916,70.28
"South Korea/광주",진달래,1998-03-19,1998,78,35.1729,126.8916,70.28
"South Korea/광주",진달래,1999-03-20,1999,79,35.1729,126.8916,70.28
"South Korea/광주",진달래,2000-03-29,2000,89,35.1729,126.8916,70.28
"South Korea/광주",진달래,2001-04-02,2001,92,35.1729,126.8916,70.28
"South Korea/광주",진달래,2002-03-22,2002,81,35.1729,126.8916,70.28
"South Korea/광주",진달래,2003-03-29,2003,88,35.1729,126.8916,70.28
"South Korea/광주",진달래,2004-03-24,2004,84,35.1729,126.8916,70.28
"South Korea/광주",진달래,2005-03-28,2005,87,35.1729,126.8916,70.28
"South Korea/광주",진달래,2006-03-30,2006,89,35.1729,126.8916,70.28
"South Korea/광주",진달래,2007-03-26,2007,85,35.1729,126.8916,70.28
"South Korea/광주",진달래,2008-03-28,2008,88,35.1729,126.8916,70.28
"South Korea/광주",진달래,2009-03-19,2009,78,35.1729,126.8916,70.28
"South Korea/광주",진달래,2010-03-25,2010,84,35.1729,126.8916,70.28
"South Korea/광주",진달래,2011-04-05,2011,95,35.1729,126.8916,70.28
"South Korea/광주",진달래,2012-04-05,2012,96,35.1729,126.8916,70.28
"South Korea/광주",진달래,2013-03-25,2013,84,35.1729,126.8916,70.28
"South Korea/광주",진달래,2014-03-25,2014,84,35.1729,126.8916,70.28
"South Korea/광주",진달래,2015-03-23,2015,82,35.1729,126.8916,70.28
"South Korea/광주",진달래,2016-03-28,2016,88,35.1729,126.8916,70.28
"South Korea/광주",진달래,2017-03-27,2017,86,35.1729,126.8916,70.28
"South Korea/광주",진달래,2018-03-26,2018,85,35.1729,126.8916,70.28
"South Korea/광주",진달래,2019-03-26,2019,85,35.1729,126.8916,70.28
"South Korea/광주",진달래,2020-03-21,2020,81,35.1729,126.8916,70.28
"South Korea/광주",진달래,2021-03-18,2021,77,35.1729,126.8916,70.28
"South Korea/광주",진달래,2022-03-24,2022,83,35.1729,126.8916,70.28
"South Korea/광주",진달래,2023-03-21,2023,80,35.1729,126.8916,70.28
"South Korea/광주",진달래,2024-03-23,2024,83,35.1729,126.8916,70.28
"South Korea/광주",진달래,2025-03-23,2025,82,35.1729,126.8916,70.28
"South Korea/대구",진달래,1973-03-26,1973,85,35.878,128.653,54.27
"South Korea/대구",진달래,1974-04-04,1974,94,35.878,128.653,54.27
"South Korea/대구",진달래,1975-03-25,1975,84,35.878,128.653,54.27
"South Korea/대구",진달래,1976-03-14,1976,74,35.878,128.653,54.27
"South Korea/대구",진달래,1977-03-11,1977,70,35.878,128.653,54.27
"South Korea/대구",진달래,1978-03-23,1978,82,35.878,128.653,54.27
"South Korea/대구",진달래,1979-03-21,1979,80,35.878,128.653,54.27
"South Korea/대구",진달래,1980-03-27,1980,87,35.878,128.653,54.27
"South Korea/대구",진달래,1981-04-02,1981,92,35.878,128.653,54.27
"South Korea/대구",진달래,1982-03-11,1982,70,35.878,128.653,54.27
"South Korea/대구",진달래,1983-03-26,1983,85,35.878,128.653,54.27
"South Korea/대구",진달래,1984-04-08,1984,99,35.878,128.653,54.27
"South Korea/대구",진달래,1985-04-02,1985,92,35.878,128.653,54.27
"South Korea/대구",진달래,1986-04-02,1986,92,35.878,128.653,54.27
"South Korea/대구",진달래,1987-04-05,1987,95,35.878,128.653,54.27
"South Korea/대구",진달래,1988-04-02,1988,93,35.878,128.653,54.27
"South Korea/대구",진달래,1989-03-27,1989,86,35.878,128.653,54.27
"South Korea/대구",진달래,1990-03-21,1990,80,35.878,128.653,54.27
"South Korea/대구",진달래,1991-04-03,1991,93,35.878,128.653,54.27
"South Korea/대구",진달래,1992-03-25,1992,85,35.878,128.653,54.27
"South Korea/대구",진달래,1993-03-27,1993,86,35.878,128.653,54.27
"South Korea/대구",진달래,1994-03-23,1994,82,35.878,128.653,54.27
"South Korea/대구",진달래,1995-03-30,1995,89,35.878,128.653,54.27
"South Korea/대구",진달래,1996-04-04,1996,95,35.878,128.653,54.27
"South Korea/대구",진달래,1997-03-22,1997,81,35.878,128.653,54.27
"South Korea/대구",진달래,1998-03-22,1998,81,35.878,128.653,54.27
"South Korea/대구",진달래,1999-03-20,1999,79,35.878,128.653,54.27
"South Korea/대구",진달래,2000-03-28,2000,88,35.878,128.653,54.27
"South Korea/대구",진달래,2001-03-25,2001,84,35.878,128.653,54.27
"South Korea/대구",진달래,2002-03-12,2002,71,35.878,128.653,54.27
"South Korea/대구",진달래,2003-03-18,2003,77,35.878,128.653,54.27
"South Korea/대구",진달래,2004-03-17,2004,77,35.878,128.653,54.27
"South Korea/대구",진달래,2005-03-25,2005,84,35.878,128.653,54.27
"South Korea/대구",진달래,2006-03-22,2006,81,35.878,128.653,54.27
"South Korea/대구",진달래,2007-03-17,2007,76,35.878,128.653,54.27
"South Korea/대구",진달래,2008-03-22,2008,82,35.878,128.653,54.27
"South Korea/대구",진달래,2009-03-19,2009,78,35.878,128.653,54.27
"South Korea/대구",진달래,2010-04-02,2010,92,35.878,128.653,54.27
"South Korea/대구",진달래,2011-03-23,2011,82,35.878,128.653,54.27
"South Korea/대구",진달래,2012-03-22,2012,82,35.878,128.653,54.27
"South Korea/대구",진달래,2013-03-17,2013,76,35.878,128.653,54.27
"South Korea/대구",진달래,2014-03-17,2014,76,35.878,128.653,54.27
"South Korea/대구",진달래,2015-03-21,2015,80,35.878,128.653,54.27
"South Korea/대구",진달래,2016-03-19,2016,79,35.878,128.653,54.27
"South Korea/대구",진달래,2017-03-17,2017,76,35.878,128.653,54.27
"South Korea/대구",진달래,2018-03-22,2018,81,35.878,128.653,54.27
"South Korea/대구",진달래,2019-03-19,2019,78,35.878,128.653,54.27
"South Korea/대구",진달래,2020-03-11,2020,71,35.878,128.653,54.27
"South Korea/대구",진달래,2021-03-15,2021,74,35.878,128.653,54.27
"South Korea/대구",진달래,2022-03-21,2022,80,35.878,128.653,54.27
"South Korea/대구",진달래,2023-03-15,2023,74,35.878,128.653,54.27
"South Korea/대구",진달래,2024-03-24,2024,84,35.878,128.653,54.27
"South Korea/대구",진달래,2025-03-27,2025,86,35.878,128.653,54.27
"South Korea/대구(기)",진달래,2014-03-17,2014,76,nan,nan,nan
"South Korea/대구(기)",진달래,2015-03-21,2015,80,nan,nan,nan
"South Korea/대전",진달래,1973-03-27,1973,86,36.372,127.3721,67.79
"South Korea/대전",진달래,1974-04-06,1974,96,36.372,127.3721,67.79
"South Korea/대전",진달래,1975-04-05,1975,95,36.372,127.3721,67.79
"South Korea/대전",진달래,1976-03-28,1976,88,36.372,127.3721,67.79
"South Korea/대전",진달래,1977-04-05,1977,95,36.372,127.3721,67.79
"South Korea/대전",진달래,1978-04-06,1978,96,36.372,127.3721,67.79
"South Korea/대전",진달래,1979-03-17,1979,76,36.372,127.3721,67.79
"South Korea/대전",진달래,1980-04-01,1980,92,36.372,127.3721,67.79
"South Korea/대전",진달래,1981-04-01,1981,91,36.372,127.3721,67.79
"South Korea/대전",진달래,1982-03-28,1982,87,36.372,127.3721,67.79
"South Korea/대전",진달래,1983-03-26,1983,85,36.372,127.3721,67.79
"South Korea/대전",진달래,1984-04-09,1984,100,36.372,127.3721,67.79
"South Korea/대전",진달래,1985-04-06,1985,96,36.372,127.3721,67.79
"South Korea/대전",진달래,1986-04-07,1986,97,36.372,127.3721,67.79
"South Korea/대전",진달래,1987-04-02,1987,92,36.372,127.3721,67.79
"South Korea/대전",진달래,1988-04-05,1988,96,36.372,127.3721,67.79
"South Korea/대전",진달래,1989-03-24,1989,83,36.372,127.3721,67.79
"South Korea/대전",진달래,1990-03-22,1990,81,36.372,127.3721,67.79
"South Korea/대전",진달래,1991-04-06,1991,96,36.372,127.3721,67.79
"South Korea/대전",진달래,1992-03-25,1992,85,36.372,127.3721,67.79
"South Korea/대전",진달래,1993-04-01,1993,91,36.372,127.3721,67.79
"South Korea/대전",진달래,1994-04-03,1994,93,36.372,127.3721,67.79
"South Korea/대전",진달래,1995-03-30,1995,89,36.372,127.3721,67.79
"South Korea/대전",진달래,1996-04-08,1996,99,36.372,127.3721,67.79
"South Korea/대전",진달래,1997-03-29,1997,88,36.372,127.3721,67.79
"South Korea/대전",진달래,1998-03-25,1998,84,36.372,127.3721,67.79
"South Korea/대전",진달래,1999-03-20,1999,79,36.372,127.3721,67.79
"South Korea/대전",진달래,2000-04-02,2000,93,36.372,127.3721,67.79
"South Korea/대전",진달래,2001-04-01,2001,91,36.372,127.3721,67.79
"South Korea/대전",진달래,2002-03-23,2002,82,36.372,127.3721,67.79
"South Korea/대전",진달래,2003-03-24,2003,83,36.372,127.3721,67.79
"South Korea/대전",진달래,2004-03-26,2004,86,36.372,127.3721,67.79
"South Korea/대전",진달래,2005-04-06,2005,96,36.372,127.3721,67.79
"South Korea/대전",진달래,2006-03-27,2006,86,36.372,127.3721,67.79
"South Korea/대전",진달래,2007-03-22,2007,81,36.372,127.3721,67.79
"South Korea/대전",진달래,2008-03-22,2008,82,36.372,127.3721,67.79
"South Korea/대전",진달래,2009-03-20,2009,79,36.372,127.3721,67.79
"South Korea/대전",진달래,2010-03-31,2010,90,36.372,127.3721,67.79
"South Korea/대전",진달래,2011-04-07,2011,97,36.372,127.3721,67.79
"South Korea/대전",진달래,2012-04-09,2012,100,36.372,127.3721,67.79
"South Korea/대전",진달래,2013-04-02,2013,92,36.372,127.3721,67.79
"South Korea/대전",진달래,2014-03-24,2014,83,36.372,127.3721,67.79
"South Korea/대전",진달래,2015-03-27,2015,86,36.372,127.3721,67.79
"South Korea/대전",진달래,2016-03-25,2016,85,36.372,127.3721,67.79
"South Korea/대전",진달래,2017-03-24,2017,83,36.372,127.3721,67.79
"South Korea/대전",진달래,2018-03-27,2018,86,36.372,127.3721,67.79
"South Korea/대전",진달래,2019-03-26,2019,85,36.372,127.3721,67.79
"South Korea/대전",진달래,2020-03-16,2020,76,36.372,127.3721,67.79
"South Korea/대전",진달래,2021-03-16,2021,75,36.372,127.3721,67.79
"South Korea/대전",진달래,2022-03-24,2022,83,36.372,127.3721,67.79
"South Korea/대전",진달래,2023-03-16,2023,75,36.372,127.3721,67.79
"South Korea/대전",진달래,2024-03-17,2024,77,36.372,127.3721,67.79
"South Korea/대전",진달래,2025-03-24,2025,83,36.372,127.3721,67.79
"South Korea/부산",진달래,1975-03-29,1975,88,35.1047,129.032,69.56
"South Korea/부산",진달래,1978-03-26,1978,85,35.1047,129.032,69.56
"South Korea/부산",진달래,1979-03-16,1979,75,35.1047,129.032,69.56
"South Korea/부산",진달래,1980-03-26,1980,86,35.1047,129.032,69.56
"South Korea/부산",진달래,1981-03-21,1981,80,35.1047,129.032,69.56
"South Korea/부산",진달래,1982-03-13,1982,72,35.1047,129.032,69.56
"South Korea/부산",진달래,1983-03-21,1983,80,35.1047,129.032,69.56
"South Korea/부산",진달래,1984-04-06,1984,97,35.1047,129.032,69.56
"South Korea/부산",진달래,1985-03-26,1985,85,35.1047,129.032,69.56
"South Korea/부산",진달래,1986-03-24,1986,83,35.1047,129.032,69.56
"South Korea/부산",진달래,1987-03-14,1987,73,35.1047,129.032,69.56
"South Korea/부산",진달래,1988-03-22,1988,82,35.1047,129.032,69.56
"South Korea/부산",진달래,1989-02-25,1989,56,35.1047,129.032,69.56
"South Korea/부산",진달래,1990-03-12,1990,71,35.1047,129.032,69.56
"South Korea/부산",진달래,1991-03-13,1991,72,35.1047,129.032,69.56
"South Korea/부산",진달래,1992-03-18,1992,78,35.1047,129.032,69.56
"South Korea/부산",진달래,1993-03-15,1993,74,35.1047,129.032,69.56
"South Korea/부산",진달래,1994-03-15,1994,74,35.1047,129.032,69.56
"South Korea/부산",진달래,1995-03-17,1995,76,35.1047,129.032,69.56
"South Korea/부산",진달래,1996-03-31,1996,91,35.1047,129.032,69.56
"South Korea/부산",진달래,1997-03-18,1997,77,35.1047,129.032,69.56
"South Korea/부산",진달래,1998-03-11,1998,70,35.1047,129.032,69.56
"South Korea/부산",진달래,1999-03-28,1999,87,35.1047,129.032,69.56
"South Korea/부산",진달래,2000-03-31,2000,91,35.1047,129.032,69.56
"South Korea/부산",진달래,2001-03-26,2001,85,35.1047,129.032,69.56
"South Korea/부산",진달래,2002-03-12,2002,71,35.1047,129.032,69.56
"South Korea/부산",진달래,2003-03-18,2003,77,35.1047,129.032,69.56
"South Korea/부산",진달래,2004-03-22,2004,82,35.1047,129.032,69.56
"South Korea/부산",진달래,2005-04-02,2005,92,35.1047,129.032,69.56
"South Korea/부산",진달래,2006-03-10,2006,69,35.1047,129.032,69.56
"South Korea/부산",진달래,2007-03-17,2007,76,35.1047,129.032,69.56
"South Korea/부산",진달래,2008-03-21,2008,81,35.1047,129.032,69.56
"South Korea/부산",진달래,2009-03-17,2009,76,35.1047,129.032,69.56
"South Korea/부산",진달래,2010-03-18,2010,77,35.1047,129.032,69.56
"South Korea/부산",진달래,2011-03-27,2011,86,35.1047,129.032,69.56
"South Korea/부산",진달래,2012-03-21,2012,81,35.1047,129.032,69.56
"South Korea/부산",진달래,2013-03-12,2013,71,35.1047,129.032,69.56
"South Korea/부산",진달래,2014-03-06,2014,65,35.1047,129.032,69.56
"South Korea/부산",진달래,2015-03-23,2015,82,35.1047,129.032,69.56
"South Korea/부산",진달래,2016-03-29,2016,89,35.1047,129.032,69.56
"South Korea/부산",진달래,2017-03-24,2017,83,35.1047,129.032,69.56
"South Korea/부산",진달래,2018-03-20,2018,79,35.1047,129.032,69.56
"South Korea/부산",진달래,2019-03-18,2019,77,35.1047,129.032,69.56
"South Korea/부산",진달래,2020-03-15,2020,75,35.1047,129.032,69.56
"South Korea/부산",진달래,2021-03-11,2021,70,35.1047,129.032,69.56
"South Korea/부산",진달래,2022-03-27,2022,86,35.1047,129.032,69.56
"South Korea/부산",진달래,2023-03-17,2023,76,35.1047,129.032,69.56
"South Korea/부산",진달래,2025-03-24,2025,83,35.1047,129.032,69.56
"South Korea/서울",진달래,1973-04-20,1973,110,37.5714,126.9658,85.67
"South Korea/서울",진달래,1974-04-04,1974,94,37.5714,126.9658,85.67
"South Korea/서울",진달래,1975-03-21,1975,80,37.5714,126.9658,85.67
"South Korea/서울",진달래,1976-04-08,1976,99,37.5714,126.9658,85.67
"South Korea/서울",진달래,1977-04-02,1977,92,37.5714,126.9658,85.67
"South Korea/서울",진달래,1978-04-10,1978,100,37.5714,126.9658,85.67
"South Korea/서울",진달래,1979-03-21,1979,80,37.5714,126.9658,85.67
"South Korea/서울",진달래,1980-04-01,1980,92,37.5714,126.9658,85.67
"South Korea/서울",진달래,1981-04-06,1981,96,37.5714,126.9658,85.67
"South Korea/서울",진달래,1982-03-30,1982,89,37.5714,126.9658,85.67
"South Korea/서울",진달래,1983-03-30,1983,89,37.5714,126.9658,85.67
"South Korea/서울",진달래,1984-04-10,1984,101,37.5714,126.9658,85.67
"South Korea/서울",진달래,1985-04-03,1985,93,37.5714,126.9658,85.67
"South Korea/서울",진달래,1986-04-04,1986,94,37.5714,126.9658,85.67
"South Korea/서울",진달래,1987-04-05,1987,95,37.5714,126.9658,85.67
"South Korea/서울",진달래,1988-04-01,1988,92,37.5714,126.9658,85.67
"South Korea/서울",진달래,1989-03-21,1989,80,37.5714,126.9658,85.67
"South Korea/서울",진달래,1990-03-23,1990,82,37.5714,126.9658,85.67
"South Korea/서울",진달래,1991-04-07,1991,97,37.5714,126.9658,85.67
"South Korea/서울",진달래,1992-03-20,1992,80,37.5714,126.9658,85.67
"South Korea/서울",진달래,1993-03-31,1993,90,37.5714,126.9658,85.67
"South Korea/서울",진달래,1994-03-31,1994,90,37.5714,126.9658,85.67
"South Korea/서울",진달래,1995-03-28,1995,87,37.5714,126.9658,85.67
"South Korea/서울",진달래,1996-04-05,1996,96,37.5714,126.9658,85.67
"South Korea/서울",진달래,1997-03-19,1997,78,37.5714,126.9658,85.67
"South Korea/서울",진달래,1998-03-09,1998,68,37.5714,126.9658,85.67
"South Korea/서울",진달래,1999-03-30,1999,89,37.5714,126.9658,85.67
"South Korea/서울",진달래,2000-04-03,2000,94,37.5714,126.9658,85.67
"South Korea/서울",진달래,2001-04-09,2001,99,37.5714,126.9658,85.67
"South Korea/서울",진달래,2002-03-20,2002,79,37.5714,126.9658,85.67
"South Korea/서울",진달래,2003-03-29,2003,88,37.5714,126.9658,85.67
"South Korea/서울",진달래,2004-03-27,2004,87,37.5714,126.9658,85.67
"South Korea/서울",진달래,2005-04-07,2005,97,37.5714,126.9658,85.67
"South Korea/서울",진달래,2006-04-01,2006,91,37.5714,126.9658,85.67
"South Korea/서울",진달래,2007-03-20,2007,79,37.5714,126.9658,85.67
"South Korea/서울",진달래,2008-03-23,2008,83,37.5714,126.9658,85.67
"South Korea/서울",진달래,2009-03-21,2009,80,37.5714,126.9658,85.67
"South Korea/서울",진달래,2010-04-02,2010,92,37.5714,126.9658,85.67
"South Korea/서울",진달래,2011-04-06,2011,96,37.5714,126.9658,85.67
"South Korea/서울",진달래,2012-04-08,2012,99,37.5714,126.9658,85.67
"South Korea/서울",진달래,2013-04-05,2013,95,37.5714,126.9658,85.67
"South Korea/서울",진달래,2014-03-23,2014,82,37.5714,126.9658,85.67
"South Korea/서울",진달래,2015-03-25,2015,84,37.5714,126.9658,85.67
"South Korea/서울",진달래,2016-03-26,2016,86,37.5714,126.9658,85.67
"South Korea/서울",진달래,2017-03-29,2017,88,37.5714,126.9658,85.67
"South Korea/서울",진달래,2018-03-27,2018,86,37.5714,126.9658,85.67
"South Korea/서울",진달래,2019-03-21,2019,80,37.5714,126.9658,85.67
"South Korea/서울",진달래,2020-03-11,2020,71,37.5714,126.9658,85.67
"South Korea/서울",진달래,2021-03-16,2021,75,37.5714,126.9658,85.67
"South Korea/서울",진달래,2022-03-26,2022,85,37.5714,126.9658,85.67
"South Korea/서울",진달래,2023-03-19,2023,78,37.5714,126.9658,85.67
"South Korea/서울",진달래,2024-03-15,2024,75,37.5714,126.9658,85.67
"South Korea/서울",진달래,2025-03-23,2025,82,37.5714,126.9658,85.67
"South Korea/울산",진달래,1973-03-22,1973,81,35.5824,129.3347,81.14
"South Korea/울산",진달래,1975-03-18,1975,77,35.5824,129.3347,81.14
"South Korea/울산",진달래,1976-03-13,1976,73,35.5824,129.3347,81.14
"South Korea/울산",진달래,1977-03-25,1977,84,35.5824,129.3347,81.14
"South Korea/울산",진달래,1978-03-18,1978,77,35.5824,129.3347,81.14
"South Korea/울산",진달래,1979-03-19,1979,78,35.5824,129.3347,81.14
"South Korea/울산",진달래,1980-03-29,1980,89,35.5824,129.3347,81.14
"South Korea/울산",진달래,1981-03-23,1981,82,35.5824,129.3347,81.14
"South Korea/울산",진달래,1982-03-20,1982,79,35.5824,129.3347,81.14
"South Korea/울산",진달래,1983-03-24,1983,83,35.5824,129.3347,81.14
"South Korea/울산",진달래,1984-04-07,1984,98,35.5824,129.3347,81.14
"South Korea/울산",진달래,1985-03-30,1985,89,35.5824,129.3347,81.14
"South Korea/울산",진달래,1986-03-26,1986,85,35.5824,129.3347,81.14
"South Korea/울산",진달래,1987-03-17,1987,76,35.5824,129.3347,81.14
"South Korea/울산",진달래,1988-03-25,1988,85,35.5824,129.3347,81.14
"South Korea/울산",진달래,1989-03-11,1989,70,35.5824,129.3347,81.14
"South Korea/울산",진달래,1990-03-15,1990,74,35.5824,129.3347,81.14
"South Korea/울산",진달래,1991-04-01,1991,91,35.5824,129.3347,81.14
"South Korea/울산",진달래,1992-03-20,1992,80,35.5824,129.3347,81.14
"South Korea/울산",진달래,1993-03-24,1993,83,35.5824,129.3347,81.14
"South Korea/울산",진달래,1994-03-19,1994,78,35.5824,129.3347,81.14
"South Korea/울산",진달래,1995-03-24,1995,83,35.5824,129.3347,81.14
"South Korea/울산",진달래,1996-03-28,1996,88,35.5824,129.3347,81.14
"South Korea/울산",진달래,1997-03-15,1997,74,35.5824,129.3347,81.14
"South Korea/울산",진달래,1998-03-14,1998,73,35.5824,129.3347,81.14
"South Korea/울산",진달래,1999-03-17,1999,76,35.5824,129.3347,81.14
"South Korea/울산",진달래,2000-03-25,2000,85,35.5824,129.3347,81.14
"South Korea/울산",진달래,2001-03-23,2001,82,35.5824,129.3347,81.14
"South Korea/울산",진달래,2002-03-10,2002,69,35.5824,129.3347,81.14
"South Korea/울산",진달래,2003-03-28,2003,87,35.5824,129.3347,81.14
"South Korea/울산",진달래,2004-03-15,2004,75,35.5824,129.3347,81.14
"South Korea/울산",진달래,2005-03-28,2005,87,35.5824,129.3347,81.14
"South Korea/울산",진달래,2006-03-09,2006,68,35.5824,129.3347,81.14
"South Korea/울산",진달래,2007-03-03,2007,62,35.5824,129.3347,81.14
"South Korea/울산",진달래,2008-03-15,2008,75,35.5824,129.3347,81.14
"South Korea/울산",진달래,2009-03-09,2009,68,35.5824,129.3347,81.14
"South Korea/울산",진달래,2010-03-20,2010,79,35.5824,129.3347,81.14
"South Korea/울산",진달래,2011-03-23,2011,82,35.5824,129.3347,81.14
"South Korea/울산",진달래,2012-03-22,2012,82,35.5824,129.3347,81.14
"South Korea/울산",진달래,2013-03-07,2013,66,35.5824,129.3347,81.14
"South Korea/울산",진달래,2014-03-14,2014,73,35.5824,129.3347,81.14
"South Korea/울산",진달래,2015-03-19,2015,78,35.5824,129.3347,81.14
"South Korea/울산",진달래,2016-03-14,2016,74,35.5824,129.3347,81.14
"South Korea/울산",진달래,2017-03-20,2017,79,35.5824,129.3347,81.14
"South Korea/울산",진달래,2018-03-22,2018,81,35.5824,129.3347,81.14
"South Korea/울산",진달래,2019-03-18,2019,77,35.5824,129.3347,81.14
"South Korea/울산",진달래,2020-03-17,2020,77,35.5824,129.3347,81.14
"South Korea/울산",진달래,2021-03-16,2021,75,35.5824,129.3347,81.14
"South Korea/울산",진달래,2022-03-30,2022,89,35.5824,129.3347,81.14
"South Korea/울산",진달래,2023-03-18,2023,77,35.5824,129.3347,81.14
"South Korea/울산",진달래,2024-03-18,2024,78,35.5824,129.3347,81.14
"South Korea/강화",진달래,1976-04-02,1976,93,37.7074,126.4463,47.84
"South Korea/강화",진달래,1977-04-04,1977,94,37.7074,126.4463,47.84
"South Korea/강화",진달래,1978-04-10,1978,100,37.7074,126.4463,47.84
"South Korea/강화",진달래,1979-03-28,1979,87,37.7074,126.4463,47.84
"South Korea/강화",진달래,1980-03-31,1980,91,37.7074,126.4463,47.84
"South Korea/강화",진달래,1981-04-02,1981,92,37.7074,126.4463,47.84
"South Korea/강화",진달래,1982-03-27,1982,86,37.7074,126.4463,47.84
"South Korea/강화",진달래,1983-04-01,1983,91,37.7074,126.4463,47.84
"South Korea/강화",진달래,1984-04-12,1984,103,37.7074,126.4463,47.84
"South Korea/강화",진달래,1985-04-11,1985,101,37.7074,126.4463,47.84
"South Korea/강화",진달래,1986-04-11,1986,101,37.7074,126.4463,47.84
"South Korea/강화",진달래,1987-04-11,1987,101,37.7074,126.4463,47.84
"South Korea/강화",진달래,1988-04-13,1988,104,37.7074,126.4463,47.84
"South Korea/강화",진달래,1989-04-10,1989,100,37.7074,126.4463,47.84
"South Korea/강화",진달래,1990-04-03,1990,93,37.7074,126.4463,47.84
"South Korea/강화",진달래,1991-04-10,1991,100,37.7074,126.4463,47.84
"South Korea/강화",진달래,1992-04-02,1992,93,37.7074,126.4463,47.84
"South Korea/강화",진달래,1993-04-06,1993,96,37.7074,126.4463,47.84
"South Korea/강화",진달래,1994-04-04,1994,94,37.7074,126.4463,47.84
"South Korea/강화",진달래,1995-04-08,1995,98,37.7074,126.4463,47.84
"South Korea/강화",진달래,1996-04-16,1996,107,37.7074,126.4463,47.84
"South Korea/강화",진달래,1997-04-07,1997,97,37.7074,126.4463,47.84
"South Korea/강화",진달래,1998-03-28,1998,87,37.7074,126.4463,47.84
"South Korea/강화",진달래,1999-04-09,1999,99,37.7074,126.4463,47.84
"South Korea/강화",진달래,2000-04-06,2000,97,37.7074,126.4463,47.84
"South Korea/강화",진달래,2001-04-09,2001,99,37.7074,126.4463,47.84
"South Korea/강화",진달래,2002-03-26,2002,85,37.7074,126.4463,47.84
"South Korea/강화",진달래,2003-04-01,2003,91,37.7074,126.4463,47.84
"South Korea/강화",진달래,2004-03-31,2004,91,37.7074,126.4463,47.84
"South Korea/강화",진달래,2005-04-09,2005,99,37.7074,126.4463,47.84
"South Korea/강화",진달래,2006-04-04,2006,94,37.7074,126.4463,47.84
"South Korea/강화",진달래,2007-04-01,2007,91,37.7074,126.4463,47.84
"South Korea/강화",진달래,2008-04-04,2008,95,37.7074,126.4463,47.84
"South Korea/백령도",진달래,2001-04-06,2001,96,37.974,124.7124,36.0
"South Korea/백령도",진달래,2002-03-24,2002,83,37.974,124.7124,36.0
"South Korea/백령도",진달래,2003-04-04,2003,94,37.974,124.7124,36.0
"South Korea/백령도",진달래,2004-04-03,2004,94,37.974,124.7124,36.0
"South Korea/백령도",진달래,2005-04-11,2005,101,37.974,124.7124,36.0
"South Korea/백령도",진달래,2006-04-10,2006,100,37.974,124.7124,36.0
"South Korea/백령도",진달래,2007-04-02,2007,92,37.974,124.7124,36.0
"South Korea/백령도",진달래,2008-04-05,2008,96,37.974,124.7124,36.0
"South Korea/백령도",진달래,2009-04-13,2009,103,37.974,124.7124,36.0
"South Korea/백령도",진달래,2010-04-20,2010,110,37.974,124.7124,36.0
"South Korea/백령도",진달래,2011-04-13,2011,103,37.974,124.7124,36.0
"South Korea/백령도",진달래,2012-04-21,2012,112,37.974,124.7124,36.0
"South Korea/백령도",진달래,2013-04-06,2013,96,37.974,124.7124,36.0
"South Korea/백령도",진달래,2014-04-01,2014,91,37.974,124.7124,36.0
"South Korea/백령도",진달래,2015-04-05,2015,95,37.974,124.7124,36.0
"South Korea/백령도",진달래,2016-04-05,2016,96,37.974,124.7124,36.0
"South Korea/백령도",진달래,2017-03-31,2017,90,37.974,124.7124,36.0
"South Korea/백령도",진달래,2018-04-11,2018,101,37.974,124.7124,36.0
"South Korea/백령도",진달래,2019-04-10,2019,100,37.974,124.7124,36.0
"South Korea/백령도",진달래,2020-03-22,2020,82,37.974,124.7124,36.0
"South Korea/백령도",진달래,2021-03-23,2021,82,37.974,124.7124,36.0
"South Korea/백령도",진달래,2022-04-11,2022,101,37.974,124.7124,36.0
"South Korea/백령도",진달래,2023-03-25,2023,84,37.974,124.7124,36.0
"South Korea/백령도",진달래,2024-04-03,2024,94,37.974,124.7124,36.0
"South Korea/백령도",진달래,2025-04-07,2025,97,37.974,124.7124,36.0
"South Korea/인천",진달래,1973-04-04,1973,94,37.4777,126.6249,68.99
"South Korea/인천",진달래,1974-04-05,1974,95,37.4777,126.6249,68.99
"South Korea/인천",진달래,1975-04-07,1975,97,37.4777,126.6249,68.99
"South Korea/인천",진달래,1976-04-02,1976,93,37.4777,126.6249,68.99
"South Korea/인천",진달래,1977-04-09,1977,99,37.4777,126.6249,68.99
"South Korea/인천",진달래,1978-04-02,1978,92,37.4777,126.6249,68.99
"South Korea/인천",진달래,1979-03-29,1979,88,37.4777,126.6249,68.99
"South Korea/인천",진달래,1980-04-05,1980,96,37.4777,126.6249,68.99
"South Korea/인천",진달래,1981-04-04,1981,94,37.4777,126.6249,68.99
"South Korea/인천",진달래,1982-03-31,1982,90,37.4777,126.6249,68.99
"South Korea/인천",진달래,1983-03-30,1983,89,37.4777,126.6249,68.99
"South Korea/인천",진달래,1984-04-14,1984,105,37.4777,126.6249,68.99
"South Korea/인천",진달래,1985-04-10,1985,100,37.4777,126.6249,68.99
"South Korea/인천",진달래,1986-04-09,1986,99,37.4777,126.6249,68.99
"South Korea/인천",진달래,1987-04-07,1987,97,37.4777,126.6249,68.99
"South Korea/인천",진달래,1988-04-08,1988,99,37.4777,126.6249,68.99
"South Korea/인천",진달래,1989-03-28,1989,87,37.4777,126.6249,68.99
"South Korea/인천",진달래,1990-03-29,1990,88,37.4777,126.6249,68.99
"South Korea/인천",진달래,1991-04-09,1991,99,37.4777,126.6249,68.99
"South Korea/인천",진달래,1992-03-27,1992,87,37.4777,126.6249,68.99
"South Korea/인천",진달래,1993-04-03,1993,93,37.4777,126.6249,68.99
"South Korea/인천",진달래,1994-04-07,1994,97,37.4777,126.6249,68.99
"South Korea/인천",진달래,1995-03-31,1995,90,37.4777,126.6249,68.99
"South Korea/인천",진달래,1996-04-17,1996,108,37.4777,126.6249,68.99
"South Korea/인천",진달래,1997-04-07,1997,97,37.4777,126.6249,68.99
"South Korea/인천",진달래,1998-03-25,1998,84,37.4777,126.6249,68.99
"South Korea/인천",진달래,1999-04-01,1999,91,37.4777,126.6249,68.99
"South Korea/인천",진달래,2000-04-03,2000,94,37.4777,126.6249,68.99
"South Korea/인천",진달래,2001-04-09,2001,99,37.4777,126.6249,68.99
"South Korea/인천",진달래,2002-03-29,2002,88,37.4777,126.6249,68.99
"South Korea/인천",진달래,2003-04-02,2003,92,37.4777,126.6249,68.99
"South Korea/인천",진달래,2004-03-29,2004,89,37.4777,126.6249,68.99
"South Korea/인천",진달래,2005-04-11,2005,101,37.4777,126.6249,68.99
"South Korea/인천",진달래,2006-04-07,2006,97,37.4777,126.6249,68.99
"South Korea/인천",진달래,2007-04-05,2007,95,37.4777,126.6249,68.99
"South Korea/인천",진달래,2008-04-08,2008,99,37.4777,126.6249,68.99
"South Korea/인천",진달래,2009-04-05,2009,95,37.4777,126.6249,68.99
"South Korea/인천",진달래,2010-04-08,2010,98,37.4777,126.6249,68.99
"South Korea/인천",진달래,2011-04-17,2011,107,37.4777,126.6249,68.99
"South Korea/인천",진달래,2012-04-12,2012,103,37.4777,126.6249,68.99
"South Korea/인천",진달래,2013-04-17,2013,107,37.4777,126.6249,68.99
"South Korea/인천",진달래,2014-03-28,2014,87,37.4777,126.6249,68.99
"South Korea/인천",진달래,2015-03-27,2015,86,37.4777,126.6249,68.99
"South Korea/인천",진달래,2016-03-27,2016,87,37.4777,126.6249,68.99
"South Korea/인천",진달래,2017-03-26,2017,85,37.4777,126.6249,68.99
"South Korea/인천",진달래,2018-03-26,2018,85,37.4777,126.6249,68.99
"South Korea/인천",진달래,2019-03-22,2019,81,37.4777,126.6249,68.99
"South Korea/인천",진달래,2020-03-12,2020,72,37.4777,126.6249,68.99
"South Korea/인천",진달래,2021-03-18,2021,77,37.4777,126.6249,68.99
"South Korea/인천",진달래,2022-03-30,2022,89,37.4777,126.6249,68.99
"South Korea/인천",진달래,2023-03-22,2023,81,37.4777,126.6249,68.99
"South Korea/인천",진달래,2024-03-20,2024,80,37.4777,126.6249,68.99
"South Korea/인천",진달래,2025-03-25,2025,84,37.4777,126.6249,68.99
"South Korea/고흥",진달래,1975-03-23,1975,82,34.6183,127.2757,51.91
"South Korea/고흥",진달래,1976-03-18,1976,78,34.6183,127.2757,51.91
"South Korea/고흥",진달래,1977-03-25,1977,84,34.6183,127.2757,51.91
"South Korea/고흥",진달래,1978-03-22,1978,81,34.6183,127.2757,51.91
"South Korea/고흥",진달래,1979-03-20,1979,79,34.6183,127.2757,51.91
"South Korea/고흥",진달래,1980-03-24,1980,84,34.6183,127.2757,51.91
"South Korea/고흥",진달래,1981-03-30,1981,89,34.6183,127.2757,51.91
"South Korea/고흥",진달래,1982-03-29,1982,88,34.6183,127.2757,51.91
"South Korea/고흥",진달래,1983-03-31,1983,90,34.6183,127.2757,51.91
"South Korea/고흥",진달래,1984-04-04,1984,95,34.6183,127.2757,51.91
"South Korea/고흥",진달래,1985-04-02,1985,92,34.6183,127.2757,51.91
"South Korea/고흥",진달래,1986-03-30,1986,89,34.6183,127.2757,51.91
"South Korea/고흥",진달래,1987-03-28,1987,87,34.6183,127.2757,51.91
"South Korea/고흥",진달래,1988-04-01,1988,92,34.6183,127.2757,51.91
"South Korea/고흥",진달래,1990-03-21,1990,80,34.6183,127.2757,51.91
"South Korea/고흥",진달래,1991-03-28,1991,87,34.6183,127.2757,51.91
"South Korea/고흥",진달래,1992-03-19,1992,79,34.6183,127.2757,51.91
"South Korea/고흥",진달래,1993-03-20,1993,79,34.6183,127.2757,51.91
"South Korea/고흥",진달래,1994-04-02,1994,92,34.6183,127.2757,51.91
"South Korea/고흥",진달래,1995-03-30,1995,89,34.6183,127.2757,51.91
"South Korea/고흥",진달래,1996-04-03,1996,94,34.6183,127.2757,51.91
"South Korea/고흥",진달래,1997-03-19,1997,78,34.6183,127.2757,51.91
"South Korea/고흥",진달래,1998-03-15,1998,74,34.6183,127.2757,51.91
"South Korea/고흥",진달래,1999-03-17,1999,76,34.6183,127.2757,51.91
"South Korea/고흥",진달래,2000-03-30,2000,90,34.6183,127.2757,51.91
"South Korea/고흥",진달래,2001-03-27,2001,86,34.6183,127.2757,51.91
"South Korea/고흥",진달래,2002-03-18,2002,77,34.6183,127.2757,51.91
"South Korea/고흥",진달래,2003-03-24,2003,83,34.6183,127.2757,51.91
"South Korea/고흥",진달래,2004-03-22,2004,82,34.6183,127.2757,51.91
"South Korea/고흥",진달래,2005-03-31,2005,90,34.6183,127.2757,51.91
"South Korea/고흥",진달래,2006-03-23,2006,82,34.6183,127.2757,51.91
"South Korea/고흥",진달래,2007-03-19,2007,78,34.6183,127.2757,51.91
"South Korea/고흥",진달래,2008-03-21,2008,81,34.6183,127.2757,51.91
"South Korea/목포",진달래,1973-03-19,1973,78,34.8173,126.3815,44.7
"South Korea/목포",진달래,1974-04-08,1974,98,34.8173,126.3815,44.7
"South Korea/목포",진달래,1975-03-26,1975,85,34.8173,126.3815,44.7
"South Korea/목포",진달래,1976-03-23,1976,83,34.8173,126.3815,44.7
"South Korea/목포",진달래,1977-03-26,1977,85,34.8173,126.3815,44.7
"South Korea/목포",진달래,1978-03-27,1978,86,34.8173,126.3815,44.7
"South Korea/목포",진달래,1979-03-10,1979,69,34.8173,126.3815,44.7
"South Korea/목포",진달래,1980-03-12,1980,72,34.8173,126.3815,44.7
"South Korea/목포",진달래,1981-03-17,1981,76,34.8173,126.3815,44.7
"South Korea/목포",진달래,1982-04-10,1982,100,34.8173,126.3815,44.7
"South Korea/목포",진달래,1983-03-31,1983,90,34.8173,126.3815,44.7
"South Korea/목포",진달래,1984-04-04,1984,95,34.8173,126.3815,44.7
"South Korea/목포",진달래,1985-03-27,1985,86,34.8173,126.3815,44.7
"South Korea/목포",진달래,1986-04-02,1986,92,34.8173,126.3815,44.7
"South Korea/목포",진달래,1987-04-05,1987,95,34.8173,126.3815,44.7
"South Korea/목포",진달래,1988-04-08,1988,99,34.8173,126.3815,44.7
"South Korea/목포",진달래,1989-03-19,1989,78,34.8173,126.3815,44.7
"South Korea/목포",진달래,1990-03-17,1990,76,34.8173,126.3815,44.7
"South Korea/목포",진달래,1991-03-25,1991,84,34.8173,126.3815,44.7
"South Korea/목포",진달래,1992-03-17,1992,77,34.8173,126.3815,44.7
"South Korea/목포",진달래,1993-03-16,1993,75,34.8173,126.3815,44.7
"South Korea/목포",진달래,1994-03-15,1994,74,34.8173,126.3815,44.7
"South Korea/목포",진달래,1995-03-18,1995,77,34.8173,126.3815,44.7
"South Korea/목포",진달래,1996-03-29,1996,89,34.8173,126.3815,44.7
"South Korea/목포",진달래,1997-03-26,1997,85,34.8173,126.3815,44.7
"South Korea/목포",진달래,1998-03-14,1998,73,34.8173,126.3815,44.7
"South Korea/목포",진달래,1999-03-28,1999,87,34.8173,126.3815,44.7
"South Korea/목포",진달래,2000-04-02,2000,93,34.8173,126.3815,44.7
"South Korea/목포",진달래,2001-03-29,2001,88,34.8173,126.3815,44.7
"South Korea/목포",진달래,2002-03-18,2002,77,34.8173,126.3815,44.7
"South Korea/목포",진달래,2003-03-26,2003,85,34.8173,126.3815,44.7
"South Korea/목포",진달래,2004-03-23,2004,83,34.8173,126.3815,44.7
"South Korea/목포",진달래,2005-04-07,2005,97,34.8173,126.3815,44.7
"South Korea/목포",진달래,2006-03-26,2006,85,34.8173,126.3815,44.7
"South Korea/목포",진달래,2007-03-22,2007,81,34.8173,126.3815,44.7
"South Korea/목포",진달래,2008-03-24,2008,84,34.8173,126.3815,44.7
"South Korea/목포",진달래,2009-03-22,2009,81,34.8173,126.3815,44.7
"South Korea/목포",진달래,2010-03-25,2010,84,34.8173,126.3815,44.7
"South Korea/목포",진달래,2011-04-05,2011,95,34.8173,126.3815,44.7
"South Korea/목포",진달래,2012-04-05,2012,96,34.8173,126.3815,44.7
"South Korea/목포",진달래,2013-03-21,2013,80,34.8173,126.3815,44.7
"South Korea/목포",진달래,2014-03-19,2014,78,34.8173,126.3815,44.7
"South Korea/목포",진달래,2015-03-21,2015,80,34.8173,126.3815,44.7
"South Korea/목포",진달래,2016-03-19,2016,79,34.8173,126.3815,44.7
"South Korea/목포",진달래,2017-03-17,2017,76,34.8173,126.3815,44.7
"South Korea/목포",진달래,2018-03-20,2018,79,34.8173,126.3815,44.7
"South Korea/목포",진달래,2019-03-18,2019,77,34.8173,126.3815,44.7
"South Korea/목포",진달래,2020-03-08,2020,68,34.8173,126.3815,44.7
"South Korea/목포",진달래,2021-03-11,2021,70,34.8173,126.3815,44.7
"South Korea/목포",진달래,2022-03-17,2022,76,34.8173,126.3815,44.7
"South Korea/목포",진달래,2023-03-17,2023,76,34.8173,126.3815,44.7
"South Korea/목포",진달래,2024-03-25,2024,85,34.8173,126.3815,44.7
"South Korea/목포",진달래,2025-03-27,2025,86,34.8173,126.3815,44.7
"South Korea/무안",진달래,1993-03-20,1993,79,nan,nan,nan
"South Korea/무안",진달래,1994-03-26,1994,85,nan,nan,nan
"South Korea/무안",진달래,1995-03-28,1995,87,nan,nan,nan
"South Korea/무안",진달래,1996-04-05,1996,96,nan,nan,nan
"South Korea/무안",진달래,1997-03-26,1997,85,nan,nan,nan
"South Korea/무안",진달래,1998-03-21,1998,80,nan,nan,nan
"South Korea/무안",진달래,1999-03-27,1999,86,nan,nan,nan
"South Korea/무안",진달래,2000-03-30,2000,90,nan,nan,nan
"South Korea/순천",진달래,2012-04-05,2012,96,35.0204,127.3694,165.0
"South Korea/순천",진달래,2013-03-27,2013,86,35.0204,127.3694,165.0
"South Korea/순천",진달래,2014-03-17,2014,76,35.0204,127.3694,165.0
"South Korea/순천",진달래,2015-03-23,2015,82,35.0204,127.3694,165.0
"South Korea/여수",진달래,1973-03-17,1973,76,34.7393,127.7406,65.93
"South Korea/여수",진달래,1974-03-28,1974,87,34.7393,127.7406,65.93
"South Korea/여수",진달래,1975-03-25,1975,84,34.7393,127.7406,65.93
"South Korea/여수",진달래,1976-03-30,1976,90,34.7393,127.7406,65.93
"South Korea/여수",진달래,1977-03-29,1977,88,34.7393,127.7406,65.93
"South Korea/여수",진달래,1978-03-25,1978,84,34.7393,127.7406,65.93
"South Korea/여수",진달래,1979-03-15,1979,74,34.7393,127.7406,65.93
"South Korea/여수",진달래,1980-03-12,1980,72,34.7393,127.7406,65.93
"South Korea/여수",진달래,1981-03-17,1981,76,34.7393,127.7406,65.93
"South Korea/여수",진달래,1982-04-02,1982,92,34.7393,127.7406,65.93
"South Korea/여수",진달래,1983-03-26,1983,85,34.7393,127.7406,65.93
"South Korea/여수",진달래,1984-04-03,1984,94,34.7393,127.7406,65.93
"South Korea/여수",진달래,1985-03-29,1985,88,34.7393,127.7406,65.93
"South Korea/여수",진달래,1986-03-29,1986,88,34.7393,127.7406,65.93
"South Korea/여수",진달래,1987-03-21,1987,80,34.7393,127.7406,65.93
"South Korea/여수",진달래,1988-03-21,1988,81,34.7393,127.7406,65.93
"South Korea/여수",진달래,1989-03-11,1989,70,34.7393,127.7406,65.93
"South Korea/여수",진달래,1990-03-08,1990,67,34.7393,127.7406,65.93
"South Korea/여수",진달래,1991-03-13,1991,72,34.7393,127.7406,65.93
"South Korea/여수",진달래,1992-03-14,1992,74,34.7393,127.7406,65.93
"South Korea/여수",진달래,1993-03-14,1993,73,34.7393,127.7406,65.93
"South Korea/여수",진달래,1994-03-12,1994,71,34.7393,127.7406,65.93
"South Korea/여수",진달래,1995-03-20,1995,79,34.7393,127.7406,65.93
"South Korea/여수",진달래,1996-03-25,1996,85,34.7393,127.7406,65.93
"South Korea/여수",진달래,1997-03-22,1997,81,34.7393,127.7406,65.93
"South Korea/여수",진달래,1998-03-10,1998,69,34.7393,127.7406,65.93
"South Korea/여수",진달래,1999-03-26,1999,85,34.7393,127.7406,65.93
"South Korea/여수",진달래,2000-03-23,2000,83,34.7393,127.7406,65.93
"South Korea/여수",진달래,2001-03-26,2001,85,34.7393,127.7406,65.93
"South Korea/여수",진달래,2002-03-13,2002,72,34.7393,127.7406,65.93
"South Korea/여수",진달래,2003-03-13,2003,72,34.7393,127.7406,65.93
"South Korea/여수",진달래,2004-03-18,2004,78,34.7393,127.7406,65.93
"South Korea/여수",진달래,2005-03-25,2005,84,34.7393,127.7406,65.93
"South Korea/여수",진달래,2006-03-21,2006,80,34.7393,127.7406,65.93
"South Korea/여수",진달래,2007-03-16,2007,75,34.7393,127.7406,65.93
"South Korea/여수",진달래,2008-03-22,2008,82,34.7393,127.7406,65.93
"South Korea/여수",진달래,2009-03-18,2009,77,34.7393,127.7406,65.93
"South Korea/여수",진달래,2010-03-20,2010,79,34.7393,127.7406,65.93
"South Korea/여수",진달래,2011-03-30,2011,89,34.7393,127.7406,65.93
"South Korea/여수",진달래,2012-04-01,2012,92,34.7393,127.7406,65.93
"South Korea/여수",진달래,2013-03-20,2013,79,34.7393,127.7406,65.93
"South Korea/여수",진달래,2014-03-15,2014,74,34.7393,127.7406,65.93
"South Korea/여수",진달래,2015-03-21,2015,80,34.7393,127.7406,65.93
"South Korea/여수",진달래,2016-03-19,2016,79,34.7393,127.7406,65.93
"South Korea/여수",진달래,2017-03-19,2017,78,34.7393,127.7406,65.93
"South Korea/여수",진달래,2018-03-23,2018,82,34.7393,127.7406,65.93
"South Korea/여수",진달래,2019-03-13,2019,72,34.7393,127.7406,65.93
"South Korea/여수",진달래,2020-03-12,2020,72,34.7393,127.7406,65.93
"South Korea/여수",진달래,2021-03-09,2021,68,34.7393,127.7406,65.93
"South Korea/여수",진달래,2022-03-19,2022,78,34.7393,127.7406,65.93
"South Korea/여수",진달래,2023-03-15,2023,74,34.7393,127.7406,65.93
"South Korea/여수",진달래,2024-03-13,2024,73,34.7393,127.7406,65.93
"South Korea/여수",진달래,2025-03-24,2025,83,34.7393,127.7406,65.93
"South Korea/완도",진달래,1976-03-25,1976,85,34.3959,126.7018,35.37
"South Korea/완도",진달래,1977-03-30,1977,89,34.3959,126.7018,35.37
"South Korea/완도",진달래,1978-03-29,1978,88,34.3959,126.7018,35.37
"South Korea/완도",진달래,1979-03-12,1979,71,34.3959,126.7018,35.37
"South Korea/완도",진달래,1980-03-29,1980,89,34.3959,126.7018,35.37
"South Korea/완도",진달래,1981-03-28,1981,87,34.3959,126.7018,35.37
"South Korea/완도",진달래,1982-03-21,1982,80,34.3959,126.7018,35.37
"South Korea/완도",진달래,1983-03-21,1983,80,34.3959,126.7018,35.37
"South Korea/완도",진달래,1984-04-08,1984,99,34.3959,126.7018,35.37
"South Korea/완도",진달래,1985-03-30,1985,89,34.3959,126.7018,35.37
"South Korea/완도",진달래,1986-04-03,1986,93,34.3959,126.7018,35.37
"South Korea/완도",진달래,1987-03-29,1987,88,34.3959,126.7018,35.37
"South Korea/완도",진달래,1988-03-27,1988,87,34.3959,126.7018,35.37
"South Korea/완도",진달래,1989-03-20,1989,79,34.3959,126.7018,35.37
"South Korea/완도",진달래,1990-03-12,1990,71,34.3959,126.7018,35.37
"South Korea/완도",진달래,1991-03-20,1991,79,34.3959,126.7018,35.37
"South Korea/완도",진달래,1992-03-14,1992,74,34.3959,126.7018,35.37
"South Korea/완도",진달래,1993-03-23,1993,82,34.3959,126.7018,35.37
"South Korea/완도",진달래,1994-03-15,1994,74,34.3959,126.7018,35.37
"South Korea/완도",진달래,1995-03-23,1995,82,34.3959,126.7018,35.37
"South Korea/완도",진달래,1996-03-26,1996,86,34.3959,126.7018,35.37
"South Korea/완도",진달래,1997-03-18,1997,77,34.3959,126.7018,35.37
"South Korea/완도",진달래,1998-03-14,1998,73,34.3959,126.7018,35.37
"South Korea/완도",진달래,1999-03-18,1999,77,34.3959,126.7018,35.37
"South Korea/완도",진달래,2000-03-24,2000,84,34.3959,126.7018,35.37
"South Korea/완도",진달래,2001-03-22,2001,81,34.3959,126.7018,35.37
"South Korea/완도",진달래,2002-03-12,2002,71,34.3959,126.7018,35.37
"South Korea/완도",진달래,2003-03-25,2003,84,34.3959,126.7018,35.37
"South Korea/완도",진달래,2004-03-21,2004,81,34.3959,126.7018,35.37
"South Korea/완도",진달래,2005-04-03,2005,93,34.3959,126.7018,35.37
"South Korea/완도",진달래,2006-03-23,2006,82,34.3959,126.7018,35.37
"South Korea/완도",진달래,2007-03-18,2007,77,34.3959,126.7018,35.37
"South Korea/완도",진달래,2008-03-20,2008,80,34.3959,126.7018,35.37
"South Korea/완도",진달래,2009-03-19,2009,78,34.3959,126.7018,35.37
"South Korea/완도",진달래,2010-03-19,2010,78,34.3959,126.7018,35.37
"South Korea/완도",진달래,2011-03-24,2011,83,34.3959,126.7018,35.37
"South Korea/완도",진달래,2012-03-29,2012,89,34.3959,126.7018,35.37
"South Korea/완도",진달래,2013-03-18,2013,77,34.3959,126.7018,35.37
"South Korea/완도",진달래,2014-03-16,2014,75,34.3959,126.7018,35.37
"South Korea/완도",진달래,2015-03-17,2015,76,34.3959,126.7018,35.37
"South Korea/장흥",진달래,1973-03-19,1973,78,34.6889,126.9195,43.99
"South Korea/장흥",진달래,1974-04-01,1974,91,34.6889,126.9195,43.99
"South Korea/장흥",진달래,1975-04-02,1975,92,34.6889,126.9195,43.99
"South Korea/장흥",진달래,1976-03-28,1976,88,34.6889,126.9195,43.99
"South Korea/장흥",진달래,1977-04-03,1977,93,34.6889,126.9195,43.99
"South Korea/장흥",진달래,1978-04-05,1978,95,34.6889,126.9195,43.99
"South Korea/장흥",진달래,1979-04-01,1979,91,34.6889,126.9195,43.99
"South Korea/장흥",진달래,1980-04-05,1980,96,34.6889,126.9195,43.99
"South Korea/장흥",진달래,1981-04-04,1981,94,34.6889,126.9195,43.99
"South Korea/장흥",진달래,1982-03-24,1982,83,34.6889,126.9195,43.99
"South Korea/장흥",진달래,1983-03-28,1983,87,34.6889,126.9195,43.99
"South Korea/장흥",진달래,1984-04-12,1984,103,34.6889,126.9195,43.99
"South Korea/장흥",진달래,1985-04-08,1985,98,34.6889,126.9195,43.99
"South Korea/장흥",진달래,1986-03-28,1986,87,34.6889,126.9195,43.99
"South Korea/장흥",진달래,1987-03-27,1987,86,34.6889,126.9195,43.99
"South Korea/장흥",진달래,1988-03-28,1988,88,34.6889,126.9195,43.99
"South Korea/장흥",진달래,1989-03-24,1989,83,34.6889,126.9195,43.99
"South Korea/장흥",진달래,1990-03-22,1990,81,34.6889,126.9195,43.99
"South Korea/장흥",진달래,1991-03-25,1991,84,34.6889,126.9195,43.99
"South Korea/장흥",진달래,1992-03-19,1992,79,34.6889,126.9195,43.99
"South Korea/장흥",진달래,1993-03-21,1993,80,34.6889,126.9195,43.99
"South Korea/장흥",진달래,1994-03-23,1994,82,34.6889,126.9195,43.99
"South Korea/장흥",진달래,1995-03-22,1995,81,34.6889,126.9195,43.99
"South Korea/장흥",진달래,1996-03-26,1996,86,34.6889,126.9195,43.99
"South Korea/장흥",진달래,1997-03-24,1997,83,34.6889,126.9195,43.99
"South Korea/장흥",진달래,1998-03-23,1998,82,34.6889,126.9195,43.99
"South Korea/장흥",진달래,1999-03-25,1999,84,34.6889,126.9195,43.99
"South Korea/장흥",진달래,2000-04-03,2000,94,34.6889,126.9195,43.99
"South Korea/장흥",진달래,2001-03-28,2001,87,34.6889,126.9195,43.99
"South Korea/장흥",진달래,2002-03-24,2002,83,34.6889,126.9195,43.99
"South Korea/장흥",진달래,2003-03-28,2003,87,34.6889,126.9195,43.99
"South Korea/장흥",진달래,2004-03-24,2004,84,34.6889,126.9195,43.99
"South Korea/장흥",진달래,2005-04-04,2005,94,34.6889,126.9195,43.99
"South Korea/장흥",진달래,2006-03-27,2006,86,34.6889,126.9195,43.99
"South Korea/장흥",진달래,2007-03-23,2007,82,34.6889,126.9195,43.99
"South Korea/장흥",진달래,2008-03-21,2008,81,34.6889,126.9195,43.99
"South Korea/주암",진달래,1973-03-19,1973,78,nan,nan,nan
"South Korea/주암",진달래,1974-03-24,1974,83,nan,nan,nan
"South Korea/주암",진달래,1975-03-28,1975,87,nan,nan,nan
"South Korea/주암",진달래,1976-03-27,1976,87,nan,nan,nan
"South Korea/주암",진달래,1977-03-31,1977,90,nan,nan,nan
"South Korea/주암",진달래,1978-03-31,1978,90,nan,nan,nan
"South Korea/주암",진달래,1979-03-21,1979,80,nan,nan,nan
"South Korea/주암",진달래,1980-03-29,1980,89,nan,nan,nan
"South Korea/주암",진달래,1981-03-26,1981,85,nan,nan,nan
"South Korea/주암",진달래,1982-03-22,1982,81,nan,nan,nan
"South Korea/주암",진달래,1983-03-29,1983,88,nan,nan,nan
"South Korea/주암",진달래,1984-04-08,1984,99,nan,nan,nan
"South Korea/주암",진달래,1985-03-28,1985,87,nan,nan,nan
"South Korea/주암",진달래,1986-04-02,1986,92,nan,nan,nan
"South Korea/주암",진달래,1987-04-03,1987,93,nan,nan,nan
"South Korea/주암",진달래,1988-04-01,1988,92,nan,nan,nan
"South Korea/주암",진달래,1989-03-22,1989,81,nan,nan,nan
"South Korea/주암",진달래,1990-03-20,1990,79,nan,nan,nan
"South Korea/주암",진달래,1991-03-27,1991,86,nan,nan,nan
"South Korea/주암",진달래,1992-03-24,1992,84,nan,nan,nan
"South Korea/주암",진달래,1993-03-26,1993,85,nan,nan,nan
"South Korea/주암",진달래,1994-04-04,1994,94,nan,nan,nan
"South Korea/주암",진달래,1995-03-28,1995,87,nan,nan,nan
"South Korea/주암",진달래,1996-04-10,1996,101,nan,nan,nan
"South Korea/주암",진달래,1997-03-28,1997,87,nan,nan,nan
"South Korea/주암",진달래,1998-03-19,1998,78,nan,nan,nan
"South Korea/주암",진달래,1999-03-26,1999,85,nan,nan,nan
"South Korea/주암",진달래,2000-04-03,2000,94,nan,nan,nan
"South Korea/주암",진달래,2001-03-27,2001,86,nan,nan,nan
"South Korea/주암",진달래,2002-03-18,2002,77,nan,nan,nan
"South Korea/주암",진달래,2003-04-01,2003,91,nan,nan,nan
"South Korea/주암",진달래,2004-03-25,2004,85,nan,nan,nan
"South Korea/주암",진달래,2005-03-26,2005,85,nan,nan,nan
"South Korea/주암",진달래,2006-03-29,2006,88,nan,nan,nan
"South Korea/주암",진달래,2007-03-27,2007,86,nan,nan,nan
"South Korea/주암",진달래,2008-03-29,2008,89,nan,nan,nan
"South Korea/주암",진달래,2009-03-22,2009,81,nan,nan,nan
"South Korea/주암",진달래,2010-03-22,2010,81,nan,nan,nan
"South Korea/주암",진달래,2011-03-30,2011,89,nan,nan,nan
"South Korea/진도(첨찰산)",진달래,2002-03-20,2002,79,nan,nan,nan
"South Korea/진도(첨찰산)",진달래,2003-03-25,2003,84,nan,nan,nan
"South Korea/진도(첨찰산)",진달래,2004-03-21,2004,81,nan,nan,nan
"South Korea/진도(첨찰산)",진달래,2005-04-06,2005,96,nan,nan,nan
"South Korea/진도(첨찰산)",진달래,2006-03-25,2006,84,nan,nan,nan
"South Korea/진도(첨찰산)",진달래,2007-03-20,2007,79,nan,nan,nan
"South Korea/진도(첨찰산)",진달래,2008-03-16,2008,76,nan,nan,nan
"South Korea/진도(첨찰산)",진달래,2009-03-19,2009,78,nan,nan,nan
"South Korea/진도(첨찰산)",진달래,2010-03-19,2010,78,nan,nan,nan
"South Korea/진도(첨찰산)",진달래,2011-03-18,2011,77,nan,nan,nan
"South Korea/진도(첨찰산)",진달래,2012-04-09,2012,100,nan,nan,nan
"South Korea/진도(첨찰산)",진달래,2013-03-18,2013,77,nan,nan,nan
"South Korea/진도(첨찰산)",진달래,2014-03-17,2014,76,nan,nan,nan
"South Korea/진도(첨찰산)",진달래,2015-03-20,2015,79,nan,nan,nan
"South Korea/해남",진달래,1973-03-28,1973,87,34.5538,126.5691,16.36
"South Korea/해남",진달래,1976-03-16,1976,76,34.5538,126.5691,16.36
"South Korea/해남",진달래,1977-03-26,1977,85,34.5538,126.5691,16.36
"South Korea/해남",진달래,1978-03-28,1978,87,34.5538,126.5691,16.36
"South Korea/해남",진달래,1979-03-26,1979,85,34.5538,126.5691,16.36
"South Korea/해남",진달래,1980-04-04,1980,95,34.5538,126.5691,16.36
"South Korea/해남",진달래,1981-03-27,1981,86,34.5538,126.5691,16.36
"South Korea/해남",진달래,1982-03-25,1982,84,34.5538,126.5691,16.36
"South Korea/해남",진달래,1983-03-25,1983,84,34.5538,126.5691,16.36
"South Korea/해남",진달래,1984-04-14,1984,105,34.5538,126.5691,16.36
"South Korea/해남",진달래,1985-03-30,1985,89,34.5538,126.5691,16.36
"South Korea/해남",진달래,1986-04-04,1986,94,34.5538,126.5691,16.36
"South Korea/해남",진달래,1987-03-21,1987,80,34.5538,126.5691,16.36
"South Korea/해남",진달래,1988-03-30,1988,90,34.5538,126.5691,16.36
"South Korea/해남",진달래,1989-03-15,1989,74,34.5538,126.5691,16.36
"South Korea/해남",진달래,1990-03-22,1990,81,34.5538,126.5691,16.36
"South Korea/해남",진달래,1991-03-31,1991,90,34.5538,126.5691,16.36
"South Korea/해남",진달래,1992-03-18,1992,78,34.5538,126.5691,16.36
"South Korea/해남",진달래,1993-03-16,1993,75,34.5538,126.5691,16.36
"South Korea/해남",진달래,1994-03-19,1994,78,34.5538,126.5691,16.36
"South Korea/해남",진달래,1995-03-26,1995,85,34.5538,126.5691,16.36
"South Korea/해남",진달래,1996-04-04,1996,95,34.5538,126.5691,16.36
"South Korea/해남",진달래,1997-03-18,1997,77,34.5538,126.5691,16.36
"South Korea/해남",진달래,1998-03-14,1998,73,34.5538,126.5691,16.36
"South Korea/해남",진달래,1999-03-18,1999,77,34.5538,126.5691,16.36
"South Korea/해남",진달래,2000-03-30,2000,90,34.5538,126.5691,16.36
"South Korea/해남",진달래,2001-03-25,2001,84,34.5538,126.5691,16.36
"South Korea/해남",진달래,2002-03-16,2002,75,34.5538,126.5691,16.36
"South Korea/해남",진달래,2003-03-25,2003,84,34.5538,126.5691,16.36
"South Korea/해남",진달래,2004-03-24,2004,84,34.5538,126.5691,16.36
"South Korea/해남",진달래,2005-04-07,2005,97,34.5538,126.5691,16.36
"South Korea/해남",진달래,2006-03-25,2006,84,34.5538,126.5691,16.36
"South Korea/해남",진달래,2007-03-23,2007,82,34.5538,126.5691,16.36
"South Korea/해남",진달래,2008-03-27,2008,87,34.5538,126.5691,16.36
"South Korea/흑산도",진달래,1997-03-24,1997,83,34.6872,125.4511,75.12
"South Korea/흑산도",진달래,1998-03-23,1998,82,34.6872,125.4511,75.12
"South Korea/흑산도",진달래,1999-03-25,1999,84,34.6872,125.4511,75.12
"South Korea/흑산도",진달래,2000-03-31,2000,91,34.6872,125.4511,75.12
"South Korea/흑산도",진달래,2001-03-27,2001,86,34.6872,125.4511,75.12
"South Korea/흑산도",진달래,2002-03-16,2002,75,34.6872,125.4511,75.12
"South Korea/흑산도",진달래,2003-03-15,2003,74,34.6872,125.4511,75.12
"South Korea/흑산도",진달래,2004-03-18,2004,78,34.6872,125.4511,75.12
"South Korea/흑산도",진달래,2005-04-06,2005,96,34.6872,125.4511,75.12
"South Korea/흑산도",진달래,2006-03-15,2006,74,34.6872,125.4511,75.12
"South Korea/흑산도",진달래,2007-03-12,2007,71,34.6872,125.4511,75.12
"South Korea/흑산도",진달래,2008-03-16,2008,76,34.6872,125.4511,75.12
"South Korea/흑산도",진달래,2009-03-17,2009,76,34.6872,125.4511,75.12
"South Korea/흑산도",진달래,2010-03-30,2010,89,34.6872,125.4511,75.12
"South Korea/흑산도",진달래,2011-03-30,2011,89,34.6872,125.4511,75.12
"South Korea/흑산도",진달래,2012-04-08,2012,99,34.6872,125.4511,75.12
"South Korea/흑산도",진달래,2013-03-18,2013,77,34.6872,125.4511,75.12
"South Korea/흑산도",진달래,2014-03-23,2014,82,34.6872,125.4511,75.12
"South Korea/흑산도",진달래,2015-03-27,2015,86,34.6872,125.4511,75.12
"South Korea/흑산도",진달래,2016-03-24,2016,84,34.6872,125.4511,75.12
"South Korea/흑산도",진달래,2017-03-27,2017,86,34.6872,125.4511,75.12
"South Korea/흑산도",진달래,2018-04-05,2018,95,34.6872,125.4511,75.12
"South Korea/흑산도",진달래,2019-03-28,2019,87,34.6872,125.4511,75.12
"South Korea/흑산도",진달래,2020-04-16,2020,107,34.6872,125.4511,75.12
"South Korea/흑산도",진달래,2021-03-26,2021,85,34.6872,125.4511,75.12
"South Korea/흑산도",진달래,2022-03-28,2022,87,34.6872,125.4511,75.12
"South Korea/흑산도",진달래,2023-03-25,2023,84,34.6872,125.4511,75.12
"South Korea/흑산도",진달래,2024-03-15,2024,75,34.6872,125.4511,75.12
"South Korea/흑산도",진달래,2025-03-25,2025,84,34.6872,125.4511,75.12
"South Korea/고창",진달래,2011-04-07,2011,97,35.3482,126.599,52.42
"South Korea/고창",진달래,2012-04-06,2012,97,35.3482,126.599,52.42
"South Korea/고창",진달래,2013-04-02,2013,92,35.3482,126.599,52.42
"South Korea/고창",진달래,2014-03-26,2014,85,35.3482,126.599,52.42
"South Korea/고창",진달래,2015-03-25,2015,84,35.3482,126.599,52.42
"South Korea/고창군",진달래,2009-03-23,2009,82,35.4266,126.697,58.84
"South Korea/고창군",진달래,2010-03-26,2010,85,35.4266,126.697,58.84
"South Korea/군산",진달래,1973-04-01,1973,91,36.0053,126.7614,27.85
"South Korea/군산",진달래,1974-04-09,1974,99,36.0053,126.7614,27.85
"South Korea/군산",진달래,1975-04-09,1975,99,36.0053,126.7614,27.85
"South Korea/군산",진달래,1976-04-03,1976,94,36.0053,126.7614,27.85
"South Korea/군산",진달래,1977-04-08,1977,98,36.0053,126.7614,27.85
"South Korea/군산",진달래,1978-04-11,1978,101,36.0053,126.7614,27.85
"South Korea/군산",진달래,1979-03-26,1979,85,36.0053,126.7614,27.85
"South Korea/군산",진달래,1980-04-07,1980,98,36.0053,126.7614,27.85
"South Korea/군산",진달래,1982-04-03,1982,93,36.0053,126.7614,27.85
"South Korea/군산",진달래,1983-04-04,1983,94,36.0053,126.7614,27.85
"South Korea/군산",진달래,1984-04-15,1984,106,36.0053,126.7614,27.85
"South Korea/군산",진달래,1985-04-08,1985,98,36.0053,126.7614,27.85
"South Korea/군산",진달래,1986-04-11,1986,101,36.0053,126.7614,27.85
"South Korea/군산",진달래,1987-04-11,1987,101,36.0053,126.7614,27.85
"South Korea/군산",진달래,1988-04-13,1988,104,36.0053,126.7614,27.85
"South Korea/군산",진달래,1989-03-30,1989,89,36.0053,126.7614,27.85
"South Korea/군산",진달래,1990-03-30,1990,89,36.0053,126.7614,27.85
"South Korea/군산",진달래,1991-04-11,1991,101,36.0053,126.7614,27.85
"South Korea/군산",진달래,1992-03-28,1992,88,36.0053,126.7614,27.85
"South Korea/군산",진달래,1993-04-16,1993,106,36.0053,126.7614,27.85
"South Korea/군산",진달래,1994-04-07,1994,97,36.0053,126.7614,27.85
"South Korea/군산",진달래,1995-04-02,1995,92,36.0053,126.7614,27.85
"South Korea/군산",진달래,1996-04-10,1996,101,36.0053,126.7614,27.85
"South Korea/군산",진달래,1997-03-29,1997,88,36.0053,126.7614,27.85
"South Korea/군산",진달래,1998-03-22,1998,81,36.0053,126.7614,27.85
"South Korea/군산",진달래,1999-03-28,1999,87,36.0053,126.7614,27.85
"South Korea/군산",진달래,2000-04-05,2000,96,36.0053,126.7614,27.85
"South Korea/군산",진달래,2001-04-05,2001,95,36.0053,126.7614,27.85
"South Korea/군산",진달래,2002-03-26,2002,85,36.0053,126.7614,27.85
"South Korea/군산",진달래,2003-03-25,2003,84,36.0053,126.7614,27.85
"South Korea/군산",진달래,2004-03-22,2004,82,36.0053,126.7614,27.85
"South Korea/군산",진달래,2005-04-08,2005,98,36.0053,126.7614,27.85
"South Korea/군산",진달래,2006-04-06,2006,96,36.0053,126.7614,27.85
"South Korea/군산",진달래,2007-04-04,2007,94,36.0053,126.7614,27.85
"South Korea/군산",진달래,2008-03-30,2008,90,36.0053,126.7614,27.85
"South Korea/군산",진달래,2009-03-30,2009,89,36.0053,126.7614,27.85
"South Korea/군산",진달래,2010-04-06,2010,96,36.0053,126.7614,27.85
"South Korea/군산",진달래,2011-04-11,2011,101,36.0053,126.7614,27.85
"South Korea/군산",진달래,2012-04-09,2012,100,36.0053,126.7614,27.85
"South Korea/군산",진달래,2013-04-03,2013,93,36.0053,126.7614,27.85
"South Korea/군산",진달래,2014-03-26,2014,85,36.0053,126.7614,27.85
"South Korea/군산",진달래,2015-04-03,2015,93,36.0053,126.7614,27.85
"South Korea/남원",진달래,1974-04-06,1974,96,35.4213,127.3965,133.49
"South Korea/남원",진달래,1975-04-07,1975,97,35.4213,127.3965,133.49
"South Korea/남원",진달래,1976-04-01,1976,92,35.4213,127.3965,133.49
"South Korea/남원",진달래,1977-04-04,1977,94,35.4213,127.3965,133.49
"South Korea/남원",진달래,1978-04-01,1978,91,35.4213,127.3965,133.49
"South Korea/남원",진달래,1979-03-25,1979,84,35.4213,127.3965,133.49
"South Korea/남원",진달래,1980-04-11,1980,102,35.4213,127.3965,133.49
"South Korea/남원",진달래,1981-04-21,1981,111,35.4213,127.3965,133.49
"South Korea/남원",진달래,1982-04-26,1982,116,35.4213,127.3965,133.49
"South Korea/남원",진달래,1984-04-18,1984,109,35.4213,127.3965,133.49
"South Korea/남원",진달래,1985-04-06,1985,96,35.4213,127.3965,133.49
"South Korea/남원",진달래,1986-04-06,1986,96,35.4213,127.3965,133.49
"South Korea/남원",진달래,1987-04-03,1987,93,35.4213,127.3965,133.49
"South Korea/남원",진달래,1989-03-26,1989,85,35.4213,127.3965,133.49
"South Korea/남원",진달래,1990-03-24,1990,83,35.4213,127.3965,133.49
"South Korea/남원",진달래,1991-04-08,1991,98,35.4213,127.3965,133.49
"South Korea/남원",진달래,1992-03-29,1992,89,35.4213,127.3965,133.49
"South Korea/남원",진달래,1993-04-06,1993,96,35.4213,127.3965,133.49
"South Korea/남원",진달래,1994-04-08,1994,98,35.4213,127.3965,133.49
"South Korea/남원",진달래,1995-04-03,1995,93,35.4213,127.3965,133.49
"South Korea/남원",진달래,1996-04-16,1996,107,35.4213,127.3965,133.49
"South Korea/남원",진달래,1997-04-04,1997,94,35.4213,127.3965,133.49
"South Korea/남원",진달래,1998-03-28,1998,87,35.4213,127.3965,133.49
"South Korea/남원",진달래,1999-03-27,1999,86,35.4213,127.3965,133.49
"South Korea/남원",진달래,2000-04-04,2000,95,35.4213,127.3965,133.49
"South Korea/남원",진달래,2001-04-06,2001,96,35.4213,127.3965,133.49
"South Korea/남원",진달래,2002-03-29,2002,88,35.4213,127.3965,133.49
"South Korea/남원",진달래,2003-04-02,2003,92,35.4213,127.3965,133.49
"South Korea/남원",진달래,2004-03-31,2004,91,35.4213,127.3965,133.49
"South Korea/남원",진달래,2005-04-09,2005,99,35.4213,127.3965,133.49
"South Korea/남원",진달래,2006-04-07,2006,97,35.4213,127.3965,133.49
"South Korea/남원",진달래,2007-04-01,2007,91,35.4213,127.3965,133.49
"South Korea/남원",진달래,2008-04-01,2008,92,35.4213,127.3965,133.49
"South Korea/남원",진달래,2009-03-27,2009,86,35.4213,127.3965,133.49
"South Korea/남원",진달래,2010-04-04,2010,94,35.4213,127.3965,133.49
"South Korea/남원",진달래,2011-04-12,2011,102,35.4213,127.3965,133.49
"South Korea/남원",진달래,2012-04-14,2012,105,35.4213,127.3965,133.49
"South Korea/남원",진달래,2013-04-02,2013,92,35.4213,127.3965,133.49
"South Korea/남원",진달래,2014-03-27,2014,86,35.4213,127.3965,133.49
"South Korea/남원",진달래,2015-03-26,2015,85,35.4213,127.3965,133.49
"South Korea/부안",진달래,1973-04-01,1973,91,35.7296,126.7166,12.2
"South Korea/부안",진달래,1974-04-06,1974,96,35.7296,126.7166,12.2
"South Korea/부안",진달래,1975-04-09,1975,99,35.7296,126.7166,12.2
"South Korea/부안",진달래,1976-04-11,1976,102,35.7296,126.7166,12.2
"South Korea/부안",진달래,1977-04-13,1977,103,35.7296,126.7166,12.2
"South Korea/부안",진달래,1978-04-08,1978,98,35.7296,126.7166,12.2
"South Korea/부안",진달래,1979-04-04,1979,94,35.7296,126.7166,12.2
"South Korea/부안",진달래,1980-04-09,1980,100,35.7296,126.7166,12.2
"South Korea/부안",진달래,1981-04-12,1981,102,35.7296,126.7166,12.2
"South Korea/부안",진달래,1982-04-06,1982,96,35.7296,126.7166,12.2
"South Korea/부안",진달래,1986-04-03,1986,93,35.7296,126.7166,12.2
"South Korea/부안",진달래,1987-04-06,1987,96,35.7296,126.7166,12.2
"South Korea/부안",진달래,1988-04-08,1988,99,35.7296,126.7166,12.2
"South Korea/부안",진달래,1989-04-03,1989,93,35.7296,126.7166,12.2
"South Korea/부안",진달래,1990-03-30,1990,89,35.7296,126.7166,12.2
"South Korea/부안",진달래,1991-04-07,1991,97,35.7296,126.7166,12.2
"South Korea/부안",진달래,1992-03-31,1992,91,35.7296,126.7166,12.2
"South Korea/부안",진달래,1993-04-06,1993,96,35.7296,126.7166,12.2
"South Korea/부안",진달래,1994-04-04,1994,94,35.7296,126.7166,12.2
"South Korea/부안",진달래,1995-03-30,1995,89,35.7296,126.7166,12.2
"South Korea/부안",진달래,1996-04-12,1996,103,35.7296,126.7166,12.2
"South Korea/부안",진달래,1997-04-03,1997,93,35.7296,126.7166,12.2
"South Korea/부안",진달래,1998-03-28,1998,87,35.7296,126.7166,12.2
"South Korea/부안",진달래,1999-03-29,1999,88,35.7296,126.7166,12.2
"South Korea/부안",진달래,2000-04-03,2000,94,35.7296,126.7166,12.2
"South Korea/부안",진달래,2001-03-30,2001,89,35.7296,126.7166,12.2
"South Korea/부안",진달래,2002-03-27,2002,86,35.7296,126.7166,12.2
"South Korea/부안",진달래,2003-03-27,2003,86,35.7296,126.7166,12.2
"South Korea/부안",진달래,2004-03-25,2004,85,35.7296,126.7166,12.2
"South Korea/부안",진달래,2005-04-05,2005,95,35.7296,126.7166,12.2
"South Korea/부안",진달래,2006-03-29,2006,88,35.7296,126.7166,12.2
"South Korea/부안",진달래,2007-03-29,2007,88,35.7296,126.7166,12.2
"South Korea/부안",진달래,2008-03-28,2008,88,35.7296,126.7166,12.2
"South Korea/임실",진달래,1974-04-11,1974,101,35.612,127.2856,247.04
"South Korea/임실",진달래,1975-04-15,1975,105,35.612,127.2856,247.04
"South Korea/임실",진달래,1976-04-21,1976,112,35.612,127.2856,247.04
"South Korea/임실",진달래,1977-04-11,1977,101,35.612,127.2856,247.04
"South Korea/임실",진달래,1978-04-12,1978,102,35.612,127.2856,247.04
"South Korea/임실",진달래,1979-04-09,1979,99,35.612,127.2856,247.04
"South Korea/임실",진달래,1980-04-08,1980,99,35.612,127.2856,247.04
"South Korea/임실",진달래,1981-04-09,1981,99,35.612,127.2856,247.04
"South Korea/임실",진달래,1982-04-03,1982,93,35.612,127.2856,247.04
"South Korea/임실",진달래,1983-04-09,1983,99,35.612,127.2856,247.04
"South Korea/임실",진달래,1984-04-17,1984,108,35.612,127.2856,247.04
"South Korea/임실",진달래,1985-04-12,1985,102,35.612,127.2856,247.04
"South Korea/임실",진달래,1986-04-14,1986,104,35.612,127.2856,247.04
"South Korea/임실",진달래,1987-04-11,1987,101,35.612,127.2856,247.04
"South Korea/임실",진달래,1988-04-11,1988,102,35.612,127.2856,247.04
"South Korea/임실",진달래,1989-04-02,1989,92,35.612,127.2856,247.04
"South Korea/임실",진달래,1990-04-02,1990,92,35.612,127.2856,247.04
"South Korea/임실",진달래,1991-04-08,1991,98,35.612,127.2856,247.04
"South Korea/임실",진달래,1992-03-29,1992,89,35.612,127.2856,247.04
"South Korea/임실",진달래,1993-04-06,1993,96,35.612,127.2856,247.04
"South Korea/임실",진달래,1994-04-06,1994,96,35.612,127.2856,247.04
"South Korea/임실",진달래,1995-04-09,1995,99,35.612,127.2856,247.04
"South Korea/임실",진달래,1996-04-15,1996,106,35.612,127.2856,247.04
"South Korea/임실",진달래,1997-04-04,1997,94,35.612,127.2856,247.04
"South Korea/임실",진달래,1998-03-30,1998,89,35.612,127.2856,247.04
"South Korea/임실",진달래,1999-04-05,1999,95,35.612,127.2856,247.04
"South Korea/임실",진달래,2000-04-10,2000,101,35.612,127.2856,247.04
"South Korea/임실",진달래,2001-04-08,2001,98,35.612,127.2856,247.04
"South Korea/임실",진달래,2002-03-31,2002,90,35.612,127.2856,247.04
"South Korea/임실",진달래,2003-04-07,2003,97,35.612,127.2856,247.04
"South Korea/임실",진달래,2004-04-06,2004,97,35.612,127.2856,247.04
"South Korea/임실",진달래,2005-04-10,2005,100,35.612,127.2856,247.04
"South Korea/임실",진달래,2006-04-07,2006,97,35.612,127.2856,247.04
"South Korea/임실",진달래,2007-04-11,2007,101,35.612,127.2856,247.04
"South Korea/임실",진달래,2008-04-07,2008,98,35.612,127.2856,247.04
"South Korea/장수",진달래,1988-04-16,1988,107,35.657,127.5203,406.87
"South Korea/장수",진달래,1989-04-08,1989,98,35.657,127.5203,406.87
"South Korea/장수",진달래,1990-04-06,1990,96,35.657,127.5203,406.87
"South Korea/장수",진달래,1991-04-13,1991,103,35.657,127.5203,406.87
"South Korea/장수",진달래,1992-04-06,1992,97,35.657,127.5203,406.87
"South Korea/장수",진달래,1993-04-12,1993,102,35.657,127.5203,406.87
"South Korea/장수",진달래,1994-04-14,1994,104,35.657,127.5203,406.87
"South Korea/장수",진달래,1995-04-17,1995,107,35.657,127.5203,406.87
"South Korea/장수",진달래,1996-04-23,1996,114,35.657,127.5203,406.87
"South Korea/장수",진달래,1997-04-11,1997,101,35.657,127.5203,406.87
"South Korea/장수",진달래,1998-04-01,1998,91,35.657,127.5203,406.87
"South Korea/장수",진달래,1999-04-07,1999,97,35.657,127.5203,406.87
"South Korea/장수",진달래,2000-04-14,2000,105,35.657,127.5203,406.87
"South Korea/장수",진달래,2001-04-10,2001,100,35.657,127.5203,406.87
"South Korea/장수",진달래,2002-03-31,2002,90,35.657,127.5203,406.87
"South Korea/장수",진달래,2003-04-03,2003,93,35.657,127.5203,406.87
"South Korea/장수",진달래,2004-04-02,2004,93,35.657,127.5203,406.87
"South Korea/장수",진달래,2005-04-11,2005,101,35.657,127.5203,406.87
"South Korea/장수",진달래,2006-04-05,2006,95,35.657,127.5203,406.87
"South Korea/장수",진달래,2007-04-04,2007,94,35.657,127.5203,406.87
"South Korea/장수",진달래,2008-04-03,2008,94,35.657,127.5203,406.87
"South Korea/전주",진달래,1973-03-28,1973,87,35.8409,127.1172,60.44
"South Korea/전주",진달래,1974-04-06,1974,96,35.8409,127.1172,60.44
"South Korea/전주",진달래,1975-04-03,1975,93,35.8409,127.1172,60.44
"South Korea/전주",진달래,1978-04-08,1978,98,35.8409,127.1172,60.44
"South Korea/전주",진달래,1979-03-31,1979,90,35.8409,127.1172,60.44
"South Korea/전주",진달래,1980-04-09,1980,100,35.8409,127.1172,60.44
"South Korea/전주",진달래,1981-04-06,1981,96,35.8409,127.1172,60.44
"South Korea/전주",진달래,1982-04-08,1982,98,35.8409,127.1172,60.44
"South Korea/전주",진달래,1984-04-06,1984,97,35.8409,127.1172,60.44
"South Korea/전주",진달래,1985-04-06,1985,96,35.8409,127.1172,60.44
"South Korea/전주",진달래,1986-04-06,1986,96,35.8409,127.1172,60.44
"South Korea/전주",진달래,1987-04-05,1987,95,35.8409,127.1172,60.44
"South Korea/전주",진달래,1988-04-01,1988,92,35.8409,127.1172,60.44
"South Korea/전주",진달래,1989-03-23,1989,82,35.8409,127.1172,60.44
"South Korea/전주",진달래,1990-03-22,1990,81,35.8409,127.1172,60.44
"South Korea/전주",진달래,1991-04-03,1991,93,35.8409,127.1172,60.44
"South Korea/전주",진달래,1992-03-24,1992,84,35.8409,127.1172,60.44
"South Korea/전주",진달래,1993-03-27,1993,86,35.8409,127.1172,60.44
"South Korea/전주",진달래,1994-04-01,1994,91,35.8409,127.1172,60.44
"South Korea/전주",진달래,1995-03-31,1995,90,35.8409,127.1172,60.44
"South Korea/전주",진달래,1996-04-08,1996,99,35.8409,127.1172,60.44
"South Korea/전주",진달래,1997-03-22,1997,81,35.8409,127.1172,60.44
"South Korea/전주",진달래,1998-03-22,1998,81,35.8409,127.1172,60.44
"South Korea/전주",진달래,1999-03-26,1999,85,35.8409,127.1172,60.44
"South Korea/전주",진달래,2000-03-30,2000,90,35.8409,127.1172,60.44
"South Korea/전주",진달래,2001-04-03,2001,93,35.8409,127.1172,60.44
"South Korea/전주",진달래,2002-03-19,2002,78,35.8409,127.1172,60.44
"South Korea/전주",진달래,2003-03-29,2003,88,35.8409,127.1172,60.44
"South Korea/전주",진달래,2004-03-24,2004,84,35.8409,127.1172,60.44
"South Korea/전주",진달래,2005-04-05,2005,95,35.8409,127.1172,60.44
"South Korea/전주",진달래,2006-03-25,2006,84,35.8409,127.1172,60.44
"South Korea/전주",진달래,2007-03-22,2007,81,35.8409,127.1172,60.44
"South Korea/전주",진달래,2008-03-26,2008,86,35.8409,127.1172,60.44
"South Korea/전주",진달래,2009-03-25,2009,84,35.8409,127.1172,60.44
"South Korea/전주",진달래,2010-03-30,2010,89,35.8409,127.1172,60.44
"South Korea/전주",진달래,2011-04-09,2011,99,35.8409,127.1172,60.44
"South Korea/전주",진달래,2012-04-08,2012,99,35.8409,127.1172,60.44
"South Korea/전주",진달래,2013-04-01,2013,91,35.8409,127.1172,60.44
"South Korea/전주",진달래,2014-03-26,2014,85,35.8409,127.1172,60.44
"South Korea/전주",진달래,2015-03-27,2015,86,35.8409,127.1172,60.44
"South Korea/전주",진달래,2016-03-25,2016,85,35.8409,127.1172,60.44
"South Korea/전주",진달래,2017-03-26,2017,85,35.8409,127.1172,60.44
"South Korea/전주",진달래,2018-03-26,2018,85,35.8409,127.1172,60.44
"South Korea/전주",진달래,2019-03-27,2019,86,35.8409,127.1172,60.44
"South Korea/전주",진달래,2020-03-18,2020,78,35.8409,127.1172,60.44
"South Korea/전주",진달래,2021-03-15,2021,74,35.8409,127.1172,60.44
"South Korea/전주",진달래,2022-03-29,2022,88,35.8409,127.1172,60.44
"South Korea/전주",진달래,2023-03-21,2023,80,35.8409,127.1172,60.44
"South Korea/전주",진달래,2024-03-21,2024,81,35.8409,127.1172,60.44
"South Korea/전주",진달래,2025-03-26,2025,85,35.8409,127.1172,60.44
"South Korea/정읍",진달래,1973-04-05,1973,95,35.5634,126.839,68.7
"South Korea/정읍",진달래,1974-04-02,1974,92,35.5634,126.839,68.7
"South Korea/정읍",진달래,1975-04-10,1975,100,35.5634,126.839,68.7
"South Korea/정읍",진달래,1976-04-11,1976,102,35.5634,126.839,68.7
"South Korea/정읍",진달래,1978-04-07,1978,97,35.5634,126.839,68.7
"South Korea/정읍",진달래,1979-03-29,1979,88,35.5634,126.839,68.7
"South Korea/정읍",진달래,1980-04-07,1980,98,35.5634,126.839,68.7
"South Korea/정읍",진달래,1981-04-03,1981,93,35.5634,126.839,68.7
"South Korea/정읍",진달래,1982-03-27,1982,86,35.5634,126.839,68.7
"South Korea/정읍",진달래,1983-03-28,1983,87,35.5634,126.839,68.7
"South Korea/정읍",진달래,1984-04-14,1984,105,35.5634,126.839,68.7
"South Korea/정읍",진달래,1985-04-11,1985,101,35.5634,126.839,68.7
"South Korea/정읍",진달래,1986-04-09,1986,99,35.5634,126.839,68.7
"South Korea/정읍",진달래,1987-04-04,1987,94,35.5634,126.839,68.7
"South Korea/정읍",진달래,1989-03-21,1989,80,35.5634,126.839,68.7
"South Korea/정읍",진달래,1990-03-25,1990,84,35.5634,126.839,68.7
"South Korea/정읍",진달래,1991-03-31,1991,90,35.5634,126.839,68.7
"South Korea/정읍",진달래,1992-03-23,1992,83,35.5634,126.839,68.7
"South Korea/정읍",진달래,1993-04-03,1993,93,35.5634,126.839,68.7
"South Korea/정읍",진달래,1994-04-04,1994,94,35.5634,126.839,68.7
"South Korea/정읍",진달래,1995-04-01,1995,91,35.5634,126.839,68.7
"South Korea/정읍",진달래,1996-04-15,1996,106,35.5634,126.839,68.7
"South Korea/정읍",진달래,1997-03-29,1997,88,35.5634,126.839,68.7
"South Korea/정읍",진달래,1998-03-26,1998,85,35.5634,126.839,68.7
"South Korea/정읍",진달래,1999-03-29,1999,88,35.5634,126.839,68.7
"South Korea/정읍",진달래,2000-04-03,2000,94,35.5634,126.839,68.7
"South Korea/정읍",진달래,2001-04-02,2001,92,35.5634,126.839,68.7
"South Korea/정읍",진달래,2002-03-22,2002,81,35.5634,126.839,68.7
"South Korea/정읍",진달래,2003-03-29,2003,88,35.5634,126.839,68.7
"South Korea/정읍",진달래,2004-03-27,2004,87,35.5634,126.839,68.7
"South Korea/정읍",진달래,2005-04-05,2005,95,35.5634,126.839,68.7
"South Korea/정읍",진달래,2006-03-31,2006,90,35.5634,126.839,68.7
"South Korea/정읍",진달래,2007-03-30,2007,89,35.5634,126.839,68.7
"South Korea/정읍",진달래,2008-03-30,2008,90,35.5634,126.839,68.7
"South Korea/정읍",진달래,2009-03-20,2009,79,35.5634,126.839,68.7
"South Korea/정읍",진달래,2010-03-30,2010,89,35.5634,126.839,68.7
"South Korea/정읍",진달래,2011-04-10,2011,100,35.5634,126.839,68.7
"South Korea/정읍",진달래,2012-04-09,2012,100,35.5634,126.839,68.7
"South Korea/정읍",진달래,2013-03-30,2013,89,35.5634,126.839,68.7
"South Korea/정읍",진달래,2014-03-27,2014,86,35.5634,126.839,68.7
"South Korea/정읍",진달래,2015-03-31,2015,90,35.5634,126.839,68.7
"South Korea/고산",진달래,1999-03-25,1999,84,33.2938,126.1628,71.39
"South Korea/고산",진달래,2000-04-03,2000,94,33.2938,126.1628,71.39
"South Korea/고산",진달래,2001-03-26,2001,85,33.2938,126.1628,71.39
"South Korea/고산",진달래,2002-03-20,2002,79,33.2938,126.1628,71.39
"South Korea/고산",진달래,2003-03-23,2003,82,33.2938,126.1628,71.39
"South Korea/고산",진달래,2004-03-20,2004,80,33.2938,126.1628,71.39
"South Korea/고산",진달래,2005-04-02,2005,92,33.2938,126.1628,71.39
"South Korea/고산",진달래,2006-03-26,2006,85,33.2938,126.1628,71.39
"South Korea/고산",진달래,2007-03-14,2007,73,33.2938,126.1628,71.39
"South Korea/고산",진달래,2008-03-30,2008,90,33.2938,126.1628,71.39
"South Korea/고산",진달래,2009-03-26,2009,85,33.2938,126.1628,71.39
"South Korea/고산",진달래,2010-03-23,2010,82,33.2938,126.1628,71.39
"South Korea/고산",진달래,2011-03-25,2011,84,33.2938,126.1628,71.39
"South Korea/고산",진달래,2012-04-06,2012,97,33.2938,126.1628,71.39
"South Korea/고산",진달래,2013-03-11,2013,70,33.2938,126.1628,71.39
"South Korea/고산",진달래,2014-03-16,2014,75,33.2938,126.1628,71.39
"South Korea/고산",진달래,2015-03-04,2015,63,33.2938,126.1628,71.39
"South Korea/서귀포",진달래,1973-03-25,1973,84,33.2462,126.5653,51.86
"South Korea/서귀포",진달래,1974-03-26,1974,85,33.2462,126.5653,51.86
"South Korea/서귀포",진달래,1975-03-24,1975,83,33.2462,126.5653,51.86
"South Korea/서귀포",진달래,1976-04-02,1976,93,33.2462,126.5653,51.86
"South Korea/서귀포",진달래,1977-04-07,1977,97,33.2462,126.5653,51.86
"South Korea/서귀포",진달래,1978-04-05,1978,95,33.2462,126.5653,51.86
"South Korea/서귀포",진달래,1979-03-24,1979,83,33.2462,126.5653,51.86
"South Korea/서귀포",진달래,1980-03-20,1980,80,33.2462,126.5653,51.86
"South Korea/서귀포",진달래,1981-03-22,1981,81,33.2462,126.5653,51.86
"South Korea/서귀포",진달래,1982-03-15,1982,74,33.2462,126.5653,51.86
"South Korea/서귀포",진달래,1983-03-23,1983,82,33.2462,126.5653,51.86
"South Korea/서귀포",진달래,1984-04-03,1984,94,33.2462,126.5653,51.86
"South Korea/서귀포",진달래,1985-04-11,1985,101,33.2462,126.5653,51.86
"South Korea/서귀포",진달래,1986-04-16,1986,106,33.2462,126.5653,51.86
"South Korea/서귀포",진달래,1987-04-07,1987,97,33.2462,126.5653,51.86
"South Korea/서귀포",진달래,1988-03-23,1988,83,33.2462,126.5653,51.86
"South Korea/서귀포",진달래,1989-03-21,1989,80,33.2462,126.5653,51.86
"South Korea/서귀포",진달래,1990-03-10,1990,69,33.2462,126.5653,51.86
"South Korea/서귀포",진달래,1991-03-27,1991,86,33.2462,126.5653,51.86
"South Korea/서귀포",진달래,1992-02-10,1992,41,33.2462,126.5653,51.86
"South Korea/서귀포",진달래,1993-03-09,1993,68,33.2462,126.5653,51.86
"South Korea/서귀포",진달래,1994-03-24,1994,83,33.2462,126.5653,51.86
"South Korea/서귀포",진달래,1995-03-25,1995,84,33.2462,126.5653,51.86
"South Korea/서귀포",진달래,1996-04-23,1996,114,33.2462,126.5653,51.86
"South Korea/서귀포",진달래,1997-03-23,1997,82,33.2462,126.5653,51.86
"South Korea/서귀포",진달래,1998-03-12,1998,71,33.2462,126.5653,51.86
"South Korea/서귀포",진달래,1999-03-11,1999,70,33.2462,126.5653,51.86
"South Korea/서귀포",진달래,2000-03-14,2000,74,33.2462,126.5653,51.86
"South Korea/서귀포",진달래,2001-03-13,2001,72,33.2462,126.5653,51.86
"South Korea/서귀포",진달래,2002-03-07,2002,66,33.2462,126.5653,51.86
"South Korea/서귀포",진달래,2003-03-04,2003,63,33.2462,126.5653,51.86
"South Korea/서귀포",진달래,2004-03-18,2004,78,33.2462,126.5653,51.86
"South Korea/서귀포",진달래,2005-03-25,2005,84,33.2462,126.5653,51.86
"South Korea/서귀포",진달래,2006-03-15,2006,74,33.2462,126.5653,51.86
"South Korea/서귀포",진달래,2007-03-08,2007,67,33.2462,126.5653,51.86
"South Korea/서귀포",진달래,2008-03-23,2008,83,33.2462,126.5653,51.86
"South Korea/서귀포",진달래,2009-03-11,2009,70,33.2462,126.5653,51.86
"South Korea/서귀포",진달래,2010-03-11,2010,70,33.2462,126.5653,51.86
"South Korea/서귀포",진달래,2011-03-21,2011,80,33.2462,126.5653,51.86
"South Korea/서귀포",진달래,2012-03-27,2012,87,33.2462,126.5653,51.86
"South Korea/서귀포",진달래,2013-03-11,2013,70,33.2462,126.5653,51.86
"South Korea/서귀포",진달래,2014-03-15,2014,74,33.2462,126.5653,51.86
"South Korea/서귀포",진달래,2025-03-25,2025,84,33.2462,126.5653,51.86
"South Korea/성산",진달래,1976-04-11,1976,102,33.3868,126.8802,20.34
"South Korea/성산",진달래,1977-04-17,1977,107,33.3868,126.8802,20.34
"South Korea/성산",진달래,1978-04-13,1978,103,33.3868,126.8802,20.34
"South Korea/성산",진달래,1983-04-09,1983,99,33.3868,126.8802,20.34
"South Korea/성산",진달래,1984-04-09,1984,100,33.3868,126.8802,20.34
"South Korea/성산",진달래,1985-04-06,1985,96,33.3868,126.8802,20.34
"South Korea/성산",진달래,1986-03-10,1986,69,33.3868,126.8802,20.34
"South Korea/성산",진달래,1987-03-26,1987,85,33.3868,126.8802,20.34
"South Korea/성산",진달래,1988-04-08,1988,99,33.3868,126.8802,20.34
"South Korea/성산",진달래,1989-04-02,1989,92,33.3868,126.8802,20.34
"South Korea/성산",진달래,1992-04-01,1992,92,33.3868,126.8802,20.34
"South Korea/성산",진달래,1993-04-06,1993,96,33.3868,126.8802,20.34
"South Korea/성산",진달래,1994-04-05,1994,95,33.3868,126.8802,20.34
"South Korea/성산",진달래,1995-04-02,1995,92,33.3868,126.8802,20.34
"South Korea/성산",진달래,1996-04-08,1996,99,33.3868,126.8802,20.34
"South Korea/성산",진달래,1997-03-25,1997,84,33.3868,126.8802,20.34
"South Korea/성산",진달래,1998-03-10,1998,69,33.3868,126.8802,20.34
"South Korea/성산",진달래,1999-03-25,1999,84,33.3868,126.8802,20.34
"South Korea/성산",진달래,2000-03-29,2000,89,33.3868,126.8802,20.34
"South Korea/성산",진달래,2001-04-10,2001,100,33.3868,126.8802,20.34
"South Korea/성산",진달래,2002-03-27,2002,86,33.3868,126.8802,20.34
"South Korea/성산",진달래,2003-04-06,2003,96,33.3868,126.8802,20.34
"South Korea/성산",진달래,2004-03-22,2004,82,33.3868,126.8802,20.34
"South Korea/성산",진달래,2005-04-04,2005,94,33.3868,126.8802,20.34
"South Korea/성산",진달래,2006-03-27,2006,86,33.3868,126.8802,20.34
"South Korea/성산",진달래,2007-03-08,2007,67,33.3868,126.8802,20.34
"South Korea/성산",진달래,2008-03-24,2008,84,33.3868,126.8802,20.34
"South Korea/성산",진달래,2009-03-20,2009,79,33.3868,126.8802,20.34
"South Korea/성산",진달래,2010-03-24,2010,83,33.3868,126.8802,20.34
"South Korea/성산",진달래,2011-03-22,2011,81,33.3868,126.8802,20.34
"South Korea/성산",진달래,2012-04-03,2012,94,33.3868,126.8802,20.34
"South Korea/성산",진달래,2013-03-12,2013,71,33.3868,126.8802,20.34
"South Korea/성산",진달래,2014-03-10,2014,69,33.3868,126.8802,20.34
"South Korea/성산",진달래,2015-03-20,2015,79,33.3868,126.8802,20.34
"South Korea/성산",진달래,2008-03-24,2008,84,33.3868,126.8802,20.34
"South Korea/성산포",진달래,1976-04-11,1976,102,nan,nan,nan
"South Korea/성산포",진달래,1977-04-17,1977,107,nan,nan,nan
"South Korea/성산포",진달래,1978-04-13,1978,103,nan,nan,nan
"South Korea/성산포",진달래,1983-04-09,1983,99,nan,nan,nan
"South Korea/성산포",진달래,1984-04-09,1984,100,nan,nan,nan
"South Korea/성산포",진달래,1985-04-06,1985,96,nan,nan,nan
"South Korea/성산포",진달래,1986-03-10,1986,69,nan,nan,nan
"South Korea/성산포",진달래,1987-03-26,1987,85,nan,nan,nan
"South Korea/성산포",진달래,1988-04-08,1988,99,nan,nan,nan
"South Korea/성산포",진달래,1989-04-02,1989,92,nan,nan,nan
"South Korea/성산포",진달래,1991-04-13,1991,103,nan,nan,nan
"South Korea/성산포",진달래,1992-04-01,1992,92,nan,nan,nan
"South Korea/성산포",진달래,1993-04-06,1993,96,nan,nan,nan
"South Korea/성산포",진달래,1994-04-05,1994,95,nan,nan,nan
"South Korea/성산포",진달래,1995-04-02,1995,92,nan,nan,nan
"South Korea/성산포",진달래,1996-04-08,1996,99,nan,nan,nan
"South Korea/성산포",진달래,1997-03-25,1997,84,nan,nan,nan
"South Korea/성산포",진달래,1998-03-10,1998,69,nan,nan,nan
"South Korea/성산포",진달래,1999-03-25,1999,84,nan,nan,nan
"South Korea/성산포",진달래,2000-03-29,2000,89,nan,nan,nan
"South Korea/성산포",진달래,2001-04-10,2001,100,nan,nan,nan
"South Korea/성산포",진달래,2002-03-27,2002,86,nan,nan,nan
"South Korea/성산포",진달래,2003-04-06,2003,96,nan,nan,nan
"South Korea/성산포",진달래,2004-03-22,2004,82,nan,nan,nan
"South Korea/성산포",진달래,2005-04-04,2005,94,nan,nan,nan
"South Korea/성산포",진달래,2006-03-27,2006,86,nan,nan,nan
"South Korea/성산포",진달래,2007-03-08,2007,67,nan,nan,nan
"South Korea/제주",진달래,1973-04-12,1973,102,33.5141,126.5297,20.79
"South Korea/제주",진달래,1974-03-31,1974,90,33.5141,126.5297,20.79
"South Korea/제주",진달래,1975-04-15,1975,105,33.5141,126.5297,20.79
"South Korea/제주",진달래,1976-04-15,1976,106,33.5141,126.5297,20.79
"South Korea/제주",진달래,1977-04-09,1977,99,33.5141,126.5297,20.79
"South Korea/제주",진달래,1978-04-16,1978,106,33.5141,126.5297,20.79
"South Korea/제주",진달래,1979-04-04,1979,94,33.5141,126.5297,20.79
"South Korea/제주",진달래,1980-04-10,1980,101,33.5141,126.5297,20.79
"South Korea/제주",진달래,1981-04-06,1981,96,33.5141,126.5297,20.79
"South Korea/제주",진달래,1982-04-01,1982,91,33.5141,126.5297,20.79
"South Korea/제주",진달래,1983-04-06,1983,96,33.5141,126.5297,20.79
"South Korea/제주",진달래,1984-04-08,1984,99,33.5141,126.5297,20.79
"South Korea/제주",진달래,1985-04-17,1985,107,33.5141,126.5297,20.79
"South Korea/제주",진달래,1986-04-17,1986,107,33.5141,126.5297,20.79
"South Korea/제주",진달래,1987-04-12,1987,102,33.5141,126.5297,20.79
"South Korea/제주",진달래,1988-04-20,1988,111,33.5141,126.5297,20.79
"South Korea/제주",진달래,1989-03-24,1989,83,33.5141,126.5297,20.79
"South Korea/제주",진달래,1990-03-24,1990,83,33.5141,126.5297,20.79
"South Korea/제주",진달래,1992-04-07,1992,98,33.5141,126.5297,20.79
"South Korea/제주",진달래,1993-04-12,1993,102,33.5141,126.5297,20.79
"South Korea/제주",진달래,1994-03-24,1994,83,33.5141,126.5297,20.79
"South Korea/제주",진달래,1995-04-03,1995,93,33.5141,126.5297,20.79
"South Korea/제주",진달래,1996-04-09,1996,100,33.5141,126.5297,20.79
"South Korea/제주",진달래,1997-03-25,1997,84,33.5141,126.5297,20.79
"South Korea/제주",진달래,1998-03-10,1998,69,33.5141,126.5297,20.79
"South Korea/제주",진달래,1999-03-22,1999,81,33.5141,126.5297,20.79
"South Korea/제주",진달래,2000-03-27,2000,87,33.5141,126.5297,20.79
"South Korea/제주",진달래,2001-03-31,2001,90,33.5141,126.5297,20.79
"South Korea/제주",진달래,2002-03-28,2002,87,33.5141,126.5297,20.79
"South Korea/제주",진달래,2003-03-31,2003,90,33.5141,126.5297,20.79
"South Korea/제주",진달래,2004-03-13,2004,73,33.5141,126.5297,20.79
"South Korea/제주",진달래,2005-04-03,2005,93,33.5141,126.5297,20.79
"South Korea/제주",진달래,2006-03-25,2006,84,33.5141,126.5297,20.79
"South Korea/제주",진달래,2007-03-16,2007,75,33.5141,126.5297,20.79
"South Korea/제주",진달래,2008-03-25,2008,85,33.5141,126.5297,20.79
"South Korea/제주",진달래,2009-04-01,2009,91,33.5141,126.5297,20.79
"South Korea/제주",진달래,2010-03-21,2010,80,33.5141,126.5297,20.79
"South Korea/제주",진달래,2011-04-11,2011,101,33.5141,126.5297,20.79
"South Korea/제주",진달래,2012-03-28,2012,88,33.5141,126.5297,20.79
"South Korea/제주",진달래,2013-03-06,2013,65,33.5141,126.5297,20.79
"South Korea/제주",진달래,2014-03-14,2014,73,33.5141,126.5297,20.79
"South Korea/제주",진달래,2015-03-21,2015,80,33.5141,126.5297,20.79
"South Korea/제주",진달래,2016-03-15,2016,75,33.5141,126.5297,20.79
"South Korea/제주",진달래,2017-03-22,2017,81,33.5141,126.5297,20.79
"South Korea/제주",진달래,2018-03-18,2018,77,33.5141,126.5297,20.79
"South Korea/제주",진달래,2020-03-03,2020,63,33.5141,126.5297,20.79
"South Korea/제주",진달래,2021-02-24,2021,55,33.5141,126.5297,20.79
"South Korea/제주",진달래,2022-03-11,2022,70,33.5141,126.5297,20.79
"South Korea/제주",진달래,2024-03-22,2024,82,33.5141,126.5297,20.79
"South Korea/제주",진달래,2025-03-21,2025,80,33.5141,126.5297,20.79
"South Korea/금산",진달래,1976-03-30,1976,90,36.1056,127.4818,172.69
"South Korea/금산",진달래,1977-04-06,1977,96,36.1056,127.4818,172.69
"South Korea/금산",진달래,1978-04-09,1978,99,36.1056,127.4818,172.69
"South Korea/금산",진달래,1979-04-08,1979,98,36.1056,127.4818,172.69
"South Korea/금산",진달래,1980-04-10,1980,101,36.1056,127.4818,172.69
"South Korea/금산",진달래,1981-04-09,1981,99,36.1056,127.4818,172.69
"South Korea/금산",진달래,1982-04-10,1982,100,36.1056,127.4818,172.69
"South Korea/금산",진달래,1983-04-07,1983,97,36.1056,127.4818,172.69
"South Korea/금산",진달래,1984-04-15,1984,106,36.1056,127.4818,172.69
"South Korea/금산",진달래,1985-04-14,1985,104,36.1056,127.4818,172.69
"South Korea/금산",진달래,1986-04-08,1986,98,36.1056,127.4818,172.69
"South Korea/금산",진달래,1987-04-06,1987,96,36.1056,127.4818,172.69
"South Korea/금산",진달래,1988-04-07,1988,98,36.1056,127.4818,172.69
"South Korea/금산",진달래,1989-04-01,1989,91,36.1056,127.4818,172.69
"South Korea/금산",진달래,1990-03-28,1990,87,36.1056,127.4818,172.69
"South Korea/금산",진달래,1991-04-06,1991,96,36.1056,127.4818,172.69
"South Korea/금산",진달래,1992-03-28,1992,88,36.1056,127.4818,172.69
"South Korea/금산",진달래,1993-04-03,1993,93,36.1056,127.4818,172.69
"South Korea/금산",진달래,1994-04-06,1994,96,36.1056,127.4818,172.69
"South Korea/금산",진달래,1995-04-07,1995,97,36.1056,127.4818,172.69
"South Korea/금산",진달래,1996-04-14,1996,105,36.1056,127.4818,172.69
"South Korea/금산",진달래,1997-04-04,1997,94,36.1056,127.4818,172.69
"South Korea/금산",진달래,1998-03-28,1998,87,36.1056,127.4818,172.69
"South Korea/금산",진달래,1999-03-31,1999,90,36.1056,127.4818,172.69
"South Korea/금산",진달래,2000-04-06,2000,97,36.1056,127.4818,172.69
"South Korea/금산",진달래,2001-04-06,2001,96,36.1056,127.4818,172.69
"South Korea/금산",진달래,2002-03-27,2002,86,36.1056,127.4818,172.69
"South Korea/금산",진달래,2003-04-01,2003,91,36.1056,127.4818,172.69
"South Korea/금산",진달래,2004-03-29,2004,89,36.1056,127.4818,172.69
"South Korea/금산",진달래,2005-04-07,2005,97,36.1056,127.4818,172.69
"South Korea/금산",진달래,2006-04-04,2006,94,36.1056,127.4818,172.69
"South Korea/금산",진달래,2007-03-29,2007,88,36.1056,127.4818,172.69
"South Korea/금산",진달래,2008-04-03,2008,94,36.1056,127.4818,172.69
"South Korea/보령",진달래,1973-04-01,1973,91,36.3272,126.5574,9.98
"South Korea/보령",진달래,1974-04-01,1974,91,36.3272,126.5574,9.98
"South Korea/보령",진달래,1975-04-06,1975,96,36.3272,126.5574,9.98
"South Korea/보령",진달래,1976-04-04,1976,95,36.3272,126.5574,9.98
"South Korea/보령",진달래,1978-04-10,1978,100,36.3272,126.5574,9.98
"South Korea/보령",진달래,1981-04-01,1981,91,36.3272,126.5574,9.98
"South Korea/보령",진달래,1982-04-02,1982,92,36.3272,126.5574,9.98
"South Korea/보령",진달래,1983-04-01,1983,91,36.3272,126.5574,9.98
"South Korea/보령",진달래,1984-04-13,1984,104,36.3272,126.5574,9.98
"South Korea/보령",진달래,1985-04-08,1985,98,36.3272,126.5574,9.98
"South Korea/보령",진달래,1986-04-03,1986,93,36.3272,126.5574,9.98
"South Korea/보령",진달래,1987-04-05,1987,95,36.3272,126.5574,9.98
"South Korea/보령",진달래,1988-04-07,1988,98,36.3272,126.5574,9.98
"South Korea/보령",진달래,1989-03-31,1989,90,36.3272,126.5574,9.98
"South Korea/보령",진달래,1990-04-02,1990,92,36.3272,126.5574,9.98
"South Korea/보령",진달래,1991-04-11,1991,101,36.3272,126.5574,9.98
"South Korea/보령",진달래,1992-03-27,1992,87,36.3272,126.5574,9.98
"South Korea/보령",진달래,1993-04-11,1993,101,36.3272,126.5574,9.98
"South Korea/보령",진달래,1994-04-10,1994,100,36.3272,126.5574,9.98
"South Korea/보령",진달래,1995-04-08,1995,98,36.3272,126.5574,9.98
"South Korea/보령",진달래,1996-04-10,1996,101,36.3272,126.5574,9.98
"South Korea/보령",진달래,1997-03-29,1997,88,36.3272,126.5574,9.98
"South Korea/보령",진달래,1998-03-29,1998,88,36.3272,126.5574,9.98
"South Korea/보령",진달래,1999-04-05,1999,95,36.3272,126.5574,9.98
"South Korea/보령",진달래,2000-04-03,2000,94,36.3272,126.5574,9.98
"South Korea/보령",진달래,2001-04-08,2001,98,36.3272,126.5574,9.98
"South Korea/보령",진달래,2002-03-31,2002,90,36.3272,126.5574,9.98
"South Korea/보령",진달래,2003-04-03,2003,93,36.3272,126.5574,9.98
"South Korea/보령",진달래,2004-04-03,2004,94,36.3272,126.5574,9.98
"South Korea/보령",진달래,2005-04-12,2005,102,36.3272,126.5574,9.98
"South Korea/보령",진달래,2006-04-03,2006,93,36.3272,126.5574,9.98
"South Korea/보령",진달래,2007-03-31,2007,90,36.3272,126.5574,9.98
"South Korea/보령",진달래,2008-04-05,2008,96,36.3272,126.5574,9.98
"South Korea/보령",진달래,2009-03-31,2009,90,36.3272,126.5574,9.98
"South Korea/보령",진달래,2010-04-06,2010,96,36.3272,126.5574,9.98
"South Korea/보령",진달래,2011-04-14,2011,104,36.3272,126.5574,9.98
"South Korea/보령",진달래,2012-04-15,2012,106,36.3272,126.5574,9.98
"South Korea/보령",진달래,2013-04-08,2013,98,36.3272,126.5574,9.98
"South Korea/보령",진달래,2014-04-02,2014,92,36.3272,126.5574,9.98
"South Korea/보령",진달래,2015-04-02,2015,92,36.3272,126.5574,9.98
"South Korea/부여",진달래,1973-03-30,1973,89,36.2724,126.9208,13.42
"South Korea/부여",진달래,1976-04-05,1976,96,36.2724,126.9208,13.42
"South Korea/부여",진달래,1977-03-29,1977,88,36.2724,126.9208,13.42
"South Korea/부여",진달래,1978-04-11,1978,101,36.2724,126.9208,13.42
"South Korea/부여",진달래,1979-03-29,1979,88,36.2724,126.9208,13.42
"South Korea/부여",진달래,1980-04-07,1980,98,36.2724,126.9208,13.42
"South Korea/부여",진달래,1981-04-08,1981,98,36.2724,126.9208,13.42
"South Korea/부여",진달래,1982-04-03,1982,93,36.2724,126.9208,13.42
"South Korea/부여",진달래,1983-04-06,1983,96,36.2724,126.9208,13.42
"South Korea/부여",진달래,1984-04-13,1984,104,36.2724,126.9208,13.42
"South Korea/부여",진달래,1985-04-09,1985,99,36.2724,126.9208,13.42
"South Korea/부여",진달래,1986-04-21,1986,111,36.2724,126.9208,13.42
"South Korea/부여",진달래,1987-04-06,1987,96,36.2724,126.9208,13.42
"South Korea/부여",진달래,1988-04-10,1988,101,36.2724,126.9208,13.42
"South Korea/부여",진달래,1989-04-03,1989,93,36.2724,126.9208,13.42
"South Korea/부여",진달래,1990-03-31,1990,90,36.2724,126.9208,13.42
"South Korea/부여",진달래,1991-04-08,1991,98,36.2724,126.9208,13.42
"South Korea/부여",진달래,1992-03-27,1992,87,36.2724,126.9208,13.42
"South Korea/부여",진달래,1993-04-03,1993,93,36.2724,126.9208,13.42
"South Korea/부여",진달래,1994-04-06,1994,96,36.2724,126.9208,13.42
"South Korea/부여",진달래,1995-04-09,1995,99,36.2724,126.9208,13.42
"South Korea/부여",진달래,1996-04-15,1996,106,36.2724,126.9208,13.42
"South Korea/부여",진달래,1997-04-06,1997,96,36.2724,126.9208,13.42
"South Korea/부여",진달래,1998-04-02,1998,92,36.2724,126.9208,13.42
"South Korea/부여",진달래,1999-04-04,1999,94,36.2724,126.9208,13.42
"South Korea/부여",진달래,2000-04-06,2000,97,36.2724,126.9208,13.42
"South Korea/부여",진달래,2001-04-08,2001,98,36.2724,126.9208,13.42
"South Korea/부여",진달래,2002-04-04,2002,94,36.2724,126.9208,13.42
"South Korea/부여",진달래,2003-04-03,2003,93,36.2724,126.9208,13.42
"South Korea/부여",진달래,2004-04-03,2004,94,36.2724,126.9208,13.42
"South Korea/부여",진달래,2005-04-09,2005,99,36.2724,126.9208,13.42
"South Korea/부여",진달래,2006-04-04,2006,94,36.2724,126.9208,13.42
"South Korea/부여",진달래,2007-03-30,2007,89,36.2724,126.9208,13.42
"South Korea/부여",진달래,2008-04-05,2008,96,36.2724,126.9208,13.42
"South Korea/서산",진달래,1973-03-27,1973,86,36.7766,126.4939,25.25
"South Korea/서산",진달래,1974-04-09,1974,99,36.7766,126.4939,25.25
"South Korea/서산",진달래,1975-04-13,1975,103,36.7766,126.4939,25.25
"South Korea/서산",진달래,1976-03-30,1976,90,36.7766,126.4939,25.25
"South Korea/서산",진달래,1977-03-31,1977,90,36.7766,126.4939,25.25
"South Korea/서산",진달래,1978-03-31,1978,90,36.7766,126.4939,25.25
"South Korea/서산",진달래,1981-04-08,1981,98,36.7766,126.4939,25.25
"South Korea/서산",진달래,1984-04-14,1984,105,36.7766,126.4939,25.25
"South Korea/서산",진달래,1985-04-08,1985,98,36.7766,126.4939,25.25
"South Korea/서산",진달래,1986-04-07,1986,97,36.7766,126.4939,25.25
"South Korea/서산",진달래,1987-04-07,1987,97,36.7766,126.4939,25.25
"South Korea/서산",진달래,1988-04-11,1988,102,36.7766,126.4939,25.25
"South Korea/서산",진달래,1989-03-29,1989,88,36.7766,126.4939,25.25
"South Korea/서산",진달래,1990-03-26,1990,85,36.7766,126.4939,25.25
"South Korea/서산",진달래,1991-04-07,1991,97,36.7766,126.4939,25.25
"South Korea/서산",진달래,1992-03-28,1992,88,36.7766,126.4939,25.25
"South Korea/서산",진달래,1993-04-03,1993,93,36.7766,126.4939,25.25
"South Korea/서산",진달래,1994-04-06,1994,96,36.7766,126.4939,25.25
"South Korea/서산",진달래,1995-04-03,1995,93,36.7766,126.4939,25.25
"South Korea/서산",진달래,1996-04-15,1996,106,36.7766,126.4939,25.25
"South Korea/서산",진달래,1997-04-01,1997,91,36.7766,126.4939,25.25
"South Korea/서산",진달래,1998-03-28,1998,87,36.7766,126.4939,25.25
"South Korea/서산",진달래,1999-04-05,1999,95,36.7766,126.4939,25.25
"South Korea/서산",진달래,2000-04-09,2000,100,36.7766,126.4939,25.25
"South Korea/서산",진달래,2001-04-07,2001,97,36.7766,126.4939,25.25
"South Korea/서산",진달래,2002-03-31,2002,90,36.7766,126.4939,25.25
"South Korea/서산",진달래,2003-03-31,2003,90,36.7766,126.4939,25.25
"South Korea/서산",진달래,2004-03-28,2004,88,36.7766,126.4939,25.25
"South Korea/서산",진달래,2005-04-08,2005,98,36.7766,126.4939,25.25
"South Korea/서산",진달래,2006-04-07,2006,97,36.7766,126.4939,25.25
"South Korea/서산",진달래,2007-03-29,2007,88,36.7766,126.4939,25.25
"South Korea/서산",진달래,2008-04-03,2008,94,36.7766,126.4939,25.25
"South Korea/서산",진달래,2009-03-26,2009,85,36.7766,126.4939,25.25
"South Korea/서산",진달래,2010-04-05,2010,95,36.7766,126.4939,25.25
"South Korea/서산",진달래,2011-04-10,2011,100,36.7766,126.4939,25.25
"South Korea/서산",진달래,2012-04-15,2012,106,36.7766,126.4939,25.25
"South Korea/서산",진달래,2013-04-17,2013,107,36.7766,126.4939,25.25
"South Korea/서산",진달래,2014-03-28,2014,87,36.7766,126.4939,25.25
"South Korea/서산",진달래,2015-04-01,2015,91,36.7766,126.4939,25.25
"South Korea/서산",진달래,2016-03-31,2016,91,36.7766,126.4939,25.25
"South Korea/서산",진달래,2017-04-01,2017,91,36.7766,126.4939,25.25
"South Korea/천안",진달래,1973-04-03,1973,93,36.7622,127.2928,84.78
"South Korea/천안",진달래,1974-04-11,1974,101,36.7622,127.2928,84.78
"South Korea/천안",진달래,1975-04-13,1975,103,36.7622,127.2928,84.78
"South Korea/천안",진달래,1976-04-11,1976,102,36.7622,127.2928,84.78
"South Korea/천안",진달래,1977-04-01,1977,91,36.7622,127.2928,84.78
"South Korea/천안",진달래,1978-04-02,1978,92,36.7622,127.2928,84.78
"South Korea/천안",진달래,1979-03-28,1979,87,36.7622,127.2928,84.78
"South Korea/천안",진달래,1980-04-04,1980,95,36.7622,127.2928,84.78
"South Korea/천안",진달래,1981-04-05,1981,95,36.7622,127.2928,84.78
"South Korea/천안",진달래,1982-04-01,1982,91,36.7622,127.2928,84.78
"South Korea/천안",진달래,1983-04-06,1983,96,36.7622,127.2928,84.78
"South Korea/천안",진달래,1984-04-10,1984,101,36.7622,127.2928,84.78
"South Korea/천안",진달래,1985-04-07,1985,97,36.7622,127.2928,84.78
"South Korea/천안",진달래,1986-04-05,1986,95,36.7622,127.2928,84.78
"South Korea/천안",진달래,1987-04-08,1987,98,36.7622,127.2928,84.78
"South Korea/천안",진달래,1988-04-06,1988,97,36.7622,127.2928,84.78
"South Korea/천안",진달래,1989-04-01,1989,91,36.7622,127.2928,84.78
"South Korea/천안",진달래,1990-04-01,1990,91,36.7622,127.2928,84.78
"South Korea/천안",진달래,1991-04-10,1991,100,36.7622,127.2928,84.78
"South Korea/천안",진달래,1992-03-27,1992,87,36.7622,127.2928,84.78
"South Korea/천안",진달래,1993-04-04,1993,94,36.7622,127.2928,84.78
"South Korea/천안",진달래,1994-04-08,1994,98,36.7622,127.2928,84.78
"South Korea/천안",진달래,1995-04-08,1995,98,36.7622,127.2928,84.78
"South Korea/천안",진달래,1996-04-11,1996,102,36.7622,127.2928,84.78
"South Korea/천안",진달래,1997-04-01,1997,91,36.7622,127.2928,84.78
"South Korea/천안",진달래,1998-03-29,1998,88,36.7622,127.2928,84.78
"South Korea/천안",진달래,1999-04-03,1999,93,36.7622,127.2928,84.78
"South Korea/천안",진달래,2000-04-04,2000,95,36.7622,127.2928,84.78
"South Korea/천안",진달래,2001-04-05,2001,95,36.7622,127.2928,84.78
"South Korea/천안",진달래,2002-03-24,2002,83,36.7622,127.2928,84.78
"South Korea/천안",진달래,2003-03-31,2003,90,36.7622,127.2928,84.78
"South Korea/천안",진달래,2004-03-30,2004,90,36.7622,127.2928,84.78
"South Korea/천안",진달래,2005-04-09,2005,99,36.7622,127.2928,84.78
"South Korea/천안",진달래,2006-04-07,2006,97,36.7622,127.2928,84.78
"South Korea/천안",진달래,2007-04-04,2007,94,36.7622,127.2928,84.78
"South Korea/천안",진달래,2008-04-01,2008,92,36.7622,127.2928,84.78
"South Korea/천안",진달래,2009-04-02,2009,92,36.7622,127.2928,84.78
"South Korea/천안",진달래,2010-04-05,2010,95,36.7622,127.2928,84.78
"South Korea/천안",진달래,2011-04-10,2011,100,36.7622,127.2928,84.78
"South Korea/천안",진달래,2012-04-10,2012,101,36.7622,127.2928,84.78
"South Korea/천안",진달래,2013-04-05,2013,95,36.7622,127.2928,84.78
"South Korea/천안",진달래,2014-03-30,2014,89,36.7622,127.2928,84.78
"South Korea/천안",진달래,2015-03-31,2015,90,36.7622,127.2928,84.78
"South Korea/홍성",진달래,2018-04-01,2018,91,36.6576,126.6877,27.74
"South Korea/홍성",진달래,2019-03-28,2019,87,36.6576,126.6877,27.74
"South Korea/홍성",진달래,2020-03-20,2020,80,36.6576,126.6877,27.74
"South Korea/홍성",진달래,2021-03-21,2021,80,36.6576,126.6877,27.74
"South Korea/홍성",진달래,2022-04-02,2022,92,36.6576,126.6877,27.74
"South Korea/홍성",진달래,2023-03-25,2023,84,36.6576,126.6877,27.74
"South Korea/홍성",진달래,2024-03-26,2024,86,36.6576,126.6877,27.74
"South Korea/보은",진달래,1973-03-10,1973,69,36.4876,127.7342,171.31
"South Korea/보은",진달래,1974-04-09,1974,99,36.4876,127.7342,171.31
"South Korea/보은",진달래,1976-04-02,1976,93,36.4876,127.7342,171.31
"South Korea/보은",진달래,1977-04-03,1977,93,36.4876,127.7342,171.31
"South Korea/보은",진달래,1978-04-11,1978,101,36.4876,127.7342,171.31
"South Korea/보은",진달래,1979-04-07,1979,97,36.4876,127.7342,171.31
"South Korea/보은",진달래,1980-04-07,1980,98,36.4876,127.7342,171.31
"South Korea/보은",진달래,1981-04-11,1981,101,36.4876,127.7342,171.31
"South Korea/보은",진달래,1982-04-05,1982,95,36.4876,127.7342,171.31
"South Korea/보은",진달래,1983-04-06,1983,96,36.4876,127.7342,171.31
"South Korea/보은",진달래,1984-04-15,1984,106,36.4876,127.7342,171.31
"South Korea/보은",진달래,1985-04-12,1985,102,36.4876,127.7342,171.31
"South Korea/보은",진달래,1986-04-12,1986,102,36.4876,127.7342,171.31
"South Korea/보은",진달래,1987-04-09,1987,99,36.4876,127.7342,171.31
"South Korea/보은",진달래,1988-04-11,1988,102,36.4876,127.7342,171.31
"South Korea/보은",진달래,1989-04-02,1989,92,36.4876,127.7342,171.31
"South Korea/보은",진달래,1990-03-28,1990,87,36.4876,127.7342,171.31
"South Korea/보은",진달래,1991-04-08,1991,98,36.4876,127.7342,171.31
"South Korea/보은",진달래,1992-04-03,1992,94,36.4876,127.7342,171.31
"South Korea/보은",진달래,1993-04-03,1993,93,36.4876,127.7342,171.31
"South Korea/보은",진달래,1994-04-07,1994,97,36.4876,127.7342,171.31
"South Korea/보은",진달래,1995-04-12,1995,102,36.4876,127.7342,171.31
"South Korea/보은",진달래,1996-04-17,1996,108,36.4876,127.7342,171.31
"South Korea/보은",진달래,1997-04-07,1997,97,36.4876,127.7342,171.31
"South Korea/보은",진달래,1998-03-30,1998,89,36.4876,127.7342,171.31
"South Korea/보은",진달래,1999-04-02,1999,92,36.4876,127.7342,171.31
"South Korea/보은",진달래,2000-04-10,2000,101,36.4876,127.7342,171.31
"South Korea/보은",진달래,2001-04-08,2001,98,36.4876,127.7342,171.31
"South Korea/보은",진달래,2002-03-29,2002,88,36.4876,127.7342,171.31
"South Korea/보은",진달래,2003-04-02,2003,92,36.4876,127.7342,171.31
"South Korea/보은",진달래,2004-04-02,2004,93,36.4876,127.7342,171.31
"South Korea/보은",진달래,2005-04-08,2005,98,36.4876,127.7342,171.31
"South Korea/보은",진달래,2006-04-05,2006,95,36.4876,127.7342,171.31
"South Korea/보은",진달래,2007-03-30,2007,89,36.4876,127.7342,171.31
"South Korea/보은",진달래,2008-04-04,2008,95,36.4876,127.7342,171.31
"South Korea/제천",진달래,1973-04-08,1973,98,37.1593,128.1943,264.62
"South Korea/제천",진달래,1976-03-26,1976,86,37.1593,128.1943,264.62
"South Korea/제천",진달래,1977-04-07,1977,97,37.1593,128.1943,264.62
"South Korea/제천",진달래,1979-04-07,1979,97,37.1593,128.1943,264.62
"South Korea/제천",진달래,1980-04-12,1980,103,37.1593,128.1943,264.62
"South Korea/제천",진달래,1981-04-10,1981,100,37.1593,128.1943,264.62
"South Korea/제천",진달래,1982-04-08,1982,98,37.1593,128.1943,264.62
"South Korea/제천",진달래,1983-04-12,1983,102,37.1593,128.1943,264.62
"South Korea/제천",진달래,1986-04-11,1986,101,37.1593,128.1943,264.62
"South Korea/제천",진달래,1987-04-07,1987,97,37.1593,128.1943,264.62
"South Korea/제천",진달래,1988-04-12,1988,103,37.1593,128.1943,264.62
"South Korea/제천",진달래,1990-04-04,1990,94,37.1593,128.1943,264.62
"South Korea/제천",진달래,1991-04-08,1991,98,37.1593,128.1943,264.62
"South Korea/제천",진달래,1992-04-01,1992,92,37.1593,128.1943,264.62
"South Korea/제천",진달래,1993-04-05,1993,95,37.1593,128.1943,264.62
"South Korea/제천",진달래,1994-04-09,1994,99,37.1593,128.1943,264.62
"South Korea/제천",진달래,1995-04-17,1995,107,37.1593,128.1943,264.62
"South Korea/제천",진달래,1996-04-24,1996,115,37.1593,128.1943,264.62
"South Korea/제천",진달래,1997-04-08,1997,98,37.1593,128.1943,264.62
"South Korea/제천",진달래,1998-04-03,1998,93,37.1593,128.1943,264.62
"South Korea/제천",진달래,1999-04-06,1999,96,37.1593,128.1943,264.62
"South Korea/제천",진달래,2000-04-11,2000,102,37.1593,128.1943,264.62
"South Korea/제천",진달래,2001-04-14,2001,104,37.1593,128.1943,264.62
"South Korea/제천",진달래,2002-04-04,2002,94,37.1593,128.1943,264.62
"South Korea/제천",진달래,2003-04-10,2003,100,37.1593,128.1943,264.62
"South Korea/제천",진달래,2004-04-08,2004,99,37.1593,128.1943,264.62
"South Korea/제천",진달래,2005-04-13,2005,103,37.1593,128.1943,264.62
"South Korea/제천",진달래,2006-04-04,2006,94,37.1593,128.1943,264.62
"South Korea/제천",진달래,2007-04-04,2007,94,37.1593,128.1943,264.62
"South Korea/제천",진달래,2008-04-06,2008,97,37.1593,128.1943,264.62
"South Korea/청주",진달래,1973-04-01,1973,91,36.6392,127.4407,58.7
"South Korea/청주",진달래,1974-04-13,1974,103,36.6392,127.4407,58.7
"South Korea/청주",진달래,1975-04-09,1975,99,36.6392,127.4407,58.7
"South Korea/청주",진달래,1976-04-07,1976,98,36.6392,127.4407,58.7
"South Korea/청주",진달래,1977-04-08,1977,98,36.6392,127.4407,58.7
"South Korea/청주",진달래,1978-04-06,1978,96,36.6392,127.4407,58.7
"South Korea/청주",진달래,1979-04-04,1979,94,36.6392,127.4407,58.7
"South Korea/청주",진달래,1980-04-05,1980,96,36.6392,127.4407,58.7
"South Korea/청주",진달래,1981-04-08,1981,98,36.6392,127.4407,58.7
"South Korea/청주",진달래,1982-03-29,1982,88,36.6392,127.4407,58.7
"South Korea/청주",진달래,1983-03-31,1983,90,36.6392,127.4407,58.7
"South Korea/청주",진달래,1984-04-13,1984,104,36.6392,127.4407,58.7
"South Korea/청주",진달래,1985-04-07,1985,97,36.6392,127.4407,58.7
"South Korea/청주",진달래,1986-04-08,1986,98,36.6392,127.4407,58.7
"South Korea/청주",진달래,1987-04-05,1987,95,36.6392,127.4407,58.7
"South Korea/청주",진달래,1988-04-08,1988,99,36.6392,127.4407,58.7
"South Korea/청주",진달래,1989-03-31,1989,90,36.6392,127.4407,58.7
"South Korea/청주",진달래,1990-03-28,1990,87,36.6392,127.4407,58.7
"South Korea/청주",진달래,1991-04-08,1991,98,36.6392,127.4407,58.7
"South Korea/청주",진달래,1992-03-28,1992,88,36.6392,127.4407,58.7
"South Korea/청주",진달래,1993-04-01,1993,91,36.6392,127.4407,58.7
"South Korea/청주",진달래,1994-03-31,1994,90,36.6392,127.4407,58.7
"South Korea/청주",진달래,1995-04-04,1995,94,36.6392,127.4407,58.7
"South Korea/청주",진달래,1996-04-13,1996,104,36.6392,127.4407,58.7
"South Korea/청주",진달래,1997-04-01,1997,91,36.6392,127.4407,58.7
"South Korea/청주",진달래,1998-03-31,1998,90,36.6392,127.4407,58.7
"South Korea/청주",진달래,1999-03-22,1999,81,36.6392,127.4407,58.7
"South Korea/청주",진달래,2000-03-31,2000,91,36.6392,127.4407,58.7
"South Korea/청주",진달래,2001-04-02,2001,92,36.6392,127.4407,58.7
"South Korea/청주",진달래,2002-03-23,2002,82,36.6392,127.4407,58.7
"South Korea/청주",진달래,2003-03-24,2003,83,36.6392,127.4407,58.7
"South Korea/청주",진달래,2004-03-30,2004,90,36.6392,127.4407,58.7
"South Korea/청주",진달래,2005-04-08,2005,98,36.6392,127.4407,58.7
"South Korea/청주",진달래,2006-03-30,2006,89,36.6392,127.4407,58.7
"South Korea/청주",진달래,2007-03-23,2007,82,36.6392,127.4407,58.7
"South Korea/청주",진달래,2008-04-01,2008,92,36.6392,127.4407,58.7
"South Korea/청주",진달래,2009-03-25,2009,84,36.6392,127.4407,58.7
"South Korea/청주",진달래,2010-03-28,2010,87,36.6392,127.4407,58.7
"South Korea/청주",진달래,2011-04-08,2011,98,36.6392,127.4407,58.7
"South Korea/청주",진달래,2012-04-07,2012,98,36.6392,127.4407,58.7
"South Korea/청주",진달래,2013-04-01,2013,91,36.6392,127.4407,58.7
"South Korea/청주",진달래,2014-03-25,2014,84,36.6392,127.4407,58.7
"South Korea/청주",진달래,2015-03-28,2015,87,36.6392,127.4407,58.7
"South Korea/청주",진달래,2016-03-28,2016,88,36.6392,127.4407,58.7
"South Korea/청주",진달래,2017-03-28,2017,87,36.6392,127.4407,58.7
"South Korea/청주",진달래,2018-03-29,2018,88,36.6392,127.4407,58.7
"South Korea/청주",진달래,2019-03-25,2019,84,36.6392,127.4407,58.7
"South Korea/청주",진달래,2020-03-19,2020,79,36.6392,127.4407,58.7
"South Korea/청주",진달래,2021-03-17,2021,76,36.6392,127.4407,58.7
"South Korea/청주",진달래,2022-03-27,2022,86,36.6392,127.4407,58.7
"South Korea/청주",진달래,2023-03-20,2023,79,36.6392,127.4407,58.7
"South Korea/청주",진달래,2024-03-19,2024,79,36.6392,127.4407,58.7
"South Korea/청주",진달래,2025-03-24,2025,83,36.6392,127.4407,58.7
"South Korea/추풍령",진달래,1973-03-30,1973,89,36.2203,127.9946,244.98
"South Korea/추풍령",진달래,1974-04-08,1974,98,36.2203,127.9946,244.98
"South Korea/추풍령",진달래,1975-04-03,1975,93,36.2203,127.9946,244.98
"South Korea/추풍령",진달래,1976-04-05,1976,96,36.2203,127.9946,244.98
"South Korea/추풍령",진달래,1977-04-05,1977,95,36.2203,127.9946,244.98
"South Korea/추풍령",진달래,1978-04-07,1978,97,36.2203,127.9946,244.98
"South Korea/추풍령",진달래,1979-03-20,1979,79,36.2203,127.9946,244.98
"South Korea/추풍령",진달래,1980-04-06,1980,97,36.2203,127.9946,244.98
"South Korea/추풍령",진달래,1981-04-01,1981,91,36.2203,127.9946,244.98
"South Korea/추풍령",진달래,1982-03-27,1982,86,36.2203,127.9946,244.98
"South Korea/추풍령",진달래,1983-04-02,1983,92,36.2203,127.9946,244.98
"South Korea/추풍령",진달래,1984-04-13,1984,104,36.2203,127.9946,244.98
"South Korea/추풍령",진달래,1985-04-08,1985,98,36.2203,127.9946,244.98
"South Korea/추풍령",진달래,1986-04-09,1986,99,36.2203,127.9946,244.98
"South Korea/추풍령",진달래,1987-04-02,1987,92,36.2203,127.9946,244.98
"South Korea/추풍령",진달래,1988-04-05,1988,96,36.2203,127.9946,244.98
"South Korea/추풍령",진달래,1989-03-31,1989,90,36.2203,127.9946,244.98
"South Korea/추풍령",진달래,1990-04-02,1990,92,36.2203,127.9946,244.98
"South Korea/추풍령",진달래,1991-04-08,1991,98,36.2203,127.9946,244.98
"South Korea/추풍령",진달래,1992-03-27,1992,87,36.2203,127.9946,244.98
"South Korea/추풍령",진달래,1993-03-30,1993,89,36.2203,127.9946,244.98
"South Korea/추풍령",진달래,1994-04-04,1994,94,36.2203,127.9946,244.98
"South Korea/추풍령",진달래,1995-04-03,1995,93,36.2203,127.9946,244.98
"South Korea/추풍령",진달래,1996-04-12,1996,103,36.2203,127.9946,244.98
"South Korea/추풍령",진달래,1997-03-29,1997,88,36.2203,127.9946,244.98
"South Korea/추풍령",진달래,1998-03-25,1998,84,36.2203,127.9946,244.98
"South Korea/추풍령",진달래,1999-04-02,1999,92,36.2203,127.9946,244.98
"South Korea/추풍령",진달래,2000-04-05,2000,96,36.2203,127.9946,244.98
"South Korea/추풍령",진달래,2001-03-31,2001,90,36.2203,127.9946,244.98
"South Korea/추풍령",진달래,2002-03-22,2002,81,36.2203,127.9946,244.98
"South Korea/추풍령",진달래,2003-03-29,2003,88,36.2203,127.9946,244.98
"South Korea/추풍령",진달래,2004-03-28,2004,88,36.2203,127.9946,244.98
"South Korea/추풍령",진달래,2005-04-05,2005,95,36.2203,127.9946,244.98
"South Korea/추풍령",진달래,2006-04-03,2006,93,36.2203,127.9946,244.98
"South Korea/추풍령",진달래,2007-03-16,2007,75,36.2203,127.9946,244.98
"South Korea/추풍령",진달래,2008-03-30,2008,90,36.2203,127.9946,244.98
"South Korea/추풍령",진달래,2009-03-23,2009,82,36.2203,127.9946,244.98
"South Korea/추풍령",진달래,2010-04-06,2010,96,36.2203,127.9946,244.98
"South Korea/추풍령",진달래,2011-04-06,2011,96,36.2203,127.9946,244.98
"South Korea/추풍령",진달래,2012-04-09,2012,100,36.2203,127.9946,244.98
"South Korea/추풍령",진달래,2013-04-02,2013,92,36.2203,127.9946,244.98
"South Korea/추풍령",진달래,2014-03-26,2014,85,36.2203,127.9946,244.98
"South Korea/추풍령",진달래,2015-03-29,2015,88,36.2203,127.9946,244.98
"South Korea/충주",진달래,1974-04-11,1974,101,36.9705,127.9525,114.85
"South Korea/충주",진달래,1979-04-01,1979,91,36.9705,127.9525,114.85
"South Korea/충주",진달래,1980-04-08,1980,99,36.9705,127.9525,114.85
"South Korea/충주",진달래,1981-04-05,1981,95,36.9705,127.9525,114.85
"South Korea/충주",진달래,1982-04-03,1982,93,36.9705,127.9525,114.85
"South Korea/충주",진달래,1983-04-07,1983,97,36.9705,127.9525,114.85
"South Korea/충주",진달래,1985-04-12,1985,102,36.9705,127.9525,114.85
"South Korea/충주",진달래,1986-04-08,1986,98,36.9705,127.9525,114.85
"South Korea/충주",진달래,1987-04-10,1987,100,36.9705,127.9525,114.85
"South Korea/충주",진달래,1988-04-11,1988,102,36.9705,127.9525,114.85
"South Korea/충주",진달래,1989-03-29,1989,88,36.9705,127.9525,114.85
"South Korea/충주",진달래,1990-03-26,1990,85,36.9705,127.9525,114.85
"South Korea/충주",진달래,1991-04-06,1991,96,36.9705,127.9525,114.85
"South Korea/충주",진달래,1992-03-28,1992,88,36.9705,127.9525,114.85
"South Korea/충주",진달래,1993-04-01,1993,91,36.9705,127.9525,114.85
"South Korea/충주",진달래,1994-04-03,1994,93,36.9705,127.9525,114.85
"South Korea/충주",진달래,1995-04-06,1995,96,36.9705,127.9525,114.85
"South Korea/충주",진달래,1996-04-15,1996,106,36.9705,127.9525,114.85
"South Korea/충주",진달래,1997-04-05,1997,95,36.9705,127.9525,114.85
"South Korea/충주",진달래,1998-03-31,1998,90,36.9705,127.9525,114.85
"South Korea/충주",진달래,1999-04-02,1999,92,36.9705,127.9525,114.85
"South Korea/충주",진달래,2000-04-08,2000,99,36.9705,127.9525,114.85
"South Korea/충주",진달래,2001-04-08,2001,98,36.9705,127.9525,114.85
"South Korea/충주",진달래,2002-03-25,2002,84,36.9705,127.9525,114.85
"South Korea/충주",진달래,2003-03-31,2003,90,36.9705,127.9525,114.85
"South Korea/충주",진달래,2004-04-02,2004,93,36.9705,127.9525,114.85
"South Korea/충주",진달래,2005-04-11,2005,101,36.9705,127.9525,114.85
"South Korea/충주",진달래,2006-04-01,2006,91,36.9705,127.9525,114.85
"South Korea/충주",진달래,2007-03-25,2007,84,36.9705,127.9525,114.85
"South Korea/충주",진달래,2008-04-03,2008,94,36.9705,127.9525,114.85
"South Korea/충주",진달래,2009-03-23,2009,82,36.9705,127.9525,114.85
"South Korea/충주",진달래,2010-04-05,2010,95,36.9705,127.9525,114.85
"South Korea/충주",진달래,2011-04-05,2011,95,36.9705,127.9525,114.85
"South Korea/충주",진달래,2012-04-05,2012,96,36.9705,127.9525,114.85
"South Korea/충주",진달래,2013-04-02,2013,92,36.9705,127.9525,114.85
"South Korea/충주",진달래,2014-03-26,2014,85,36.9705,127.9525,114.85
"South Korea/충주",진달래,2015-03-30,2015,89,36.9705,127.9525,114.85
