"location","species","bloom_date","year","bloom_doy","lat","long","alt"
"South Korea/강릉",코스모스,1973-07-07,1973,188,37.7515,128.891,27.12
"South Korea/강릉",코스모스,1974-07-30,1974,211,37.7515,128.891,27.12
"South Korea/강릉",코스모스,1975-08-15,1975,227,37.7515,128.891,27.12
"South Korea/강릉",코스모스,1976-08-29,1976,242,37.7515,128.891,27.12
"South Korea/강릉",코스모스,1977-09-18,1977,261,37.7515,128.891,27.12
"South Korea/강릉",코스모스,1978-08-08,1978,220,37.7515,128.891,27.12
"South Korea/강릉",코스모스,1979-09-10,1979,253,37.7515,128.891,27.12
"South Korea/강릉",코스모스,1980-09-16,1980,260,37.7515,128.891,27.12
"South Korea/강릉",코스모스,1981-09-04,1981,247,37.7515,128.891,27.12
"South Korea/강릉",코스모스,1982-09-01,1982,244,37.7515,128.891,27.12
"South Korea/강릉",코스모스,1983-09-13,1983,256,37.7515,128.891,27.12
"South Korea/강릉",코스모스,1984-09-05,1984,249,37.7515,128.891,27.12
"South Korea/강릉",코스모스,1985-09-11,1985,254,37.7515,128.891,27.12
"South Korea/강릉",코스모스,1986-07-23,1986,204,37.7515,128.891,27.12
"South Korea/강릉",코스모스,1987-09-01,1987,244,37.7515,128.891,27.12
"South Korea/강릉",코스모스,1988-08-30,1988,243,37.7515,128.891,27.12
"South Korea/강릉",코스모스,1989-07-24,1989,205,37.7515,128.891,27.12
"South Korea/강릉",코스모스,1990-09-13,1990,256,37.7515,128.891,27.12
"South Korea/강릉",코스모스,1991-09-21,1991,264,37.7515,128.891,27.12
"South Korea/강릉",코스모스,1992-09-03,1992,247,37.7515,128.891,27.12
"South Korea/강릉",코스모스,1993-09-12,1993,255,37.7515,128.891,27.12
"South Korea/강릉",코스모스,1994-08-25,1994,237,37.7515,128.891,27.12
"South Korea/강릉",코스모스,1995-08-28,1995,240,37.7515,128.891,27.12
"South Korea/강릉",코스모스,1996-08-26,1996,239,37.7515,128.891,27.12
"South Korea/강릉",코스모스,1997-08-16,1997,228,37.7515,128.891,27.12
"South Korea/강릉",코스모스,1998-08-26,1998,238,37.7515,128.891,27.12
"South Korea/강릉",코스모스,1999-07-21,1999,202,37.7515,128.891,27.12
"South Korea/강릉",코스모스,2000-07-25,2000,207,37.7515,128.891,27.12
"South Korea/강릉",코스모스,2001-08-15,2001,227,37.7515,128.891,27.12
"South Korea/강릉",코스모스,2002-08-25,2002,237,37.7515,128.891,27.12
"South Korea/강릉",코스모스,2003-09-01,2003,244,37.7515,128.891,27.12
"South Korea/강릉",코스모스,2004-09-10,2004,254,37.7515,128.891,27.12
"South Korea/강릉",코스모스,2005-09-02,2005,245,37.7515,128.891,27.12
"South Korea/강릉",코스모스,2006-09-03,2006,246,37.7515,128.891,27.12
"South Korea/강릉",코스모스,2007-09-08,2007,251,37.7515,128.891,27.12
"South Korea/대관령",코스모스,1974-07-24,1974,205,37.6771,128.7183,772.43
"South Korea/대관령",코스모스,1975-07-19,1975,200,37.6771,128.7183,772.43
"South Korea/대관령",코스모스,1976-07-12,1976,194,37.6771,128.7183,772.43
"South Korea/대관령",코스모스,1977-07-21,1977,202,37.6771,128.7183,772.43
"South Korea/대관령",코스모스,1978-08-20,1978,232,37.6771,128.7183,772.43
"South Korea/대관령",코스모스,1979-08-20,1979,232,37.6771,128.7183,772.43
"South Korea/대관령",코스모스,1980-08-03,1980,216,37.6771,128.7183,772.43
"South Korea/대관령",코스모스,1984-07-10,1984,192,37.6771,128.7183,772.43
"South Korea/대관령",코스모스,1985-07-24,1985,205,37.6771,128.7183,772.43
"South Korea/대관령",코스모스,1989-08-06,1989,218,37.6771,128.7183,772.43
"South Korea/동해",코스모스,1993-09-03,1993,246,37.5071,129.1243,40.46
"South Korea/동해",코스모스,1994-08-30,1994,242,37.5071,129.1243,40.46
"South Korea/동해",코스모스,1995-08-16,1995,228,37.5071,129.1243,40.46
"South Korea/동해",코스모스,1996-09-16,1996,260,37.5071,129.1243,40.46
"South Korea/동해",코스모스,1997-09-06,1997,249,37.5071,129.1243,40.46
"South Korea/동해",코스모스,1998-08-27,1998,239,37.5071,129.1243,40.46
"South Korea/동해",코스모스,1999-07-25,1999,206,37.5071,129.1243,40.46
"South Korea/동해",코스모스,2000-08-10,2000,223,37.5071,129.1243,40.46
"South Korea/동해",코스모스,2001-09-05,2001,248,37.5071,129.1243,40.46
"South Korea/동해",코스모스,2002-09-10,2002,253,37.5071,129.1243,40.46
"South Korea/동해",코스모스,2003-09-01,2003,244,37.5071,129.1243,40.46
"South Korea/동해",코스모스,2004-09-05,2004,249,37.5071,129.1243,40.46
"South Korea/동해",코스모스,2005-08-29,2005,241,37.5071,129.1243,40.46
"South Korea/동해",코스모스,2006-09-23,2006,266,37.5071,129.1243,40.46
"South Korea/동해",코스모스,2007-09-05,2007,248,37.5071,129.1243,40.46
"South Korea/동해",코스모스,2008-08-10,2008,223,37.5071,129.1243,40.46
"South Korea/동해",코스모스,2009-08-25,2009,237,37.5071,129.1243,40.46
"South Korea/동해",코스모스,2010-09-01,2010,244,37.5071,129.1243,40.46
"South Korea/동해",코스모스,2011-08-29,2011,241,37.5071,129.1243,40.46
"South Korea/동해",코스모스,2012-09-04,2012,248,37.5071,129.1243,40.46
"South Korea/동해",코스모스,2013-08-24,2013,236,37.5071,129.1243,40.46
"South Korea/동해",코스모스,2014-09-03,2014,246,37.5071,129.1243,40.46
"South Korea/북강릉",코스모스,2008-08-25,2008,238,37.8046,128.8554,75.24
"South Korea/북강릉",코스모스,2009-09-10,2009,253,37.8046,128.8554,75.24
"South Korea/북강릉",코스모스,2010-09-04,2010,247,37.8046,128.8554,75.24
"South Korea/북강릉",코스모스,2011-08-30,2011,242,37.8046,128.8554,75.24
"South Korea/북강릉",코스모스,2012-09-03,2012,247,37.8046,128.8554,75.24
"South Korea/북강릉",코스모스,2013-09-06,2013,249,37.8046,128.8554,75.24
"South Korea/북강릉",코스모스,2014-08-28,2014,240,37.8046,128.8554,75.24
"South Korea/북강릉",코스모스,2016-09-03,2016,247,37.8046,128.8554,75.24
"South Korea/북강릉",코스모스,2017-08-30,2017,242,37.8046,128.8554,75.24
"South Korea/북강릉",코스모스,2018-09-08,2018,251,37.8046,128.8554,75.24
"South Korea/북강릉",코스모스,2019-08-24,2019,236,37.8046,128.8554,75.24
"South Korea/북강릉",코스모스,2020-09-08,2020,252,37.8046,128.8554,75.24
"South Korea/북강릉",코스모스,2021-09-09,2021,252,37.8046,128.8554,75.24
"South Korea/북강릉",코스모스,2022-08-29,2022,241,37.8046,128.8554,75.24
"South Korea/북강릉",코스모스,2023-09-04,2023,247,37.8046,128.8554,75.24
"South Korea/북강릉",코스모스,2024-09-19,2024,263,37.8046,128.8554,75.24
"South Korea/북춘천",코스모스,2017-09-01,2017,244,37.9474,127.7544,95.78
"South Korea/북춘천",코스모스,2018-09-03,2018,246,37.9474,127.7544,95.78
"South Korea/북춘천",코스모스,2019-09-16,2019,259,37.9474,127.7544,95.78
"South Korea/북춘천",코스모스,2020-09-13,2020,257,37.9474,127.7544,95.78
"South Korea/북춘천",코스모스,2021-09-06,2021,249,37.9474,127.7544,95.78
"South Korea/북춘천",코스모스,2022-08-27,2022,239,37.9474,127.7544,95.78
"South Korea/북춘천",코스모스,2023-08-29,2023,241,37.9474,127.7544,95.78
"South Korea/북춘천",코스모스,2024-09-10,2024,254,37.9474,127.7544,95.78
"South Korea/삼척",코스모스,1973-07-28,1973,209,nan,nan,nan
"South Korea/삼척",코스모스,1974-07-30,1974,211,nan,nan,nan
"South Korea/삼척",코스모스,1975-07-29,1975,210,nan,nan,nan
"South Korea/삼척",코스모스,1976-07-28,1976,210,nan,nan,nan
"South Korea/삼척",코스모스,1977-07-24,1977,205,nan,nan,nan
"South Korea/삼척",코스모스,1978-07-22,1978,203,nan,nan,nan
"South Korea/삼척",코스모스,1979-07-23,1979,204,nan,nan,nan
"South Korea/삼척",코스모스,1980-07-25,1980,207,nan,nan,nan
"South Korea/삼척",코스모스,1981-07-23,1981,204,nan,nan,nan
"South Korea/삼척",코스모스,1982-07-29,1982,210,nan,nan,nan
"South Korea/삼척",코스모스,1983-07-21,1983,202,nan,nan,nan
"South Korea/삼척",코스모스,1984-07-27,1984,209,nan,nan,nan
"South Korea/삼척",코스모스,1985-08-21,1985,233,nan,nan,nan
"South Korea/삼척",코스모스,1986-09-11,1986,254,nan,nan,nan
"South Korea/삼척",코스모스,1987-09-10,1987,253,nan,nan,nan
"South Korea/삼척",코스모스,1988-07-14,1988,196,nan,nan,nan
"South Korea/삼척",코스모스,1989-07-15,1989,196,nan,nan,nan
"South Korea/삼척",코스모스,1990-09-05,1990,248,nan,nan,nan
"South Korea/삼척",코스모스,1991-08-21,1991,233,nan,nan,nan
"South Korea/삼척",코스모스,1992-09-01,1992,245,nan,nan,nan
"South Korea/삼척",코스모스,1993-08-17,1993,229,nan,nan,nan
"South Korea/삼척",코스모스,1994-09-18,1994,261,nan,nan,nan
"South Korea/삼척",코스모스,1995-08-20,1995,232,nan,nan,nan
"South Korea/속초",코스모스,1973-09-03,1973,246,38.2509,128.5647,17.53
"South Korea/속초",코스모스,1974-09-20,1974,263,38.2509,128.5647,17.53
"South Korea/속초",코스모스,1975-09-16,1975,259,38.2509,128.5647,17.53
"South Korea/속초",코스모스,1976-09-10,1976,254,38.2509,128.5647,17.53
"South Korea/속초",코스모스,1977-09-03,1977,246,38.2509,128.5647,17.53
"South Korea/속초",코스모스,1978-09-07,1978,250,38.2509,128.5647,17.53
"South Korea/속초",코스모스,1979-09-11,1979,254,38.2509,128.5647,17.53
"South Korea/속초",코스모스,1980-09-16,1980,260,38.2509,128.5647,17.53
"South Korea/속초",코스모스,1981-09-19,1981,262,38.2509,128.5647,17.53
"South Korea/속초",코스모스,1982-08-31,1982,243,38.2509,128.5647,17.53
"South Korea/속초",코스모스,1983-09-16,1983,259,38.2509,128.5647,17.53
"South Korea/속초",코스모스,1984-08-22,1984,235,38.2509,128.5647,17.53
"South Korea/속초",코스모스,1985-08-20,1985,232,38.2509,128.5647,17.53
"South Korea/속초",코스모스,1986-08-15,1986,227,38.2509,128.5647,17.53
"South Korea/속초",코스모스,1987-09-07,1987,250,38.2509,128.5647,17.53
"South Korea/속초",코스모스,1988-09-13,1988,257,38.2509,128.5647,17.53
"South Korea/속초",코스모스,1989-09-14,1989,257,38.2509,128.5647,17.53
"South Korea/속초",코스모스,1990-09-13,1990,256,38.2509,128.5647,17.53
"South Korea/속초",코스모스,1991-08-29,1991,241,38.2509,128.5647,17.53
"South Korea/속초",코스모스,1992-09-15,1992,259,38.2509,128.5647,17.53
"South Korea/속초",코스모스,1993-09-13,1993,256,38.2509,128.5647,17.53
"South Korea/속초",코스모스,1994-09-13,1994,256,38.2509,128.5647,17.53
"South Korea/속초",코스모스,1995-09-10,1995,253,38.2509,128.5647,17.53
"South Korea/속초",코스모스,1996-09-11,1996,255,38.2509,128.5647,17.53
"South Korea/속초",코스모스,1997-09-06,1997,249,38.2509,128.5647,17.53
"South Korea/속초",코스모스,1998-07-04,1998,185,38.2509,128.5647,17.53
"South Korea/속초",코스모스,1999-07-22,1999,203,38.2509,128.5647,17.53
"South Korea/속초",코스모스,2000-09-18,2000,262,38.2509,128.5647,17.53
"South Korea/속초",코스모스,2001-09-12,2001,255,38.2509,128.5647,17.53
"South Korea/속초",코스모스,2002-09-15,2002,258,38.2509,128.5647,17.53
"South Korea/속초",코스모스,2003-09-10,2003,253,38.2509,128.5647,17.53
"South Korea/속초",코스모스,2004-09-09,2004,253,38.2509,128.5647,17.53
"South Korea/속초",코스모스,2005-08-29,2005,241,38.2509,128.5647,17.53
"South Korea/속초",코스모스,2006-08-28,2006,240,38.2509,128.5647,17.53
"South Korea/속초",코스모스,2007-09-23,2007,266,38.2509,128.5647,17.53
"South Korea/속초",코스모스,2008-09-16,2008,260,38.2509,128.5647,17.53
"South Korea/속초",코스모스,2009-09-14,2009,257,38.2509,128.5647,17.53
"South Korea/속초",코스모스,2010-09-09,2010,252,38.2509,128.5647,17.53
"South Korea/속초",코스모스,2011-08-30,2011,242,38.2509,128.5647,17.53
"South Korea/속초",코스모스,2013-09-09,2013,252,38.2509,128.5647,17.53
"South Korea/속초",코스모스,2014-09-01,2014,244,38.2509,128.5647,17.53
"South Korea/영월",코스모스,1995-08-06,1995,218,37.1813,128.4574,240.54
"South Korea/영월",코스모스,1996-08-18,1996,231,37.1813,128.4574,240.54
"South Korea/영월",코스모스,1997-08-20,1997,232,37.1813,128.4574,240.54
"South Korea/영월",코스모스,1998-07-20,1998,201,37.1813,128.4574,240.54
"South Korea/영월",코스모스,1999-08-07,1999,219,37.1813,128.4574,240.54
"South Korea/영월",코스모스,2000-08-05,2000,218,37.1813,128.4574,240.54
"South Korea/영월",코스모스,2001-08-06,2001,218,37.1813,128.4574,240.54
"South Korea/영월",코스모스,2002-08-30,2002,242,37.1813,128.4574,240.54
"South Korea/영월",코스모스,2003-08-21,2003,233,37.1813,128.4574,240.54
"South Korea/영월",코스모스,2004-08-10,2004,223,37.1813,128.4574,240.54
"South Korea/영월",코스모스,2005-08-15,2005,227,37.1813,128.4574,240.54
"South Korea/영월",코스모스,2006-08-20,2006,232,37.1813,128.4574,240.54
"South Korea/영월",코스모스,2007-08-13,2007,225,37.1813,128.4574,240.54
"South Korea/영월",코스모스,2008-08-20,2008,233,37.1813,128.4574,240.54
"South Korea/영월",코스모스,2009-08-09,2009,221,37.1813,128.4574,240.54
"South Korea/영월",코스모스,2010-08-04,2010,216,37.1813,128.4574,240.54
"South Korea/영월",코스모스,2011-08-08,2011,220,37.1813,128.4574,240.54
"South Korea/영월",코스모스,2012-08-13,2012,226,37.1813,128.4574,240.54
"South Korea/영월",코스모스,2013-08-21,2013,233,37.1813,128.4574,240.54
"South Korea/원주",코스모스,1977-07-19,1977,200,37.3375,127.9466,150.11
"South Korea/원주",코스모스,1979-08-02,1979,214,37.3375,127.9466,150.11
"South Korea/원주",코스모스,1980-08-04,1980,217,37.3375,127.9466,150.11
"South Korea/원주",코스모스,1981-07-20,1981,201,37.3375,127.9466,150.11
"South Korea/원주",코스모스,1982-06-26,1982,177,37.3375,127.9466,150.11
"South Korea/원주",코스모스,1986-08-01,1986,213,37.3375,127.9466,150.11
"South Korea/원주",코스모스,1987-08-21,1987,233,37.3375,127.9466,150.11
"South Korea/원주",코스모스,1988-08-19,1988,232,37.3375,127.9466,150.11
"South Korea/원주",코스모스,1989-08-18,1989,230,37.3375,127.9466,150.11
"South Korea/원주",코스모스,1990-07-30,1990,211,37.3375,127.9466,150.11
"South Korea/원주",코스모스,1991-08-10,1991,222,37.3375,127.9466,150.11
"South Korea/원주",코스모스,1992-07-29,1992,211,37.3375,127.9466,150.11
"South Korea/원주",코스모스,1993-08-21,1993,233,37.3375,127.9466,150.11
"South Korea/원주",코스모스,1994-08-20,1994,232,37.3375,127.9466,150.11
"South Korea/원주",코스모스,1995-08-21,1995,233,37.3375,127.9466,150.11
"South Korea/원주",코스모스,1996-08-30,1996,243,37.3375,127.9466,150.11
"South Korea/원주",코스모스,1997-08-13,1997,225,37.3375,127.9466,150.11
"South Korea/원주",코스모스,1998-07-21,1998,202,37.3375,127.9466,150.11
"South Korea/원주",코스모스,1999-08-05,1999,217,37.3375,127.9466,150.11
"South Korea/원주",코스모스,2000-08-02,2000,215,37.3375,127.9466,150.11
"South Korea/원주",코스모스,2001-07-26,2001,207,37.3375,127.9466,150.11
"South Korea/원주",코스모스,2002-07-27,2002,208,37.3375,127.9466,150.11
"South Korea/원주",코스모스,2003-07-15,2003,196,37.3375,127.9466,150.11
"South Korea/원주",코스모스,2004-08-07,2004,220,37.3375,127.9466,150.11
"South Korea/원주",코스모스,2005-09-10,2005,253,37.3375,127.9466,150.11
"South Korea/원주",코스모스,2006-09-10,2006,253,37.3375,127.9466,150.11
"South Korea/원주",코스모스,2007-08-15,2007,227,37.3375,127.9466,150.11
"South Korea/원주",코스모스,2008-08-05,2008,218,37.3375,127.9466,150.11
"South Korea/원주",코스모스,2009-08-01,2009,213,37.3375,127.9466,150.11
"South Korea/원주",코스모스,2010-07-28,2010,209,37.3375,127.9466,150.11
"South Korea/원주",코스모스,2011-08-03,2011,215,37.3375,127.9466,150.11
"South Korea/원주",코스모스,2012-08-11,2012,224,37.3375,127.9466,150.11
"South Korea/원주",코스모스,2013-08-21,2013,233,37.3375,127.9466,150.11
"South Korea/원주",코스모스,2014-08-09,2014,221,37.3375,127.9466,150.11
"South Korea/인제",코스모스,1976-07-04,1976,186,38.0599,128.1681,202.0
"South Korea/인제",코스모스,1978-08-26,1978,238,38.0599,128.1681,202.0
"South Korea/인제",코스모스,1979-09-03,1979,246,38.0599,128.1681,202.0
"South Korea/인제",코스모스,1980-08-18,1980,231,38.0599,128.1681,202.0
"South Korea/인제",코스모스,1989-08-28,1989,240,38.0599,128.1681,202.0
"South Korea/인제",코스모스,1990-08-25,1990,237,38.0599,128.1681,202.0
"South Korea/인제",코스모스,1991-09-07,1991,250,38.0599,128.1681,202.0
"South Korea/인제",코스모스,1992-09-03,1992,247,38.0599,128.1681,202.0
"South Korea/인제",코스모스,1993-09-01,1993,244,38.0599,128.1681,202.0
"South Korea/인제",코스모스,1994-09-01,1994,244,38.0599,128.1681,202.0
"South Korea/인제",코스모스,1995-09-10,1995,253,38.0599,128.1681,202.0
"South Korea/인제",코스모스,1996-09-10,1996,254,38.0599,128.1681,202.0
"South Korea/인제",코스모스,1997-08-27,1997,239,38.0599,128.1681,202.0
"South Korea/인제",코스모스,1998-08-02,1998,214,38.0599,128.1681,202.0
"South Korea/인제",코스모스,1999-07-12,1999,193,38.0599,128.1681,202.0
"South Korea/인제",코스모스,2000-07-18,2000,200,38.0599,128.1681,202.0
"South Korea/인제",코스모스,2001-08-11,2001,223,38.0599,128.1681,202.0
"South Korea/인제",코스모스,2002-08-14,2002,226,38.0599,128.1681,202.0
"South Korea/인제",코스모스,2003-08-13,2003,225,38.0599,128.1681,202.0
"South Korea/인제",코스모스,2004-08-12,2004,225,38.0599,128.1681,202.0
"South Korea/인제",코스모스,2005-09-01,2005,244,38.0599,128.1681,202.0
"South Korea/인제",코스모스,2006-08-15,2006,227,38.0599,128.1681,202.0
"South Korea/철원",코스모스,1988-08-31,1988,244,38.1479,127.3042,155.48
"South Korea/철원",코스모스,1989-09-03,1989,246,38.1479,127.3042,155.48
"South Korea/철원",코스모스,1990-09-04,1990,247,38.1479,127.3042,155.48
"South Korea/철원",코스모스,1991-09-20,1991,263,38.1479,127.3042,155.48
"South Korea/철원",코스모스,1992-08-24,1992,237,38.1479,127.3042,155.48
"South Korea/철원",코스모스,1993-08-20,1993,232,38.1479,127.3042,155.48
"South Korea/철원",코스모스,1994-09-05,1994,248,38.1479,127.3042,155.48
"South Korea/철원",코스모스,1995-09-05,1995,248,38.1479,127.3042,155.48
"South Korea/철원",코스모스,1996-08-31,1996,244,38.1479,127.3042,155.48
"South Korea/철원",코스모스,1997-09-05,1997,248,38.1479,127.3042,155.48
"South Korea/철원",코스모스,1998-08-02,1998,214,38.1479,127.3042,155.48
"South Korea/철원",코스모스,1999-07-14,1999,195,38.1479,127.3042,155.48
"South Korea/철원",코스모스,2000-07-16,2000,198,38.1479,127.3042,155.48
"South Korea/철원",코스모스,2001-09-04,2001,247,38.1479,127.3042,155.48
"South Korea/철원",코스모스,2002-08-01,2002,213,38.1479,127.3042,155.48
"South Korea/철원",코스모스,2003-07-15,2003,196,38.1479,127.3042,155.48
"South Korea/철원",코스모스,2004-08-12,2004,225,38.1479,127.3042,155.48
"South Korea/철원",코스모스,2005-08-26,2005,238,38.1479,127.3042,155.48
"South Korea/철원",코스모스,2006-09-05,2006,248,38.1479,127.3042,155.48
"South Korea/철원",코스모스,2007-07-29,2007,210,38.1479,127.3042,155.48
"South Korea/철원",코스모스,2008-09-15,2008,259,38.1479,127.3042,155.48
"South Korea/철원",코스모스,2009-09-13,2009,256,38.1479,127.3042,155.48
"South Korea/철원",코스모스,2010-09-02,2010,245,38.1479,127.3042,155.48
"South Korea/철원",코스모스,2011-08-26,2011,238,38.1479,127.3042,155.48
"South Korea/철원",코스모스,2012-09-02,2012,246,38.1479,127.3042,155.48
"South Korea/철원",코스모스,2013-09-02,2013,245,38.1479,127.3042,155.48
"South Korea/철원",코스모스,2014-08-02,2014,214,38.1479,127.3042,155.48
"South Korea/춘천",코스모스,1974-08-01,1974,213,37.9026,127.7357,75.82
"South Korea/춘천",코스모스,1975-08-14,1975,226,37.9026,127.7357,75.82
"South Korea/춘천",코스모스,1978-08-21,1978,233,37.9026,127.7357,75.82
"South Korea/춘천",코스모스,1988-09-07,1988,251,37.9026,127.7357,75.82
"South Korea/춘천",코스모스,1989-08-18,1989,230,37.9026,127.7357,75.82
"South Korea/춘천",코스모스,1990-09-03,1990,246,37.9026,127.7357,75.82
"South Korea/춘천",코스모스,1991-09-02,1991,245,37.9026,127.7357,75.82
"South Korea/춘천",코스모스,1992-09-11,1992,255,37.9026,127.7357,75.82
"South Korea/춘천",코스모스,1993-08-29,1993,241,37.9026,127.7357,75.82
"South Korea/춘천",코스모스,1994-08-18,1994,230,37.9026,127.7357,75.82
"South Korea/춘천",코스모스,1995-08-22,1995,234,37.9026,127.7357,75.82
"South Korea/춘천",코스모스,1996-08-20,1996,233,37.9026,127.7357,75.82
"South Korea/춘천",코스모스,1997-08-15,1997,227,37.9026,127.7357,75.82
"South Korea/춘천",코스모스,1998-08-30,1998,242,37.9026,127.7357,75.82
"South Korea/춘천",코스모스,1999-08-16,1999,228,37.9026,127.7357,75.82
"South Korea/춘천",코스모스,2000-08-16,2000,229,37.9026,127.7357,75.82
"South Korea/춘천",코스모스,2001-08-13,2001,225,37.9026,127.7357,75.82
"South Korea/춘천",코스모스,2002-07-15,2002,196,37.9026,127.7357,75.82
"South Korea/춘천",코스모스,2003-08-02,2003,214,37.9026,127.7357,75.82
"South Korea/춘천",코스모스,2004-08-14,2004,227,37.9026,127.7357,75.82
"South Korea/춘천",코스모스,2005-08-18,2005,230,37.9026,127.7357,75.82
"South Korea/춘천",코스모스,2006-08-20,2006,232,37.9026,127.7357,75.82
"South Korea/춘천",코스모스,2007-08-19,2007,231,37.9026,127.7357,75.82
"South Korea/춘천",코스모스,2008-09-02,2008,246,37.9026,127.7357,75.82
"South Korea/춘천",코스모스,2009-08-24,2009,236,37.9026,127.7357,75.82
"South Korea/춘천",코스모스,2010-08-02,2010,214,37.9026,127.7357,75.82
"South Korea/춘천",코스모스,2011-09-01,2011,244,37.9026,127.7357,75.82
"South Korea/춘천",코스모스,2012-09-05,2012,249,37.9026,127.7357,75.82
"South Korea/춘천",코스모스,2013-09-01,2013,244,37.9026,127.7357,75.82
"South Korea/춘천",코스모스,2014-08-08,2014,220,37.9026,127.7357,75.82
"South Korea/춘천",코스모스,2015-09-07,2015,250,37.9026,127.7357,75.82
"South Korea/춘천",코스모스,2016-07-20,2016,202,37.9026,127.7357,75.82
"South Korea/태백",코스모스,1985-08-24,1985,236,37.1704,128.9893,714.45
"South Korea/태백",코스모스,1986-08-07,1986,219,37.1704,128.9893,714.45
"South Korea/태백",코스모스,1987-08-16,1987,228,37.1704,128.9893,714.45
"South Korea/태백",코스모스,1988-08-09,1988,222,37.1704,128.9893,714.45
"South Korea/태백",코스모스,1989-08-06,1989,218,37.1704,128.9893,714.45
"South Korea/태백",코스모스,1990-07-27,1990,208,37.1704,128.9893,714.45
"South Korea/태백",코스모스,1991-07-25,1991,206,37.1704,128.9893,714.45
"South Korea/태백",코스모스,1992-07-22,1992,204,37.1704,128.9893,714.45
"South Korea/태백",코스모스,1993-07-26,1993,207,37.1704,128.9893,714.45
"South Korea/태백",코스모스,1994-07-23,1994,204,37.1704,128.9893,714.45
"South Korea/태백",코스모스,1995-08-02,1995,214,37.1704,128.9893,714.45
"South Korea/태백",코스모스,1996-08-11,1996,224,37.1704,128.9893,714.45
"South Korea/태백",코스모스,1997-08-15,1997,227,37.1704,128.9893,714.45
"South Korea/태백",코스모스,1998-07-17,1998,198,37.1704,128.9893,714.45
"South Korea/태백",코스모스,1999-07-21,1999,202,37.1704,128.9893,714.45
"South Korea/태백",코스모스,2000-07-24,2000,206,37.1704,128.9893,714.45
"South Korea/태백",코스모스,2001-07-23,2001,204,37.1704,128.9893,714.45
"South Korea/태백",코스모스,2002-07-26,2002,207,37.1704,128.9893,714.45
"South Korea/태백",코스모스,2003-07-25,2003,206,37.1704,128.9893,714.45
"South Korea/태백",코스모스,2004-08-01,2004,214,37.1704,128.9893,714.45
"South Korea/태백",코스모스,2005-07-29,2005,210,37.1704,128.9893,714.45
"South Korea/태백",코스모스,2006-08-10,2006,222,37.1704,128.9893,714.45
"South Korea/태백",코스모스,2007-08-13,2007,225,37.1704,128.9893,714.45
"South Korea/태백",코스모스,2008-08-07,2008,220,37.1704,128.9893,714.45
"South Korea/홍천",코스모스,1973-08-27,1973,239,37.6836,127.8804,140.2
"South Korea/홍천",코스모스,1974-08-23,1974,235,37.6836,127.8804,140.2
"South Korea/홍천",코스모스,1975-08-25,1975,237,37.6836,127.8804,140.2
"South Korea/홍천",코스모스,1976-09-02,1976,246,37.6836,127.8804,140.2
"South Korea/홍천",코스모스,1977-08-20,1977,232,37.6836,127.8804,140.2
"South Korea/홍천",코스모스,1978-08-16,1978,228,37.6836,127.8804,140.2
"South Korea/홍천",코스모스,1979-08-20,1979,232,37.6836,127.8804,140.2
"South Korea/홍천",코스모스,1980-08-13,1980,226,37.6836,127.8804,140.2
"South Korea/홍천",코스모스,1981-08-19,1981,231,37.6836,127.8804,140.2
"South Korea/홍천",코스모스,1982-08-21,1982,233,37.6836,127.8804,140.2
"South Korea/홍천",코스모스,1983-08-25,1983,237,37.6836,127.8804,140.2
"South Korea/홍천",코스모스,1984-09-01,1984,245,37.6836,127.8804,140.2
"South Korea/홍천",코스모스,1985-08-30,1985,242,37.6836,127.8804,140.2
"South Korea/홍천",코스모스,1986-08-31,1986,243,37.6836,127.8804,140.2
"South Korea/홍천",코스모스,1987-08-23,1987,235,37.6836,127.8804,140.2
"South Korea/홍천",코스모스,1988-08-26,1988,239,37.6836,127.8804,140.2
"South Korea/홍천",코스모스,1989-08-20,1989,232,37.6836,127.8804,140.2
"South Korea/홍천",코스모스,1990-08-21,1990,233,37.6836,127.8804,140.2
"South Korea/홍천",코스모스,1991-08-28,1991,240,37.6836,127.8804,140.2
"South Korea/홍천",코스모스,1992-08-10,1992,223,37.6836,127.8804,140.2
"South Korea/홍천",코스모스,1993-08-22,1993,234,37.6836,127.8804,140.2
"South Korea/홍천",코스모스,1994-07-26,1994,207,37.6836,127.8804,140.2
"South Korea/홍천",코스모스,1995-08-17,1995,229,37.6836,127.8804,140.2
"South Korea/홍천",코스모스,1996-08-30,1996,243,37.6836,127.8804,140.2
"South Korea/홍천",코스모스,1997-08-29,1997,241,37.6836,127.8804,140.2
"South Korea/홍천",코스모스,1998-08-13,1998,225,37.6836,127.8804,140.2
"South Korea/홍천",코스모스,1999-09-02,1999,245,37.6836,127.8804,140.2
"South Korea/홍천",코스모스,2000-08-15,2000,228,37.6836,127.8804,140.2
"South Korea/홍천",코스모스,2001-08-26,2001,238,37.6836,127.8804,140.2
"South Korea/홍천",코스모스,2002-07-18,2002,199,37.6836,127.8804,140.2
"South Korea/홍천",코스모스,2003-08-20,2003,232,37.6836,127.8804,140.2
"South Korea/홍천",코스모스,2004-08-10,2004,223,37.6836,127.8804,140.2
"South Korea/홍천",코스모스,2005-08-18,2005,230,37.6836,127.8804,140.2
"South Korea/홍천",코스모스,2006-08-12,2006,224,37.6836,127.8804,140.2
"South Korea/동두천",코스모스,1998-08-30,1998,242,37.9019,127.0607,115.62
"South Korea/동두천",코스모스,1999-07-25,1999,206,37.9019,127.0607,115.62
"South Korea/동두천",코스모스,2000-08-25,2000,238,37.9019,127.0607,115.62
"South Korea/동두천",코스모스,2001-07-18,2001,199,37.9019,127.0607,115.62
"South Korea/동두천",코스모스,2002-06-21,2002,172,37.9019,127.0607,115.62
"South Korea/동두천",코스모스,2003-08-12,2003,224,37.9019,127.0607,115.62
"South Korea/동두천",코스모스,2004-08-11,2004,224,37.9019,127.0607,115.62
"South Korea/동두천",코스모스,2005-08-14,2005,226,37.9019,127.0607,115.62
"South Korea/동두천",코스모스,2006-08-21,2006,233,37.9019,127.0607,115.62
"South Korea/동두천",코스모스,2007-07-23,2007,204,37.9019,127.0607,115.62
"South Korea/동두천",코스모스,2008-07-07,2008,189,37.9019,127.0607,115.62
"South Korea/동두천",코스모스,2009-08-21,2009,233,37.9019,127.0607,115.62
"South Korea/동두천",코스모스,2010-07-26,2010,207,37.9019,127.0607,115.62
"South Korea/동두천",코스모스,2011-08-01,2011,213,37.9019,127.0607,115.62
"South Korea/동두천",코스모스,2012-09-07,2012,251,37.9019,127.0607,115.62
"South Korea/동두천",코스모스,2013-09-16,2013,259,37.9019,127.0607,115.62
"South Korea/동두천",코스모스,2014-08-25,2014,237,37.9019,127.0607,115.62
"South Korea/수원",코스모스,1973-09-01,1973,244,37.2575,126.983,39.81
"South Korea/수원",코스모스,1974-09-23,1974,266,37.2575,126.983,39.81
"South Korea/수원",코스모스,1975-09-13,1975,256,37.2575,126.983,39.81
"South Korea/수원",코스모스,1976-09-01,1976,245,37.2575,126.983,39.81
"South Korea/수원",코스모스,1978-09-10,1978,253,37.2575,126.983,39.81
"South Korea/수원",코스모스,1979-09-11,1979,254,37.2575,126.983,39.81
"South Korea/수원",코스모스,1980-09-11,1980,255,37.2575,126.983,39.81
"South Korea/수원",코스모스,1981-09-01,1981,244,37.2575,126.983,39.81
"South Korea/수원",코스모스,1982-09-01,1982,244,37.2575,126.983,39.81
"South Korea/수원",코스모스,1984-09-07,1984,251,37.2575,126.983,39.81
"South Korea/수원",코스모스,1985-09-10,1985,253,37.2575,126.983,39.81
"South Korea/수원",코스모스,1986-09-01,1986,244,37.2575,126.983,39.81
"South Korea/수원",코스모스,1987-09-02,1987,245,37.2575,126.983,39.81
"South Korea/수원",코스모스,1989-09-08,1989,251,37.2575,126.983,39.81
"South Korea/수원",코스모스,1990-09-05,1990,248,37.2575,126.983,39.81
"South Korea/수원",코스모스,1991-09-04,1991,247,37.2575,126.983,39.81
"South Korea/수원",코스모스,1992-09-03,1992,247,37.2575,126.983,39.81
"South Korea/수원",코스모스,1993-09-08,1993,251,37.2575,126.983,39.81
"South Korea/수원",코스모스,1994-09-04,1994,247,37.2575,126.983,39.81
"South Korea/수원",코스모스,1995-09-02,1995,245,37.2575,126.983,39.81
"South Korea/수원",코스모스,1996-09-11,1996,255,37.2575,126.983,39.81
"South Korea/수원",코스모스,1997-08-26,1997,238,37.2575,126.983,39.81
"South Korea/수원",코스모스,1998-08-27,1998,239,37.2575,126.983,39.81
"South Korea/수원",코스모스,1999-09-11,1999,254,37.2575,126.983,39.81
"South Korea/수원",코스모스,2000-08-16,2000,229,37.2575,126.983,39.81
"South Korea/수원",코스모스,2001-08-20,2001,232,37.2575,126.983,39.81
"South Korea/수원",코스모스,2002-07-14,2002,195,37.2575,126.983,39.81
"South Korea/수원",코스모스,2003-09-05,2003,248,37.2575,126.983,39.81
"South Korea/수원",코스모스,2004-08-29,2004,242,37.2575,126.983,39.81
"South Korea/수원",코스모스,2005-09-01,2005,244,37.2575,126.983,39.81
"South Korea/수원",코스모스,2006-09-03,2006,246,37.2575,126.983,39.81
"South Korea/수원",코스모스,2007-09-10,2007,253,37.2575,126.983,39.81
"South Korea/수원",코스모스,2008-08-30,2008,243,37.2575,126.983,39.81
"South Korea/수원",코스모스,2009-08-26,2009,238,37.2575,126.983,39.81
"South Korea/수원",코스모스,2010-08-17,2010,229,37.2575,126.983,39.81
"South Korea/수원",코스모스,2011-08-20,2011,232,37.2575,126.983,39.81
"South Korea/수원",코스모스,2012-08-20,2012,233,37.2575,126.983,39.81
"South Korea/수원",코스모스,2013-08-19,2013,231,37.2575,126.983,39.81
"South Korea/수원",코스모스,2014-08-10,2014,222,37.2575,126.983,39.81
"South Korea/수원",코스모스,2015-09-02,2015,245,37.2575,126.983,39.81
"South Korea/수원",코스모스,2016-09-05,2016,249,37.2575,126.983,39.81
"South Korea/수원",코스모스,2017-09-07,2017,250,37.2575,126.983,39.81
"South Korea/수원",코스모스,2018-09-11,2018,254,37.2575,126.983,39.81
"South Korea/수원",코스모스,2019-09-12,2019,255,37.2575,126.983,39.81
"South Korea/수원",코스모스,2020-09-06,2020,250,37.2575,126.983,39.81
"South Korea/수원",코스모스,2021-09-09,2021,252,37.2575,126.983,39.81
"South Korea/수원",코스모스,2022-09-14,2022,257,37.2575,126.983,39.81
"South Korea/수원",코스모스,2023-09-08,2023,251,37.2575,126.983,39.81
"South Korea/수원",코스모스,2024-09-23,2024,267,37.2575,126.983,39.81
"South Korea/양평",코스모스,1973-07-13,1973,194,37.4886,127.4945,47.26
"South Korea/양평",코스모스,1974-07-16,1974,197,37.4886,127.4945,47.26
"South Korea/양평",코스모스,1975-07-15,1975,196,37.4886,127.4945,47.26
"South Korea/양평",코스모스,1976-07-20,1976,202,37.4886,127.4945,47.26
"South Korea/양평",코스모스,1977-07-20,1977,201,37.4886,127.4945,47.26
"South Korea/양평",코스모스,1979-07-18,1979,199,37.4886,127.4945,47.26
"South Korea/양평",코스모스,1980-07-18,1980,200,37.4886,127.4945,47.26
"South Korea/양평",코스모스,1981-07-18,1981,199,37.4886,127.4945,47.26
"South Korea/양평",코스모스,1982-07-08,1982,189,37.4886,127.4945,47.26
"South Korea/양평",코스모스,1983-08-16,1983,228,37.4886,127.4945,47.26
"South Korea/양평",코스모스,1984-09-10,1984,254,37.4886,127.4945,47.26
"South Korea/양평",코스모스,1985-09-02,1985,245,37.4886,127.4945,47.26
"South Korea/양평",코스모스,1986-09-02,1986,245,37.4886,127.4945,47.26
"South Korea/양평",코스모스,1987-09-07,1987,250,37.4886,127.4945,47.26
"South Korea/양평",코스모스,1988-09-11,1988,255,37.4886,127.4945,47.26
"South Korea/양평",코스모스,1989-09-04,1989,247,37.4886,127.4945,47.26
"South Korea/양평",코스모스,1990-09-04,1990,247,37.4886,127.4945,47.26
"South Korea/양평",코스모스,1991-08-31,1991,243,37.4886,127.4945,47.26
"South Korea/양평",코스모스,1992-08-28,1992,241,37.4886,127.4945,47.26
"South Korea/양평",코스모스,1993-08-17,1993,229,37.4886,127.4945,47.26
"South Korea/양평",코스모스,1994-09-13,1994,256,37.4886,127.4945,47.26
"South Korea/양평",코스모스,1995-08-20,1995,232,37.4886,127.4945,47.26
"South Korea/양평",코스모스,1996-08-24,1996,237,37.4886,127.4945,47.26
"South Korea/양평",코스모스,1997-08-23,1997,235,37.4886,127.4945,47.26
"South Korea/양평",코스모스,1998-08-22,1998,234,37.4886,127.4945,47.26
"South Korea/양평",코스모스,1999-09-01,1999,244,37.4886,127.4945,47.26
"South Korea/양평",코스모스,2000-08-16,2000,229,37.4886,127.4945,47.26
"South Korea/양평",코스모스,2001-08-12,2001,224,37.4886,127.4945,47.26
"South Korea/양평",코스모스,2002-07-08,2002,189,37.4886,127.4945,47.26
"South Korea/양평",코스모스,2003-07-11,2003,192,37.4886,127.4945,47.26
"South Korea/양평",코스모스,2004-07-02,2004,184,37.4886,127.4945,47.26
"South Korea/양평",코스모스,2005-07-12,2005,193,37.4886,127.4945,47.26
"South Korea/양평",코스모스,2006-07-04,2006,185,37.4886,127.4945,47.26
"South Korea/양평",코스모스,2007-07-03,2007,184,37.4886,127.4945,47.26
"South Korea/양평",코스모스,2008-07-08,2008,190,37.4886,127.4945,47.26
"South Korea/이천",코스모스,1973-08-25,1973,237,37.264,127.4842,80.09
"South Korea/이천",코스모스,1974-08-25,1974,237,37.264,127.4842,80.09
"South Korea/이천",코스모스,1975-08-17,1975,229,37.264,127.4842,80.09
"South Korea/이천",코스모스,1976-08-20,1976,233,37.264,127.4842,80.09
"South Korea/이천",코스모스,1977-07-28,1977,209,37.264,127.4842,80.09
"South Korea/이천",코스모스,1978-07-18,1978,199,37.264,127.4842,80.09
"South Korea/이천",코스모스,1979-08-05,1979,217,37.264,127.4842,80.09
"South Korea/이천",코스모스,1980-08-14,1980,227,37.264,127.4842,80.09
"South Korea/이천",코스모스,1981-08-06,1981,218,37.264,127.4842,80.09
"South Korea/이천",코스모스,1982-08-14,1982,226,37.264,127.4842,80.09
"South Korea/이천",코스모스,1983-07-21,1983,202,37.264,127.4842,80.09
"South Korea/이천",코스모스,1984-08-17,1984,230,37.264,127.4842,80.09
"South Korea/이천",코스모스,1985-09-01,1985,244,37.264,127.4842,80.09
"South Korea/이천",코스모스,1986-08-26,1986,238,37.264,127.4842,80.09
"South Korea/이천",코스모스,1988-09-02,1988,246,37.264,127.4842,80.09
"South Korea/이천",코스모스,1989-09-07,1989,250,37.264,127.4842,80.09
"South Korea/이천",코스모스,1990-08-30,1990,242,37.264,127.4842,80.09
"South Korea/이천",코스모스,1991-09-02,1991,245,37.264,127.4842,80.09
"South Korea/이천",코스모스,1992-08-29,1992,242,37.264,127.4842,80.09
"South Korea/이천",코스모스,1993-08-17,1993,229,37.264,127.4842,80.09
"South Korea/이천",코스모스,1994-09-11,1994,254,37.264,127.4842,80.09
"South Korea/이천",코스모스,1995-08-26,1995,238,37.264,127.4842,80.09
"South Korea/이천",코스모스,1996-08-26,1996,239,37.264,127.4842,80.09
"South Korea/이천",코스모스,1997-08-16,1997,228,37.264,127.4842,80.09
"South Korea/이천",코스모스,1998-07-07,1998,188,37.264,127.4842,80.09
"South Korea/이천",코스모스,1999-08-20,1999,232,37.264,127.4842,80.09
"South Korea/이천",코스모스,2000-08-26,2000,239,37.264,127.4842,80.09
"South Korea/이천",코스모스,2001-08-27,2001,239,37.264,127.4842,80.09
"South Korea/이천",코스모스,2002-09-04,2002,247,37.264,127.4842,80.09
"South Korea/이천",코스모스,2003-09-08,2003,251,37.264,127.4842,80.09
"South Korea/이천",코스모스,2004-08-20,2004,233,37.264,127.4842,80.09
"South Korea/이천",코스모스,2005-09-05,2005,248,37.264,127.4842,80.09
"South Korea/이천",코스모스,2006-07-29,2006,210,37.264,127.4842,80.09
"South Korea/이천",코스모스,2007-07-30,2007,211,37.264,127.4842,80.09
"South Korea/이천",코스모스,2008-08-25,2008,238,37.264,127.4842,80.09
"South Korea/이천",코스모스,2009-08-02,2009,214,37.264,127.4842,80.09
"South Korea/이천",코스모스,2010-08-09,2010,221,37.264,127.4842,80.09
"South Korea/이천",코스모스,2011-08-26,2011,238,37.264,127.4842,80.09
"South Korea/이천",코스모스,2012-08-21,2012,234,37.264,127.4842,80.09
"South Korea/이천",코스모스,2013-08-23,2013,235,37.264,127.4842,80.09
"South Korea/이천",코스모스,2014-08-08,2014,220,37.264,127.4842,80.09
"South Korea/파주",코스모스,2002-07-03,2002,184,37.8859,126.7665,30.59
"South Korea/파주",코스모스,2003-08-15,2003,227,37.8859,126.7665,30.59
"South Korea/파주",코스모스,2004-08-23,2004,236,37.8859,126.7665,30.59
"South Korea/파주",코스모스,2005-09-01,2005,244,37.8859,126.7665,30.59
"South Korea/파주",코스모스,2006-08-25,2006,237,37.8859,126.7665,30.59
"South Korea/파주",코스모스,2007-09-15,2007,258,37.8859,126.7665,30.59
"South Korea/파주",코스모스,2008-09-19,2008,263,37.8859,126.7665,30.59
"South Korea/파주",코스모스,2009-08-24,2009,236,37.8859,126.7665,30.59
"South Korea/파주",코스모스,2010-08-13,2010,225,37.8859,126.7665,30.59
"South Korea/파주",코스모스,2011-09-01,2011,244,37.8859,126.7665,30.59
"South Korea/파주",코스모스,2012-08-25,2012,238,37.8859,126.7665,30.59
"South Korea/파주",코스모스,2013-08-20,2013,232,37.8859,126.7665,30.59
"South Korea/파주",코스모스,2014-08-25,2014,237,37.8859,126.7665,30.59
"South Korea/거제",코스모스,1973-06-28,1973,179,34.8882,128.6046,44.83
"South Korea/거제",코스모스,1974-06-21,1974,172,34.8882,128.6046,44.83
"South Korea/거제",코스모스,1975-09-07,1975,250,34.8882,128.6046,44.83
"South Korea/거제",코스모스,1976-09-09,1976,253,34.8882,128.6046,44.83
"South Korea/거제",코스모스,1977-09-08,1977,251,34.8882,128.6046,44.83
"South Korea/거제",코스모스,1978-09-26,1978,269,34.8882,128.6046,44.83
"South Korea/거제",코스모스,1979-09-20,1979,263,34.8882,128.6046,44.83
"South Korea/거제",코스모스,1980-09-20,1980,264,34.8882,128.6046,44.83
"South Korea/거제",코스모스,1981-09-23,1981,266,34.8882,128.6046,44.83
"South Korea/거제",코스모스,1982-09-22,1982,265,34.8882,128.6046,44.83
"South Korea/거제",코스모스,1984-09-23,1984,267,34.8882,128.6046,44.83
"South Korea/거제",코스모스,1986-08-15,1986,227,34.8882,128.6046,44.83
"South Korea/거제",코스모스,1987-09-02,1987,245,34.8882,128.6046,44.83
"South Korea/거제",코스모스,1988-08-26,1988,239,34.8882,128.6046,44.83
"South Korea/거제",코스모스,1989-09-09,1989,252,34.8882,128.6046,44.83
"South Korea/거제",코스모스,1990-09-12,1990,255,34.8882,128.6046,44.83
"South Korea/거제",코스모스,1991-09-12,1991,255,34.8882,128.6046,44.83
"South Korea/거제",코스모스,1992-09-13,1992,257,34.8882,128.6046,44.83
"South Korea/거제",코스모스,1993-09-23,1993,266,34.8882,128.6046,44.83
"South Korea/거제",코스모스,1994-09-12,1994,255,34.8882,128.6046,44.83
"South Korea/거제",코스모스,1995-09-15,1995,258,34.8882,128.6046,44.83
"South Korea/거제",코스모스,1996-09-24,1996,268,34.8882,128.6046,44.83
"South Korea/거제",코스모스,1997-09-12,1997,255,34.8882,128.6046,44.83
"South Korea/거제",코스모스,1998-08-27,1998,239,34.8882,128.6046,44.83
"South Korea/거제",코스모스,1999-08-24,1999,236,34.8882,128.6046,44.83
"South Korea/거제",코스모스,2000-09-12,2000,256,34.8882,128.6046,44.83
"South Korea/거제",코스모스,2001-09-11,2001,254,34.8882,128.6046,44.83
"South Korea/거제",코스모스,2002-09-14,2002,257,34.8882,128.6046,44.83
"South Korea/거제",코스모스,2003-09-28,2003,271,34.8882,128.6046,44.83
"South Korea/거제",코스모스,2004-09-20,2004,264,34.8882,128.6046,44.83
"South Korea/거제",코스모스,2005-09-22,2005,265,34.8882,128.6046,44.83
"South Korea/거제",코스모스,2006-09-14,2006,257,34.8882,128.6046,44.83
"South Korea/거제",코스모스,2007-09-10,2007,253,34.8882,128.6046,44.83
"South Korea/거제",코스모스,2008-09-08,2008,252,34.8882,128.6046,44.83
"South Korea/거창",코스모스,1973-09-04,1973,247,35.6674,127.9099,228.45
"South Korea/거창",코스모스,1974-09-06,1974,249,35.6674,127.9099,228.45
"South Korea/거창",코스모스,1976-09-04,1976,248,35.6674,127.9099,228.45
"South Korea/거창",코스모스,1977-09-02,1977,245,35.6674,127.9099,228.45
"South Korea/거창",코스모스,1978-08-30,1978,242,35.6674,127.9099,228.45
"South Korea/거창",코스모스,1979-08-28,1979,240,35.6674,127.9099,228.45
"South Korea/거창",코스모스,1980-08-26,1980,239,35.6674,127.9099,228.45
"South Korea/거창",코스모스,1981-08-21,1981,233,35.6674,127.9099,228.45
"South Korea/거창",코스모스,1982-09-16,1982,259,35.6674,127.9099,228.45
"South Korea/거창",코스모스,1983-09-01,1983,244,35.6674,127.9099,228.45
"South Korea/거창",코스모스,1988-09-01,1988,245,35.6674,127.9099,228.45
"South Korea/거창",코스모스,1989-09-01,1989,244,35.6674,127.9099,228.45
"South Korea/거창",코스모스,1990-09-07,1990,250,35.6674,127.9099,228.45
"South Korea/거창",코스모스,1991-09-07,1991,250,35.6674,127.9099,228.45
"South Korea/거창",코스모스,1992-08-31,1992,244,35.6674,127.9099,228.45
"South Korea/거창",코스모스,1993-08-30,1993,242,35.6674,127.9099,228.45
"South Korea/거창",코스모스,1994-09-08,1994,251,35.6674,127.9099,228.45
"South Korea/거창",코스모스,1995-09-04,1995,247,35.6674,127.9099,228.45
"South Korea/거창",코스모스,1996-09-02,1996,246,35.6674,127.9099,228.45
"South Korea/거창",코스모스,1997-08-26,1997,238,35.6674,127.9099,228.45
"South Korea/거창",코스모스,1998-09-11,1998,254,35.6674,127.9099,228.45
"South Korea/거창",코스모스,1999-09-10,1999,253,35.6674,127.9099,228.45
"South Korea/거창",코스모스,2000-09-12,2000,256,35.6674,127.9099,228.45
"South Korea/거창",코스모스,2001-09-13,2001,256,35.6674,127.9099,228.45
"South Korea/거창",코스모스,2002-09-10,2002,253,35.6674,127.9099,228.45
"South Korea/거창",코스모스,2003-09-10,2003,253,35.6674,127.9099,228.45
"South Korea/거창",코스모스,2004-09-08,2004,252,35.6674,127.9099,228.45
"South Korea/거창",코스모스,2005-09-13,2005,256,35.6674,127.9099,228.45
"South Korea/거창",코스모스,2006-09-11,2006,254,35.6674,127.9099,228.45
"South Korea/거창",코스모스,2007-09-20,2007,263,35.6674,127.9099,228.45
"South Korea/거창",코스모스,2008-09-11,2008,255,35.6674,127.9099,228.45
"South Korea/거창",코스모스,2009-08-28,2009,240,35.6674,127.9099,228.45
"South Korea/거창",코스모스,2010-09-08,2010,251,35.6674,127.9099,228.45
"South Korea/거창",코스모스,2011-09-14,2011,257,35.6674,127.9099,228.45
"South Korea/거창",코스모스,2012-09-18,2012,262,35.6674,127.9099,228.45
"South Korea/거창",코스모스,2013-09-09,2013,252,35.6674,127.9099,228.45
"South Korea/거창",코스모스,2014-09-07,2014,250,35.6674,127.9099,228.45
"South Korea/남해",코스모스,1973-09-03,1973,246,34.8166,127.9264,45.71
"South Korea/남해",코스모스,1974-09-06,1974,249,34.8166,127.9264,45.71
"South Korea/남해",코스모스,1975-09-16,1975,259,34.8166,127.9264,45.71
"South Korea/남해",코스모스,1976-09-12,1976,256,34.8166,127.9264,45.71
"South Korea/남해",코스모스,1977-09-16,1977,259,34.8166,127.9264,45.71
"South Korea/남해",코스모스,1978-09-12,1978,255,34.8166,127.9264,45.71
"South Korea/남해",코스모스,1979-09-15,1979,258,34.8166,127.9264,45.71
"South Korea/남해",코스모스,1980-09-18,1980,262,34.8166,127.9264,45.71
"South Korea/남해",코스모스,1981-09-05,1981,248,34.8166,127.9264,45.71
"South Korea/남해",코스모스,1983-09-26,1983,269,34.8166,127.9264,45.71
"South Korea/남해",코스모스,1984-09-27,1984,271,34.8166,127.9264,45.71
"South Korea/남해",코스모스,1985-09-17,1985,260,34.8166,127.9264,45.71
"South Korea/남해",코스모스,1986-09-26,1986,269,34.8166,127.9264,45.71
"South Korea/남해",코스모스,1987-09-16,1987,259,34.8166,127.9264,45.71
"South Korea/남해",코스모스,1988-09-18,1988,262,34.8166,127.9264,45.71
"South Korea/남해",코스모스,1989-09-16,1989,259,34.8166,127.9264,45.71
"South Korea/남해",코스모스,1990-09-04,1990,247,34.8166,127.9264,45.71
"South Korea/남해",코스모스,1991-09-11,1991,254,34.8166,127.9264,45.71
"South Korea/남해",코스모스,1992-09-14,1992,258,34.8166,127.9264,45.71
"South Korea/남해",코스모스,1993-09-08,1993,251,34.8166,127.9264,45.71
"South Korea/남해",코스모스,1994-09-12,1994,255,34.8166,127.9264,45.71
"South Korea/남해",코스모스,1995-09-11,1995,254,34.8166,127.9264,45.71
"South Korea/남해",코스모스,1996-09-09,1996,253,34.8166,127.9264,45.71
"South Korea/남해",코스모스,1997-09-01,1997,244,34.8166,127.9264,45.71
"South Korea/남해",코스모스,1998-08-29,1998,241,34.8166,127.9264,45.71
"South Korea/남해",코스모스,1999-09-30,1999,273,34.8166,127.9264,45.71
"South Korea/남해",코스모스,2000-09-20,2000,264,34.8166,127.9264,45.71
"South Korea/남해",코스모스,2001-08-31,2001,243,34.8166,127.9264,45.71
"South Korea/남해",코스모스,2002-09-16,2002,259,34.8166,127.9264,45.71
"South Korea/남해",코스모스,2003-09-19,2003,262,34.8166,127.9264,45.71
"South Korea/남해",코스모스,2004-09-17,2004,261,34.8166,127.9264,45.71
"South Korea/남해",코스모스,2005-09-20,2005,263,34.8166,127.9264,45.71
"South Korea/남해",코스모스,2006-09-14,2006,257,34.8166,127.9264,45.71
"South Korea/남해",코스모스,2007-09-14,2007,257,34.8166,127.9264,45.71
"South Korea/남해",코스모스,2008-09-08,2008,252,34.8166,127.9264,45.71
"South Korea/밀양",코스모스,1974-09-07,1974,250,35.4915,128.7441,8.31
"South Korea/밀양",코스모스,1975-09-02,1975,245,35.4915,128.7441,8.31
"South Korea/밀양",코스모스,1976-09-13,1976,257,35.4915,128.7441,8.31
"South Korea/밀양",코스모스,1977-09-08,1977,251,35.4915,128.7441,8.31
"South Korea/밀양",코스모스,1978-09-12,1978,255,35.4915,128.7441,8.31
"South Korea/밀양",코스모스,1979-09-16,1979,259,35.4915,128.7441,8.31
"South Korea/밀양",코스모스,1980-09-07,1980,251,35.4915,128.7441,8.31
"South Korea/밀양",코스모스,1981-09-05,1981,248,35.4915,128.7441,8.31
"South Korea/밀양",코스모스,1982-09-08,1982,251,35.4915,128.7441,8.31
"South Korea/밀양",코스모스,1983-09-07,1983,250,35.4915,128.7441,8.31
"South Korea/밀양",코스모스,1984-09-15,1984,259,35.4915,128.7441,8.31
"South Korea/밀양",코스모스,1985-09-16,1985,259,35.4915,128.7441,8.31
"South Korea/밀양",코스모스,1986-09-10,1986,253,35.4915,128.7441,8.31
"South Korea/밀양",코스모스,1987-09-03,1987,246,35.4915,128.7441,8.31
"South Korea/밀양",코스모스,1988-09-03,1988,247,35.4915,128.7441,8.31
"South Korea/밀양",코스모스,1989-09-04,1989,247,35.4915,128.7441,8.31
"South Korea/밀양",코스모스,1990-09-04,1990,247,35.4915,128.7441,8.31
"South Korea/밀양",코스모스,1991-09-03,1991,246,35.4915,128.7441,8.31
"South Korea/밀양",코스모스,1992-09-06,1992,250,35.4915,128.7441,8.31
"South Korea/밀양",코스모스,1993-09-15,1993,258,35.4915,128.7441,8.31
"South Korea/밀양",코스모스,1994-09-22,1994,265,35.4915,128.7441,8.31
"South Korea/밀양",코스모스,1995-09-18,1995,261,35.4915,128.7441,8.31
"South Korea/밀양",코스모스,1996-09-16,1996,260,35.4915,128.7441,8.31
"South Korea/밀양",코스모스,1997-09-11,1997,254,35.4915,128.7441,8.31
"South Korea/밀양",코스모스,1998-09-11,1998,254,35.4915,128.7441,8.31
"South Korea/밀양",코스모스,1999-09-15,1999,258,35.4915,128.7441,8.31
"South Korea/밀양",코스모스,2000-09-17,2000,261,35.4915,128.7441,8.31
"South Korea/밀양",코스모스,2001-09-18,2001,261,35.4915,128.7441,8.31
"South Korea/밀양",코스모스,2002-09-03,2002,246,35.4915,128.7441,8.31
"South Korea/밀양",코스모스,2003-09-17,2003,260,35.4915,128.7441,8.31
"South Korea/밀양",코스모스,2004-09-02,2004,246,35.4915,128.7441,8.31
"South Korea/밀양",코스모스,2005-09-07,2005,250,35.4915,128.7441,8.31
"South Korea/밀양",코스모스,2006-09-09,2006,252,35.4915,128.7441,8.31
"South Korea/밀양",코스모스,2007-09-14,2007,257,35.4915,128.7441,8.31
"South Korea/밀양",코스모스,2008-09-13,2008,257,35.4915,128.7441,8.31
"South Korea/북창원",코스모스,1991-09-08,1991,251,35.2266,128.6726,50.95
"South Korea/산청",코스모스,1973-07-26,1973,207,35.413,127.8791,138.22
"South Korea/산청",코스모스,1976-09-17,1976,261,35.413,127.8791,138.22
"South Korea/산청",코스모스,1977-09-14,1977,257,35.413,127.8791,138.22
"South Korea/산청",코스모스,1978-09-11,1978,254,35.413,127.8791,138.22
"South Korea/산청",코스모스,1979-09-13,1979,256,35.413,127.8791,138.22
"South Korea/산청",코스모스,1980-09-07,1980,251,35.413,127.8791,138.22
"South Korea/산청",코스모스,1981-09-06,1981,249,35.413,127.8791,138.22
"South Korea/산청",코스모스,1982-09-16,1982,259,35.413,127.8791,138.22
"South Korea/산청",코스모스,1983-09-12,1983,255,35.413,127.8791,138.22
"South Korea/산청",코스모스,1984-09-17,1984,261,35.413,127.8791,138.22
"South Korea/산청",코스모스,1985-09-15,1985,258,35.413,127.8791,138.22
"South Korea/산청",코스모스,1986-09-10,1986,253,35.413,127.8791,138.22
"South Korea/산청",코스모스,1987-09-09,1987,252,35.413,127.8791,138.22
"South Korea/산청",코스모스,1988-09-06,1988,250,35.413,127.8791,138.22
"South Korea/산청",코스모스,1989-09-06,1989,249,35.413,127.8791,138.22
"South Korea/산청",코스모스,1990-09-03,1990,246,35.413,127.8791,138.22
"South Korea/산청",코스모스,1991-09-03,1991,246,35.413,127.8791,138.22
"South Korea/산청",코스모스,1992-09-06,1992,250,35.413,127.8791,138.22
"South Korea/산청",코스모스,1993-08-30,1993,242,35.413,127.8791,138.22
"South Korea/산청",코스모스,1994-09-05,1994,248,35.413,127.8791,138.22
"South Korea/산청",코스모스,1995-09-09,1995,252,35.413,127.8791,138.22
"South Korea/산청",코스모스,1996-09-01,1996,245,35.413,127.8791,138.22
"South Korea/산청",코스모스,1997-09-03,1997,246,35.413,127.8791,138.22
"South Korea/산청",코스모스,1998-08-31,1998,243,35.413,127.8791,138.22
"South Korea/산청",코스모스,1999-08-23,1999,235,35.413,127.8791,138.22
"South Korea/산청",코스모스,2000-08-28,2000,241,35.413,127.8791,138.22
"South Korea/산청",코스모스,2001-08-29,2001,241,35.413,127.8791,138.22
"South Korea/산청",코스모스,2002-09-07,2002,250,35.413,127.8791,138.22
"South Korea/산청",코스모스,2003-09-06,2003,249,35.413,127.8791,138.22
"South Korea/산청",코스모스,2004-09-10,2004,254,35.413,127.8791,138.22
"South Korea/산청",코스모스,2005-09-15,2005,258,35.413,127.8791,138.22
"South Korea/산청",코스모스,2006-09-12,2006,255,35.413,127.8791,138.22
"South Korea/산청",코스모스,2007-09-22,2007,265,35.413,127.8791,138.22
"South Korea/산청",코스모스,2008-09-11,2008,255,35.413,127.8791,138.22
"South Korea/진주",코스모스,1977-09-05,1977,248,35.1638,128.04,29.35
"South Korea/진주",코스모스,1978-09-13,1978,256,35.1638,128.04,29.35
"South Korea/진주",코스모스,1979-09-03,1979,246,35.1638,128.04,29.35
"South Korea/진주",코스모스,1980-09-10,1980,254,35.1638,128.04,29.35
"South Korea/진주",코스모스,1983-09-18,1983,261,35.1638,128.04,29.35
"South Korea/진주",코스모스,1984-09-25,1984,269,35.1638,128.04,29.35
"South Korea/진주",코스모스,1985-09-24,1985,267,35.1638,128.04,29.35
"South Korea/진주",코스모스,1986-09-15,1986,258,35.1638,128.04,29.35
"South Korea/진주",코스모스,1987-09-10,1987,253,35.1638,128.04,29.35
"South Korea/진주",코스모스,1988-09-10,1988,254,35.1638,128.04,29.35
"South Korea/진주",코스모스,1989-09-17,1989,260,35.1638,128.04,29.35
"South Korea/진주",코스모스,1990-09-23,1990,266,35.1638,128.04,29.35
"South Korea/진주",코스모스,1991-09-16,1991,259,35.1638,128.04,29.35
"South Korea/진주",코스모스,1992-09-15,1992,259,35.1638,128.04,29.35
"South Korea/진주",코스모스,1994-09-15,1994,258,35.1638,128.04,29.35
"South Korea/진주",코스모스,1995-09-18,1995,261,35.1638,128.04,29.35
"South Korea/진주",코스모스,1996-09-12,1996,256,35.1638,128.04,29.35
"South Korea/진주",코스모스,1997-09-10,1997,253,35.1638,128.04,29.35
"South Korea/진주",코스모스,1998-09-01,1998,244,35.1638,128.04,29.35
"South Korea/진주",코스모스,1999-09-06,1999,249,35.1638,128.04,29.35
"South Korea/진주",코스모스,2000-09-18,2000,262,35.1638,128.04,29.35
"South Korea/진주",코스모스,2001-09-04,2001,247,35.1638,128.04,29.35
"South Korea/진주",코스모스,2002-09-08,2002,251,35.1638,128.04,29.35
"South Korea/진주",코스모스,2003-10-02,2003,275,35.1638,128.04,29.35
"South Korea/진주",코스모스,2004-09-13,2004,257,35.1638,128.04,29.35
"South Korea/진주",코스모스,2005-09-25,2005,268,35.1638,128.04,29.35
"South Korea/진주",코스모스,2006-10-04,2006,277,35.1638,128.04,29.35
"South Korea/진주",코스모스,2007-09-28,2007,271,35.1638,128.04,29.35
"South Korea/진주",코스모스,2008-09-11,2008,255,35.1638,128.04,29.35
"South Korea/진주",코스모스,2009-09-22,2009,265,35.1638,128.04,29.35
"South Korea/진주",코스모스,2010-09-24,2010,267,35.1638,128.04,29.35
"South Korea/진주",코스모스,2011-09-05,2011,248,35.1638,128.04,29.35
"South Korea/진주",코스모스,2012-09-24,2012,268,35.1638,128.04,29.35
"South Korea/진주",코스모스,2013-09-26,2013,269,35.1638,128.04,29.35
"South Korea/진주",코스모스,2014-09-18,2014,261,35.1638,128.04,29.35
"South Korea/창원",코스모스,1987-09-10,1987,253,35.1702,128.5728,34.97
"South Korea/창원",코스모스,1988-08-12,1988,225,35.1702,128.5728,34.97
"South Korea/창원",코스모스,1989-09-18,1989,261,35.1702,128.5728,34.97
"South Korea/창원",코스모스,1990-09-25,1990,268,35.1702,128.5728,34.97
"South Korea/창원",코스모스,1991-09-22,1991,265,35.1702,128.5728,34.97
"South Korea/창원",코스모스,1992-09-07,1992,251,35.1702,128.5728,34.97
"South Korea/창원",코스모스,1993-09-13,1993,256,35.1702,128.5728,34.97
"South Korea/창원",코스모스,1994-09-18,1994,261,35.1702,128.5728,34.97
"South Korea/창원",코스모스,1995-09-30,1995,273,35.1702,128.5728,34.97
"South Korea/창원",코스모스,1996-09-08,1996,252,35.1702,128.5728,34.97
"South Korea/창원",코스모스,1997-08-26,1997,238,35.1702,128.5728,34.97
"South Korea/창원",코스모스,1998-08-26,1998,238,35.1702,128.5728,34.97
"South Korea/창원",코스모스,1999-09-12,1999,255,35.1702,128.5728,34.97
"South Korea/창원",코스모스,2000-09-19,2000,263,35.1702,128.5728,34.97
"South Korea/창원",코스모스,2001-09-27,2001,270,35.1702,128.5728,34.97
"South Korea/창원",코스모스,2002-09-10,2002,253,35.1702,128.5728,34.97
"South Korea/창원",코스모스,2003-09-18,2003,261,35.1702,128.5728,34.97
"South Korea/창원",코스모스,2004-09-14,2004,258,35.1702,128.5728,34.97
"South Korea/창원",코스모스,2005-08-17,2005,229,35.1702,128.5728,34.97
"South Korea/창원",코스모스,2006-09-10,2006,253,35.1702,128.5728,34.97
"South Korea/창원",코스모스,2007-09-23,2007,266,35.1702,128.5728,34.97
"South Korea/창원",코스모스,2008-09-11,2008,255,35.1702,128.5728,34.97
"South Korea/창원",코스모스,2009-09-10,2009,253,35.1702,128.5728,34.97
"South Korea/창원",코스모스,2010-09-18,2010,261,35.1702,128.5728,34.97
"South Korea/창원",코스모스,2011-09-14,2011,257,35.1702,128.5728,34.97
"South Korea/창원",코스모스,2012-09-21,2012,265,35.1702,128.5728,34.97
"South Korea/창원",코스모스,2013-09-18,2013,261,35.1702,128.5728,34.97
"South Korea/창원",코스모스,2014-09-13,2014,256,35.1702,128.5728,34.97
"South Korea/창원",코스모스,2015-09-13,2015,256,35.1702,128.5728,34.97
"South Korea/창원",코스모스,2016-09-13,2016,257,35.1702,128.5728,34.97
"South Korea/창원",코스모스,2017-09-14,2017,257,35.1702,128.5728,34.97
"South Korea/창원",코스모스,2018-09-20,2018,263,35.1702,128.5728,34.97
"South Korea/창원",코스모스,2019-09-17,2019,260,35.1702,128.5728,34.97
"South Korea/창원",코스모스,2020-09-16,2020,260,35.1702,128.5728,34.97
"South Korea/창원",코스모스,2021-09-19,2021,262,35.1702,128.5728,34.97
"South Korea/창원",코스모스,2022-09-13,2022,256,35.1702,128.5728,34.97
"South Korea/창원",코스모스,2023-09-11,2023,254,35.1702,128.5728,34.97
"South Korea/창원",코스모스,2024-09-23,2024,267,35.1702,128.5728,34.97
"South Korea/통영",코스모스,1973-07-18,1973,199,34.8454,128.4356,31.24
"South Korea/통영",코스모스,1974-07-02,1974,183,34.8454,128.4356,31.24
"South Korea/통영",코스모스,1975-07-15,1975,196,34.8454,128.4356,31.24
"South Korea/통영",코스모스,1976-06-24,1976,176,34.8454,128.4356,31.24
"South Korea/통영",코스모스,1978-06-14,1978,165,34.8454,128.4356,31.24
"South Korea/통영",코스모스,1979-06-12,1979,163,34.8454,128.4356,31.24
"South Korea/통영",코스모스,1980-09-18,1980,262,34.8454,128.4356,31.24
"South Korea/통영",코스모스,1991-09-17,1991,260,34.8454,128.4356,31.24
"South Korea/통영",코스모스,1992-08-28,1992,241,34.8454,128.4356,31.24
"South Korea/통영",코스모스,1993-08-30,1993,242,34.8454,128.4356,31.24
"South Korea/통영",코스모스,1994-09-06,1994,249,34.8454,128.4356,31.24
"South Korea/통영",코스모스,1995-09-14,1995,257,34.8454,128.4356,31.24
"South Korea/통영",코스모스,1996-09-16,1996,260,34.8454,128.4356,31.24
"South Korea/통영",코스모스,1997-09-18,1997,261,34.8454,128.4356,31.24
"South Korea/통영",코스모스,1998-08-30,1998,242,34.8454,128.4356,31.24
"South Korea/통영",코스모스,1999-09-13,1999,256,34.8454,128.4356,31.24
"South Korea/통영",코스모스,2000-09-15,2000,259,34.8454,128.4356,31.24
"South Korea/통영",코스모스,2001-09-10,2001,253,34.8454,128.4356,31.24
"South Korea/통영",코스모스,2002-09-12,2002,255,34.8454,128.4356,31.24
"South Korea/통영",코스모스,2003-09-15,2003,258,34.8454,128.4356,31.24
"South Korea/통영",코스모스,2004-09-15,2004,259,34.8454,128.4356,31.24
"South Korea/통영",코스모스,2005-09-14,2005,257,34.8454,128.4356,31.24
"South Korea/통영",코스모스,2006-09-12,2006,255,34.8454,128.4356,31.24
"South Korea/통영",코스모스,2007-09-13,2007,256,34.8454,128.4356,31.24
"South Korea/통영",코스모스,2008-09-12,2008,256,34.8454,128.4356,31.24
"South Korea/통영",코스모스,2009-09-14,2009,257,34.8454,128.4356,31.24
"South Korea/통영",코스모스,2010-09-18,2010,261,34.8454,128.4356,31.24
"South Korea/통영",코스모스,2011-09-14,2011,257,34.8454,128.4356,31.24
"South Korea/통영",코스모스,2012-09-24,2012,268,34.8454,128.4356,31.24
"South Korea/통영",코스모스,2013-09-15,2013,258,34.8454,128.4356,31.24
"South Korea/통영",코스모스,2014-09-13,2014,256,34.8454,128.4356,31.24
"South Korea/합천",코스모스,1973-09-04,1973,247,35.5651,128.1699,26.72
"South Korea/합천",코스모스,1977-08-28,1977,240,35.5651,128.1699,26.72
"South Korea/합천",코스모스,1978-09-08,1978,251,35.5651,128.1699,26.72
"South Korea/합천",코스모스,1979-09-04,1979,247,35.5651,128.1699,26.72
"South Korea/합천",코스모스,1980-09-03,1980,247,35.5651,128.1699,26.72
"South Korea/합천",코스모스,1981-08-24,1981,236,35.5651,128.1699,26.72
"South Korea/합천",코스모스,1987-09-17,1987,260,35.5651,128.1699,26.72
"South Korea/합천",코스모스,1988-09-16,1988,260,35.5651,128.1699,26.72
"South Korea/합천",코스모스,1989-09-10,1989,253,35.5651,128.1699,26.72
"South Korea/합천",코스모스,1990-09-15,1990,258,35.5651,128.1699,26.72
"South Korea/합천",코스모스,1991-09-08,1991,251,35.5651,128.1699,26.72
"South Korea/합천",코스모스,1992-09-10,1992,254,35.5651,128.1699,26.72
"South Korea/합천",코스모스,1993-09-06,1993,249,35.5651,128.1699,26.72
"South Korea/합천",코스모스,1994-09-05,1994,248,35.5651,128.1699,26.72
"South Korea/합천",코스모스,1995-09-16,1995,259,35.5651,128.1699,26.72
"South Korea/합천",코스모스,1996-09-16,1996,260,35.5651,128.1699,26.72
"South Korea/합천",코스모스,1997-09-03,1997,246,35.5651,128.1699,26.72
"South Korea/합천",코스모스,1998-08-30,1998,242,35.5651,128.1699,26.72
"South Korea/합천",코스모스,1999-09-05,1999,248,35.5651,128.1699,26.72
"South Korea/합천",코스모스,2000-09-15,2000,259,35.5651,128.1699,26.72
"South Korea/합천",코스모스,2001-09-16,2001,259,35.5651,128.1699,26.72
"South Korea/합천",코스모스,2002-09-10,2002,253,35.5651,128.1699,26.72
"South Korea/합천",코스모스,2003-09-21,2003,264,35.5651,128.1699,26.72
"South Korea/합천",코스모스,2004-09-13,2004,257,35.5651,128.1699,26.72
"South Korea/합천",코스모스,2005-09-24,2005,267,35.5651,128.1699,26.72
"South Korea/합천",코스모스,2006-09-10,2006,253,35.5651,128.1699,26.72
"South Korea/합천",코스모스,2007-09-11,2007,254,35.5651,128.1699,26.72
"South Korea/합천",코스모스,2008-09-12,2008,256,35.5651,128.1699,26.72
"South Korea/구미",코스모스,1973-09-08,1973,251,36.1306,128.3206,49.17
"South Korea/구미",코스모스,1974-09-12,1974,255,36.1306,128.3206,49.17
"South Korea/구미",코스모스,1975-09-11,1975,254,36.1306,128.3206,49.17
"South Korea/구미",코스모스,1976-09-04,1976,248,36.1306,128.3206,49.17
"South Korea/구미",코스모스,1977-09-08,1977,251,36.1306,128.3206,49.17
"South Korea/구미",코스모스,1978-09-11,1978,254,36.1306,128.3206,49.17
"South Korea/구미",코스모스,1979-09-16,1979,259,36.1306,128.3206,49.17
"South Korea/구미",코스모스,1980-09-14,1980,258,36.1306,128.3206,49.17
"South Korea/구미",코스모스,1981-09-11,1981,254,36.1306,128.3206,49.17
"South Korea/구미",코스모스,1982-09-10,1982,253,36.1306,128.3206,49.17
"South Korea/구미",코스모스,1983-09-16,1983,259,36.1306,128.3206,49.17
"South Korea/구미",코스모스,1984-09-21,1984,265,36.1306,128.3206,49.17
"South Korea/구미",코스모스,1985-09-12,1985,255,36.1306,128.3206,49.17
"South Korea/구미",코스모스,1986-09-11,1986,254,36.1306,128.3206,49.17
"South Korea/구미",코스모스,1987-09-14,1987,257,36.1306,128.3206,49.17
"South Korea/구미",코스모스,1988-09-16,1988,260,36.1306,128.3206,49.17
"South Korea/구미",코스모스,1989-09-06,1989,249,36.1306,128.3206,49.17
"South Korea/구미",코스모스,1990-08-30,1990,242,36.1306,128.3206,49.17
"South Korea/구미",코스모스,1991-09-16,1991,259,36.1306,128.3206,49.17
"South Korea/구미",코스모스,1992-09-08,1992,252,36.1306,128.3206,49.17
"South Korea/구미",코스모스,1993-09-06,1993,249,36.1306,128.3206,49.17
"South Korea/구미",코스모스,1994-09-16,1994,259,36.1306,128.3206,49.17
"South Korea/구미",코스모스,1995-09-16,1995,259,36.1306,128.3206,49.17
"South Korea/구미",코스모스,1996-09-14,1996,258,36.1306,128.3206,49.17
"South Korea/구미",코스모스,1997-09-09,1997,252,36.1306,128.3206,49.17
"South Korea/구미",코스모스,1998-08-28,1998,240,36.1306,128.3206,49.17
"South Korea/구미",코스모스,1999-09-08,1999,251,36.1306,128.3206,49.17
"South Korea/구미",코스모스,2000-09-04,2000,248,36.1306,128.3206,49.17
"South Korea/구미",코스모스,2001-09-03,2001,246,36.1306,128.3206,49.17
"South Korea/구미",코스모스,2002-09-05,2002,248,36.1306,128.3206,49.17
"South Korea/구미",코스모스,2003-09-01,2003,244,36.1306,128.3206,49.17
"South Korea/구미",코스모스,2004-09-08,2004,252,36.1306,128.3206,49.17
"South Korea/구미",코스모스,2005-09-12,2005,255,36.1306,128.3206,49.17
"South Korea/구미",코스모스,2006-09-11,2006,254,36.1306,128.3206,49.17
"South Korea/구미",코스모스,2007-09-17,2007,260,36.1306,128.3206,49.17
"South Korea/구미",코스모스,2008-09-16,2008,260,36.1306,128.3206,49.17
"South Korea/구미",코스모스,2009-09-10,2009,253,36.1306,128.3206,49.17
"South Korea/구미",코스모스,2010-09-15,2010,258,36.1306,128.3206,49.17
"South Korea/구미",코스모스,2011-09-05,2011,248,36.1306,128.3206,49.17
"South Korea/구미",코스모스,2012-09-21,2012,265,36.1306,128.3206,49.17
"South Korea/구미",코스모스,2013-09-17,2013,260,36.1306,128.3206,49.17
"South Korea/구미",코스모스,2014-09-15,2014,258,36.1306,128.3206,49.17
"South Korea/문경",코스모스,1974-09-10,1974,253,36.6273,128.1488,173.01
"South Korea/문경",코스모스,1975-09-14,1975,257,36.6273,128.1488,173.01
"South Korea/문경",코스모스,1976-09-05,1976,249,36.6273,128.1488,173.01
"South Korea/문경",코스모스,1977-09-07,1977,250,36.6273,128.1488,173.01
"South Korea/문경",코스모스,1978-09-13,1978,256,36.6273,128.1488,173.01
"South Korea/문경",코스모스,1979-09-14,1979,257,36.6273,128.1488,173.01
"South Korea/문경",코스모스,1980-09-15,1980,259,36.6273,128.1488,173.01
"South Korea/문경",코스모스,1981-09-02,1981,245,36.6273,128.1488,173.01
"South Korea/문경",코스모스,1982-09-05,1982,248,36.6273,128.1488,173.01
"South Korea/문경",코스모스,1983-08-06,1983,218,36.6273,128.1488,173.01
"South Korea/문경",코스모스,1984-07-29,1984,211,36.6273,128.1488,173.01
"South Korea/문경",코스모스,1985-08-06,1985,218,36.6273,128.1488,173.01
"South Korea/문경",코스모스,1986-09-11,1986,254,36.6273,128.1488,173.01
"South Korea/문경",코스모스,1987-09-16,1987,259,36.6273,128.1488,173.01
"South Korea/문경",코스모스,1989-09-11,1989,254,36.6273,128.1488,173.01
"South Korea/문경",코스모스,1990-09-10,1990,253,36.6273,128.1488,173.01
"South Korea/문경",코스모스,1992-08-21,1992,234,36.6273,128.1488,173.01
"South Korea/문경",코스모스,1993-08-16,1993,228,36.6273,128.1488,173.01
"South Korea/문경",코스모스,1994-09-01,1994,244,36.6273,128.1488,173.01
"South Korea/문경",코스모스,1995-09-14,1995,257,36.6273,128.1488,173.01
"South Korea/문경",코스모스,1996-09-19,1996,263,36.6273,128.1488,173.01
"South Korea/문경",코스모스,1997-08-29,1997,241,36.6273,128.1488,173.01
"South Korea/문경",코스모스,1998-08-30,1998,242,36.6273,128.1488,173.01
"South Korea/문경",코스모스,1999-08-30,1999,242,36.6273,128.1488,173.01
"South Korea/문경",코스모스,2000-09-09,2000,253,36.6273,128.1488,173.01
"South Korea/문경",코스모스,2001-09-06,2001,249,36.6273,128.1488,173.01
"South Korea/문경",코스모스,2002-09-03,2002,246,36.6273,128.1488,173.01
"South Korea/문경",코스모스,2003-08-30,2003,242,36.6273,128.1488,173.01
"South Korea/문경",코스모스,2004-09-09,2004,253,36.6273,128.1488,173.01
"South Korea/문경",코스모스,2005-09-02,2005,245,36.6273,128.1488,173.01
"South Korea/문경",코스모스,2006-09-01,2006,244,36.6273,128.1488,173.01
"South Korea/문경",코스모스,2008-09-01,2008,245,36.6273,128.1488,173.01
"South Korea/봉화",코스모스,1988-09-15,1988,259,36.9436,128.9145,324.67
"South Korea/봉화",코스모스,1989-09-06,1989,249,36.9436,128.9145,324.67
"South Korea/봉화",코스모스,1990-09-03,1990,246,36.9436,128.9145,324.67
"South Korea/봉화",코스모스,1991-08-27,1991,239,36.9436,128.9145,324.67
"South Korea/봉화",코스모스,1992-08-19,1992,232,36.9436,128.9145,324.67
"South Korea/봉화",코스모스,1993-09-01,1993,244,36.9436,128.9145,324.67
"South Korea/봉화",코스모스,1994-08-30,1994,242,36.9436,128.9145,324.67
"South Korea/봉화",코스모스,1995-09-12,1995,255,36.9436,128.9145,324.67
"South Korea/봉화",코스모스,1996-09-10,1996,254,36.9436,128.9145,324.67
"South Korea/봉화",코스모스,1997-09-08,1997,251,36.9436,128.9145,324.67
"South Korea/봉화",코스모스,1998-09-06,1998,249,36.9436,128.9145,324.67
"South Korea/봉화",코스모스,1999-09-09,1999,252,36.9436,128.9145,324.67
"South Korea/봉화",코스모스,2000-08-21,2000,234,36.9436,128.9145,324.67
"South Korea/봉화",코스모스,2001-08-30,2001,242,36.9436,128.9145,324.67
"South Korea/봉화",코스모스,2002-09-07,2002,250,36.9436,128.9145,324.67
"South Korea/봉화",코스모스,2003-09-05,2003,248,36.9436,128.9145,324.67
"South Korea/봉화",코스모스,2004-09-03,2004,247,36.9436,128.9145,324.67
"South Korea/봉화",코스모스,2005-09-07,2005,250,36.9436,128.9145,324.67
"South Korea/봉화",코스모스,2006-09-04,2006,247,36.9436,128.9145,324.67
"South Korea/봉화",코스모스,2007-09-01,2007,244,36.9436,128.9145,324.67
"South Korea/봉화",코스모스,2008-09-10,2008,254,36.9436,128.9145,324.67
"South Korea/상주",코스모스,2002-09-02,2002,245,36.4084,128.1574,96.58
"South Korea/상주",코스모스,2003-08-25,2003,237,36.4084,128.1574,96.58
"South Korea/상주",코스모스,2004-08-29,2004,242,36.4084,128.1574,96.58
"South Korea/상주",코스모스,2005-09-01,2005,244,36.4084,128.1574,96.58
"South Korea/상주",코스모스,2006-09-02,2006,245,36.4084,128.1574,96.58
"South Korea/상주",코스모스,2007-09-07,2007,250,36.4084,128.1574,96.58
"South Korea/상주",코스모스,2008-06-30,2008,182,36.4084,128.1574,96.58
"South Korea/상주",코스모스,2009-08-20,2009,232,36.4084,128.1574,96.58
"South Korea/상주",코스모스,2010-09-08,2010,251,36.4084,128.1574,96.58
"South Korea/상주",코스모스,2011-09-02,2011,245,36.4084,128.1574,96.58
"South Korea/상주",코스모스,2012-09-07,2012,251,36.4084,128.1574,96.58
"South Korea/상주",코스모스,2013-09-10,2013,253,36.4084,128.1574,96.58
"South Korea/상주",코스모스,2014-09-11,2014,254,36.4084,128.1574,96.58
"South Korea/안동",코스모스,1973-09-03,1973,246,36.5729,128.7073,141.26
"South Korea/안동",코스모스,1974-09-05,1974,248,36.5729,128.7073,141.26
"South Korea/안동",코스모스,1975-09-03,1975,246,36.5729,128.7073,141.26
"South Korea/안동",코스모스,1976-09-06,1976,250,36.5729,128.7073,141.26
"South Korea/안동",코스모스,1977-09-06,1977,249,36.5729,128.7073,141.26
"South Korea/안동",코스모스,1983-09-01,1983,244,36.5729,128.7073,141.26
"South Korea/안동",코스모스,1984-08-30,1984,243,36.5729,128.7073,141.26
"South Korea/안동",코스모스,1985-09-01,1985,244,36.5729,128.7073,141.26
"South Korea/안동",코스모스,1986-09-06,1986,249,36.5729,128.7073,141.26
"South Korea/안동",코스모스,1987-08-23,1987,235,36.5729,128.7073,141.26
"South Korea/안동",코스모스,1988-08-26,1988,239,36.5729,128.7073,141.26
"South Korea/안동",코스모스,1989-08-30,1989,242,36.5729,128.7073,141.26
"South Korea/안동",코스모스,1990-09-06,1990,249,36.5729,128.7073,141.26
"South Korea/안동",코스모스,1991-08-28,1991,240,36.5729,128.7073,141.26
"South Korea/안동",코스모스,1992-08-26,1992,239,36.5729,128.7073,141.26
"South Korea/안동",코스모스,1993-08-27,1993,239,36.5729,128.7073,141.26
"South Korea/안동",코스모스,1994-08-25,1994,237,36.5729,128.7073,141.26
"South Korea/안동",코스모스,1995-08-27,1995,239,36.5729,128.7073,141.26
"South Korea/안동",코스모스,1996-09-01,1996,245,36.5729,128.7073,141.26
"South Korea/안동",코스모스,1998-06-18,1998,169,36.5729,128.7073,141.26
"South Korea/안동",코스모스,1999-09-02,1999,245,36.5729,128.7073,141.26
"South Korea/안동",코스모스,2000-09-02,2000,246,36.5729,128.7073,141.26
"South Korea/안동",코스모스,2001-09-02,2001,245,36.5729,128.7073,141.26
"South Korea/안동",코스모스,2002-09-01,2002,244,36.5729,128.7073,141.26
"South Korea/안동",코스모스,2003-09-18,2003,261,36.5729,128.7073,141.26
"South Korea/안동",코스모스,2004-09-08,2004,252,36.5729,128.7073,141.26
"South Korea/안동",코스모스,2005-09-12,2005,255,36.5729,128.7073,141.26
"South Korea/안동",코스모스,2006-09-07,2006,250,36.5729,128.7073,141.26
"South Korea/안동",코스모스,2007-09-14,2007,257,36.5729,128.7073,141.26
"South Korea/안동",코스모스,2008-09-08,2008,252,36.5729,128.7073,141.26
"South Korea/안동",코스모스,2009-09-01,2009,244,36.5729,128.7073,141.26
"South Korea/안동",코스모스,2010-09-09,2010,252,36.5729,128.7073,141.26
"South Korea/안동",코스모스,2011-09-14,2011,257,36.5729,128.7073,141.26
"South Korea/안동",코스모스,2012-09-06,2012,250,36.5729,128.7073,141.26
"South Korea/안동",코스모스,2013-09-22,2013,265,36.5729,128.7073,141.26
"South Korea/안동",코스모스,2017-09-20,2017,263,36.5729,128.7073,141.26
"South Korea/안동",코스모스,2018-09-22,2018,265,36.5729,128.7073,141.26
"South Korea/안동",코스모스,2019-09-17,2019,260,36.5729,128.7073,141.26
"South Korea/안동",코스모스,2020-09-14,2020,258,36.5729,128.7073,141.26
"South Korea/안동",코스모스,2021-09-15,2021,258,36.5729,128.7073,141.26
"South Korea/안동",코스모스,2022-09-20,2022,263,36.5729,128.7073,141.26
"South Korea/안동",코스모스,2023-09-04,2023,247,36.5729,128.7073,141.26
"South Korea/안동",코스모스,2024-09-15,2024,259,36.5729,128.7073,141.26
"South Korea/영덕",코스모스,1973-09-17,1973,260,36.5334,129.4093,40.71
"South Korea/영덕",코스모스,1974-09-21,1974,264,36.5334,129.4093,40.71
"South Korea/영덕",코스모스,1975-09-26,1975,269,36.5334,129.4093,40.71
"South Korea/영덕",코스모스,1976-09-26,1976,270,36.5334,129.4093,40.71
"South Korea/영덕",코스모스,1977-07-06,1977,187,36.5334,129.4093,40.71
"South Korea/영덕",코스모스,1978-09-07,1978,250,36.5334,129.4093,40.71
"South Korea/영덕",코스모스,1979-09-11,1979,254,36.5334,129.4093,40.71
"South Korea/영덕",코스모스,1980-09-13,1980,257,36.5334,129.4093,40.71
"South Korea/영덕",코스모스,1981-09-10,1981,253,36.5334,129.4093,40.71
"South Korea/영덕",코스모스,1982-09-02,1982,245,36.5334,129.4093,40.71
"South Korea/영덕",코스모스,1983-09-02,1983,245,36.5334,129.4093,40.71
"South Korea/영덕",코스모스,1984-09-13,1984,257,36.5334,129.4093,40.71
"South Korea/영덕",코스모스,1985-09-19,1985,262,36.5334,129.4093,40.71
"South Korea/영덕",코스모스,1986-09-20,1986,263,36.5334,129.4093,40.71
"South Korea/영덕",코스모스,1987-09-11,1987,254,36.5334,129.4093,40.71
"South Korea/영덕",코스모스,1988-09-15,1988,259,36.5334,129.4093,40.71
"South Korea/영덕",코스모스,1989-09-12,1989,255,36.5334,129.4093,40.71
"South Korea/영덕",코스모스,1990-09-13,1990,256,36.5334,129.4093,40.71
"South Korea/영덕",코스모스,1991-09-15,1991,258,36.5334,129.4093,40.71
"South Korea/영덕",코스모스,1992-09-16,1992,260,36.5334,129.4093,40.71
"South Korea/영덕",코스모스,1993-09-20,1993,263,36.5334,129.4093,40.71
"South Korea/영덕",코스모스,1994-09-21,1994,264,36.5334,129.4093,40.71
"South Korea/영덕",코스모스,1995-09-12,1995,255,36.5334,129.4093,40.71
"South Korea/영덕",코스모스,1996-09-14,1996,258,36.5334,129.4093,40.71
"South Korea/영덕",코스모스,1997-09-05,1997,248,36.5334,129.4093,40.71
"South Korea/영덕",코스모스,1998-09-12,1998,255,36.5334,129.4093,40.71
"South Korea/영덕",코스모스,1999-09-02,1999,245,36.5334,129.4093,40.71
"South Korea/영덕",코스모스,2000-09-15,2000,259,36.5334,129.4093,40.71
"South Korea/영덕",코스모스,2001-09-15,2001,258,36.5334,129.4093,40.71
"South Korea/영덕",코스모스,2002-09-18,2002,261,36.5334,129.4093,40.71
"South Korea/영덕",코스모스,2003-09-15,2003,258,36.5334,129.4093,40.71
"South Korea/영덕",코스모스,2004-09-14,2004,258,36.5334,129.4093,40.71
"South Korea/영덕",코스모스,2005-09-13,2005,256,36.5334,129.4093,40.71
"South Korea/영덕",코스모스,2006-09-08,2006,251,36.5334,129.4093,40.71
"South Korea/영덕",코스모스,2007-09-13,2007,256,36.5334,129.4093,40.71
"South Korea/영덕",코스모스,2008-09-10,2008,254,36.5334,129.4093,40.71
"South Korea/영주",코스모스,1973-07-20,1973,201,36.8718,128.5169,211.32
"South Korea/영주",코스모스,1974-07-29,1974,210,36.8718,128.5169,211.32
"South Korea/영주",코스모스,1975-07-29,1975,210,36.8718,128.5169,211.32
"South Korea/영주",코스모스,1976-07-30,1976,212,36.8718,128.5169,211.32
"South Korea/영주",코스모스,1978-09-20,1978,263,36.8718,128.5169,211.32
"South Korea/영주",코스모스,1979-09-16,1979,259,36.8718,128.5169,211.32
"South Korea/영주",코스모스,1980-09-20,1980,264,36.8718,128.5169,211.32
"South Korea/영주",코스모스,1981-09-18,1981,261,36.8718,128.5169,211.32
"South Korea/영주",코스모스,1982-08-16,1982,228,36.8718,128.5169,211.32
"South Korea/영주",코스모스,1983-08-23,1983,235,36.8718,128.5169,211.32
"South Korea/영주",코스모스,1985-09-08,1985,251,36.8718,128.5169,211.32
"South Korea/영주",코스모스,1986-09-01,1986,244,36.8718,128.5169,211.32
"South Korea/영주",코스모스,1987-09-04,1987,247,36.8718,128.5169,211.32
"South Korea/영주",코스모스,1988-09-03,1988,247,36.8718,128.5169,211.32
"South Korea/영주",코스모스,1989-08-29,1989,241,36.8718,128.5169,211.32
"South Korea/영주",코스모스,1990-09-05,1990,248,36.8718,128.5169,211.32
"South Korea/영주",코스모스,1991-09-09,1991,252,36.8718,128.5169,211.32
"South Korea/영주",코스모스,1992-08-21,1992,234,36.8718,128.5169,211.32
"South Korea/영주",코스모스,1993-08-26,1993,238,36.8718,128.5169,211.32
"South Korea/영주",코스모스,1994-09-02,1994,245,36.8718,128.5169,211.32
"South Korea/영주",코스모스,1995-09-03,1995,246,36.8718,128.5169,211.32
"South Korea/영주",코스모스,1996-09-11,1996,255,36.8718,128.5169,211.32
"South Korea/영주",코스모스,1997-09-04,1997,247,36.8718,128.5169,211.32
"South Korea/영주",코스모스,1998-09-05,1998,248,36.8718,128.5169,211.32
"South Korea/영주",코스모스,1999-09-09,1999,252,36.8718,128.5169,211.32
"South Korea/영주",코스모스,2000-09-05,2000,249,36.8718,128.5169,211.32
"South Korea/영주",코스모스,2001-09-01,2001,244,36.8718,128.5169,211.32
"South Korea/영주",코스모스,2002-09-07,2002,250,36.8718,128.5169,211.32
"South Korea/영주",코스모스,2003-09-07,2003,250,36.8718,128.5169,211.32
"South Korea/영주",코스모스,2004-09-08,2004,252,36.8718,128.5169,211.32
"South Korea/영주",코스모스,2005-09-03,2005,246,36.8718,128.5169,211.32
"South Korea/영주",코스모스,2006-09-08,2006,251,36.8718,128.5169,211.32
"South Korea/영주",코스모스,2007-09-05,2007,248,36.8718,128.5169,211.32
"South Korea/영주",코스모스,2008-09-05,2008,249,36.8718,128.5169,211.32
"South Korea/영천",코스모스,1973-09-14,1973,257,35.9774,128.9514,96.12
"South Korea/영천",코스모스,1974-09-07,1974,250,35.9774,128.9514,96.12
"South Korea/영천",코스모스,1975-09-02,1975,245,35.9774,128.9514,96.12
"South Korea/영천",코스모스,1976-09-12,1976,256,35.9774,128.9514,96.12
"South Korea/영천",코스모스,1977-09-11,1977,254,35.9774,128.9514,96.12
"South Korea/영천",코스모스,1978-09-16,1978,259,35.9774,128.9514,96.12
"South Korea/영천",코스모스,1979-09-11,1979,254,35.9774,128.9514,96.12
"South Korea/영천",코스모스,1980-09-07,1980,251,35.9774,128.9514,96.12
"South Korea/영천",코스모스,1982-08-22,1982,234,35.9774,128.9514,96.12
"South Korea/영천",코스모스,1983-09-16,1983,259,35.9774,128.9514,96.12
"South Korea/영천",코스모스,1984-09-16,1984,260,35.9774,128.9514,96.12
"South Korea/영천",코스모스,1985-09-20,1985,263,35.9774,128.9514,96.12
"South Korea/영천",코스모스,1986-09-26,1986,269,35.9774,128.9514,96.12
"South Korea/영천",코스모스,1987-09-08,1987,251,35.9774,128.9514,96.12
"South Korea/영천",코스모스,1988-08-10,1988,223,35.9774,128.9514,96.12
"South Korea/영천",코스모스,1989-08-12,1989,224,35.9774,128.9514,96.12
"South Korea/영천",코스모스,1990-08-31,1990,243,35.9774,128.9514,96.12
"South Korea/영천",코스모스,1991-08-26,1991,238,35.9774,128.9514,96.12
"South Korea/영천",코스모스,1992-08-20,1992,233,35.9774,128.9514,96.12
"South Korea/영천",코스모스,1993-09-02,1993,245,35.9774,128.9514,96.12
"South Korea/영천",코스모스,1994-09-08,1994,251,35.9774,128.9514,96.12
"South Korea/영천",코스모스,1995-08-11,1995,223,35.9774,128.9514,96.12
"South Korea/영천",코스모스,1996-08-07,1996,220,35.9774,128.9514,96.12
"South Korea/영천",코스모스,1997-08-28,1997,240,35.9774,128.9514,96.12
"South Korea/영천",코스모스,1998-09-05,1998,248,35.9774,128.9514,96.12
"South Korea/영천",코스모스,1999-09-07,1999,250,35.9774,128.9514,96.12
"South Korea/영천",코스모스,2000-09-05,2000,249,35.9774,128.9514,96.12
"South Korea/영천",코스모스,2001-09-07,2001,250,35.9774,128.9514,96.12
"South Korea/영천",코스모스,2002-09-07,2002,250,35.9774,128.9514,96.12
"South Korea/영천",코스모스,2003-09-10,2003,253,35.9774,128.9514,96.12
"South Korea/영천",코스모스,2004-09-12,2004,256,35.9774,128.9514,96.12
"South Korea/영천",코스모스,2005-09-14,2005,257,35.9774,128.9514,96.12
"South Korea/영천",코스모스,2006-09-12,2006,255,35.9774,128.9514,96.12
"South Korea/영천",코스모스,2007-09-21,2007,264,35.9774,128.9514,96.12
"South Korea/영천",코스모스,2008-09-18,2008,262,35.9774,128.9514,96.12
"South Korea/울릉도",코스모스,1973-09-05,1973,248,37.4813,130.8986,221.14
"South Korea/울릉도",코스모스,1974-09-05,1974,248,37.4813,130.8986,221.14
"South Korea/울릉도",코스모스,1975-09-10,1975,253,37.4813,130.8986,221.14
"South Korea/울릉도",코스모스,1976-09-15,1976,259,37.4813,130.8986,221.14
"South Korea/울릉도",코스모스,1977-09-14,1977,257,37.4813,130.8986,221.14
"South Korea/울릉도",코스모스,1978-09-16,1978,259,37.4813,130.8986,221.14
"South Korea/울릉도",코스모스,1979-09-15,1979,258,37.4813,130.8986,221.14
"South Korea/울릉도",코스모스,1980-09-10,1980,254,37.4813,130.8986,221.14
"South Korea/울릉도",코스모스,1982-09-16,1982,259,37.4813,130.8986,221.14
"South Korea/울릉도",코스모스,1984-09-24,1984,268,37.4813,130.8986,221.14
"South Korea/울릉도",코스모스,1985-09-15,1985,258,37.4813,130.8986,221.14
"South Korea/울릉도",코스모스,1986-09-15,1986,258,37.4813,130.8986,221.14
"South Korea/울릉도",코스모스,1987-09-10,1987,253,37.4813,130.8986,221.14
"South Korea/울릉도",코스모스,1989-09-08,1989,251,37.4813,130.8986,221.14
"South Korea/울릉도",코스모스,1990-09-14,1990,257,37.4813,130.8986,221.14
"South Korea/울릉도",코스모스,1991-09-10,1991,253,37.4813,130.8986,221.14
"South Korea/울릉도",코스모스,1992-09-12,1992,256,37.4813,130.8986,221.14
"South Korea/울릉도",코스모스,1993-09-02,1993,245,37.4813,130.8986,221.14
"South Korea/울릉도",코스모스,1994-09-17,1994,260,37.4813,130.8986,221.14
"South Korea/울릉도",코스모스,1995-10-04,1995,277,37.4813,130.8986,221.14
"South Korea/울릉도",코스모스,1996-10-08,1996,282,37.4813,130.8986,221.14
"South Korea/울릉도",코스모스,2002-09-01,2002,244,37.4813,130.8986,221.14
"South Korea/울릉도",코스모스,2003-08-18,2003,230,37.4813,130.8986,221.14
"South Korea/울릉도",코스모스,2004-09-15,2004,259,37.4813,130.8986,221.14
"South Korea/울릉도",코스모스,2005-09-17,2005,260,37.4813,130.8986,221.14
"South Korea/울릉도",코스모스,2006-09-08,2006,251,37.4813,130.8986,221.14
"South Korea/울릉도",코스모스,2007-09-27,2007,270,37.4813,130.8986,221.14
"South Korea/울릉도",코스모스,2008-08-25,2008,238,37.4813,130.8986,221.14
"South Korea/울릉도",코스모스,2009-08-24,2009,236,37.4813,130.8986,221.14
"South Korea/울릉도",코스모스,2010-09-03,2010,246,37.4813,130.8986,221.14
"South Korea/울릉도",코스모스,2011-09-02,2011,245,37.4813,130.8986,221.14
"South Korea/울릉도",코스모스,2012-08-27,2012,240,37.4813,130.8986,221.14
"South Korea/울릉도",코스모스,2013-09-13,2013,256,37.4813,130.8986,221.14
"South Korea/울릉도",코스모스,2015-09-08,2015,251,37.4813,130.8986,221.14
"South Korea/울릉도",코스모스,2016-09-10,2016,254,37.4813,130.8986,221.14
"South Korea/울릉도",코스모스,2017-09-09,2017,252,37.4813,130.8986,221.14
"South Korea/울릉도",코스모스,2018-09-11,2018,254,37.4813,130.8986,221.14
"South Korea/울릉도",코스모스,2019-09-12,2019,255,37.4813,130.8986,221.14
"South Korea/울릉도",코스모스,2020-09-08,2020,252,37.4813,130.8986,221.14
"South Korea/울릉도",코스모스,2021-09-08,2021,251,37.4813,130.8986,221.14
"South Korea/울릉도",코스모스,2022-09-07,2022,250,37.4813,130.8986,221.14
"South Korea/울릉도",코스모스,2023-08-31,2023,243,37.4813,130.8986,221.14
"South Korea/울릉도",코스모스,2024-09-01,2024,245,37.4813,130.8986,221.14
"South Korea/울진",코스모스,1973-09-07,1973,250,36.9918,129.4128,48.98
"South Korea/울진",코스모스,1974-09-12,1974,255,36.9918,129.4128,48.98
"South Korea/울진",코스모스,1975-09-18,1975,261,36.9918,129.4128,48.98
"South Korea/울진",코스모스,1976-09-21,1976,265,36.9918,129.4128,48.98
"South Korea/울진",코스모스,1977-09-25,1977,268,36.9918,129.4128,48.98
"South Korea/울진",코스모스,1978-09-12,1978,255,36.9918,129.4128,48.98
"South Korea/울진",코스모스,1979-08-09,1979,221,36.9918,129.4128,48.98
"South Korea/울진",코스모스,1980-08-06,1980,219,36.9918,129.4128,48.98
"South Korea/울진",코스모스,1981-08-01,1981,213,36.9918,129.4128,48.98
"South Korea/울진",코스모스,1982-08-04,1982,216,36.9918,129.4128,48.98
"South Korea/울진",코스모스,1983-07-31,1983,212,36.9918,129.4128,48.98
"South Korea/울진",코스모스,1984-09-01,1984,245,36.9918,129.4128,48.98
"South Korea/울진",코스모스,1985-08-31,1985,243,36.9918,129.4128,48.98
"South Korea/울진",코스모스,1986-08-12,1986,224,36.9918,129.4128,48.98
"South Korea/울진",코스모스,1987-08-19,1987,231,36.9918,129.4128,48.98
"South Korea/울진",코스모스,1988-08-14,1988,227,36.9918,129.4128,48.98
"South Korea/울진",코스모스,1989-08-26,1989,238,36.9918,129.4128,48.98
"South Korea/울진",코스모스,1990-08-26,1990,238,36.9918,129.4128,48.98
"South Korea/울진",코스모스,1991-09-07,1991,250,36.9918,129.4128,48.98
"South Korea/울진",코스모스,1992-09-05,1992,249,36.9918,129.4128,48.98
"South Korea/울진",코스모스,1993-09-08,1993,251,36.9918,129.4128,48.98
"South Korea/울진",코스모스,1994-09-20,1994,263,36.9918,129.4128,48.98
"South Korea/울진",코스모스,1995-09-19,1995,262,36.9918,129.4128,48.98
"South Korea/울진",코스모스,1996-09-14,1996,258,36.9918,129.4128,48.98
"South Korea/울진",코스모스,1997-09-06,1997,249,36.9918,129.4128,48.98
"South Korea/울진",코스모스,1998-08-29,1998,241,36.9918,129.4128,48.98
"South Korea/울진",코스모스,1999-07-23,1999,204,36.9918,129.4128,48.98
"South Korea/울진",코스모스,2000-09-14,2000,258,36.9918,129.4128,48.98
"South Korea/울진",코스모스,2001-08-27,2001,239,36.9918,129.4128,48.98
"South Korea/울진",코스모스,2002-07-13,2002,194,36.9918,129.4128,48.98
"South Korea/울진",코스모스,2003-07-14,2003,195,36.9918,129.4128,48.98
"South Korea/울진",코스모스,2004-09-03,2004,247,36.9918,129.4128,48.98
"South Korea/울진",코스모스,2005-09-01,2005,244,36.9918,129.4128,48.98
"South Korea/울진",코스모스,2006-09-09,2006,252,36.9918,129.4128,48.98
"South Korea/울진",코스모스,2007-09-10,2007,253,36.9918,129.4128,48.98
"South Korea/울진",코스모스,2008-09-12,2008,256,36.9918,129.4128,48.98
"South Korea/울진",코스모스,2009-08-25,2009,237,36.9918,129.4128,48.98
"South Korea/울진",코스모스,2010-09-01,2010,244,36.9918,129.4128,48.98
"South Korea/울진",코스모스,2011-08-29,2011,241,36.9918,129.4128,48.98
"South Korea/울진",코스모스,2012-08-26,2012,239,36.9918,129.4128,48.98
"South Korea/울진",코스모스,2013-08-12,2013,224,36.9918,129.4128,48.98
"South Korea/울진",코스모스,2014-08-22,2014,234,36.9918,129.4128,48.98
"South Korea/의성",코스모스,1973-09-05,1973,248,36.3561,128.6886,81.44
"South Korea/의성",코스모스,1974-09-02,1974,245,36.3561,128.6886,81.44
"South Korea/의성",코스모스,1975-09-01,1975,244,36.3561,128.6886,81.44
"South Korea/의성",코스모스,1977-09-24,1977,267,36.3561,128.6886,81.44
"South Korea/의성",코스모스,1978-09-10,1978,253,36.3561,128.6886,81.44
"South Korea/의성",코스모스,1979-10-11,1979,284,36.3561,128.6886,81.44
"South Korea/의성",코스모스,1980-09-11,1980,255,36.3561,128.6886,81.44
"South Korea/의성",코스모스,1982-08-30,1982,242,36.3561,128.6886,81.44
"South Korea/의성",코스모스,1984-09-11,1984,255,36.3561,128.6886,81.44
"South Korea/의성",코스모스,1985-09-16,1985,259,36.3561,128.6886,81.44
"South Korea/의성",코스모스,1986-09-06,1986,249,36.3561,128.6886,81.44
"South Korea/의성",코스모스,1987-09-12,1987,255,36.3561,128.6886,81.44
"South Korea/의성",코스모스,1988-09-09,1988,253,36.3561,128.6886,81.44
"South Korea/의성",코스모스,1989-09-11,1989,254,36.3561,128.6886,81.44
"South Korea/의성",코스모스,1990-08-26,1990,238,36.3561,128.6886,81.44
"South Korea/의성",코스모스,1991-08-28,1991,240,36.3561,128.6886,81.44
"South Korea/의성",코스모스,1992-09-12,1992,256,36.3561,128.6886,81.44
"South Korea/의성",코스모스,1993-09-15,1993,258,36.3561,128.6886,81.44
"South Korea/의성",코스모스,1994-09-15,1994,258,36.3561,128.6886,81.44
"South Korea/의성",코스모스,1995-09-04,1995,247,36.3561,128.6886,81.44
"South Korea/의성",코스모스,1996-09-11,1996,255,36.3561,128.6886,81.44
"South Korea/의성",코스모스,1997-09-06,1997,249,36.3561,128.6886,81.44
"South Korea/의성",코스모스,1998-09-09,1998,252,36.3561,128.6886,81.44
"South Korea/의성",코스모스,1999-09-01,1999,244,36.3561,128.6886,81.44
"South Korea/의성",코스모스,2000-09-05,2000,249,36.3561,128.6886,81.44
"South Korea/의성",코스모스,2001-09-17,2001,260,36.3561,128.6886,81.44
"South Korea/의성",코스모스,2002-09-06,2002,249,36.3561,128.6886,81.44
"South Korea/의성",코스모스,2003-09-16,2003,259,36.3561,128.6886,81.44
"South Korea/의성",코스모스,2004-09-17,2004,261,36.3561,128.6886,81.44
"South Korea/의성",코스모스,2005-09-10,2005,253,36.3561,128.6886,81.44
"South Korea/의성",코스모스,2006-09-01,2006,244,36.3561,128.6886,81.44
"South Korea/의성",코스모스,2007-09-06,2007,249,36.3561,128.6886,81.44
"South Korea/포항",코스모스,1973-09-07,1973,250,36.032,129.38,3.94
"South Korea/포항",코스모스,1974-09-21,1974,264,36.032,129.38,3.94
"South Korea/포항",코스모스,1975-09-25,1975,268,36.032,129.38,3.94
"South Korea/포항",코스모스,1976-09-25,1976,269,36.032,129.38,3.94
"South Korea/포항",코스모스,1977-09-25,1977,268,36.032,129.38,3.94
"South Korea/포항",코스모스,1978-09-22,1978,265,36.032,129.38,3.94
"South Korea/포항",코스모스,1979-09-13,1979,256,36.032,129.38,3.94
"South Korea/포항",코스모스,1980-09-15,1980,259,36.032,129.38,3.94
"South Korea/포항",코스모스,1981-09-20,1981,263,36.032,129.38,3.94
"South Korea/포항",코스모스,1982-09-27,1982,270,36.032,129.38,3.94
"South Korea/포항",코스모스,1983-09-30,1983,273,36.032,129.38,3.94
"South Korea/포항",코스모스,1984-10-01,1984,275,36.032,129.38,3.94
"South Korea/포항",코스모스,1985-09-09,1985,252,36.032,129.38,3.94
"South Korea/포항",코스모스,1986-09-08,1986,251,36.032,129.38,3.94
"South Korea/포항",코스모스,1987-09-07,1987,250,36.032,129.38,3.94
"South Korea/포항",코스모스,1988-09-09,1988,253,36.032,129.38,3.94
"South Korea/포항",코스모스,1989-09-14,1989,257,36.032,129.38,3.94
"South Korea/포항",코스모스,1990-09-25,1990,268,36.032,129.38,3.94
"South Korea/포항",코스모스,1991-09-17,1991,260,36.032,129.38,3.94
"South Korea/포항",코스모스,1992-09-15,1992,259,36.032,129.38,3.94
"South Korea/포항",코스모스,1993-09-13,1993,256,36.032,129.38,3.94
"South Korea/포항",코스모스,1994-09-10,1994,253,36.032,129.38,3.94
"South Korea/포항",코스모스,1995-09-11,1995,254,36.032,129.38,3.94
"South Korea/포항",코스모스,1996-09-12,1996,256,36.032,129.38,3.94
"South Korea/포항",코스모스,1997-08-22,1997,234,36.032,129.38,3.94
"South Korea/포항",코스모스,1998-09-02,1998,245,36.032,129.38,3.94
"South Korea/포항",코스모스,1999-09-06,1999,249,36.032,129.38,3.94
"South Korea/포항",코스모스,2000-08-29,2000,242,36.032,129.38,3.94
"South Korea/포항",코스모스,2001-09-01,2001,244,36.032,129.38,3.94
"South Korea/포항",코스모스,2002-08-29,2002,241,36.032,129.38,3.94
"South Korea/포항",코스모스,2003-09-04,2003,247,36.032,129.38,3.94
"South Korea/포항",코스모스,2004-09-02,2004,246,36.032,129.38,3.94
"South Korea/포항",코스모스,2005-09-07,2005,250,36.032,129.38,3.94
"South Korea/포항",코스모스,2006-09-14,2006,257,36.032,129.38,3.94
"South Korea/포항",코스모스,2007-09-10,2007,253,36.032,129.38,3.94
"South Korea/포항",코스모스,2008-09-15,2008,259,36.032,129.38,3.94
"South Korea/포항",코스모스,2009-09-20,2009,263,36.032,129.38,3.94
"South Korea/포항",코스모스,2010-08-26,2010,238,36.032,129.38,3.94
"South Korea/포항",코스모스,2011-09-07,2011,250,36.032,129.38,3.94
"South Korea/포항",코스모스,2012-09-19,2012,263,36.032,129.38,3.94
"South Korea/포항",코스모스,2013-09-15,2013,258,36.032,129.38,3.94
"South Korea/포항",코스모스,2014-09-16,2014,259,36.032,129.38,3.94
"South Korea/포항",코스모스,2015-08-30,2015,242,36.032,129.38,3.94
"South Korea/포항",코스모스,2016-09-12,2016,256,36.032,129.38,3.94
"South Korea/포항",코스모스,2017-09-18,2017,261,36.032,129.38,3.94
"South Korea/포항",코스모스,2018-09-18,2018,261,36.032,129.38,3.94
"South Korea/포항",코스모스,2019-09-24,2019,267,36.032,129.38,3.94
"South Korea/포항",코스모스,2020-09-20,2020,264,36.032,129.38,3.94
"South Korea/포항",코스모스,2021-09-09,2021,252,36.032,129.38,3.94
"South Korea/포항",코스모스,2022-09-10,2022,253,36.032,129.38,3.94
"South Korea/포항",코스모스,2023-09-12,2023,255,36.032,129.38,3.94
"South Korea/포항",코스모스,2024-09-10,2024,254,36.032,129.38,3.94
"South Korea/광주",코스모스,1973-09-03,1973,246,35.1729,126.8916,70.28
"South Korea/광주",코스모스,1974-09-14,1974,257,35.1729,126.8916,70.28
"South Korea/광주",코스모스,1975-09-20,1975,263,35.1729,126.8916,70.28
"South Korea/광주",코스모스,1976-09-20,1976,264,35.1729,126.8916,70.28
"South Korea/광주",코스모스,1977-09-18,1977,261,35.1729,126.8916,70.28
"South Korea/광주",코스모스,1979-09-13,1979,256,35.1729,126.8916,70.28
"South Korea/광주",코스모스,1980-09-08,1980,252,35.1729,126.8916,70.28
"South Korea/광주",코스모스,1981-09-09,1981,252,35.1729,126.8916,70.28
"South Korea/광주",코스모스,1982-09-20,1982,263,35.1729,126.8916,70.28
"South Korea/광주",코스모스,1984-09-13,1984,257,35.1729,126.8916,70.28
"South Korea/광주",코스모스,1985-09-16,1985,259,35.1729,126.8916,70.28
"South Korea/광주",코스모스,1986-09-18,1986,261,35.1729,126.8916,70.28
"South Korea/광주",코스모스,1987-09-12,1987,255,35.1729,126.8916,70.28
"South Korea/광주",코스모스,1988-09-08,1988,252,35.1729,126.8916,70.28
"South Korea/광주",코스모스,1989-09-07,1989,250,35.1729,126.8916,70.28
"South Korea/광주",코스모스,1990-08-17,1990,229,35.1729,126.8916,70.28
"South Korea/광주",코스모스,1991-09-10,1991,253,35.1729,126.8916,70.28
"South Korea/광주",코스모스,1992-09-10,1992,254,35.1729,126.8916,70.28
"South Korea/광주",코스모스,1993-09-04,1993,247,35.1729,126.8916,70.28
"South Korea/광주",코스모스,1994-09-03,1994,246,35.1729,126.8916,70.28
"South Korea/광주",코스모스,1995-09-04,1995,247,35.1729,126.8916,70.28
"South Korea/광주",코스모스,1996-09-01,1996,245,35.1729,126.8916,70.28
"South Korea/광주",코스모스,1997-09-01,1997,244,35.1729,126.8916,70.28
"South Korea/광주",코스모스,1998-07-26,1998,207,35.1729,126.8916,70.28
"South Korea/광주",코스모스,1999-07-28,1999,209,35.1729,126.8916,70.28
"South Korea/광주",코스모스,2000-09-05,2000,249,35.1729,126.8916,70.28
"South Korea/광주",코스모스,2001-09-08,2001,251,35.1729,126.8916,70.28
"South Korea/광주",코스모스,2002-08-25,2002,237,35.1729,126.8916,70.28
"South Korea/광주",코스모스,2003-09-14,2003,257,35.1729,126.8916,70.28
"South Korea/광주",코스모스,2004-09-11,2004,255,35.1729,126.8916,70.28
"South Korea/광주",코스모스,2005-09-28,2005,271,35.1729,126.8916,70.28
"South Korea/광주",코스모스,2006-09-12,2006,255,35.1729,126.8916,70.28
"South Korea/광주",코스모스,2007-09-29,2007,272,35.1729,126.8916,70.28
"South Korea/광주",코스모스,2008-09-18,2008,262,35.1729,126.8916,70.28
"South Korea/광주",코스모스,2009-09-20,2009,263,35.1729,126.8916,70.28
"South Korea/광주",코스모스,2010-09-15,2010,258,35.1729,126.8916,70.28
"South Korea/광주",코스모스,2012-09-08,2012,252,35.1729,126.8916,70.28
"South Korea/광주",코스모스,2013-09-10,2013,253,35.1729,126.8916,70.28
"South Korea/광주",코스모스,2014-09-11,2014,254,35.1729,126.8916,70.28
"South Korea/광주",코스모스,2015-09-11,2015,254,35.1729,126.8916,70.28
"South Korea/광주",코스모스,2016-09-15,2016,259,35.1729,126.8916,70.28
"South Korea/광주",코스모스,2017-09-14,2017,257,35.1729,126.8916,70.28
"South Korea/광주",코스모스,2018-09-24,2018,267,35.1729,126.8916,70.28
"South Korea/광주",코스모스,2019-09-20,2019,263,35.1729,126.8916,70.28
"South Korea/광주",코스모스,2020-09-29,2020,273,35.1729,126.8916,70.28
"South Korea/광주",코스모스,2021-09-28,2021,271,35.1729,126.8916,70.28
"South Korea/광주",코스모스,2022-10-04,2022,277,35.1729,126.8916,70.28
"South Korea/광주",코스모스,2023-09-19,2023,262,35.1729,126.8916,70.28
"South Korea/광주",코스모스,2024-10-02,2024,276,35.1729,126.8916,70.28
"South Korea/대구",코스모스,1974-09-02,1974,245,35.878,128.653,54.27
"South Korea/대구",코스모스,1975-08-29,1975,241,35.878,128.653,54.27
"South Korea/대구",코스모스,1976-09-04,1976,248,35.878,128.653,54.27
"South Korea/대구",코스모스,1977-09-07,1977,250,35.878,128.653,54.27
"South Korea/대구",코스모스,1978-09-07,1978,250,35.878,128.653,54.27
"South Korea/대구",코스모스,1979-09-01,1979,244,35.878,128.653,54.27
"South Korea/대구",코스모스,1980-08-28,1980,241,35.878,128.653,54.27
"South Korea/대구",코스모스,1981-08-27,1981,239,35.878,128.653,54.27
"South Korea/대구",코스모스,1982-08-24,1982,236,35.878,128.653,54.27
"South Korea/대구",코스모스,1983-08-30,1983,242,35.878,128.653,54.27
"South Korea/대구",코스모스,1984-09-20,1984,264,35.878,128.653,54.27
"South Korea/대구",코스모스,1985-09-14,1985,257,35.878,128.653,54.27
"South Korea/대구",코스모스,1986-09-03,1986,246,35.878,128.653,54.27
"South Korea/대구",코스모스,1988-09-11,1988,255,35.878,128.653,54.27
"South Korea/대구",코스모스,1989-08-31,1989,243,35.878,128.653,54.27
"South Korea/대구",코스모스,1990-09-08,1990,251,35.878,128.653,54.27
"South Korea/대구",코스모스,1991-09-03,1991,246,35.878,128.653,54.27
"South Korea/대구",코스모스,1992-09-01,1992,245,35.878,128.653,54.27
"South Korea/대구",코스모스,1993-09-01,1993,244,35.878,128.653,54.27
"South Korea/대구",코스모스,1994-08-26,1994,238,35.878,128.653,54.27
"South Korea/대구",코스모스,1995-09-01,1995,244,35.878,128.653,54.27
"South Korea/대구",코스모스,1996-09-14,1996,258,35.878,128.653,54.27
"South Korea/대구",코스모스,1997-09-03,1997,246,35.878,128.653,54.27
"South Korea/대구",코스모스,1998-08-06,1998,218,35.878,128.653,54.27
"South Korea/대구",코스모스,1999-10-01,1999,274,35.878,128.653,54.27
"South Korea/대구",코스모스,2000-09-07,2000,251,35.878,128.653,54.27
"South Korea/대구",코스모스,2001-09-02,2001,245,35.878,128.653,54.27
"South Korea/대구",코스모스,2002-09-08,2002,251,35.878,128.653,54.27
"South Korea/대구",코스모스,2003-09-07,2003,250,35.878,128.653,54.27
"South Korea/대구",코스모스,2004-09-09,2004,253,35.878,128.653,54.27
"South Korea/대구",코스모스,2005-09-09,2005,252,35.878,128.653,54.27
"South Korea/대구",코스모스,2006-09-10,2006,253,35.878,128.653,54.27
"South Korea/대구",코스모스,2007-09-08,2007,251,35.878,128.653,54.27
"South Korea/대구",코스모스,2008-09-09,2008,253,35.878,128.653,54.27
"South Korea/대구",코스모스,2009-09-02,2009,245,35.878,128.653,54.27
"South Korea/대구",코스모스,2010-09-09,2010,252,35.878,128.653,54.27
"South Korea/대구",코스모스,2011-09-06,2011,249,35.878,128.653,54.27
"South Korea/대구",코스모스,2012-09-10,2012,254,35.878,128.653,54.27
"South Korea/대구",코스모스,2013-09-21,2013,264,35.878,128.653,54.27
"South Korea/대구",코스모스,2015-09-05,2015,248,35.878,128.653,54.27
"South Korea/대구",코스모스,2016-09-08,2016,252,35.878,128.653,54.27
"South Korea/대구",코스모스,2017-09-15,2017,258,35.878,128.653,54.27
"South Korea/대구",코스모스,2018-09-22,2018,265,35.878,128.653,54.27
"South Korea/대구",코스모스,2019-09-13,2019,256,35.878,128.653,54.27
"South Korea/대구",코스모스,2020-09-07,2020,251,35.878,128.653,54.27
"South Korea/대구",코스모스,2021-09-14,2021,257,35.878,128.653,54.27
"South Korea/대구",코스모스,2022-09-14,2022,257,35.878,128.653,54.27
"South Korea/대구",코스모스,2023-09-11,2023,254,35.878,128.653,54.27
"South Korea/대구",코스모스,2024-09-11,2024,255,35.878,128.653,54.27
"South Korea/대전",코스모스,1975-08-29,1975,241,36.372,127.3721,67.79
"South Korea/대전",코스모스,1977-08-25,1977,237,36.372,127.3721,67.79
"South Korea/대전",코스모스,1978-09-02,1978,245,36.372,127.3721,67.79
"South Korea/대전",코스모스,1980-09-02,1980,246,36.372,127.3721,67.79
"South Korea/대전",코스모스,1984-09-06,1984,250,36.372,127.3721,67.79
"South Korea/대전",코스모스,1985-09-06,1985,249,36.372,127.3721,67.79
"South Korea/대전",코스모스,1986-09-12,1986,255,36.372,127.3721,67.79
"South Korea/대전",코스모스,1987-09-16,1987,259,36.372,127.3721,67.79
"South Korea/대전",코스모스,1988-09-13,1988,257,36.372,127.3721,67.79
"South Korea/대전",코스모스,1989-09-11,1989,254,36.372,127.3721,67.79
"South Korea/대전",코스모스,1990-09-10,1990,253,36.372,127.3721,67.79
"South Korea/대전",코스모스,1991-08-21,1991,233,36.372,127.3721,67.79
"South Korea/대전",코스모스,1992-09-01,1992,245,36.372,127.3721,67.79
"South Korea/대전",코스모스,1993-08-30,1993,242,36.372,127.3721,67.79
"South Korea/대전",코스모스,1994-09-01,1994,244,36.372,127.3721,67.79
"South Korea/대전",코스모스,1995-09-06,1995,249,36.372,127.3721,67.79
"South Korea/대전",코스모스,1996-09-03,1996,247,36.372,127.3721,67.79
"South Korea/대전",코스모스,1997-09-07,1997,250,36.372,127.3721,67.79
"South Korea/대전",코스모스,1998-06-23,1998,174,36.372,127.3721,67.79
"South Korea/대전",코스모스,1999-07-09,1999,190,36.372,127.3721,67.79
"South Korea/대전",코스모스,2000-08-26,2000,239,36.372,127.3721,67.79
"South Korea/대전",코스모스,2001-09-01,2001,244,36.372,127.3721,67.79
"South Korea/대전",코스모스,2002-09-03,2002,246,36.372,127.3721,67.79
"South Korea/대전",코스모스,2003-08-30,2003,242,36.372,127.3721,67.79
"South Korea/대전",코스모스,2004-09-04,2004,248,36.372,127.3721,67.79
"South Korea/대전",코스모스,2005-09-09,2005,252,36.372,127.3721,67.79
"South Korea/대전",코스모스,2006-09-10,2006,253,36.372,127.3721,67.79
"South Korea/대전",코스모스,2007-09-13,2007,256,36.372,127.3721,67.79
"South Korea/대전",코스모스,2008-09-10,2008,254,36.372,127.3721,67.79
"South Korea/대전",코스모스,2009-08-31,2009,243,36.372,127.3721,67.79
"South Korea/대전",코스모스,2010-09-14,2010,257,36.372,127.3721,67.79
"South Korea/대전",코스모스,2011-09-02,2011,245,36.372,127.3721,67.79
"South Korea/대전",코스모스,2012-09-06,2012,250,36.372,127.3721,67.79
"South Korea/대전",코스모스,2013-09-03,2013,246,36.372,127.3721,67.79
"South Korea/대전",코스모스,2014-09-20,2014,263,36.372,127.3721,67.79
"South Korea/대전",코스모스,2015-09-14,2015,257,36.372,127.3721,67.79
"South Korea/대전",코스모스,2016-09-29,2016,273,36.372,127.3721,67.79
"South Korea/대전",코스모스,2017-09-13,2017,256,36.372,127.3721,67.79
"South Korea/대전",코스모스,2018-09-14,2018,257,36.372,127.3721,67.79
"South Korea/대전",코스모스,2019-09-10,2019,253,36.372,127.3721,67.79
"South Korea/대전",코스모스,2020-09-04,2020,248,36.372,127.3721,67.79
"South Korea/대전",코스모스,2021-09-11,2021,254,36.372,127.3721,67.79
"South Korea/대전",코스모스,2022-09-05,2022,248,36.372,127.3721,67.79
"South Korea/대전",코스모스,2023-08-01,2023,213,36.372,127.3721,67.79
"South Korea/대전",코스모스,2024-09-22,2024,266,36.372,127.3721,67.79
"South Korea/부산",코스모스,1973-09-24,1973,267,35.1047,129.032,69.56
"South Korea/부산",코스모스,1974-09-19,1974,262,35.1047,129.032,69.56
"South Korea/부산",코스모스,1975-09-09,1975,252,35.1047,129.032,69.56
"South Korea/부산",코스모스,1976-09-24,1976,268,35.1047,129.032,69.56
"South Korea/부산",코스모스,1977-09-20,1977,263,35.1047,129.032,69.56
"South Korea/부산",코스모스,1979-09-22,1979,265,35.1047,129.032,69.56
"South Korea/부산",코스모스,1980-09-14,1980,258,35.1047,129.032,69.56
"South Korea/부산",코스모스,1981-09-13,1981,256,35.1047,129.032,69.56
"South Korea/부산",코스모스,1983-09-22,1983,265,35.1047,129.032,69.56
"South Korea/부산",코스모스,1984-09-25,1984,269,35.1047,129.032,69.56
"South Korea/부산",코스모스,1985-09-15,1985,258,35.1047,129.032,69.56
"South Korea/부산",코스모스,1986-09-26,1986,269,35.1047,129.032,69.56
"South Korea/부산",코스모스,1987-09-18,1987,261,35.1047,129.032,69.56
"South Korea/부산",코스모스,1988-09-20,1988,264,35.1047,129.032,69.56
"South Korea/부산",코스모스,1989-09-25,1989,268,35.1047,129.032,69.56
"South Korea/부산",코스모스,1990-09-16,1990,259,35.1047,129.032,69.56
"South Korea/부산",코스모스,1991-09-18,1991,261,35.1047,129.032,69.56
"South Korea/부산",코스모스,1993-09-16,1993,259,35.1047,129.032,69.56
"South Korea/부산",코스모스,1994-09-10,1994,253,35.1047,129.032,69.56
"South Korea/부산",코스모스,1995-10-01,1995,274,35.1047,129.032,69.56
"South Korea/부산",코스모스,1996-09-11,1996,255,35.1047,129.032,69.56
"South Korea/부산",코스모스,1997-09-04,1997,247,35.1047,129.032,69.56
"South Korea/부산",코스모스,1998-09-17,1998,260,35.1047,129.032,69.56
"South Korea/부산",코스모스,1999-09-21,1999,264,35.1047,129.032,69.56
"South Korea/부산",코스모스,2000-09-14,2000,258,35.1047,129.032,69.56
"South Korea/부산",코스모스,2001-09-08,2001,251,35.1047,129.032,69.56
"South Korea/부산",코스모스,2002-09-23,2002,266,35.1047,129.032,69.56
"South Korea/부산",코스모스,2003-09-27,2003,270,35.1047,129.032,69.56
"South Korea/부산",코스모스,2004-09-14,2004,258,35.1047,129.032,69.56
"South Korea/부산",코스모스,2005-09-02,2005,245,35.1047,129.032,69.56
"South Korea/부산",코스모스,2006-09-14,2006,257,35.1047,129.032,69.56
"South Korea/부산",코스모스,2007-09-15,2007,258,35.1047,129.032,69.56
"South Korea/부산",코스모스,2008-09-08,2008,252,35.1047,129.032,69.56
"South Korea/부산",코스모스,2009-09-10,2009,253,35.1047,129.032,69.56
"South Korea/부산",코스모스,2010-09-19,2010,262,35.1047,129.032,69.56
"South Korea/부산",코스모스,2011-09-14,2011,257,35.1047,129.032,69.56
"South Korea/부산",코스모스,2012-10-03,2012,277,35.1047,129.032,69.56
"South Korea/부산",코스모스,2013-09-24,2013,267,35.1047,129.032,69.56
"South Korea/부산",코스모스,2014-09-17,2014,260,35.1047,129.032,69.56
"South Korea/부산",코스모스,2015-09-21,2015,264,35.1047,129.032,69.56
"South Korea/부산",코스모스,2016-09-06,2016,250,35.1047,129.032,69.56
"South Korea/부산",코스모스,2017-09-09,2017,252,35.1047,129.032,69.56
"South Korea/부산",코스모스,2018-09-16,2018,259,35.1047,129.032,69.56
"South Korea/부산",코스모스,2019-09-10,2019,253,35.1047,129.032,69.56
"South Korea/부산",코스모스,2020-09-20,2020,264,35.1047,129.032,69.56
"South Korea/부산",코스모스,2021-09-19,2021,262,35.1047,129.032,69.56
"South Korea/부산",코스모스,2022-09-13,2022,256,35.1047,129.032,69.56
"South Korea/부산",코스모스,2023-09-11,2023,254,35.1047,129.032,69.56
"South Korea/부산",코스모스,2024-09-08,2024,252,35.1047,129.032,69.56
"South Korea/서울",코스모스,1976-09-05,1976,249,37.5714,126.9658,85.67
"South Korea/서울",코스모스,1977-09-07,1977,250,37.5714,126.9658,85.67
"South Korea/서울",코스모스,1978-09-04,1978,247,37.5714,126.9658,85.67
"South Korea/서울",코스모스,1979-09-06,1979,249,37.5714,126.9658,85.67
"South Korea/서울",코스모스,1980-09-05,1980,249,37.5714,126.9658,85.67
"South Korea/서울",코스모스,1985-09-11,1985,254,37.5714,126.9658,85.67
"South Korea/서울",코스모스,1989-09-18,1989,261,37.5714,126.9658,85.67
"South Korea/서울",코스모스,1990-09-14,1990,257,37.5714,126.9658,85.67
"South Korea/서울",코스모스,1991-09-16,1991,259,37.5714,126.9658,85.67
"South Korea/서울",코스모스,1993-09-02,1993,245,37.5714,126.9658,85.67
"South Korea/서울",코스모스,1994-09-05,1994,248,37.5714,126.9658,85.67
"South Korea/서울",코스모스,1995-09-02,1995,245,37.5714,126.9658,85.67
"South Korea/서울",코스모스,1996-07-23,1996,205,37.5714,126.9658,85.67
"South Korea/서울",코스모스,1997-09-22,1997,265,37.5714,126.9658,85.67
"South Korea/서울",코스모스,1998-06-29,1998,180,37.5714,126.9658,85.67
"South Korea/서울",코스모스,1999-09-13,1999,256,37.5714,126.9658,85.67
"South Korea/서울",코스모스,2000-08-30,2000,243,37.5714,126.9658,85.67
"South Korea/서울",코스모스,2001-08-23,2001,235,37.5714,126.9658,85.67
"South Korea/서울",코스모스,2002-09-04,2002,247,37.5714,126.9658,85.67
"South Korea/서울",코스모스,2003-07-24,2003,205,37.5714,126.9658,85.67
"South Korea/서울",코스모스,2004-08-24,2004,237,37.5714,126.9658,85.67
"South Korea/서울",코스모스,2005-09-10,2005,253,37.5714,126.9658,85.67
"South Korea/서울",코스모스,2010-08-24,2010,236,37.5714,126.9658,85.67
"South Korea/서울",코스모스,2011-08-19,2011,231,37.5714,126.9658,85.67
"South Korea/서울",코스모스,2012-08-13,2012,226,37.5714,126.9658,85.67
"South Korea/서울",코스모스,2013-08-14,2013,226,37.5714,126.9658,85.67
"South Korea/서울",코스모스,2014-08-01,2014,213,37.5714,126.9658,85.67
"South Korea/서울",코스모스,2015-08-30,2015,242,37.5714,126.9658,85.67
"South Korea/서울",코스모스,2016-09-04,2016,248,37.5714,126.9658,85.67
"South Korea/서울",코스모스,2017-09-03,2017,246,37.5714,126.9658,85.67
"South Korea/서울",코스모스,2018-09-19,2018,262,37.5714,126.9658,85.67
"South Korea/서울",코스모스,2019-09-14,2019,257,37.5714,126.9658,85.67
"South Korea/서울",코스모스,2020-08-31,2020,244,37.5714,126.9658,85.67
"South Korea/서울",코스모스,2022-08-24,2022,236,37.5714,126.9658,85.67
"South Korea/서울",코스모스,2023-08-03,2023,215,37.5714,126.9658,85.67
"South Korea/울산",코스모스,1973-09-11,1973,254,35.5824,129.3347,81.14
"South Korea/울산",코스모스,1974-09-15,1974,258,35.5824,129.3347,81.14
"South Korea/울산",코스모스,1975-09-10,1975,253,35.5824,129.3347,81.14
"South Korea/울산",코스모스,1976-09-16,1976,260,35.5824,129.3347,81.14
"South Korea/울산",코스모스,1977-09-13,1977,256,35.5824,129.3347,81.14
"South Korea/울산",코스모스,1978-09-10,1978,253,35.5824,129.3347,81.14
"South Korea/울산",코스모스,1979-09-11,1979,254,35.5824,129.3347,81.14
"South Korea/울산",코스모스,1980-09-08,1980,252,35.5824,129.3347,81.14
"South Korea/울산",코스모스,1981-09-12,1981,255,35.5824,129.3347,81.14
"South Korea/울산",코스모스,1982-09-10,1982,253,35.5824,129.3347,81.14
"South Korea/울산",코스모스,1984-09-13,1984,257,35.5824,129.3347,81.14
"South Korea/울산",코스모스,1985-09-13,1985,256,35.5824,129.3347,81.14
"South Korea/울산",코스모스,1986-09-08,1986,251,35.5824,129.3347,81.14
"South Korea/울산",코스모스,1987-09-14,1987,257,35.5824,129.3347,81.14
"South Korea/울산",코스모스,1989-09-12,1989,255,35.5824,129.3347,81.14
"South Korea/울산",코스모스,1990-09-17,1990,260,35.5824,129.3347,81.14
"South Korea/울산",코스모스,1991-09-04,1991,247,35.5824,129.3347,81.14
"South Korea/울산",코스모스,1992-08-29,1992,242,35.5824,129.3347,81.14
"South Korea/울산",코스모스,1993-09-12,1993,255,35.5824,129.3347,81.14
"South Korea/울산",코스모스,1994-09-15,1994,258,35.5824,129.3347,81.14
"South Korea/울산",코스모스,1995-09-15,1995,258,35.5824,129.3347,81.14
"South Korea/울산",코스모스,1996-09-13,1996,257,35.5824,129.3347,81.14
"South Korea/울산",코스모스,1997-09-07,1997,250,35.5824,129.3347,81.14
"South Korea/울산",코스모스,1998-09-11,1998,254,35.5824,129.3347,81.14
"South Korea/울산",코스모스,1999-08-01,1999,213,35.5824,129.3347,81.14
"South Korea/울산",코스모스,2000-09-18,2000,262,35.5824,129.3347,81.14
"South Korea/울산",코스모스,2001-09-14,2001,257,35.5824,129.3347,81.14
"South Korea/울산",코스모스,2002-09-12,2002,255,35.5824,129.3347,81.14
"South Korea/울산",코스모스,2003-08-31,2003,243,35.5824,129.3347,81.14
"South Korea/울산",코스모스,2004-08-28,2004,241,35.5824,129.3347,81.14
"South Korea/울산",코스모스,2005-09-03,2005,246,35.5824,129.3347,81.14
"South Korea/울산",코스모스,2006-09-02,2006,245,35.5824,129.3347,81.14
"South Korea/울산",코스모스,2007-09-10,2007,253,35.5824,129.3347,81.14
"South Korea/울산",코스모스,2008-09-07,2008,251,35.5824,129.3347,81.14
"South Korea/울산",코스모스,2009-09-08,2009,251,35.5824,129.3347,81.14
"South Korea/울산",코스모스,2010-09-23,2010,266,35.5824,129.3347,81.14
"South Korea/울산",코스모스,2011-09-09,2011,252,35.5824,129.3347,81.14
"South Korea/울산",코스모스,2012-09-22,2012,266,35.5824,129.3347,81.14
"South Korea/울산",코스모스,2013-09-29,2013,272,35.5824,129.3347,81.14
"South Korea/울산",코스모스,2014-09-20,2014,263,35.5824,129.3347,81.14
"South Korea/울산",코스모스,2015-09-20,2015,263,35.5824,129.3347,81.14
"South Korea/울산",코스모스,2016-09-05,2016,249,35.5824,129.3347,81.14
"South Korea/울산",코스모스,2017-09-06,2017,249,35.5824,129.3347,81.14
"South Korea/울산",코스모스,2018-09-18,2018,261,35.5824,129.3347,81.14
"South Korea/울산",코스모스,2019-09-16,2019,259,35.5824,129.3347,81.14
"South Korea/울산",코스모스,2020-09-18,2020,262,35.5824,129.3347,81.14
"South Korea/울산",코스모스,2021-09-20,2021,263,35.5824,129.3347,81.14
"South Korea/울산",코스모스,2022-09-16,2022,259,35.5824,129.3347,81.14
"South Korea/울산",코스모스,2023-09-18,2023,261,35.5824,129.3347,81.14
"South Korea/울산",코스모스,2024-09-19,2024,263,35.5824,129.3347,81.14
"South Korea/강화",코스모스,1976-09-02,1976,246,37.7074,126.4463,47.84
"South Korea/강화",코스모스,1977-09-13,1977,256,37.7074,126.4463,47.84
"South Korea/강화",코스모스,1978-09-10,1978,253,37.7074,126.4463,47.84
"South Korea/강화",코스모스,1979-09-07,1979,250,37.7074,126.4463,47.84
"South Korea/강화",코스모스,1980-09-04,1980,248,37.7074,126.4463,47.84
"South Korea/강화",코스모스,1981-09-06,1981,249,37.7074,126.4463,47.84
"South Korea/강화",코스모스,1982-09-05,1982,248,37.7074,126.4463,47.84
"South Korea/강화",코스모스,1990-09-06,1990,249,37.7074,126.4463,47.84
"South Korea/강화",코스모스,1991-09-03,1991,246,37.7074,126.4463,47.84
"South Korea/강화",코스모스,1992-09-04,1992,248,37.7074,126.4463,47.84
"South Korea/강화",코스모스,1993-09-02,1993,245,37.7074,126.4463,47.84
"South Korea/강화",코스모스,1994-09-11,1994,254,37.7074,126.4463,47.84
"South Korea/강화",코스모스,1995-09-17,1995,260,37.7074,126.4463,47.84
"South Korea/강화",코스모스,1996-09-03,1996,247,37.7074,126.4463,47.84
"South Korea/강화",코스모스,1997-09-08,1997,251,37.7074,126.4463,47.84
"South Korea/강화",코스모스,1998-08-29,1998,241,37.7074,126.4463,47.84
"South Korea/강화",코스모스,1999-08-20,1999,232,37.7074,126.4463,47.84
"South Korea/강화",코스모스,2000-09-03,2000,247,37.7074,126.4463,47.84
"South Korea/강화",코스모스,2001-08-25,2001,237,37.7074,126.4463,47.84
"South Korea/강화",코스모스,2002-09-06,2002,249,37.7074,126.4463,47.84
"South Korea/강화",코스모스,2003-09-02,2003,245,37.7074,126.4463,47.84
"South Korea/강화",코스모스,2004-08-31,2004,244,37.7074,126.4463,47.84
"South Korea/강화",코스모스,2005-09-02,2005,245,37.7074,126.4463,47.84
"South Korea/강화",코스모스,2006-09-07,2006,250,37.7074,126.4463,47.84
"South Korea/강화",코스모스,2007-09-03,2007,246,37.7074,126.4463,47.84
"South Korea/강화",코스모스,2008-09-02,2008,246,37.7074,126.4463,47.84
"South Korea/백령도",코스모스,2001-08-27,2001,239,37.974,124.7124,36.0
"South Korea/백령도",코스모스,2002-09-06,2002,249,37.974,124.7124,36.0
"South Korea/백령도",코스모스,2003-08-24,2003,236,37.974,124.7124,36.0
"South Korea/백령도",코스모스,2004-08-26,2004,239,37.974,124.7124,36.0
"South Korea/백령도",코스모스,2005-09-02,2005,245,37.974,124.7124,36.0
"South Korea/백령도",코스모스,2006-09-05,2006,248,37.974,124.7124,36.0
"South Korea/백령도",코스모스,2007-09-04,2007,247,37.974,124.7124,36.0
"South Korea/백령도",코스모스,2008-08-22,2008,235,37.974,124.7124,36.0
"South Korea/백령도",코스모스,2009-09-02,2009,245,37.974,124.7124,36.0
"South Korea/백령도",코스모스,2010-08-21,2010,233,37.974,124.7124,36.0
"South Korea/백령도",코스모스,2011-07-10,2011,191,37.974,124.7124,36.0
"South Korea/백령도",코스모스,2012-07-13,2012,195,37.974,124.7124,36.0
"South Korea/백령도",코스모스,2013-07-03,2013,184,37.974,124.7124,36.0
"South Korea/백령도",코스모스,2014-06-13,2014,164,37.974,124.7124,36.0
"South Korea/백령도",코스모스,2015-07-15,2015,196,37.974,124.7124,36.0
"South Korea/백령도",코스모스,2016-09-02,2016,246,37.974,124.7124,36.0
"South Korea/백령도",코스모스,2017-09-04,2017,247,37.974,124.7124,36.0
"South Korea/백령도",코스모스,2018-08-30,2018,242,37.974,124.7124,36.0
"South Korea/백령도",코스모스,2019-08-27,2019,239,37.974,124.7124,36.0
"South Korea/백령도",코스모스,2020-09-02,2020,246,37.974,124.7124,36.0
"South Korea/백령도",코스모스,2021-09-04,2021,247,37.974,124.7124,36.0
"South Korea/백령도",코스모스,2022-09-17,2022,260,37.974,124.7124,36.0
"South Korea/백령도",코스모스,2023-09-09,2023,252,37.974,124.7124,36.0
"South Korea/백령도",코스모스,2024-09-01,2024,245,37.974,124.7124,36.0
"South Korea/인천",코스모스,1974-09-06,1974,249,37.4777,126.6249,68.99
"South Korea/인천",코스모스,1975-09-09,1975,252,37.4777,126.6249,68.99
"South Korea/인천",코스모스,1976-09-13,1976,257,37.4777,126.6249,68.99
"South Korea/인천",코스모스,1977-09-19,1977,262,37.4777,126.6249,68.99
"South Korea/인천",코스모스,1978-09-19,1978,262,37.4777,126.6249,68.99
"South Korea/인천",코스모스,1979-09-16,1979,259,37.4777,126.6249,68.99
"South Korea/인천",코스모스,1986-09-16,1986,259,37.4777,126.6249,68.99
"South Korea/인천",코스모스,1987-09-15,1987,258,37.4777,126.6249,68.99
"South Korea/인천",코스모스,1988-09-12,1988,256,37.4777,126.6249,68.99
"South Korea/인천",코스모스,1989-09-09,1989,252,37.4777,126.6249,68.99
"South Korea/인천",코스모스,1990-09-16,1990,259,37.4777,126.6249,68.99
"South Korea/인천",코스모스,1991-09-02,1991,245,37.4777,126.6249,68.99
"South Korea/인천",코스모스,1992-09-05,1992,249,37.4777,126.6249,68.99
"South Korea/인천",코스모스,1993-09-08,1993,251,37.4777,126.6249,68.99
"South Korea/인천",코스모스,1994-09-14,1994,257,37.4777,126.6249,68.99
"South Korea/인천",코스모스,1995-09-12,1995,255,37.4777,126.6249,68.99
"South Korea/인천",코스모스,1996-09-01,1996,245,37.4777,126.6249,68.99
"South Korea/인천",코스모스,1997-09-04,1997,247,37.4777,126.6249,68.99
"South Korea/인천",코스모스,1998-07-06,1998,187,37.4777,126.6249,68.99
"South Korea/인천",코스모스,1999-08-05,1999,217,37.4777,126.6249,68.99
"South Korea/인천",코스모스,2000-08-29,2000,242,37.4777,126.6249,68.99
"South Korea/인천",코스모스,2001-08-27,2001,239,37.4777,126.6249,68.99
"South Korea/인천",코스모스,2002-08-20,2002,232,37.4777,126.6249,68.99
"South Korea/인천",코스모스,2003-08-14,2003,226,37.4777,126.6249,68.99
"South Korea/인천",코스모스,2004-09-11,2004,255,37.4777,126.6249,68.99
"South Korea/인천",코스모스,2005-09-05,2005,248,37.4777,126.6249,68.99
"South Korea/인천",코스모스,2006-09-15,2006,258,37.4777,126.6249,68.99
"South Korea/인천",코스모스,2007-09-17,2007,260,37.4777,126.6249,68.99
"South Korea/인천",코스모스,2008-09-07,2008,251,37.4777,126.6249,68.99
"South Korea/인천",코스모스,2009-09-10,2009,253,37.4777,126.6249,68.99
"South Korea/인천",코스모스,2010-08-19,2010,231,37.4777,126.6249,68.99
"South Korea/인천",코스모스,2011-08-03,2011,215,37.4777,126.6249,68.99
"South Korea/인천",코스모스,2012-08-06,2012,219,37.4777,126.6249,68.99
"South Korea/인천",코스모스,2013-08-15,2013,227,37.4777,126.6249,68.99
"South Korea/인천",코스모스,2014-08-15,2014,227,37.4777,126.6249,68.99
"South Korea/인천",코스모스,2015-07-14,2015,195,37.4777,126.6249,68.99
"South Korea/인천",코스모스,2016-06-28,2016,180,37.4777,126.6249,68.99
"South Korea/인천",코스모스,2017-09-12,2017,255,37.4777,126.6249,68.99
"South Korea/인천",코스모스,2018-09-14,2018,257,37.4777,126.6249,68.99
"South Korea/인천",코스모스,2019-09-16,2019,259,37.4777,126.6249,68.99
"South Korea/인천",코스모스,2020-09-15,2020,259,37.4777,126.6249,68.99
"South Korea/인천",코스모스,2021-09-30,2021,273,37.4777,126.6249,68.99
"South Korea/인천",코스모스,2022-09-15,2022,258,37.4777,126.6249,68.99
"South Korea/인천",코스모스,2023-08-25,2023,237,37.4777,126.6249,68.99
"South Korea/인천",코스모스,2024-09-22,2024,266,37.4777,126.6249,68.99
"South Korea/고흥",코스모스,1975-09-12,1975,255,34.6183,127.2757,51.91
"South Korea/고흥",코스모스,1976-09-16,1976,260,34.6183,127.2757,51.91
"South Korea/고흥",코스모스,1979-09-12,1979,255,34.6183,127.2757,51.91
"South Korea/고흥",코스모스,1980-09-25,1980,269,34.6183,127.2757,51.91
"South Korea/고흥",코스모스,1981-09-28,1981,271,34.6183,127.2757,51.91
"South Korea/고흥",코스모스,1982-09-22,1982,265,34.6183,127.2757,51.91
"South Korea/고흥",코스모스,1983-09-26,1983,269,34.6183,127.2757,51.91
"South Korea/고흥",코스모스,1984-09-11,1984,255,34.6183,127.2757,51.91
"South Korea/고흥",코스모스,1985-09-21,1985,264,34.6183,127.2757,51.91
"South Korea/고흥",코스모스,1986-09-18,1986,261,34.6183,127.2757,51.91
"South Korea/고흥",코스모스,1987-09-13,1987,256,34.6183,127.2757,51.91
"South Korea/고흥",코스모스,1988-09-04,1988,248,34.6183,127.2757,51.91
"South Korea/고흥",코스모스,1989-09-03,1989,246,34.6183,127.2757,51.91
"South Korea/고흥",코스모스,1990-09-14,1990,257,34.6183,127.2757,51.91
"South Korea/고흥",코스모스,1991-09-17,1991,260,34.6183,127.2757,51.91
"South Korea/고흥",코스모스,1992-09-15,1992,259,34.6183,127.2757,51.91
"South Korea/고흥",코스모스,1993-09-16,1993,259,34.6183,127.2757,51.91
"South Korea/고흥",코스모스,1994-09-15,1994,258,34.6183,127.2757,51.91
"South Korea/고흥",코스모스,1995-09-21,1995,264,34.6183,127.2757,51.91
"South Korea/고흥",코스모스,1996-09-14,1996,258,34.6183,127.2757,51.91
"South Korea/고흥",코스모스,1997-09-08,1997,251,34.6183,127.2757,51.91
"South Korea/고흥",코스모스,1998-08-25,1998,237,34.6183,127.2757,51.91
"South Korea/고흥",코스모스,1999-09-07,1999,250,34.6183,127.2757,51.91
"South Korea/고흥",코스모스,2000-09-13,2000,257,34.6183,127.2757,51.91
"South Korea/고흥",코스모스,2001-09-15,2001,258,34.6183,127.2757,51.91
"South Korea/고흥",코스모스,2002-09-19,2002,262,34.6183,127.2757,51.91
"South Korea/고흥",코스모스,2003-09-19,2003,262,34.6183,127.2757,51.91
"South Korea/고흥",코스모스,2004-09-12,2004,256,34.6183,127.2757,51.91
"South Korea/고흥",코스모스,2005-09-23,2005,266,34.6183,127.2757,51.91
"South Korea/고흥",코스모스,2006-09-15,2006,258,34.6183,127.2757,51.91
"South Korea/고흥",코스모스,2007-09-14,2007,257,34.6183,127.2757,51.91
"South Korea/고흥",코스모스,2008-09-12,2008,256,34.6183,127.2757,51.91
"South Korea/목포",코스모스,1973-09-10,1973,253,34.8173,126.3815,44.7
"South Korea/목포",코스모스,1974-09-06,1974,249,34.8173,126.3815,44.7
"South Korea/목포",코스모스,1975-09-07,1975,250,34.8173,126.3815,44.7
"South Korea/목포",코스모스,1976-09-10,1976,254,34.8173,126.3815,44.7
"South Korea/목포",코스모스,1977-09-06,1977,249,34.8173,126.3815,44.7
"South Korea/목포",코스모스,1978-09-06,1978,249,34.8173,126.3815,44.7
"South Korea/목포",코스모스,1979-09-03,1979,246,34.8173,126.3815,44.7
"South Korea/목포",코스모스,1980-09-04,1980,248,34.8173,126.3815,44.7
"South Korea/목포",코스모스,1981-09-05,1981,248,34.8173,126.3815,44.7
"South Korea/목포",코스모스,1982-09-15,1982,258,34.8173,126.3815,44.7
"South Korea/목포",코스모스,1983-09-13,1983,256,34.8173,126.3815,44.7
"South Korea/목포",코스모스,1984-09-07,1984,251,34.8173,126.3815,44.7
"South Korea/목포",코스모스,1985-09-05,1985,248,34.8173,126.3815,44.7
"South Korea/목포",코스모스,1986-09-18,1986,261,34.8173,126.3815,44.7
"South Korea/목포",코스모스,1987-09-15,1987,258,34.8173,126.3815,44.7
"South Korea/목포",코스모스,1988-09-13,1988,257,34.8173,126.3815,44.7
"South Korea/목포",코스모스,1989-09-15,1989,258,34.8173,126.3815,44.7
"South Korea/목포",코스모스,1990-09-10,1990,253,34.8173,126.3815,44.7
"South Korea/목포",코스모스,1991-09-10,1991,253,34.8173,126.3815,44.7
"South Korea/목포",코스모스,1992-09-08,1992,252,34.8173,126.3815,44.7
"South Korea/목포",코스모스,1993-09-06,1993,249,34.8173,126.3815,44.7
"South Korea/목포",코스모스,1994-09-10,1994,253,34.8173,126.3815,44.7
"South Korea/목포",코스모스,1995-09-12,1995,255,34.8173,126.3815,44.7
"South Korea/목포",코스모스,1996-09-14,1996,258,34.8173,126.3815,44.7
"South Korea/목포",코스모스,1997-09-08,1997,251,34.8173,126.3815,44.7
"South Korea/목포",코스모스,1998-09-11,1998,254,34.8173,126.3815,44.7
"South Korea/목포",코스모스,1999-09-09,1999,252,34.8173,126.3815,44.7
"South Korea/목포",코스모스,2000-09-13,2000,257,34.8173,126.3815,44.7
"South Korea/목포",코스모스,2001-09-09,2001,252,34.8173,126.3815,44.7
"South Korea/목포",코스모스,2002-09-13,2002,256,34.8173,126.3815,44.7
"South Korea/목포",코스모스,2003-08-23,2003,235,34.8173,126.3815,44.7
"South Korea/목포",코스모스,2004-09-05,2004,249,34.8173,126.3815,44.7
"South Korea/목포",코스모스,2005-08-28,2005,240,34.8173,126.3815,44.7
"South Korea/목포",코스모스,2006-09-01,2006,244,34.8173,126.3815,44.7
"South Korea/목포",코스모스,2007-08-24,2007,236,34.8173,126.3815,44.7
"South Korea/목포",코스모스,2008-08-30,2008,243,34.8173,126.3815,44.7
"South Korea/목포",코스모스,2009-09-10,2009,253,34.8173,126.3815,44.7
"South Korea/목포",코스모스,2010-09-20,2010,263,34.8173,126.3815,44.7
"South Korea/목포",코스모스,2011-09-18,2011,261,34.8173,126.3815,44.7
"South Korea/목포",코스모스,2012-09-21,2012,265,34.8173,126.3815,44.7
"South Korea/목포",코스모스,2013-09-11,2013,254,34.8173,126.3815,44.7
"South Korea/목포",코스모스,2014-09-15,2014,258,34.8173,126.3815,44.7
"South Korea/목포",코스모스,2015-09-11,2015,254,34.8173,126.3815,44.7
"South Korea/목포",코스모스,2016-09-09,2016,253,34.8173,126.3815,44.7
"South Korea/목포",코스모스,2017-09-12,2017,255,34.8173,126.3815,44.7
"South Korea/목포",코스모스,2018-09-20,2018,263,34.8173,126.3815,44.7
"South Korea/목포",코스모스,2020-09-10,2020,254,34.8173,126.3815,44.7
"South Korea/목포",코스모스,2021-09-17,2021,260,34.8173,126.3815,44.7
"South Korea/목포",코스모스,2022-09-15,2022,258,34.8173,126.3815,44.7
"South Korea/목포",코스모스,2023-09-20,2023,263,34.8173,126.3815,44.7
"South Korea/목포",코스모스,2024-09-18,2024,262,34.8173,126.3815,44.7
"South Korea/무안",코스모스,1993-09-05,1993,248,nan,nan,nan
"South Korea/무안",코스모스,1994-09-07,1994,250,nan,nan,nan
"South Korea/무안",코스모스,1995-09-11,1995,254,nan,nan,nan
"South Korea/무안",코스모스,1996-09-10,1996,254,nan,nan,nan
"South Korea/무안",코스모스,1997-09-01,1997,244,nan,nan,nan
"South Korea/무안",코스모스,1998-09-11,1998,254,nan,nan,nan
"South Korea/무안",코스모스,1999-09-09,1999,252,nan,nan,nan
"South Korea/순천",코스모스,2011-09-13,2011,256,35.0204,127.3694,165.0
"South Korea/순천",코스모스,2012-09-11,2012,255,35.0204,127.3694,165.0
"South Korea/순천",코스모스,2013-09-08,2013,251,35.0204,127.3694,165.0
"South Korea/순천",코스모스,2014-09-20,2014,263,35.0204,127.3694,165.0
"South Korea/여수",코스모스,1973-09-11,1973,254,34.7393,127.7406,65.93
"South Korea/여수",코스모스,1977-09-10,1977,253,34.7393,127.7406,65.93
"South Korea/여수",코스모스,1978-09-05,1978,248,34.7393,127.7406,65.93
"South Korea/여수",코스모스,1979-09-09,1979,252,34.7393,127.7406,65.93
"South Korea/여수",코스모스,1980-09-12,1980,256,34.7393,127.7406,65.93
"South Korea/여수",코스모스,1982-09-20,1982,263,34.7393,127.7406,65.93
"South Korea/여수",코스모스,1984-09-28,1984,272,34.7393,127.7406,65.93
"South Korea/여수",코스모스,1985-09-22,1985,265,34.7393,127.7406,65.93
"South Korea/여수",코스모스,1986-10-02,1986,275,34.7393,127.7406,65.93
"South Korea/여수",코스모스,1987-09-23,1987,266,34.7393,127.7406,65.93
"South Korea/여수",코스모스,1988-09-28,1988,272,34.7393,127.7406,65.93
"South Korea/여수",코스모스,1989-09-20,1989,263,34.7393,127.7406,65.93
"South Korea/여수",코스모스,1990-09-09,1990,252,34.7393,127.7406,65.93
"South Korea/여수",코스모스,1991-09-20,1991,263,34.7393,127.7406,65.93
"South Korea/여수",코스모스,1992-09-21,1992,265,34.7393,127.7406,65.93
"South Korea/여수",코스모스,1993-09-17,1993,260,34.7393,127.7406,65.93
"South Korea/여수",코스모스,1994-09-12,1994,255,34.7393,127.7406,65.93
"South Korea/여수",코스모스,1995-09-15,1995,258,34.7393,127.7406,65.93
"South Korea/여수",코스모스,1996-08-31,1996,244,34.7393,127.7406,65.93
"South Korea/여수",코스모스,1997-09-03,1997,246,34.7393,127.7406,65.93
"South Korea/여수",코스모스,1998-09-20,1998,263,34.7393,127.7406,65.93
"South Korea/여수",코스모스,1999-09-22,1999,265,34.7393,127.7406,65.93
"South Korea/여수",코스모스,2000-09-13,2000,257,34.7393,127.7406,65.93
"South Korea/여수",코스모스,2001-09-14,2001,257,34.7393,127.7406,65.93
"South Korea/여수",코스모스,2002-09-13,2002,256,34.7393,127.7406,65.93
"South Korea/여수",코스모스,2003-09-26,2003,269,34.7393,127.7406,65.93
"South Korea/여수",코스모스,2004-08-29,2004,242,34.7393,127.7406,65.93
"South Korea/여수",코스모스,2005-08-18,2005,230,34.7393,127.7406,65.93
"South Korea/여수",코스모스,2006-08-07,2006,219,34.7393,127.7406,65.93
"South Korea/여수",코스모스,2007-09-08,2007,251,34.7393,127.7406,65.93
"South Korea/여수",코스모스,2008-09-05,2008,249,34.7393,127.7406,65.93
"South Korea/여수",코스모스,2009-09-14,2009,257,34.7393,127.7406,65.93
"South Korea/여수",코스모스,2010-09-20,2010,263,34.7393,127.7406,65.93
"South Korea/여수",코스모스,2011-09-14,2011,257,34.7393,127.7406,65.93
"South Korea/여수",코스모스,2012-09-20,2012,264,34.7393,127.7406,65.93
"South Korea/여수",코스모스,2013-09-11,2013,254,34.7393,127.7406,65.93
"South Korea/여수",코스모스,2014-09-20,2014,263,34.7393,127.7406,65.93
"South Korea/여수",코스모스,2015-09-15,2015,258,34.7393,127.7406,65.93
"South Korea/여수",코스모스,2016-09-19,2016,263,34.7393,127.7406,65.93
"South Korea/여수",코스모스,2017-09-05,2017,248,34.7393,127.7406,65.93
"South Korea/여수",코스모스,2018-09-22,2018,265,34.7393,127.7406,65.93
"South Korea/여수",코스모스,2019-09-09,2019,252,34.7393,127.7406,65.93
"South Korea/여수",코스모스,2020-09-19,2020,263,34.7393,127.7406,65.93
"South Korea/여수",코스모스,2021-09-12,2021,255,34.7393,127.7406,65.93
"South Korea/여수",코스모스,2022-09-11,2022,254,34.7393,127.7406,65.93
"South Korea/여수",코스모스,2023-09-13,2023,256,34.7393,127.7406,65.93
"South Korea/여수",코스모스,2024-09-12,2024,256,34.7393,127.7406,65.93
"South Korea/완도",코스모스,1978-09-11,1978,254,34.3959,126.7018,35.37
"South Korea/완도",코스모스,1979-09-11,1979,254,34.3959,126.7018,35.37
"South Korea/완도",코스모스,1980-09-14,1980,258,34.3959,126.7018,35.37
"South Korea/완도",코스모스,1981-09-21,1981,264,34.3959,126.7018,35.37
"South Korea/완도",코스모스,1982-09-21,1982,264,34.3959,126.7018,35.37
"South Korea/완도",코스모스,1983-09-22,1983,265,34.3959,126.7018,35.37
"South Korea/완도",코스모스,1984-09-21,1984,265,34.3959,126.7018,35.37
"South Korea/완도",코스모스,1985-09-18,1985,261,34.3959,126.7018,35.37
"South Korea/완도",코스모스,1986-09-16,1986,259,34.3959,126.7018,35.37
"South Korea/완도",코스모스,1987-09-15,1987,258,34.3959,126.7018,35.37
"South Korea/완도",코스모스,1989-09-08,1989,251,34.3959,126.7018,35.37
"South Korea/완도",코스모스,1990-09-12,1990,255,34.3959,126.7018,35.37
"South Korea/완도",코스모스,1991-09-13,1991,256,34.3959,126.7018,35.37
"South Korea/완도",코스모스,1992-09-14,1992,258,34.3959,126.7018,35.37
"South Korea/완도",코스모스,1993-09-05,1993,248,34.3959,126.7018,35.37
"South Korea/완도",코스모스,1994-09-09,1994,252,34.3959,126.7018,35.37
"South Korea/완도",코스모스,1995-09-10,1995,253,34.3959,126.7018,35.37
"South Korea/완도",코스모스,1996-09-12,1996,256,34.3959,126.7018,35.37
"South Korea/완도",코스모스,1997-09-03,1997,246,34.3959,126.7018,35.37
"South Korea/완도",코스모스,1998-08-21,1998,233,34.3959,126.7018,35.37
"South Korea/완도",코스모스,1999-08-29,1999,241,34.3959,126.7018,35.37
"South Korea/완도",코스모스,2000-08-28,2000,241,34.3959,126.7018,35.37
"South Korea/완도",코스모스,2001-09-04,2001,247,34.3959,126.7018,35.37
"South Korea/완도",코스모스,2002-09-01,2002,244,34.3959,126.7018,35.37
"South Korea/완도",코스모스,2003-09-06,2003,249,34.3959,126.7018,35.37
"South Korea/완도",코스모스,2004-09-06,2004,250,34.3959,126.7018,35.37
"South Korea/완도",코스모스,2005-09-08,2005,251,34.3959,126.7018,35.37
"South Korea/완도",코스모스,2006-09-05,2006,248,34.3959,126.7018,35.37
"South Korea/완도",코스모스,2007-09-09,2007,252,34.3959,126.7018,35.37
"South Korea/완도",코스모스,2008-09-04,2008,248,34.3959,126.7018,35.37
"South Korea/완도",코스모스,2009-08-28,2009,240,34.3959,126.7018,35.37
"South Korea/완도",코스모스,2010-09-05,2010,248,34.3959,126.7018,35.37
"South Korea/완도",코스모스,2011-09-17,2011,260,34.3959,126.7018,35.37
"South Korea/완도",코스모스,2012-09-19,2012,263,34.3959,126.7018,35.37
"South Korea/완도",코스모스,2013-09-17,2013,260,34.3959,126.7018,35.37
"South Korea/완도",코스모스,2014-09-19,2014,262,34.3959,126.7018,35.37
"South Korea/장흥",코스모스,1973-09-04,1973,247,34.6889,126.9195,43.99
"South Korea/장흥",코스모스,1989-09-12,1989,255,34.6889,126.9195,43.99
"South Korea/장흥",코스모스,1990-09-10,1990,253,34.6889,126.9195,43.99
"South Korea/장흥",코스모스,1991-09-04,1991,247,34.6889,126.9195,43.99
"South Korea/장흥",코스모스,1992-09-07,1992,251,34.6889,126.9195,43.99
"South Korea/장흥",코스모스,1993-09-06,1993,249,34.6889,126.9195,43.99
"South Korea/장흥",코스모스,1994-09-02,1994,245,34.6889,126.9195,43.99
"South Korea/장흥",코스모스,1995-09-16,1995,259,34.6889,126.9195,43.99
"South Korea/장흥",코스모스,1996-09-14,1996,258,34.6889,126.9195,43.99
"South Korea/장흥",코스모스,1997-09-14,1997,257,34.6889,126.9195,43.99
"South Korea/장흥",코스모스,1998-09-09,1998,252,34.6889,126.9195,43.99
"South Korea/장흥",코스모스,1999-09-11,1999,254,34.6889,126.9195,43.99
"South Korea/장흥",코스모스,2000-09-16,2000,260,34.6889,126.9195,43.99
"South Korea/장흥",코스모스,2001-09-10,2001,253,34.6889,126.9195,43.99
"South Korea/장흥",코스모스,2002-09-11,2002,254,34.6889,126.9195,43.99
"South Korea/장흥",코스모스,2003-09-09,2003,252,34.6889,126.9195,43.99
"South Korea/장흥",코스모스,2004-09-10,2004,254,34.6889,126.9195,43.99
"South Korea/장흥",코스모스,2005-09-12,2005,255,34.6889,126.9195,43.99
"South Korea/장흥",코스모스,2006-09-15,2006,258,34.6889,126.9195,43.99
"South Korea/장흥",코스모스,2007-09-10,2007,253,34.6889,126.9195,43.99
"South Korea/주암",코스모스,1973-09-03,1973,246,nan,nan,nan
"South Korea/주암",코스모스,1974-08-28,1974,240,nan,nan,nan
"South Korea/주암",코스모스,1975-09-06,1975,249,nan,nan,nan
"South Korea/주암",코스모스,1976-09-07,1976,251,nan,nan,nan
"South Korea/주암",코스모스,1977-08-30,1977,242,nan,nan,nan
"South Korea/주암",코스모스,1978-09-06,1978,249,nan,nan,nan
"South Korea/주암",코스모스,1979-09-11,1979,254,nan,nan,nan
"South Korea/주암",코스모스,1980-09-16,1980,260,nan,nan,nan
"South Korea/주암",코스모스,1981-09-13,1981,256,nan,nan,nan
"South Korea/주암",코스모스,1982-09-11,1982,254,nan,nan,nan
"South Korea/주암",코스모스,1983-09-14,1983,257,nan,nan,nan
"South Korea/주암",코스모스,1984-09-26,1984,270,nan,nan,nan
"South Korea/주암",코스모스,1985-09-16,1985,259,nan,nan,nan
"South Korea/주암",코스모스,1986-09-19,1986,262,nan,nan,nan
"South Korea/주암",코스모스,1987-09-14,1987,257,nan,nan,nan
"South Korea/주암",코스모스,1988-09-16,1988,260,nan,nan,nan
"South Korea/주암",코스모스,1989-09-09,1989,252,nan,nan,nan
"South Korea/주암",코스모스,1990-09-07,1990,250,nan,nan,nan
"South Korea/주암",코스모스,1991-08-28,1991,240,nan,nan,nan
"South Korea/주암",코스모스,1992-08-29,1992,242,nan,nan,nan
"South Korea/주암",코스모스,1993-09-11,1993,254,nan,nan,nan
"South Korea/주암",코스모스,1994-09-09,1994,252,nan,nan,nan
"South Korea/주암",코스모스,1995-09-12,1995,255,nan,nan,nan
"South Korea/주암",코스모스,1996-09-10,1996,254,nan,nan,nan
"South Korea/주암",코스모스,1997-09-11,1997,254,nan,nan,nan
"South Korea/주암",코스모스,1998-09-12,1998,255,nan,nan,nan
"South Korea/주암",코스모스,1999-09-16,1999,259,nan,nan,nan
"South Korea/주암",코스모스,2000-09-15,2000,259,nan,nan,nan
"South Korea/주암",코스모스,2001-09-14,2001,257,nan,nan,nan
"South Korea/주암",코스모스,2002-09-02,2002,245,nan,nan,nan
"South Korea/주암",코스모스,2003-09-09,2003,252,nan,nan,nan
"South Korea/주암",코스모스,2004-09-14,2004,258,nan,nan,nan
"South Korea/주암",코스모스,2005-09-10,2005,253,nan,nan,nan
"South Korea/주암",코스모스,2006-09-15,2006,258,nan,nan,nan
"South Korea/주암",코스모스,2007-09-14,2007,257,nan,nan,nan
"South Korea/주암",코스모스,2008-09-09,2008,253,nan,nan,nan
"South Korea/주암",코스모스,2009-09-07,2009,250,nan,nan,nan
"South Korea/주암",코스모스,2010-09-10,2010,253,nan,nan,nan
"South Korea/진도(첨찰산)",코스모스,2002-07-22,2002,203,nan,nan,nan
"South Korea/진도(첨찰산)",코스모스,2003-07-20,2003,201,nan,nan,nan
"South Korea/진도(첨찰산)",코스모스,2004-07-30,2004,212,nan,nan,nan
"South Korea/진도(첨찰산)",코스모스,2005-09-10,2005,253,nan,nan,nan
"South Korea/진도(첨찰산)",코스모스,2006-09-12,2006,255,nan,nan,nan
"South Korea/진도(첨찰산)",코스모스,2007-08-19,2007,231,nan,nan,nan
"South Korea/진도(첨찰산)",코스모스,2008-08-16,2008,229,nan,nan,nan
"South Korea/진도(첨찰산)",코스모스,2009-09-05,2009,248,nan,nan,nan
"South Korea/진도(첨찰산)",코스모스,2011-09-16,2011,259,nan,nan,nan
"South Korea/진도(첨찰산)",코스모스,2012-09-19,2012,263,nan,nan,nan
"South Korea/진도(첨찰산)",코스모스,2013-09-09,2013,252,nan,nan,nan
"South Korea/해남",코스모스,1973-08-28,1973,240,34.5538,126.5691,16.36
"South Korea/해남",코스모스,1974-09-14,1974,257,34.5538,126.5691,16.36
"South Korea/해남",코스모스,1975-09-14,1975,257,34.5538,126.5691,16.36
"South Korea/해남",코스모스,1976-09-13,1976,257,34.5538,126.5691,16.36
"South Korea/해남",코스모스,1977-09-04,1977,247,34.5538,126.5691,16.36
"South Korea/해남",코스모스,1978-09-12,1978,255,34.5538,126.5691,16.36
"South Korea/해남",코스모스,1979-09-21,1979,264,34.5538,126.5691,16.36
"South Korea/해남",코스모스,1980-09-10,1980,254,34.5538,126.5691,16.36
"South Korea/해남",코스모스,1981-09-12,1981,255,34.5538,126.5691,16.36
"South Korea/해남",코스모스,1982-09-13,1982,256,34.5538,126.5691,16.36
"South Korea/해남",코스모스,1983-09-12,1983,255,34.5538,126.5691,16.36
"South Korea/해남",코스모스,1984-09-08,1984,252,34.5538,126.5691,16.36
"South Korea/해남",코스모스,1985-09-05,1985,248,34.5538,126.5691,16.36
"South Korea/해남",코스모스,1986-08-15,1986,227,34.5538,126.5691,16.36
"South Korea/해남",코스모스,1987-09-21,1987,264,34.5538,126.5691,16.36
"South Korea/해남",코스모스,1988-09-16,1988,260,34.5538,126.5691,16.36
"South Korea/해남",코스모스,1989-09-18,1989,261,34.5538,126.5691,16.36
"South Korea/해남",코스모스,1990-09-13,1990,256,34.5538,126.5691,16.36
"South Korea/해남",코스모스,1991-09-15,1991,258,34.5538,126.5691,16.36
"South Korea/해남",코스모스,1992-09-10,1992,254,34.5538,126.5691,16.36
"South Korea/해남",코스모스,1993-09-13,1993,256,34.5538,126.5691,16.36
"South Korea/해남",코스모스,1994-09-15,1994,258,34.5538,126.5691,16.36
"South Korea/해남",코스모스,1995-09-19,1995,262,34.5538,126.5691,16.36
"South Korea/해남",코스모스,1996-09-16,1996,260,34.5538,126.5691,16.36
"South Korea/해남",코스모스,1997-09-04,1997,247,34.5538,126.5691,16.36
"South Korea/해남",코스모스,1998-09-15,1998,258,34.5538,126.5691,16.36
"South Korea/해남",코스모스,1999-09-19,1999,262,34.5538,126.5691,16.36
"South Korea/해남",코스모스,2000-09-14,2000,258,34.5538,126.5691,16.36
"South Korea/해남",코스모스,2001-09-15,2001,258,34.5538,126.5691,16.36
"South Korea/해남",코스모스,2002-09-05,2002,248,34.5538,126.5691,16.36
"South Korea/해남",코스모스,2003-09-18,2003,261,34.5538,126.5691,16.36
"South Korea/해남",코스모스,2004-09-14,2004,258,34.5538,126.5691,16.36
"South Korea/해남",코스모스,2005-09-17,2005,260,34.5538,126.5691,16.36
"South Korea/해남",코스모스,2006-09-19,2006,262,34.5538,126.5691,16.36
"South Korea/해남",코스모스,2007-09-17,2007,260,34.5538,126.5691,16.36
"South Korea/해남",코스모스,2008-09-16,2008,260,34.5538,126.5691,16.36
"South Korea/흑산도",코스모스,1997-08-30,1997,242,34.6872,125.4511,75.12
"South Korea/흑산도",코스모스,1998-09-11,1998,254,34.6872,125.4511,75.12
"South Korea/흑산도",코스모스,1999-09-02,1999,245,34.6872,125.4511,75.12
"South Korea/흑산도",코스모스,2001-09-15,2001,258,34.6872,125.4511,75.12
"South Korea/흑산도",코스모스,2002-09-06,2002,249,34.6872,125.4511,75.12
"South Korea/흑산도",코스모스,2003-09-02,2003,245,34.6872,125.4511,75.12
"South Korea/흑산도",코스모스,2004-09-10,2004,254,34.6872,125.4511,75.12
"South Korea/흑산도",코스모스,2005-08-25,2005,237,34.6872,125.4511,75.12
"South Korea/흑산도",코스모스,2006-08-29,2006,241,34.6872,125.4511,75.12
"South Korea/흑산도",코스모스,2007-08-21,2007,233,34.6872,125.4511,75.12
"South Korea/흑산도",코스모스,2008-08-14,2008,227,34.6872,125.4511,75.12
"South Korea/흑산도",코스모스,2009-08-03,2009,215,34.6872,125.4511,75.12
"South Korea/흑산도",코스모스,2010-08-01,2010,213,34.6872,125.4511,75.12
"South Korea/흑산도",코스모스,2011-08-12,2011,224,34.6872,125.4511,75.12
"South Korea/흑산도",코스모스,2012-08-20,2012,233,34.6872,125.4511,75.12
"South Korea/흑산도",코스모스,2013-08-17,2013,229,34.6872,125.4511,75.12
"South Korea/흑산도",코스모스,2014-08-18,2014,230,34.6872,125.4511,75.12
"South Korea/흑산도",코스모스,2015-08-20,2015,232,34.6872,125.4511,75.12
"South Korea/흑산도",코스모스,2016-08-25,2016,238,34.6872,125.4511,75.12
"South Korea/흑산도",코스모스,2017-08-28,2017,240,34.6872,125.4511,75.12
"South Korea/흑산도",코스모스,2018-08-29,2018,241,34.6872,125.4511,75.12
"South Korea/흑산도",코스모스,2019-08-24,2019,236,34.6872,125.4511,75.12
"South Korea/흑산도",코스모스,2020-08-26,2020,239,34.6872,125.4511,75.12
"South Korea/흑산도",코스모스,2021-09-01,2021,244,34.6872,125.4511,75.12
"South Korea/흑산도",코스모스,2022-09-02,2022,245,34.6872,125.4511,75.12
"South Korea/흑산도",코스모스,2023-09-05,2023,248,34.6872,125.4511,75.12
"South Korea/흑산도",코스모스,2024-09-20,2024,264,34.6872,125.4511,75.12
"South Korea/고창",코스모스,2011-09-14,2011,257,35.3482,126.599,52.42
"South Korea/고창",코스모스,2012-09-12,2012,256,35.3482,126.599,52.42
"South Korea/고창",코스모스,2013-09-13,2013,256,35.3482,126.599,52.42
"South Korea/고창",코스모스,2014-09-05,2014,248,35.3482,126.599,52.42
"South Korea/고창군",코스모스,2009-09-12,2009,255,35.4266,126.697,58.84
"South Korea/고창군",코스모스,2010-09-16,2010,259,35.4266,126.697,58.84
"South Korea/군산",코스모스,1973-09-02,1973,245,36.0053,126.7614,27.85
"South Korea/군산",코스모스,1974-09-08,1974,251,36.0053,126.7614,27.85
"South Korea/군산",코스모스,1975-09-12,1975,255,36.0053,126.7614,27.85
"South Korea/군산",코스모스,1976-09-10,1976,254,36.0053,126.7614,27.85
"South Korea/군산",코스모스,1977-09-10,1977,253,36.0053,126.7614,27.85
"South Korea/군산",코스모스,1978-09-12,1978,255,36.0053,126.7614,27.85
"South Korea/군산",코스모스,1979-09-15,1979,258,36.0053,126.7614,27.85
"South Korea/군산",코스모스,1980-09-18,1980,262,36.0053,126.7614,27.85
"South Korea/군산",코스모스,1981-09-16,1981,259,36.0053,126.7614,27.85
"South Korea/군산",코스모스,1986-09-15,1986,258,36.0053,126.7614,27.85
"South Korea/군산",코스모스,1987-09-01,1987,244,36.0053,126.7614,27.85
"South Korea/군산",코스모스,1988-09-10,1988,254,36.0053,126.7614,27.85
"South Korea/군산",코스모스,1989-09-07,1989,250,36.0053,126.7614,27.85
"South Korea/군산",코스모스,1990-09-06,1990,249,36.0053,126.7614,27.85
"South Korea/군산",코스모스,1991-09-10,1991,253,36.0053,126.7614,27.85
"South Korea/군산",코스모스,1992-09-11,1992,255,36.0053,126.7614,27.85
"South Korea/군산",코스모스,1993-09-15,1993,258,36.0053,126.7614,27.85
"South Korea/군산",코스모스,1994-09-16,1994,259,36.0053,126.7614,27.85
"South Korea/군산",코스모스,1996-09-13,1996,257,36.0053,126.7614,27.85
"South Korea/군산",코스모스,1997-08-27,1997,239,36.0053,126.7614,27.85
"South Korea/군산",코스모스,1998-06-20,1998,171,36.0053,126.7614,27.85
"South Korea/군산",코스모스,1999-09-12,1999,255,36.0053,126.7614,27.85
"South Korea/군산",코스모스,2000-09-10,2000,254,36.0053,126.7614,27.85
"South Korea/군산",코스모스,2001-09-01,2001,244,36.0053,126.7614,27.85
"South Korea/군산",코스모스,2002-09-10,2002,253,36.0053,126.7614,27.85
"South Korea/군산",코스모스,2003-09-06,2003,249,36.0053,126.7614,27.85
"South Korea/군산",코스모스,2005-09-08,2005,251,36.0053,126.7614,27.85
"South Korea/군산",코스모스,2006-09-26,2006,269,36.0053,126.7614,27.85
"South Korea/군산",코스모스,2009-09-17,2009,260,36.0053,126.7614,27.85
"South Korea/군산",코스모스,2010-09-20,2010,263,36.0053,126.7614,27.85
"South Korea/군산",코스모스,2011-09-09,2011,252,36.0053,126.7614,27.85
"South Korea/군산",코스모스,2012-09-12,2012,256,36.0053,126.7614,27.85
"South Korea/군산",코스모스,2013-09-17,2013,260,36.0053,126.7614,27.85
"South Korea/군산",코스모스,2014-09-11,2014,254,36.0053,126.7614,27.85
"South Korea/남원",코스모스,1975-09-07,1975,250,35.4213,127.3965,133.49
"South Korea/남원",코스모스,1976-09-10,1976,254,35.4213,127.3965,133.49
"South Korea/남원",코스모스,1977-09-14,1977,257,35.4213,127.3965,133.49
"South Korea/남원",코스모스,1978-09-13,1978,256,35.4213,127.3965,133.49
"South Korea/남원",코스모스,1979-09-18,1979,261,35.4213,127.3965,133.49
"South Korea/남원",코스모스,1980-09-24,1980,268,35.4213,127.3965,133.49
"South Korea/남원",코스모스,1984-09-19,1984,263,35.4213,127.3965,133.49
"South Korea/남원",코스모스,1985-09-08,1985,251,35.4213,127.3965,133.49
"South Korea/남원",코스모스,1986-09-19,1986,262,35.4213,127.3965,133.49
"South Korea/남원",코스모스,1987-09-16,1987,259,35.4213,127.3965,133.49
"South Korea/남원",코스모스,1988-09-13,1988,257,35.4213,127.3965,133.49
"South Korea/남원",코스모스,1989-09-09,1989,252,35.4213,127.3965,133.49
"South Korea/남원",코스모스,1990-09-10,1990,253,35.4213,127.3965,133.49
"South Korea/남원",코스모스,1991-09-12,1991,255,35.4213,127.3965,133.49
"South Korea/남원",코스모스,1992-09-16,1992,260,35.4213,127.3965,133.49
"South Korea/남원",코스모스,1993-09-12,1993,255,35.4213,127.3965,133.49
"South Korea/남원",코스모스,1994-09-12,1994,255,35.4213,127.3965,133.49
"South Korea/남원",코스모스,1995-09-19,1995,262,35.4213,127.3965,133.49
"South Korea/남원",코스모스,1996-09-07,1996,251,35.4213,127.3965,133.49
"South Korea/남원",코스모스,1997-09-08,1997,251,35.4213,127.3965,133.49
"South Korea/남원",코스모스,1998-09-09,1998,252,35.4213,127.3965,133.49
"South Korea/남원",코스모스,1999-09-11,1999,254,35.4213,127.3965,133.49
"South Korea/남원",코스모스,2000-09-05,2000,249,35.4213,127.3965,133.49
"South Korea/남원",코스모스,2001-09-05,2001,248,35.4213,127.3965,133.49
"South Korea/남원",코스모스,2002-09-05,2002,248,35.4213,127.3965,133.49
"South Korea/남원",코스모스,2003-09-08,2003,251,35.4213,127.3965,133.49
"South Korea/남원",코스모스,2004-09-03,2004,247,35.4213,127.3965,133.49
"South Korea/남원",코스모스,2005-09-05,2005,248,35.4213,127.3965,133.49
"South Korea/남원",코스모스,2006-09-02,2006,245,35.4213,127.3965,133.49
"South Korea/남원",코스모스,2007-09-01,2007,244,35.4213,127.3965,133.49
"South Korea/남원",코스모스,2008-09-02,2008,246,35.4213,127.3965,133.49
"South Korea/남원",코스모스,2009-09-04,2009,247,35.4213,127.3965,133.49
"South Korea/남원",코스모스,2010-09-10,2010,253,35.4213,127.3965,133.49
"South Korea/남원",코스모스,2011-09-06,2011,249,35.4213,127.3965,133.49
"South Korea/남원",코스모스,2012-09-10,2012,254,35.4213,127.3965,133.49
"South Korea/남원",코스모스,2013-09-09,2013,252,35.4213,127.3965,133.49
"South Korea/남원",코스모스,2014-08-28,2014,240,35.4213,127.3965,133.49
"South Korea/남원",코스모스,2015-09-04,2015,247,35.4213,127.3965,133.49
"South Korea/부안",코스모스,1973-09-10,1973,253,35.7296,126.7166,12.2
"South Korea/부안",코스모스,1974-08-28,1974,240,35.7296,126.7166,12.2
"South Korea/부안",코스모스,1975-09-07,1975,250,35.7296,126.7166,12.2
"South Korea/부안",코스모스,1976-09-08,1976,252,35.7296,126.7166,12.2
"South Korea/부안",코스모스,1977-09-09,1977,252,35.7296,126.7166,12.2
"South Korea/부안",코스모스,1978-09-11,1978,254,35.7296,126.7166,12.2
"South Korea/부안",코스모스,1979-09-09,1979,252,35.7296,126.7166,12.2
"South Korea/부안",코스모스,1980-09-12,1980,256,35.7296,126.7166,12.2
"South Korea/부안",코스모스,1981-09-15,1981,258,35.7296,126.7166,12.2
"South Korea/부안",코스모스,1982-09-14,1982,257,35.7296,126.7166,12.2
"South Korea/부안",코스모스,1983-09-12,1983,255,35.7296,126.7166,12.2
"South Korea/부안",코스모스,1984-09-18,1984,262,35.7296,126.7166,12.2
"South Korea/부안",코스모스,1985-09-07,1985,250,35.7296,126.7166,12.2
"South Korea/부안",코스모스,1986-09-11,1986,254,35.7296,126.7166,12.2
"South Korea/부안",코스모스,1987-09-12,1987,255,35.7296,126.7166,12.2
"South Korea/부안",코스모스,1988-09-07,1988,251,35.7296,126.7166,12.2
"South Korea/부안",코스모스,1989-09-09,1989,252,35.7296,126.7166,12.2
"South Korea/부안",코스모스,1990-09-11,1990,254,35.7296,126.7166,12.2
"South Korea/부안",코스모스,1991-09-10,1991,253,35.7296,126.7166,12.2
"South Korea/부안",코스모스,1992-09-10,1992,254,35.7296,126.7166,12.2
"South Korea/부안",코스모스,1993-09-12,1993,255,35.7296,126.7166,12.2
"South Korea/부안",코스모스,1994-09-14,1994,257,35.7296,126.7166,12.2
"South Korea/부안",코스모스,1995-09-11,1995,254,35.7296,126.7166,12.2
"South Korea/부안",코스모스,1996-09-13,1996,257,35.7296,126.7166,12.2
"South Korea/부안",코스모스,1997-09-10,1997,253,35.7296,126.7166,12.2
"South Korea/부안",코스모스,1998-09-08,1998,251,35.7296,126.7166,12.2
"South Korea/부안",코스모스,1999-09-02,1999,245,35.7296,126.7166,12.2
"South Korea/부안",코스모스,2000-09-02,2000,246,35.7296,126.7166,12.2
"South Korea/부안",코스모스,2001-09-03,2001,246,35.7296,126.7166,12.2
"South Korea/부안",코스모스,2002-09-16,2002,259,35.7296,126.7166,12.2
"South Korea/부안",코스모스,2003-09-11,2003,254,35.7296,126.7166,12.2
"South Korea/부안",코스모스,2004-09-03,2004,247,35.7296,126.7166,12.2
"South Korea/부안",코스모스,2005-09-13,2005,256,35.7296,126.7166,12.2
"South Korea/부안",코스모스,2006-09-15,2006,258,35.7296,126.7166,12.2
"South Korea/부안",코스모스,2007-09-14,2007,257,35.7296,126.7166,12.2
"South Korea/부안",코스모스,2008-09-17,2008,261,35.7296,126.7166,12.2
"South Korea/임실",코스모스,1973-07-01,1973,182,35.612,127.2856,247.04
"South Korea/임실",코스모스,1974-09-12,1974,255,35.612,127.2856,247.04
"South Korea/임실",코스모스,1976-07-13,1976,195,35.612,127.2856,247.04
"South Korea/임실",코스모스,1977-09-02,1977,245,35.612,127.2856,247.04
"South Korea/임실",코스모스,1978-09-07,1978,250,35.612,127.2856,247.04
"South Korea/임실",코스모스,1979-09-05,1979,248,35.612,127.2856,247.04
"South Korea/임실",코스모스,1980-09-09,1980,253,35.612,127.2856,247.04
"South Korea/임실",코스모스,1981-09-04,1981,247,35.612,127.2856,247.04
"South Korea/임실",코스모스,1982-09-12,1982,255,35.612,127.2856,247.04
"South Korea/임실",코스모스,1983-09-02,1983,245,35.612,127.2856,247.04
"South Korea/임실",코스모스,1985-09-09,1985,252,35.612,127.2856,247.04
"South Korea/임실",코스모스,1986-09-12,1986,255,35.612,127.2856,247.04
"South Korea/임실",코스모스,1987-09-14,1987,257,35.612,127.2856,247.04
"South Korea/임실",코스모스,1988-09-06,1988,250,35.612,127.2856,247.04
"South Korea/임실",코스모스,1989-09-06,1989,249,35.612,127.2856,247.04
"South Korea/임실",코스모스,1990-09-04,1990,247,35.612,127.2856,247.04
"South Korea/임실",코스모스,1991-09-14,1991,257,35.612,127.2856,247.04
"South Korea/임실",코스모스,1992-09-10,1992,254,35.612,127.2856,247.04
"South Korea/임실",코스모스,1993-09-09,1993,252,35.612,127.2856,247.04
"South Korea/임실",코스모스,1994-09-04,1994,247,35.612,127.2856,247.04
"South Korea/임실",코스모스,1995-09-08,1995,251,35.612,127.2856,247.04
"South Korea/임실",코스모스,1996-09-12,1996,256,35.612,127.2856,247.04
"South Korea/임실",코스모스,1997-09-10,1997,253,35.612,127.2856,247.04
"South Korea/임실",코스모스,1998-09-01,1998,244,35.612,127.2856,247.04
"South Korea/임실",코스모스,1999-09-04,1999,247,35.612,127.2856,247.04
"South Korea/임실",코스모스,2000-09-06,2000,250,35.612,127.2856,247.04
"South Korea/임실",코스모스,2001-09-04,2001,247,35.612,127.2856,247.04
"South Korea/임실",코스모스,2002-09-02,2002,245,35.612,127.2856,247.04
"South Korea/임실",코스모스,2003-09-12,2003,255,35.612,127.2856,247.04
"South Korea/임실",코스모스,2004-09-06,2004,250,35.612,127.2856,247.04
"South Korea/임실",코스모스,2005-09-13,2005,256,35.612,127.2856,247.04
"South Korea/임실",코스모스,2006-09-08,2006,251,35.612,127.2856,247.04
"South Korea/임실",코스모스,2007-09-12,2007,255,35.612,127.2856,247.04
"South Korea/임실",코스모스,2008-09-15,2008,259,35.612,127.2856,247.04
"South Korea/장수",코스모스,1988-08-29,1988,242,35.657,127.5203,406.87
"South Korea/장수",코스모스,1989-08-27,1989,239,35.657,127.5203,406.87
"South Korea/장수",코스모스,1990-09-12,1990,255,35.657,127.5203,406.87
"South Korea/장수",코스모스,1991-09-11,1991,254,35.657,127.5203,406.87
"South Korea/장수",코스모스,1992-09-06,1992,250,35.657,127.5203,406.87
"South Korea/장수",코스모스,1993-09-10,1993,253,35.657,127.5203,406.87
"South Korea/장수",코스모스,1994-09-06,1994,249,35.657,127.5203,406.87
"South Korea/장수",코스모스,1995-09-11,1995,254,35.657,127.5203,406.87
"South Korea/장수",코스모스,1996-09-05,1996,249,35.657,127.5203,406.87
"South Korea/장수",코스모스,1997-09-01,1997,244,35.657,127.5203,406.87
"South Korea/장수",코스모스,1998-09-01,1998,244,35.657,127.5203,406.87
"South Korea/장수",코스모스,1999-09-11,1999,254,35.657,127.5203,406.87
"South Korea/장수",코스모스,2000-09-12,2000,256,35.657,127.5203,406.87
"South Korea/장수",코스모스,2001-09-07,2001,250,35.657,127.5203,406.87
"South Korea/장수",코스모스,2002-09-03,2002,246,35.657,127.5203,406.87
"South Korea/장수",코스모스,2003-09-07,2003,250,35.657,127.5203,406.87
"South Korea/장수",코스모스,2004-09-06,2004,250,35.657,127.5203,406.87
"South Korea/장수",코스모스,2005-09-08,2005,251,35.657,127.5203,406.87
"South Korea/장수",코스모스,2006-09-05,2006,248,35.657,127.5203,406.87
"South Korea/장수",코스모스,2007-09-10,2007,253,35.657,127.5203,406.87
"South Korea/장수",코스모스,2008-09-15,2008,259,35.657,127.5203,406.87
"South Korea/전주",코스모스,1973-09-07,1973,250,35.8409,127.1172,60.44
"South Korea/전주",코스모스,1974-09-08,1974,251,35.8409,127.1172,60.44
"South Korea/전주",코스모스,1975-09-06,1975,249,35.8409,127.1172,60.44
"South Korea/전주",코스모스,1976-09-02,1976,246,35.8409,127.1172,60.44
"South Korea/전주",코스모스,1977-09-03,1977,246,35.8409,127.1172,60.44
"South Korea/전주",코스모스,1978-09-07,1978,250,35.8409,127.1172,60.44
"South Korea/전주",코스모스,1979-08-27,1979,239,35.8409,127.1172,60.44
"South Korea/전주",코스모스,1983-09-16,1983,259,35.8409,127.1172,60.44
"South Korea/전주",코스모스,1984-09-15,1984,259,35.8409,127.1172,60.44
"South Korea/전주",코스모스,1985-09-12,1985,255,35.8409,127.1172,60.44
"South Korea/전주",코스모스,1986-09-18,1986,261,35.8409,127.1172,60.44
"South Korea/전주",코스모스,1987-09-13,1987,256,35.8409,127.1172,60.44
"South Korea/전주",코스모스,1988-09-10,1988,254,35.8409,127.1172,60.44
"South Korea/전주",코스모스,1989-09-12,1989,255,35.8409,127.1172,60.44
"South Korea/전주",코스모스,1990-09-10,1990,253,35.8409,127.1172,60.44
"South Korea/전주",코스모스,1991-09-09,1991,252,35.8409,127.1172,60.44
"South Korea/전주",코스모스,1992-09-04,1992,248,35.8409,127.1172,60.44
"South Korea/전주",코스모스,1993-09-05,1993,248,35.8409,127.1172,60.44
"South Korea/전주",코스모스,1994-09-08,1994,251,35.8409,127.1172,60.44
"South Korea/전주",코스모스,1995-09-18,1995,261,35.8409,127.1172,60.44
"South Korea/전주",코스모스,1996-09-09,1996,253,35.8409,127.1172,60.44
"South Korea/전주",코스모스,1997-09-07,1997,250,35.8409,127.1172,60.44
"South Korea/전주",코스모스,1998-09-08,1998,251,35.8409,127.1172,60.44
"South Korea/전주",코스모스,1999-07-28,1999,209,35.8409,127.1172,60.44
"South Korea/전주",코스모스,2000-08-10,2000,223,35.8409,127.1172,60.44
"South Korea/전주",코스모스,2001-09-15,2001,258,35.8409,127.1172,60.44
"South Korea/전주",코스모스,2002-09-16,2002,259,35.8409,127.1172,60.44
"South Korea/전주",코스모스,2003-09-10,2003,253,35.8409,127.1172,60.44
"South Korea/전주",코스모스,2004-09-04,2004,248,35.8409,127.1172,60.44
"South Korea/전주",코스모스,2005-09-15,2005,258,35.8409,127.1172,60.44
"South Korea/전주",코스모스,2006-09-02,2006,245,35.8409,127.1172,60.44
"South Korea/전주",코스모스,2007-09-10,2007,253,35.8409,127.1172,60.44
"South Korea/전주",코스모스,2008-09-08,2008,252,35.8409,127.1172,60.44
"South Korea/전주",코스모스,2009-08-16,2009,228,35.8409,127.1172,60.44
"South Korea/전주",코스모스,2010-09-15,2010,258,35.8409,127.1172,60.44
"South Korea/전주",코스모스,2011-09-14,2011,257,35.8409,127.1172,60.44
"South Korea/전주",코스모스,2012-09-15,2012,259,35.8409,127.1172,60.44
"South Korea/전주",코스모스,2013-09-12,2013,255,35.8409,127.1172,60.44
"South Korea/전주",코스모스,2014-09-04,2014,247,35.8409,127.1172,60.44
"South Korea/전주",코스모스,2016-09-09,2016,253,35.8409,127.1172,60.44
"South Korea/전주",코스모스,2017-09-08,2017,251,35.8409,127.1172,60.44
"South Korea/전주",코스모스,2018-09-18,2018,261,35.8409,127.1172,60.44
"South Korea/전주",코스모스,2019-09-12,2019,255,35.8409,127.1172,60.44
"South Korea/전주",코스모스,2020-09-06,2020,250,35.8409,127.1172,60.44
"South Korea/전주",코스모스,2021-09-15,2021,258,35.8409,127.1172,60.44
"South Korea/전주",코스모스,2023-09-11,2023,254,35.8409,127.1172,60.44
"South Korea/전주",코스모스,2024-09-24,2024,268,35.8409,127.1172,60.44
"South Korea/정읍",코스모스,1974-09-07,1974,250,35.5634,126.839,68.7
"South Korea/정읍",코스모스,1975-09-10,1975,253,35.5634,126.839,68.7
"South Korea/정읍",코스모스,1976-09-05,1976,249,35.5634,126.839,68.7
"South Korea/정읍",코스모스,1977-09-10,1977,253,35.5634,126.839,68.7
"South Korea/정읍",코스모스,1978-09-07,1978,250,35.5634,126.839,68.7
"South Korea/정읍",코스모스,1979-09-12,1979,255,35.5634,126.839,68.7
"South Korea/정읍",코스모스,1984-09-11,1984,255,35.5634,126.839,68.7
"South Korea/정읍",코스모스,1985-08-28,1985,240,35.5634,126.839,68.7
"South Korea/정읍",코스모스,1986-07-24,1986,205,35.5634,126.839,68.7
"South Korea/정읍",코스모스,1987-08-06,1987,218,35.5634,126.839,68.7
"South Korea/정읍",코스모스,1988-09-03,1988,247,35.5634,126.839,68.7
"South Korea/정읍",코스모스,1989-09-09,1989,252,35.5634,126.839,68.7
"South Korea/정읍",코스모스,1990-09-13,1990,256,35.5634,126.839,68.7
"South Korea/정읍",코스모스,1991-09-03,1991,246,35.5634,126.839,68.7
"South Korea/정읍",코스모스,1992-09-07,1992,251,35.5634,126.839,68.7
"South Korea/정읍",코스모스,1993-09-06,1993,249,35.5634,126.839,68.7
"South Korea/정읍",코스모스,1994-09-13,1994,256,35.5634,126.839,68.7
"South Korea/정읍",코스모스,1995-09-23,1995,266,35.5634,126.839,68.7
"South Korea/정읍",코스모스,1996-09-17,1996,261,35.5634,126.839,68.7
"South Korea/정읍",코스모스,1997-09-16,1997,259,35.5634,126.839,68.7
"South Korea/정읍",코스모스,1998-09-16,1998,259,35.5634,126.839,68.7
"South Korea/정읍",코스모스,1999-09-11,1999,254,35.5634,126.839,68.7
"South Korea/정읍",코스모스,2000-08-10,2000,223,35.5634,126.839,68.7
"South Korea/정읍",코스모스,2001-09-15,2001,258,35.5634,126.839,68.7
"South Korea/정읍",코스모스,2002-09-07,2002,250,35.5634,126.839,68.7
"South Korea/정읍",코스모스,2003-09-03,2003,246,35.5634,126.839,68.7
"South Korea/정읍",코스모스,2004-09-04,2004,248,35.5634,126.839,68.7
"South Korea/정읍",코스모스,2005-09-06,2005,249,35.5634,126.839,68.7
"South Korea/정읍",코스모스,2006-09-07,2006,250,35.5634,126.839,68.7
"South Korea/정읍",코스모스,2007-09-06,2007,249,35.5634,126.839,68.7
"South Korea/정읍",코스모스,2008-09-17,2008,261,35.5634,126.839,68.7
"South Korea/정읍",코스모스,2009-09-16,2009,259,35.5634,126.839,68.7
"South Korea/정읍",코스모스,2010-09-05,2010,248,35.5634,126.839,68.7
"South Korea/정읍",코스모스,2011-09-09,2011,252,35.5634,126.839,68.7
"South Korea/정읍",코스모스,2012-09-18,2012,262,35.5634,126.839,68.7
"South Korea/정읍",코스모스,2013-09-15,2013,258,35.5634,126.839,68.7
"South Korea/정읍",코스모스,2014-09-13,2014,256,35.5634,126.839,68.7
"South Korea/고산",코스모스,1998-09-04,1998,247,33.2938,126.1628,71.39
"South Korea/고산",코스모스,1999-09-01,1999,244,33.2938,126.1628,71.39
"South Korea/고산",코스모스,2000-08-16,2000,229,33.2938,126.1628,71.39
"South Korea/고산",코스모스,2001-08-27,2001,239,33.2938,126.1628,71.39
"South Korea/고산",코스모스,2002-08-16,2002,228,33.2938,126.1628,71.39
"South Korea/고산",코스모스,2003-08-03,2003,215,33.2938,126.1628,71.39
"South Korea/고산",코스모스,2004-08-14,2004,227,33.2938,126.1628,71.39
"South Korea/고산",코스모스,2005-08-21,2005,233,33.2938,126.1628,71.39
"South Korea/고산",코스모스,2006-05-24,2006,144,33.2938,126.1628,71.39
"South Korea/고산",코스모스,2007-05-26,2007,146,33.2938,126.1628,71.39
"South Korea/고산",코스모스,2010-09-08,2010,251,33.2938,126.1628,71.39
"South Korea/고산",코스모스,2011-09-06,2011,249,33.2938,126.1628,71.39
"South Korea/서귀포",코스모스,1973-09-03,1973,246,33.2462,126.5653,51.86
"South Korea/서귀포",코스모스,1974-09-20,1974,263,33.2462,126.5653,51.86
"South Korea/서귀포",코스모스,1975-09-23,1975,266,33.2462,126.5653,51.86
"South Korea/서귀포",코스모스,1976-09-20,1976,264,33.2462,126.5653,51.86
"South Korea/서귀포",코스모스,1977-09-18,1977,261,33.2462,126.5653,51.86
"South Korea/서귀포",코스모스,1978-09-24,1978,267,33.2462,126.5653,51.86
"South Korea/서귀포",코스모스,1979-09-12,1979,255,33.2462,126.5653,51.86
"South Korea/서귀포",코스모스,1980-09-10,1980,254,33.2462,126.5653,51.86
"South Korea/서귀포",코스모스,1981-09-10,1981,253,33.2462,126.5653,51.86
"South Korea/서귀포",코스모스,1982-09-20,1982,263,33.2462,126.5653,51.86
"South Korea/서귀포",코스모스,1983-09-18,1983,261,33.2462,126.5653,51.86
"South Korea/서귀포",코스모스,1984-09-20,1984,264,33.2462,126.5653,51.86
"South Korea/서귀포",코스모스,1985-09-19,1985,262,33.2462,126.5653,51.86
"South Korea/서귀포",코스모스,1987-09-21,1987,264,33.2462,126.5653,51.86
"South Korea/서귀포",코스모스,1989-09-05,1989,248,33.2462,126.5653,51.86
"South Korea/서귀포",코스모스,1990-09-06,1990,249,33.2462,126.5653,51.86
"South Korea/서귀포",코스모스,1996-09-07,1996,251,33.2462,126.5653,51.86
"South Korea/서귀포",코스모스,1997-09-11,1997,254,33.2462,126.5653,51.86
"South Korea/서귀포",코스모스,1998-09-04,1998,247,33.2462,126.5653,51.86
"South Korea/서귀포",코스모스,1999-09-02,1999,245,33.2462,126.5653,51.86
"South Korea/서귀포",코스모스,2000-09-20,2000,264,33.2462,126.5653,51.86
"South Korea/서귀포",코스모스,2001-09-06,2001,249,33.2462,126.5653,51.86
"South Korea/서귀포",코스모스,2002-09-02,2002,245,33.2462,126.5653,51.86
"South Korea/서귀포",코스모스,2003-09-03,2003,246,33.2462,126.5653,51.86
"South Korea/서귀포",코스모스,2004-08-27,2004,240,33.2462,126.5653,51.86
"South Korea/서귀포",코스모스,2005-08-22,2005,234,33.2462,126.5653,51.86
"South Korea/서귀포",코스모스,2006-05-22,2006,142,33.2462,126.5653,51.86
"South Korea/서귀포",코스모스,2007-05-28,2007,148,33.2462,126.5653,51.86
"South Korea/서귀포",코스모스,2008-09-07,2008,251,33.2462,126.5653,51.86
"South Korea/서귀포",코스모스,2009-06-27,2009,178,33.2462,126.5653,51.86
"South Korea/서귀포",코스모스,2010-09-03,2010,246,33.2462,126.5653,51.86
"South Korea/서귀포",코스모스,2011-09-05,2011,248,33.2462,126.5653,51.86
"South Korea/서귀포",코스모스,2013-07-15,2013,196,33.2462,126.5653,51.86
"South Korea/서귀포",코스모스,2014-07-11,2014,192,33.2462,126.5653,51.86
"South Korea/서귀포",코스모스,2019-08-13,2019,225,33.2462,126.5653,51.86
"South Korea/서귀포",코스모스,2020-08-29,2020,242,33.2462,126.5653,51.86
"South Korea/서귀포",코스모스,2022-07-17,2022,198,33.2462,126.5653,51.86
"South Korea/서귀포",코스모스,2023-09-28,2023,271,33.2462,126.5653,51.86
"South Korea/서귀포",코스모스,2024-08-19,2024,232,33.2462,126.5653,51.86
"South Korea/성산",코스모스,1974-09-03,1974,246,33.3868,126.8802,20.34
"South Korea/성산",코스모스,1975-09-18,1975,261,33.3868,126.8802,20.34
"South Korea/성산",코스모스,1976-09-24,1976,268,33.3868,126.8802,20.34
"South Korea/성산",코스모스,1977-09-22,1977,265,33.3868,126.8802,20.34
"South Korea/성산",코스모스,1978-09-20,1978,263,33.3868,126.8802,20.34
"South Korea/성산",코스모스,1986-10-07,1986,280,33.3868,126.8802,20.34
"South Korea/성산",코스모스,1987-10-02,1987,275,33.3868,126.8802,20.34
"South Korea/성산",코스모스,1988-09-26,1988,270,33.3868,126.8802,20.34
"South Korea/성산",코스모스,1989-09-14,1989,257,33.3868,126.8802,20.34
"South Korea/성산",코스모스,1990-09-20,1990,263,33.3868,126.8802,20.34
"South Korea/성산",코스모스,1991-09-06,1991,249,33.3868,126.8802,20.34
"South Korea/성산",코스모스,1992-09-06,1992,250,33.3868,126.8802,20.34
"South Korea/성산",코스모스,1993-09-10,1993,253,33.3868,126.8802,20.34
"South Korea/성산",코스모스,1994-09-21,1994,264,33.3868,126.8802,20.34
"South Korea/성산",코스모스,1995-09-13,1995,256,33.3868,126.8802,20.34
"South Korea/성산",코스모스,1996-09-20,1996,264,33.3868,126.8802,20.34
"South Korea/성산",코스모스,1997-09-22,1997,265,33.3868,126.8802,20.34
"South Korea/성산",코스모스,1998-09-06,1998,249,33.3868,126.8802,20.34
"South Korea/성산",코스모스,1999-09-01,1999,244,33.3868,126.8802,20.34
"South Korea/성산",코스모스,2000-09-21,2000,265,33.3868,126.8802,20.34
"South Korea/성산",코스모스,2001-09-03,2001,246,33.3868,126.8802,20.34
"South Korea/성산",코스모스,2002-09-03,2002,246,33.3868,126.8802,20.34
"South Korea/성산",코스모스,2003-09-05,2003,248,33.3868,126.8802,20.34
"South Korea/성산",코스모스,2004-08-28,2004,241,33.3868,126.8802,20.34
"South Korea/성산",코스모스,2005-08-25,2005,237,33.3868,126.8802,20.34
"South Korea/성산",코스모스,2006-05-22,2006,142,33.3868,126.8802,20.34
"South Korea/성산",코스모스,2007-05-29,2007,149,33.3868,126.8802,20.34
"South Korea/성산",코스모스,2008-09-08,2008,252,33.3868,126.8802,20.34
"South Korea/성산",코스모스,2009-07-03,2009,184,33.3868,126.8802,20.34
"South Korea/성산",코스모스,2010-09-07,2010,250,33.3868,126.8802,20.34
"South Korea/성산",코스모스,2011-09-06,2011,249,33.3868,126.8802,20.34
"South Korea/성산",코스모스,2012-09-04,2012,248,33.3868,126.8802,20.34
"South Korea/성산",코스모스,2013-09-05,2013,248,33.3868,126.8802,20.34
"South Korea/성산",코스모스,2007-05-29,2007,149,33.3868,126.8802,20.34
"South Korea/성산",코스모스,2008-09-08,2008,252,33.3868,126.8802,20.34
"South Korea/성산포",코스모스,1973-08-19,1973,231,nan,nan,nan
"South Korea/성산포",코스모스,1974-09-03,1974,246,nan,nan,nan
"South Korea/성산포",코스모스,1975-09-18,1975,261,nan,nan,nan
"South Korea/성산포",코스모스,1976-09-24,1976,268,nan,nan,nan
"South Korea/성산포",코스모스,1977-09-22,1977,265,nan,nan,nan
"South Korea/성산포",코스모스,1978-09-20,1978,263,nan,nan,nan
"South Korea/성산포",코스모스,1986-10-07,1986,280,nan,nan,nan
"South Korea/성산포",코스모스,1987-10-02,1987,275,nan,nan,nan
"South Korea/성산포",코스모스,1988-09-26,1988,270,nan,nan,nan
"South Korea/성산포",코스모스,1989-09-14,1989,257,nan,nan,nan
"South Korea/성산포",코스모스,1990-09-20,1990,263,nan,nan,nan
"South Korea/성산포",코스모스,1991-09-06,1991,249,nan,nan,nan
"South Korea/성산포",코스모스,1992-09-06,1992,250,nan,nan,nan
"South Korea/성산포",코스모스,1993-09-10,1993,253,nan,nan,nan
"South Korea/성산포",코스모스,1994-09-21,1994,264,nan,nan,nan
"South Korea/성산포",코스모스,1995-09-13,1995,256,nan,nan,nan
"South Korea/성산포",코스모스,1996-09-20,1996,264,nan,nan,nan
"South Korea/성산포",코스모스,1997-09-22,1997,265,nan,nan,nan
"South Korea/성산포",코스모스,1998-09-06,1998,249,nan,nan,nan
"South Korea/성산포",코스모스,1999-09-01,1999,244,nan,nan,nan
"South Korea/성산포",코스모스,2000-09-21,2000,265,nan,nan,nan
"South Korea/성산포",코스모스,2001-09-03,2001,246,nan,nan,nan
"South Korea/성산포",코스모스,2002-09-03,2002,246,nan,nan,nan
"South Korea/성산포",코스모스,2003-09-05,2003,248,nan,nan,nan
"South Korea/성산포",코스모스,2004-08-28,2004,241,nan,nan,nan
"South Korea/성산포",코스모스,2005-08-25,2005,237,nan,nan,nan
"South Korea/성산포",코스모스,2006-05-22,2006,142,nan,nan,nan
"South Korea/제주",코스모스,1973-09-10,1973,253,33.5141,126.5297,20.79
"South Korea/제주",코스모스,1974-09-13,1974,256,33.5141,126.5297,20.79
"South Korea/제주",코스모스,1975-09-03,1975,246,33.5141,126.5297,20.79
"South Korea/제주",코스모스,1976-10-03,1976,277,33.5141,126.5297,20.79
"South Korea/제주",코스모스,1978-09-08,1978,251,33.5141,126.5297,20.79
"South Korea/제주",코스모스,1979-09-13,1979,256,33.5141,126.5297,20.79
"South Korea/제주",코스모스,1980-09-08,1980,252,33.5141,126.5297,20.79
"South Korea/제주",코스모스,1983-09-17,1983,260,33.5141,126.5297,20.79
"South Korea/제주",코스모스,1984-09-17,1984,261,33.5141,126.5297,20.79
"South Korea/제주",코스모스,1985-09-03,1985,246,33.5141,126.5297,20.79
"South Korea/제주",코스모스,1986-09-05,1986,248,33.5141,126.5297,20.79
"South Korea/제주",코스모스,1987-09-02,1987,245,33.5141,126.5297,20.79
"South Korea/제주",코스모스,1988-09-05,1988,249,33.5141,126.5297,20.79
"South Korea/제주",코스모스,1991-09-03,1991,246,33.5141,126.5297,20.79
"South Korea/제주",코스모스,1992-09-02,1992,246,33.5141,126.5297,20.79
"South Korea/제주",코스모스,1993-09-01,1993,244,33.5141,126.5297,20.79
"South Korea/제주",코스모스,1994-09-11,1994,254,33.5141,126.5297,20.79
"South Korea/제주",코스모스,1995-09-04,1995,247,33.5141,126.5297,20.79
"South Korea/제주",코스모스,1996-09-02,1996,246,33.5141,126.5297,20.79
"South Korea/제주",코스모스,1997-08-30,1997,242,33.5141,126.5297,20.79
"South Korea/제주",코스모스,1998-08-24,1998,236,33.5141,126.5297,20.79
"South Korea/제주",코스모스,1999-07-20,1999,201,33.5141,126.5297,20.79
"South Korea/제주",코스모스,2000-07-28,2000,210,33.5141,126.5297,20.79
"South Korea/제주",코스모스,2001-08-23,2001,235,33.5141,126.5297,20.79
"South Korea/제주",코스모스,2002-08-29,2002,241,33.5141,126.5297,20.79
"South Korea/제주",코스모스,2003-08-12,2003,224,33.5141,126.5297,20.79
"South Korea/제주",코스모스,2004-09-01,2004,245,33.5141,126.5297,20.79
"South Korea/제주",코스모스,2005-08-30,2005,242,33.5141,126.5297,20.79
"South Korea/제주",코스모스,2006-05-22,2006,142,33.5141,126.5297,20.79
"South Korea/제주",코스모스,2007-05-30,2007,150,33.5141,126.5297,20.79
"South Korea/제주",코스모스,2008-09-07,2008,251,33.5141,126.5297,20.79
"South Korea/제주",코스모스,2009-07-03,2009,184,33.5141,126.5297,20.79
"South Korea/제주",코스모스,2010-09-08,2010,251,33.5141,126.5297,20.79
"South Korea/제주",코스모스,2011-09-06,2011,249,33.5141,126.5297,20.79
"South Korea/제주",코스모스,2012-09-03,2012,247,33.5141,126.5297,20.79
"South Korea/제주",코스모스,2015-06-11,2015,162,33.5141,126.5297,20.79
"South Korea/제주",코스모스,2017-10-03,2017,276,33.5141,126.5297,20.79
"South Korea/제주",코스모스,2022-07-20,2022,201,33.5141,126.5297,20.79
"South Korea/제주",코스모스,2023-09-07,2023,250,33.5141,126.5297,20.79
"South Korea/제주",코스모스,2024-08-04,2024,217,33.5141,126.5297,20.79
"South Korea/금산",코스모스,1976-08-24,1976,237,36.1056,127.4818,172.69
"South Korea/금산",코스모스,1977-08-27,1977,239,36.1056,127.4818,172.69
"South Korea/금산",코스모스,1978-09-11,1978,254,36.1056,127.4818,172.69
"South Korea/금산",코스모스,1979-09-15,1979,258,36.1056,127.4818,172.69
"South Korea/금산",코스모스,1980-09-13,1980,257,36.1056,127.4818,172.69
"South Korea/금산",코스모스,1981-09-12,1981,255,36.1056,127.4818,172.69
"South Korea/금산",코스모스,1982-09-08,1982,251,36.1056,127.4818,172.69
"South Korea/금산",코스모스,1984-09-18,1984,262,36.1056,127.4818,172.69
"South Korea/금산",코스모스,1985-08-18,1985,230,36.1056,127.4818,172.69
"South Korea/금산",코스모스,1986-08-25,1986,237,36.1056,127.4818,172.69
"South Korea/금산",코스모스,1989-07-19,1989,200,36.1056,127.4818,172.69
"South Korea/금산",코스모스,1990-09-06,1990,249,36.1056,127.4818,172.69
"South Korea/금산",코스모스,1991-08-30,1991,242,36.1056,127.4818,172.69
"South Korea/금산",코스모스,1993-09-11,1993,254,36.1056,127.4818,172.69
"South Korea/금산",코스모스,1994-08-20,1994,232,36.1056,127.4818,172.69
"South Korea/금산",코스모스,1995-09-08,1995,251,36.1056,127.4818,172.69
"South Korea/금산",코스모스,1996-09-05,1996,249,36.1056,127.4818,172.69
"South Korea/금산",코스모스,1997-08-31,1997,243,36.1056,127.4818,172.69
"South Korea/금산",코스모스,1998-09-07,1998,250,36.1056,127.4818,172.69
"South Korea/금산",코스모스,1999-09-06,1999,249,36.1056,127.4818,172.69
"South Korea/금산",코스모스,2000-09-05,2000,249,36.1056,127.4818,172.69
"South Korea/금산",코스모스,2001-09-04,2001,247,36.1056,127.4818,172.69
"South Korea/금산",코스모스,2002-09-07,2002,250,36.1056,127.4818,172.69
"South Korea/금산",코스모스,2003-09-02,2003,245,36.1056,127.4818,172.69
"South Korea/금산",코스모스,2004-08-21,2004,234,36.1056,127.4818,172.69
"South Korea/금산",코스모스,2005-09-08,2005,251,36.1056,127.4818,172.69
"South Korea/금산",코스모스,2006-09-10,2006,253,36.1056,127.4818,172.69
"South Korea/금산",코스모스,2007-09-05,2007,248,36.1056,127.4818,172.69
"South Korea/금산",코스모스,2008-09-01,2008,245,36.1056,127.4818,172.69
"South Korea/보령",코스모스,1973-09-03,1973,246,36.3272,126.5574,9.98
"South Korea/보령",코스모스,1974-08-31,1974,243,36.3272,126.5574,9.98
"South Korea/보령",코스모스,1975-08-30,1975,242,36.3272,126.5574,9.98
"South Korea/보령",코스모스,1976-08-31,1976,244,36.3272,126.5574,9.98
"South Korea/보령",코스모스,1980-09-15,1980,259,36.3272,126.5574,9.98
"South Korea/보령",코스모스,1985-09-17,1985,260,36.3272,126.5574,9.98
"South Korea/보령",코스모스,1986-09-05,1986,248,36.3272,126.5574,9.98
"South Korea/보령",코스모스,1987-09-10,1987,253,36.3272,126.5574,9.98
"South Korea/보령",코스모스,1988-08-29,1988,242,36.3272,126.5574,9.98
"South Korea/보령",코스모스,1989-09-01,1989,244,36.3272,126.5574,9.98
"South Korea/보령",코스모스,1990-08-26,1990,238,36.3272,126.5574,9.98
"South Korea/보령",코스모스,1991-09-16,1991,259,36.3272,126.5574,9.98
"South Korea/보령",코스모스,1992-08-31,1992,244,36.3272,126.5574,9.98
"South Korea/보령",코스모스,1993-08-23,1993,235,36.3272,126.5574,9.98
"South Korea/보령",코스모스,1994-08-27,1994,239,36.3272,126.5574,9.98
"South Korea/보령",코스모스,1995-09-16,1995,259,36.3272,126.5574,9.98
"South Korea/보령",코스모스,1996-09-07,1996,251,36.3272,126.5574,9.98
"South Korea/보령",코스모스,1997-08-29,1997,241,36.3272,126.5574,9.98
"South Korea/보령",코스모스,1998-06-21,1998,172,36.3272,126.5574,9.98
"South Korea/보령",코스모스,1999-09-07,1999,250,36.3272,126.5574,9.98
"South Korea/보령",코스모스,2000-09-03,2000,247,36.3272,126.5574,9.98
"South Korea/보령",코스모스,2001-06-15,2001,166,36.3272,126.5574,9.98
"South Korea/보령",코스모스,2002-08-04,2002,216,36.3272,126.5574,9.98
"South Korea/보령",코스모스,2003-09-01,2003,244,36.3272,126.5574,9.98
"South Korea/보령",코스모스,2004-09-01,2004,245,36.3272,126.5574,9.98
"South Korea/보령",코스모스,2005-09-04,2005,247,36.3272,126.5574,9.98
"South Korea/보령",코스모스,2006-08-30,2006,242,36.3272,126.5574,9.98
"South Korea/보령",코스모스,2007-09-09,2007,252,36.3272,126.5574,9.98
"South Korea/보령",코스모스,2008-09-07,2008,251,36.3272,126.5574,9.98
"South Korea/보령",코스모스,2009-08-25,2009,237,36.3272,126.5574,9.98
"South Korea/보령",코스모스,2010-08-30,2010,242,36.3272,126.5574,9.98
"South Korea/보령",코스모스,2011-09-02,2011,245,36.3272,126.5574,9.98
"South Korea/보령",코스모스,2012-09-08,2012,252,36.3272,126.5574,9.98
"South Korea/보령",코스모스,2013-08-27,2013,239,36.3272,126.5574,9.98
"South Korea/보령",코스모스,2014-09-15,2014,258,36.3272,126.5574,9.98
"South Korea/부여",코스모스,1973-09-12,1973,255,36.2724,126.9208,13.42
"South Korea/부여",코스모스,1976-09-15,1976,259,36.2724,126.9208,13.42
"South Korea/부여",코스모스,1977-09-08,1977,251,36.2724,126.9208,13.42
"South Korea/부여",코스모스,1978-09-04,1978,247,36.2724,126.9208,13.42
"South Korea/부여",코스모스,1979-09-06,1979,249,36.2724,126.9208,13.42
"South Korea/부여",코스모스,1980-09-01,1980,245,36.2724,126.9208,13.42
"South Korea/부여",코스모스,1981-09-07,1981,250,36.2724,126.9208,13.42
"South Korea/부여",코스모스,1982-09-11,1982,254,36.2724,126.9208,13.42
"South Korea/부여",코스모스,1983-09-06,1983,249,36.2724,126.9208,13.42
"South Korea/부여",코스모스,1984-09-08,1984,252,36.2724,126.9208,13.42
"South Korea/부여",코스모스,1985-09-04,1985,247,36.2724,126.9208,13.42
"South Korea/부여",코스모스,1986-09-11,1986,254,36.2724,126.9208,13.42
"South Korea/부여",코스모스,1987-09-07,1987,250,36.2724,126.9208,13.42
"South Korea/부여",코스모스,1988-09-05,1988,249,36.2724,126.9208,13.42
"South Korea/부여",코스모스,1989-08-26,1989,238,36.2724,126.9208,13.42
"South Korea/부여",코스모스,1990-09-06,1990,249,36.2724,126.9208,13.42
"South Korea/부여",코스모스,1991-09-10,1991,253,36.2724,126.9208,13.42
"South Korea/부여",코스모스,1992-09-04,1992,248,36.2724,126.9208,13.42
"South Korea/부여",코스모스,1993-09-05,1993,248,36.2724,126.9208,13.42
"South Korea/부여",코스모스,1994-09-02,1994,245,36.2724,126.9208,13.42
"South Korea/부여",코스모스,1995-09-05,1995,248,36.2724,126.9208,13.42
"South Korea/부여",코스모스,1996-09-06,1996,250,36.2724,126.9208,13.42
"South Korea/부여",코스모스,1997-09-02,1997,245,36.2724,126.9208,13.42
"South Korea/부여",코스모스,1998-09-05,1998,248,36.2724,126.9208,13.42
"South Korea/부여",코스모스,1999-09-12,1999,255,36.2724,126.9208,13.42
"South Korea/부여",코스모스,2000-09-02,2000,246,36.2724,126.9208,13.42
"South Korea/부여",코스모스,2001-09-07,2001,250,36.2724,126.9208,13.42
"South Korea/부여",코스모스,2002-09-03,2002,246,36.2724,126.9208,13.42
"South Korea/부여",코스모스,2003-09-17,2003,260,36.2724,126.9208,13.42
"South Korea/부여",코스모스,2004-09-01,2004,245,36.2724,126.9208,13.42
"South Korea/부여",코스모스,2005-09-07,2005,250,36.2724,126.9208,13.42
"South Korea/부여",코스모스,2006-09-05,2006,248,36.2724,126.9208,13.42
"South Korea/부여",코스모스,2007-09-10,2007,253,36.2724,126.9208,13.42
"South Korea/부여",코스모스,2008-09-12,2008,256,36.2724,126.9208,13.42
"South Korea/서산",코스모스,1974-08-09,1974,221,36.7766,126.4939,25.25
"South Korea/서산",코스모스,1975-09-08,1975,251,36.7766,126.4939,25.25
"South Korea/서산",코스모스,1976-09-04,1976,248,36.7766,126.4939,25.25
"South Korea/서산",코스모스,1977-08-23,1977,235,36.7766,126.4939,25.25
"South Korea/서산",코스모스,1978-08-28,1978,240,36.7766,126.4939,25.25
"South Korea/서산",코스모스,1979-08-30,1979,242,36.7766,126.4939,25.25
"South Korea/서산",코스모스,1980-08-28,1980,241,36.7766,126.4939,25.25
"South Korea/서산",코스모스,1981-09-02,1981,245,36.7766,126.4939,25.25
"South Korea/서산",코스모스,1982-09-01,1982,244,36.7766,126.4939,25.25
"South Korea/서산",코스모스,1983-09-06,1983,249,36.7766,126.4939,25.25
"South Korea/서산",코스모스,1985-09-17,1985,260,36.7766,126.4939,25.25
"South Korea/서산",코스모스,1986-09-02,1986,245,36.7766,126.4939,25.25
"South Korea/서산",코스모스,1987-08-21,1987,233,36.7766,126.4939,25.25
"South Korea/서산",코스모스,1988-09-05,1988,249,36.7766,126.4939,25.25
"South Korea/서산",코스모스,1989-08-03,1989,215,36.7766,126.4939,25.25
"South Korea/서산",코스모스,1990-09-16,1990,259,36.7766,126.4939,25.25
"South Korea/서산",코스모스,1991-09-02,1991,245,36.7766,126.4939,25.25
"South Korea/서산",코스모스,1992-08-26,1992,239,36.7766,126.4939,25.25
"South Korea/서산",코스모스,1993-08-23,1993,235,36.7766,126.4939,25.25
"South Korea/서산",코스모스,1994-09-02,1994,245,36.7766,126.4939,25.25
"South Korea/서산",코스모스,1995-09-01,1995,244,36.7766,126.4939,25.25
"South Korea/서산",코스모스,1996-09-11,1996,255,36.7766,126.4939,25.25
"South Korea/서산",코스모스,1997-08-30,1997,242,36.7766,126.4939,25.25
"South Korea/서산",코스모스,1998-06-20,1998,171,36.7766,126.4939,25.25
"South Korea/서산",코스모스,1999-09-08,1999,251,36.7766,126.4939,25.25
"South Korea/서산",코스모스,2000-09-08,2000,252,36.7766,126.4939,25.25
"South Korea/서산",코스모스,2001-09-05,2001,248,36.7766,126.4939,25.25
"South Korea/서산",코스모스,2002-09-06,2002,249,36.7766,126.4939,25.25
"South Korea/서산",코스모스,2003-09-03,2003,246,36.7766,126.4939,25.25
"South Korea/서산",코스모스,2004-08-28,2004,241,36.7766,126.4939,25.25
"South Korea/서산",코스모스,2005-09-05,2005,248,36.7766,126.4939,25.25
"South Korea/서산",코스모스,2006-09-07,2006,250,36.7766,126.4939,25.25
"South Korea/서산",코스모스,2007-09-14,2007,257,36.7766,126.4939,25.25
"South Korea/서산",코스모스,2008-09-08,2008,252,36.7766,126.4939,25.25
"South Korea/서산",코스모스,2009-08-12,2009,224,36.7766,126.4939,25.25
"South Korea/서산",코스모스,2010-08-27,2010,239,36.7766,126.4939,25.25
"South Korea/서산",코스모스,2011-08-28,2011,240,36.7766,126.4939,25.25
"South Korea/서산",코스모스,2012-09-05,2012,249,36.7766,126.4939,25.25
"South Korea/서산",코스모스,2013-09-03,2013,246,36.7766,126.4939,25.25
"South Korea/서산",코스모스,2014-09-01,2014,244,36.7766,126.4939,25.25
"South Korea/서산",코스모스,2016-09-20,2016,264,36.7766,126.4939,25.25
"South Korea/서산",코스모스,2017-09-15,2017,258,36.7766,126.4939,25.25
"South Korea/천안",코스모스,1973-08-27,1973,239,36.7622,127.2928,84.78
"South Korea/천안",코스모스,1974-08-22,1974,234,36.7622,127.2928,84.78
"South Korea/천안",코스모스,1975-08-26,1975,238,36.7622,127.2928,84.78
"South Korea/천안",코스모스,1976-07-02,1976,184,36.7622,127.2928,84.78
"South Korea/천안",코스모스,1977-08-22,1977,234,36.7622,127.2928,84.78
"South Korea/천안",코스모스,1978-09-02,1978,245,36.7622,127.2928,84.78
"South Korea/천안",코스모스,1979-08-20,1979,232,36.7622,127.2928,84.78
"South Korea/천안",코스모스,1980-08-26,1980,239,36.7622,127.2928,84.78
"South Korea/천안",코스모스,1981-08-23,1981,235,36.7622,127.2928,84.78
"South Korea/천안",코스모스,1986-08-26,1986,238,36.7622,127.2928,84.78
"South Korea/천안",코스모스,1987-08-26,1987,238,36.7622,127.2928,84.78
"South Korea/천안",코스모스,1988-08-26,1988,239,36.7622,127.2928,84.78
"South Korea/천안",코스모스,1989-09-02,1989,245,36.7622,127.2928,84.78
"South Korea/천안",코스모스,1990-08-26,1990,238,36.7622,127.2928,84.78
"South Korea/천안",코스모스,1991-08-30,1991,242,36.7622,127.2928,84.78
"South Korea/천안",코스모스,1992-08-18,1992,231,36.7622,127.2928,84.78
"South Korea/천안",코스모스,1993-08-28,1993,240,36.7622,127.2928,84.78
"South Korea/천안",코스모스,1994-09-16,1994,259,36.7622,127.2928,84.78
"South Korea/천안",코스모스,1995-09-23,1995,266,36.7622,127.2928,84.78
"South Korea/천안",코스모스,1996-09-07,1996,251,36.7622,127.2928,84.78
"South Korea/천안",코스모스,1997-09-02,1997,245,36.7622,127.2928,84.78
"South Korea/천안",코스모스,1998-09-02,1998,245,36.7622,127.2928,84.78
"South Korea/천안",코스모스,1999-09-04,1999,247,36.7622,127.2928,84.78
"South Korea/천안",코스모스,2000-09-04,2000,248,36.7622,127.2928,84.78
"South Korea/천안",코스모스,2001-08-27,2001,239,36.7622,127.2928,84.78
"South Korea/천안",코스모스,2002-08-28,2002,240,36.7622,127.2928,84.78
"South Korea/천안",코스모스,2003-09-08,2003,251,36.7622,127.2928,84.78
"South Korea/천안",코스모스,2004-08-25,2004,238,36.7622,127.2928,84.78
"South Korea/천안",코스모스,2005-08-30,2005,242,36.7622,127.2928,84.78
"South Korea/천안",코스모스,2006-09-02,2006,245,36.7622,127.2928,84.78
"South Korea/천안",코스모스,2007-09-01,2007,244,36.7622,127.2928,84.78
"South Korea/천안",코스모스,2008-09-11,2008,255,36.7622,127.2928,84.78
"South Korea/천안",코스모스,2009-08-28,2009,240,36.7622,127.2928,84.78
"South Korea/천안",코스모스,2010-08-30,2010,242,36.7622,127.2928,84.78
"South Korea/천안",코스모스,2011-08-24,2011,236,36.7622,127.2928,84.78
"South Korea/천안",코스모스,2012-08-30,2012,243,36.7622,127.2928,84.78
"South Korea/천안",코스모스,2013-08-28,2013,240,36.7622,127.2928,84.78
"South Korea/천안",코스모스,2014-09-04,2014,247,36.7622,127.2928,84.78
"South Korea/홍성",코스모스,2018-09-16,2018,259,36.6576,126.6877,27.74
"South Korea/홍성",코스모스,2019-09-10,2019,253,36.6576,126.6877,27.74
"South Korea/홍성",코스모스,2020-09-08,2020,252,36.6576,126.6877,27.74
"South Korea/홍성",코스모스,2021-09-09,2021,252,36.6576,126.6877,27.74
"South Korea/홍성",코스모스,2022-09-07,2022,250,36.6576,126.6877,27.74
"South Korea/홍성",코스모스,2023-09-01,2023,244,36.6576,126.6877,27.74
"South Korea/홍성",코스모스,2024-09-19,2024,263,36.6576,126.6877,27.74
"South Korea/보은",코스모스,1976-09-05,1976,249,36.4876,127.7342,171.31
"South Korea/보은",코스모스,1977-09-04,1977,247,36.4876,127.7342,171.31
"South Korea/보은",코스모스,1978-09-03,1978,246,36.4876,127.7342,171.31
"South Korea/보은",코스모스,1979-09-06,1979,249,36.4876,127.7342,171.31
"South Korea/보은",코스모스,1980-09-02,1980,246,36.4876,127.7342,171.31
"South Korea/보은",코스모스,1984-08-23,1984,236,36.4876,127.7342,171.31
"South Korea/보은",코스모스,1985-06-23,1985,174,36.4876,127.7342,171.31
"South Korea/보은",코스모스,1986-06-28,1986,179,36.4876,127.7342,171.31
"South Korea/보은",코스모스,1987-08-25,1987,237,36.4876,127.7342,171.31
"South Korea/보은",코스모스,1988-08-19,1988,232,36.4876,127.7342,171.31
"South Korea/보은",코스모스,1989-08-15,1989,227,36.4876,127.7342,171.31
"South Korea/보은",코스모스,1990-09-05,1990,248,36.4876,127.7342,171.31
"South Korea/보은",코스모스,1991-09-06,1991,249,36.4876,127.7342,171.31
"South Korea/보은",코스모스,1992-09-04,1992,248,36.4876,127.7342,171.31
"South Korea/보은",코스모스,1993-09-05,1993,248,36.4876,127.7342,171.31
"South Korea/보은",코스모스,1994-09-06,1994,249,36.4876,127.7342,171.31
"South Korea/보은",코스모스,1995-09-08,1995,251,36.4876,127.7342,171.31
"South Korea/보은",코스모스,1996-08-31,1996,244,36.4876,127.7342,171.31
"South Korea/보은",코스모스,1997-08-26,1997,238,36.4876,127.7342,171.31
"South Korea/보은",코스모스,1998-09-10,1998,253,36.4876,127.7342,171.31
"South Korea/보은",코스모스,1999-09-08,1999,251,36.4876,127.7342,171.31
"South Korea/보은",코스모스,2000-09-05,2000,249,36.4876,127.7342,171.31
"South Korea/보은",코스모스,2001-08-20,2001,232,36.4876,127.7342,171.31
"South Korea/보은",코스모스,2002-08-20,2002,232,36.4876,127.7342,171.31
"South Korea/보은",코스모스,2003-09-04,2003,247,36.4876,127.7342,171.31
"South Korea/보은",코스모스,2004-09-03,2004,247,36.4876,127.7342,171.31
"South Korea/보은",코스모스,2005-09-05,2005,248,36.4876,127.7342,171.31
"South Korea/보은",코스모스,2006-08-24,2006,236,36.4876,127.7342,171.31
"South Korea/보은",코스모스,2007-09-07,2007,250,36.4876,127.7342,171.31
"South Korea/보은",코스모스,2008-09-09,2008,253,36.4876,127.7342,171.31
"South Korea/제천",코스모스,1979-08-26,1979,238,37.1593,128.1943,264.62
"South Korea/제천",코스모스,1980-08-29,1980,242,37.1593,128.1943,264.62
"South Korea/제천",코스모스,1981-08-24,1981,236,37.1593,128.1943,264.62
"South Korea/제천",코스모스,1982-08-26,1982,238,37.1593,128.1943,264.62
"South Korea/제천",코스모스,1983-08-25,1983,237,37.1593,128.1943,264.62
"South Korea/제천",코스모스,1984-09-05,1984,249,37.1593,128.1943,264.62
"South Korea/제천",코스모스,1985-09-01,1985,244,37.1593,128.1943,264.62
"South Korea/제천",코스모스,1987-08-26,1987,238,37.1593,128.1943,264.62
"South Korea/제천",코스모스,1989-08-20,1989,232,37.1593,128.1943,264.62
"South Korea/제천",코스모스,1990-07-30,1990,211,37.1593,128.1943,264.62
"South Korea/제천",코스모스,1991-08-28,1991,240,37.1593,128.1943,264.62
"South Korea/제천",코스모스,1992-08-23,1992,236,37.1593,128.1943,264.62
"South Korea/제천",코스모스,1993-08-27,1993,239,37.1593,128.1943,264.62
"South Korea/제천",코스모스,1994-08-26,1994,238,37.1593,128.1943,264.62
"South Korea/제천",코스모스,1995-08-21,1995,233,37.1593,128.1943,264.62
"South Korea/제천",코스모스,1996-08-17,1996,230,37.1593,128.1943,264.62
"South Korea/제천",코스모스,1997-08-16,1997,228,37.1593,128.1943,264.62
"South Korea/제천",코스모스,1998-07-31,1998,212,37.1593,128.1943,264.62
"South Korea/제천",코스모스,1999-08-31,1999,243,37.1593,128.1943,264.62
"South Korea/제천",코스모스,2000-08-29,2000,242,37.1593,128.1943,264.62
"South Korea/제천",코스모스,2001-08-25,2001,237,37.1593,128.1943,264.62
"South Korea/제천",코스모스,2002-08-15,2002,227,37.1593,128.1943,264.62
"South Korea/제천",코스모스,2003-08-14,2003,226,37.1593,128.1943,264.62
"South Korea/제천",코스모스,2004-08-06,2004,219,37.1593,128.1943,264.62
"South Korea/제천",코스모스,2005-08-12,2005,224,37.1593,128.1943,264.62
"South Korea/제천",코스모스,2006-08-13,2006,225,37.1593,128.1943,264.62
"South Korea/제천",코스모스,2007-08-16,2007,228,37.1593,128.1943,264.62
"South Korea/제천",코스모스,2008-08-20,2008,233,37.1593,128.1943,264.62
"South Korea/청주",코스모스,1973-08-16,1973,228,36.6392,127.4407,58.7
"South Korea/청주",코스모스,1974-08-25,1974,237,36.6392,127.4407,58.7
"South Korea/청주",코스모스,1975-08-16,1975,228,36.6392,127.4407,58.7
"South Korea/청주",코스모스,1976-09-07,1976,251,36.6392,127.4407,58.7
"South Korea/청주",코스모스,1977-09-07,1977,250,36.6392,127.4407,58.7
"South Korea/청주",코스모스,1978-08-18,1978,230,36.6392,127.4407,58.7
"South Korea/청주",코스모스,1979-08-16,1979,228,36.6392,127.4407,58.7
"South Korea/청주",코스모스,1980-08-17,1980,230,36.6392,127.4407,58.7
"South Korea/청주",코스모스,1981-09-10,1981,253,36.6392,127.4407,58.7
"South Korea/청주",코스모스,1983-09-03,1983,246,36.6392,127.4407,58.7
"South Korea/청주",코스모스,1984-08-17,1984,230,36.6392,127.4407,58.7
"South Korea/청주",코스모스,1985-09-03,1985,246,36.6392,127.4407,58.7
"South Korea/청주",코스모스,1986-08-16,1986,228,36.6392,127.4407,58.7
"South Korea/청주",코스모스,1988-08-26,1988,239,36.6392,127.4407,58.7
"South Korea/청주",코스모스,1989-08-12,1989,224,36.6392,127.4407,58.7
"South Korea/청주",코스모스,1990-09-01,1990,244,36.6392,127.4407,58.7
"South Korea/청주",코스모스,1991-08-17,1991,229,36.6392,127.4407,58.7
"South Korea/청주",코스모스,1992-08-18,1992,231,36.6392,127.4407,58.7
"South Korea/청주",코스모스,1993-09-02,1993,245,36.6392,127.4407,58.7
"South Korea/청주",코스모스,1994-09-09,1994,252,36.6392,127.4407,58.7
"South Korea/청주",코스모스,1995-09-01,1995,244,36.6392,127.4407,58.7
"South Korea/청주",코스모스,1996-09-13,1996,257,36.6392,127.4407,58.7
"South Korea/청주",코스모스,1997-08-27,1997,239,36.6392,127.4407,58.7
"South Korea/청주",코스모스,1998-09-06,1998,249,36.6392,127.4407,58.7
"South Korea/청주",코스모스,1999-09-01,1999,244,36.6392,127.4407,58.7
"South Korea/청주",코스모스,2000-08-14,2000,227,36.6392,127.4407,58.7
"South Korea/청주",코스모스,2001-08-10,2001,222,36.6392,127.4407,58.7
"South Korea/청주",코스모스,2002-08-26,2002,238,36.6392,127.4407,58.7
"South Korea/청주",코스모스,2003-09-02,2003,245,36.6392,127.4407,58.7
"South Korea/청주",코스모스,2004-09-05,2004,249,36.6392,127.4407,58.7
"South Korea/청주",코스모스,2005-09-01,2005,244,36.6392,127.4407,58.7
"South Korea/청주",코스모스,2006-09-10,2006,253,36.6392,127.4407,58.7
"South Korea/청주",코스모스,2007-09-12,2007,255,36.6392,127.4407,58.7
"South Korea/청주",코스모스,2008-09-10,2008,254,36.6392,127.4407,58.7
"South Korea/청주",코스모스,2009-08-29,2009,241,36.6392,127.4407,58.7
"South Korea/청주",코스모스,2010-09-02,2010,245,36.6392,127.4407,58.7
"South Korea/청주",코스모스,2011-08-30,2011,242,36.6392,127.4407,58.7
"South Korea/청주",코스모스,2012-09-03,2012,247,36.6392,127.4407,58.7
"South Korea/청주",코스모스,2013-08-31,2013,243,36.6392,127.4407,58.7
"South Korea/청주",코스모스,2014-08-30,2014,242,36.6392,127.4407,58.7
"South Korea/청주",코스모스,2015-09-05,2015,248,36.6392,127.4407,58.7
"South Korea/청주",코스모스,2016-09-28,2016,272,36.6392,127.4407,58.7
"South Korea/청주",코스모스,2017-09-12,2017,255,36.6392,127.4407,58.7
"South Korea/청주",코스모스,2018-09-13,2018,256,36.6392,127.4407,58.7
"South Korea/청주",코스모스,2019-09-09,2019,252,36.6392,127.4407,58.7
"South Korea/청주",코스모스,2020-09-03,2020,247,36.6392,127.4407,58.7
"South Korea/청주",코스모스,2021-09-10,2021,253,36.6392,127.4407,58.7
"South Korea/청주",코스모스,2022-09-10,2022,253,36.6392,127.4407,58.7
"South Korea/청주",코스모스,2023-08-28,2023,240,36.6392,127.4407,58.7
"South Korea/청주",코스모스,2024-09-22,2024,266,36.6392,127.4407,58.7
"South Korea/추풍령",코스모스,1973-09-05,1973,248,36.2203,127.9946,244.98
"South Korea/추풍령",코스모스,1974-09-06,1974,249,36.2203,127.9946,244.98
"South Korea/추풍령",코스모스,1975-09-04,1975,247,36.2203,127.9946,244.98
"South Korea/추풍령",코스모스,1977-08-08,1977,220,36.2203,127.9946,244.98
"South Korea/추풍령",코스모스,1978-09-08,1978,251,36.2203,127.9946,244.98
"South Korea/추풍령",코스모스,1979-08-31,1979,243,36.2203,127.9946,244.98
"South Korea/추풍령",코스모스,1980-08-28,1980,241,36.2203,127.9946,244.98
"South Korea/추풍령",코스모스,1981-07-26,1981,207,36.2203,127.9946,244.98
"South Korea/추풍령",코스모스,1982-08-16,1982,228,36.2203,127.9946,244.98
"South Korea/추풍령",코스모스,1983-09-01,1983,244,36.2203,127.9946,244.98
"South Korea/추풍령",코스모스,1984-09-05,1984,249,36.2203,127.9946,244.98
"South Korea/추풍령",코스모스,1985-09-05,1985,248,36.2203,127.9946,244.98
"South Korea/추풍령",코스모스,1986-09-04,1986,247,36.2203,127.9946,244.98
"South Korea/추풍령",코스모스,1987-09-04,1987,247,36.2203,127.9946,244.98
"South Korea/추풍령",코스모스,1988-09-03,1988,247,36.2203,127.9946,244.98
"South Korea/추풍령",코스모스,1989-09-04,1989,247,36.2203,127.9946,244.98
"South Korea/추풍령",코스모스,1990-09-12,1990,255,36.2203,127.9946,244.98
"South Korea/추풍령",코스모스,1991-09-10,1991,253,36.2203,127.9946,244.98
"South Korea/추풍령",코스모스,1992-09-12,1992,256,36.2203,127.9946,244.98
"South Korea/추풍령",코스모스,1993-08-25,1993,237,36.2203,127.9946,244.98
"South Korea/추풍령",코스모스,1994-09-06,1994,249,36.2203,127.9946,244.98
"South Korea/추풍령",코스모스,1995-09-03,1995,246,36.2203,127.9946,244.98
"South Korea/추풍령",코스모스,1996-09-11,1996,255,36.2203,127.9946,244.98
"South Korea/추풍령",코스모스,1997-09-04,1997,247,36.2203,127.9946,244.98
"South Korea/추풍령",코스모스,1998-09-06,1998,249,36.2203,127.9946,244.98
"South Korea/추풍령",코스모스,1999-09-07,1999,250,36.2203,127.9946,244.98
"South Korea/추풍령",코스모스,2000-09-10,2000,254,36.2203,127.9946,244.98
"South Korea/추풍령",코스모스,2001-09-03,2001,246,36.2203,127.9946,244.98
"South Korea/추풍령",코스모스,2002-08-30,2002,242,36.2203,127.9946,244.98
"South Korea/추풍령",코스모스,2003-09-03,2003,246,36.2203,127.9946,244.98
"South Korea/추풍령",코스모스,2004-08-27,2004,240,36.2203,127.9946,244.98
"South Korea/추풍령",코스모스,2005-08-14,2005,226,36.2203,127.9946,244.98
"South Korea/추풍령",코스모스,2006-08-05,2006,217,36.2203,127.9946,244.98
"South Korea/추풍령",코스모스,2007-08-17,2007,229,36.2203,127.9946,244.98
"South Korea/추풍령",코스모스,2008-08-21,2008,234,36.2203,127.9946,244.98
"South Korea/추풍령",코스모스,2009-08-16,2009,228,36.2203,127.9946,244.98
"South Korea/추풍령",코스모스,2010-09-08,2010,251,36.2203,127.9946,244.98
"South Korea/추풍령",코스모스,2011-09-05,2011,248,36.2203,127.9946,244.98
"South Korea/추풍령",코스모스,2012-09-06,2012,250,36.2203,127.9946,244.98
"South Korea/추풍령",코스모스,2013-07-15,2013,196,36.2203,127.9946,244.98
"South Korea/추풍령",코스모스,2014-07-02,2014,183,36.2203,127.9946,244.98
"South Korea/충주",코스모스,1974-09-21,1974,264,36.9705,127.9525,114.85
"South Korea/충주",코스모스,1978-08-18,1978,230,36.9705,127.9525,114.85
"South Korea/충주",코스모스,1979-08-16,1979,228,36.9705,127.9525,114.85
"South Korea/충주",코스모스,1980-08-19,1980,232,36.9705,127.9525,114.85
"South Korea/충주",코스모스,1981-08-08,1981,220,36.9705,127.9525,114.85
"South Korea/충주",코스모스,1982-09-05,1982,248,36.9705,127.9525,114.85
"South Korea/충주",코스모스,1984-08-25,1984,238,36.9705,127.9525,114.85
"South Korea/충주",코스모스,1985-08-13,1985,225,36.9705,127.9525,114.85
"South Korea/충주",코스모스,1986-08-22,1986,234,36.9705,127.9525,114.85
"South Korea/충주",코스모스,1987-08-18,1987,230,36.9705,127.9525,114.85
"South Korea/충주",코스모스,1988-08-24,1988,237,36.9705,127.9525,114.85
"South Korea/충주",코스모스,1989-08-23,1989,235,36.9705,127.9525,114.85
"South Korea/충주",코스모스,1990-08-20,1990,232,36.9705,127.9525,114.85
"South Korea/충주",코스모스,1991-08-28,1991,240,36.9705,127.9525,114.85
"South Korea/충주",코스모스,1992-09-04,1992,248,36.9705,127.9525,114.85
"South Korea/충주",코스모스,1993-09-06,1993,249,36.9705,127.9525,114.85
"South Korea/충주",코스모스,1994-09-01,1994,244,36.9705,127.9525,114.85
"South Korea/충주",코스모스,1995-09-04,1995,247,36.9705,127.9525,114.85
"South Korea/충주",코스모스,1996-08-23,1996,236,36.9705,127.9525,114.85
"South Korea/충주",코스모스,1997-08-26,1997,238,36.9705,127.9525,114.85
"South Korea/충주",코스모스,1998-09-01,1998,244,36.9705,127.9525,114.85
"South Korea/충주",코스모스,1999-09-16,1999,259,36.9705,127.9525,114.85
"South Korea/충주",코스모스,2000-09-10,2000,254,36.9705,127.9525,114.85
"South Korea/충주",코스모스,2001-08-22,2001,234,36.9705,127.9525,114.85
"South Korea/충주",코스모스,2002-09-01,2002,244,36.9705,127.9525,114.85
"South Korea/충주",코스모스,2003-07-03,2003,184,36.9705,127.9525,114.85
"South Korea/충주",코스모스,2004-07-28,2004,210,36.9705,127.9525,114.85
"South Korea/충주",코스모스,2005-08-07,2005,219,36.9705,127.9525,114.85
"South Korea/충주",코스모스,2006-09-12,2006,255,36.9705,127.9525,114.85
"South Korea/충주",코스모스,2007-09-10,2007,253,36.9705,127.9525,114.85
"South Korea/충주",코스모스,2008-09-17,2008,261,36.9705,127.9525,114.85
"South Korea/충주",코스모스,2009-08-15,2009,227,36.9705,127.9525,114.85
"South Korea/충주",코스모스,2010-09-23,2010,266,36.9705,127.9525,114.85
"South Korea/충주",코스모스,2011-08-25,2011,237,36.9705,127.9525,114.85
"South Korea/충주",코스모스,2012-09-10,2012,254,36.9705,127.9525,114.85
"South Korea/충주",코스모스,2013-08-29,2013,241,36.9705,127.9525,114.85
"South Korea/충주",코스모스,2014-08-13,2014,225,36.9705,127.9525,114.85
"South Korea/충주",코스모스,2015-09-07,2015,250,36.9705,127.9525,114.85
